datetime,actual,forecast
2024-10-01 01:00:00,8.959999,7.340394020080566
2024-10-01 02:00:00,8.937005,7.5411224365234375
2024-10-01 03:00:00,9.353842,6.656132698059082
2024-10-01 04:00:00,9.436158,10.23249626159668
2024-10-01 05:00:00,8.9,12.11466121673584
2024-10-01 06:00:00,10.202996,8.975984573364258
2024-10-01 07:00:00,15.372005,19.48356056213379
2024-10-01 08:00:00,55.90623000000001,45.993263244628906
2024-10-01 09:00:00,69.98147,73.99470520019531
2024-10-01 10:00:00,94.84772,85.9036865234375
2024-10-01 11:00:00,85.32359,86.16188049316406
2024-10-01 12:00:00,54.781086,52.18214797973633
2024-10-01 13:00:00,83.85628,69.34326934814453
2024-10-01 14:00:00,54.769497,59.4448127746582
2024-10-01 15:00:00,53.581383,50.02587890625
2024-10-01 16:00:00,17.388226,20.941600799560547
2024-10-01 17:00:00,12.928585,14.411661148071289
2024-10-01 18:00:00,11.957775,11.155538558959961
2024-10-01 19:00:00,11.659361,10.000174522399902
2024-10-01 20:00:00,11.51964,9.26615047454834
2024-10-01 21:00:00,11.670361,9.683348655700684
2024-10-01 22:00:00,11.7,8.76623821258545
2024-10-01 23:00:00,11.679639,9.149925231933594
2024-10-02 00:00:00,11.713356,9.078522682189941
2024-10-02 01:00:00,11.682499999999997,9.040964126586914
2024-10-02 02:00:00,11.5883465,9.693622589111328
2024-10-02 03:00:00,11.695796,8.901139259338379
2024-10-02 04:00:00,11.703355,9.88415813446045
2024-10-02 05:00:00,10.046644,10.555112838745117
2024-10-02 06:00:00,9.863356,11.82822036743164
2024-10-02 07:00:00,15.239504,19.387826919555664
2024-10-02 08:00:00,60.10325,45.50115203857422
2024-10-02 09:00:00,70.444695,70.55412292480469
2024-10-02 10:00:00,87.515884,85.06619262695312
2024-10-02 11:00:00,73.519554,71.2177734375
2024-10-02 12:00:00,48.860477,46.11878204345703
2024-10-02 13:00:00,73.86007,62.01560974121094
2024-10-02 14:00:00,47.548016,52.82770919799805
2024-10-02 15:00:00,38.403397,42.736305236816406
2024-10-02 16:00:00,29.086885,14.557388305664062
2024-10-02 17:00:00,17.975704,23.417888641357422
2024-10-02 18:00:00,13.107442,14.145967483520508
2024-10-02 19:00:00,11.939016,10.077402114868164
2024-10-02 20:00:00,9.99,9.749387741088867
2024-10-02 21:00:00,8.61,8.703736305236816
2024-10-02 22:00:00,9.840001,6.575413703918457
2024-10-02 23:00:00,8.609999,8.17031478881836
2024-10-03 00:00:00,8.960984,6.0455121994018555
2024-10-03 01:00:00,8.928638,5.877460479736328
2024-10-03 02:00:00,8.5377445,5.985681533813477
2024-10-03 03:00:00,8.882256,5.384820938110352
2024-10-03 04:00:00,8.951001,6.940873146057129
2024-10-03 05:00:00,9.252508,9.34858512878418
2024-10-03 06:00:00,9.246868,9.268089294433594
2024-10-03 07:00:00,8.758623,13.940146446228027
2024-10-03 08:00:00,9.718174,15.238914489746094
2024-10-03 09:00:00,14.612599,10.495363235473633
2024-10-03 10:00:00,27.764637,14.918560981750488
2024-10-03 11:00:00,30.770973,27.140640258789062
2024-10-03 12:00:00,23.407856,18.7108154296875
2024-10-03 13:00:00,21.278568,19.3978328704834
2024-10-03 14:00:00,19.765417,12.99758529663086
2024-10-03 15:00:00,21.367031,11.717398643493652
2024-10-03 16:00:00,19.494072,8.249300003051758
2024-10-03 17:00:00,12.854437,-0.6341571807861328
2024-10-03 18:00:00,8.068666,7.7759294509887695
2024-10-03 19:00:00,8.71,6.114123344421387
2024-10-03 20:00:00,8.68,6.114123344421387
2024-10-03 21:00:00,8.82,6.531320571899414
2024-10-03 22:00:00,9.126644,5.614209175109863
2024-10-03 23:00:00,8.980361,5.806543350219727
2024-10-04 00:00:00,8.54114,6.988860130310059
2024-10-04 01:00:00,8.9075,6.704875946044922
2024-10-04 02:00:00,8.313591,6.905604362487793
2024-10-04 03:00:00,9.566296,6.821929931640625
2024-10-04 04:00:00,8.6113615,11.023909568786621
2024-10-04 05:00:00,9.512148,8.746894836425781
2024-10-04 06:00:00,9.24,11.504156112670898
2024-10-04 07:00:00,9.880475,14.700590133666992
2024-10-04 08:00:00,11.159277,17.044530868530273
2024-10-04 09:00:00,13.385171,10.778761863708496
2024-10-04 10:00:00,21.210386,13.023726463317871
2024-10-04 11:00:00,21.234701,19.938142776489258
2024-10-04 12:00:00,16.437906,15.987434387207031
2024-10-04 13:00:00,24.176224,13.90310001373291
2024-10-04 14:00:00,22.791569,15.997035026550293
2024-10-04 15:00:00,16.597445,16.96817398071289
2024-10-04 16:00:00,15.737198,11.863080978393555
2024-10-04 17:00:00,9.284537,8.974742889404297
2024-10-04 18:00:00,5.9834695,6.4492340087890625
2024-10-04 19:00:00,6.580983999999999,5.56672477722168
2024-10-04 20:00:00,7.098639,5.626311302185059
2024-10-04 21:00:00,6.099999999999998,5.984372138977051
2024-10-04 22:00:00,7.390999000000001,5.126399040222168
2024-10-04 23:00:00,7.533356000000001,5.654088020324707
2024-10-05 00:00:00,6.227005,6.825531005859375
2024-10-05 01:00:00,7.440000000000001,5.5765581130981445
2024-10-05 02:00:00,6.843582999999999,6.869687080383301
2024-10-05 03:00:00,6.836418,5.649806022644043
2024-10-05 04:00:00,6.559639000000001,5.230581283569336
2024-10-05 05:00:00,7.332508000000001,4.944933891296387
2024-10-05 06:00:00,7.4808470000000025,5.926403045654297
2024-10-05 07:00:00,7.040902599999999,9.837820053100586
2024-10-05 08:00:00,6.7185454,9.037424087524414
2024-10-05 09:00:00,13.490764000000002,6.642595291137695
2024-10-05 10:00:00,21.820011,13.038131713867188
2024-10-05 11:00:00,26.100544,14.721811294555664
2024-10-05 12:00:00,20.643717,14.24915599822998
2024-10-05 13:00:00,17.737999,16.851619720458984
2024-10-05 14:00:00,26.679365,14.298799514770508
2024-10-05 15:00:00,9.800674,11.576189994812012
2024-10-05 16:00:00,12.99222,8.908562660217285
2024-10-05 17:00:00,11.369944,8.261902809143066
2024-10-05 18:00:00,7.1290759999999995,8.157379150390625
2024-10-05 19:00:00,6.7829947000000015,5.547395706176758
2024-10-05 20:00:00,7.139151999999999,5.788818359375
2024-10-05 21:00:00,6.646868699999997,6.0241804122924805
2024-10-05 22:00:00,6.9839783,5.210893630981445
2024-10-05 23:00:00,6.566021000000001,5.490758895874023
2024-10-06 00:00:00,7.34,5.512253761291504
2024-10-06 01:00:00,7.659623,5.726462364196777
2024-10-06 02:00:00,6.32,6.849539756774902
2024-10-06 03:00:00,6.961001000000001,5.230452537536621
2024-10-06 04:00:00,7.2790003,5.126202583312988
2024-10-06 05:00:00,6.511000000000001,5.797157287597656
2024-10-06 06:00:00,7.203355,5.350069999694824
2024-10-06 07:00:00,7.362069,8.694591522216797
2024-10-06 08:00:00,6.9624367,9.139119148254395
2024-10-06 09:00:00,13.719664000000002,7.184515953063965
2024-10-06 10:00:00,21.329386,12.994976043701172
2024-10-06 11:00:00,26.934284,15.076068878173828
2024-10-06 12:00:00,19.864008,14.659429550170898
2024-10-06 13:00:00,20.802595,13.700371742248535
2024-10-06 14:00:00,16.331425,13.884071350097656
2024-10-06 15:00:00,13.375772,9.516585350036621
2024-10-06 16:00:00,22.042143,8.932732582092285
2024-10-06 17:00:00,8.056795,6.86599063873291
2024-10-06 18:00:00,7.286824000000001,6.73541259765625
2024-10-06 19:00:00,7.0531310000000005,5.527247428894043
2024-10-06 20:00:00,6.739999999999998,5.586833953857422
2024-10-06 21:00:00,6.859999999999999,6.185869216918945
2024-10-06 22:00:00,7.056492300000002,5.086922645568848
2024-10-06 23:00:00,7.083508999999998,5.470610618591309
2024-10-07 00:00:00,6.866491,6.20074462890625
2024-10-07 01:00:00,7.322032,5.916760444641113
2024-10-07 02:00:00,7.641476600000001,6.117488861083984
2024-10-07 03:00:00,6.5699999999999985,6.44808292388916
2024-10-07 04:00:00,6.8568687,6.292243003845215
2024-10-07 05:00:00,7.6200013,7.835568428039551
2024-10-07 06:00:00,7.8796234,8.767935752868652
2024-10-07 07:00:00,13.091,16.867919921875
2024-10-07 08:00:00,66.29053,43.54652404785156
2024-10-07 09:00:00,82.768295,73.07667541503906
2024-10-07 10:00:00,92.40223,96.98184204101562
2024-10-07 11:00:00,74.894325,77.93284606933594
2024-10-07 12:00:00,45.506554,47.033905029296875
2024-10-07 13:00:00,59.801434,62.542030334472656
2024-10-07 14:00:00,47.65443,55.80323791503906
2024-10-07 15:00:00,41.127144,43.291996002197266
2024-10-07 16:00:00,17.948357,16.93434715270996
2024-10-07 17:00:00,17.468418,15.823246002197266
2024-10-07 18:00:00,12.75949,13.756261825561523
2024-10-07 19:00:00,12.100848,9.506160736083984
2024-10-07 20:00:00,12.150312,10.616754531860352
2024-10-07 21:00:00,8.86571,11.033952713012695
2024-10-07 22:00:00,7.670623299999999,6.701162338256836
2024-10-07 23:00:00,7.063355999999999,7.084851264953613
2024-10-08 00:00:00,7.050000000000001,6.385370254516602
2024-10-08 01:00:00,7.617005000000001,6.124811172485352
2024-10-08 02:00:00,7.235999999999999,7.448616027832031
2024-10-08 03:00:00,7.013638000000002,5.533056259155273
2024-10-08 04:00:00,7.1325083,7.372664451599121
2024-10-08 05:00:00,7.657852999999999,8.043618202209473
2024-10-08 06:00:00,7.5029945,8.975984573364258
2024-10-08 07:00:00,13.92,16.53559112548828
2024-10-08 08:00:00,44.99843200000001,47.67506408691406
2024-10-08 09:00:00,72.85336,70.24081420898438
2024-10-08 10:00:00,102.54861,87.13699340820312
2024-10-08 11:00:00,82.62625,88.79768371582031
2024-10-08 12:00:00,56.061310000000006,52.18214797973633
2024-10-08 13:00:00,59.898250000000004,67.13726806640625
2024-10-08 14:00:00,47.820213,55.133880615234375
2024-10-08 15:00:00,48.335888,43.24061584472656
2024-10-08 16:00:00,22.10602,15.249507904052734
2024-10-08 17:00:00,15.629068,16.240324020385742
2024-10-08 18:00:00,12.431944,11.185749053955078
2024-10-08 19:00:00,11.937005,11.831478118896484
2024-10-08 20:00:00,11.082995,10.059761047363281
2024-10-08 21:00:00,6.3860206999999996,9.014108657836914
2024-10-08 22:00:00,6.093979000000001,5.821850776672363
2024-10-08 23:00:00,5.516643999999999,5.976348876953125
2024-10-09 00:00:00,5.659690000000003,5.483549118041992
2024-10-09 01:00:00,6.1136659999999985,5.256836891174316
2024-10-09 02:00:00,6.423195,5.734036445617676
2024-10-09 03:00:00,5.795956999999998,4.941554069519043
2024-10-09 04:00:00,5.530847,6.428887367248535
2024-10-09 05:00:00,5.816020999999999,6.746624946594238
2024-10-09 06:00:00,5.800984,7.974366188049316
2024-10-09 07:00:00,12.222995,14.147563934326172
2024-10-09 08:00:00,54.193825000000004,32.84237289428711
2024-10-09 09:00:00,75.946075,71.67193603515625
2024-10-09 10:00:00,90.37339,87.8409423828125
2024-10-09 11:00:00,73.84659,75.40283203125
2024-10-09 12:00:00,48.43382,46.11878204345703
2024-10-09 13:00:00,71.25637,62.01560974121094
2024-10-09 14:00:00,52.000786000000005,52.82770919799805
2024-10-09 15:00:00,38.264458,44.88531494140625
2024-10-09 16:00:00,18.755919,14.557388305664062
2024-10-09 17:00:00,15.686817,13.666622161865234
2024-10-09 18:00:00,12.251287,10.87537670135498
2024-10-09 19:00:00,12.426869,10.431419372558594
2024-10-09 20:00:00,12.2,11.580692291259766
2024-10-09 21:00:00,7.253978000000002,10.908204078674316
2024-10-09 22:00:00,6.5860214,5.452337265014648
2024-10-09 23:00:00,5.653131,5.8422441482543945
2024-10-10 00:00:00,5.426492,5.6087799072265625
2024-10-10 01:00:00,6.810376999999999,5.3482208251953125
2024-10-10 02:00:00,6.590421700000002,6.224626541137695
2024-10-10 03:00:00,5.822597999999999,5.545753479003906
2024-10-10 04:00:00,5.9368680000000005,6.438592910766602
2024-10-10 05:00:00,5.940000000000001,7.177725791931152
2024-10-10 06:00:00,5.843131,7.831036567687988
2024-10-10 07:00:00,14.956867,14.157269477844238
2024-10-10 08:00:00,45.013206,45.92875671386719
2024-10-10 09:00:00,80.8499,69.51910400390625
2024-10-10 10:00:00,83.058334,91.96466064453125
2024-10-10 11:00:00,57.115257,71.53995513916016
2024-10-10 12:00:00,47.19908,49.11224365234375
2024-10-10 13:00:00,62.47046,66.6523208618164
2024-10-10 14:00:00,42.717995,54.24302673339844
2024-10-10 15:00:00,47.307034,34.79896545410156
2024-10-10 16:00:00,24.189598,14.13302993774414
2024-10-10 17:00:00,16.05357,16.366825103759766
2024-10-10 18:00:00,12.854965,11.248751640319824
2024-10-10 19:00:00,12.386869,8.831438064575195
2024-10-10 20:00:00,12.413979,10.413097381591797
2024-10-10 21:00:00,12.239152,11.91998291015625
2024-10-10 22:00:00,12.379999999999999,9.913185119628906
2024-10-10 23:00:00,9.687852,10.500011444091797
2024-10-11 00:00:00,6.242148,8.200069427490234
2024-10-11 01:00:00,5.936492000000003,5.411746978759766
2024-10-11 02:00:00,5.687234999999999,5.467550277709961
2024-10-11 03:00:00,6.223141999999999,5.315699577331543
2024-10-11 04:00:00,5.983130999999998,6.080493927001953
2024-10-11 05:00:00,6.306868999999999,6.751448631286621
2024-10-11 06:00:00,8.71,7.404758453369141
2024-10-11 07:00:00,14.899623,12.963830947875977
2024-10-11 08:00:00,32.33154,35.37675476074219
2024-10-11 09:00:00,52.420033000000004,37.52897262573242
2024-10-11 10:00:00,39.79573,43.2884635925293
2024-10-11 11:00:00,55.99929,34.80736541748047
2024-10-11 12:00:00,36.93038,29.969749450683594
2024-10-11 13:00:00,39.46448,29.088424682617188
2024-10-11 14:00:00,26.879242,25.462398529052734
2024-10-11 15:00:00,21.051344,18.04452896118164
2024-10-11 16:00:00,13.996132,14.14632511138916
2024-10-11 17:00:00,5.8081106999999985,9.49666976928711
2024-10-11 18:00:00,5.6017466,5.482844352722168
2024-10-11 19:00:00,5.936021,5.311056137084961
2024-10-11 20:00:00,5.999622999999998,5.626311302185059
2024-10-11 21:00:00,6.160375999999999,6.043510437011719
2024-10-11 22:00:00,5.939622999999999,5.126399040222168
2024-10-11 23:00:00,6.240378,5.484035491943359
2024-10-12 00:00:00,6.040623,5.532402038574219
2024-10-12 01:00:00,5.753355999999998,5.5765581130981445
2024-10-12 02:00:00,5.609152999999999,5.363455772399902
2024-10-12 03:00:00,6.3864909999999995,4.829204559326172
2024-10-12 04:00:00,5.650377299999999,4.273980140686035
2024-10-12 05:00:00,5.66,4.523537635803223
2024-10-12 06:00:00,6.103131300000001,5.170035362243652
2024-10-12 07:00:00,5.848343,7.521200180053711
2024-10-12 08:00:00,5.808838999999999,6.071115493774414
2024-10-12 09:00:00,8.346119,5.6200151443481445
2024-10-12 10:00:00,17.859123,8.76196002960205
2024-10-12 11:00:00,22.488678,16.337541580200195
2024-10-12 12:00:00,18.450798,14.461994171142578
2024-10-12 13:00:00,22.168182,18.495391845703125
2024-10-12 14:00:00,20.2486,12.699490547180176
2024-10-12 15:00:00,18.525347,11.891300201416016
2024-10-12 16:00:00,7.268986700000001,6.0002899169921875
2024-10-12 17:00:00,10.155627,5.779731750488281
2024-10-12 18:00:00,9.27875,7.966771125793457
2024-10-12 19:00:00,5.612508000000002,6.670472145080566
2024-10-12 20:00:00,6.030848000000001,5.244725227355957
2024-10-12 21:00:00,5.875643700000001,6.083318710327148
2024-10-12 22:00:00,5.694355999999999,5.098030090332031
2024-10-12 23:00:00,6.286021999999999,5.252528190612793
2024-10-13 00:00:00,5.813977999999999,5.512253761291504
2024-10-13 01:00:00,5.195645299999999,5.488231658935547
2024-10-13 02:00:00,6.25719,4.990091323852539
2024-10-13 03:00:00,6.204170000000001,5.230452537536621
2024-10-13 04:00:00,6.528639000000002,4.25383186340332
2024-10-13 05:00:00,5.419999999999998,4.924786567687988
2024-10-13 06:00:00,5.620000000000001,6.100327491760254
2024-10-13 07:00:00,5.963507699999999,7.079657554626465
2024-10-13 08:00:00,5.783992300000001,6.240988731384277
2024-10-13 09:00:00,8.072138999999998,5.721710205078125
2024-10-13 10:00:00,17.85075,8.863655090332031
2024-10-13 11:00:00,29.789295,16.43923568725586
2024-10-13 12:00:00,17.081348,21.430889129638672
2024-10-13 13:00:00,20.006798,15.70266342163086
2024-10-13 14:00:00,17.424295,9.7553129196167
2024-10-13 15:00:00,17.862993,11.532320022583008
2024-10-13 16:00:00,14.674635,10.82590103149414
2024-10-13 17:00:00,6.545670999999999,7.871492385864258
2024-10-13 18:00:00,5.748376,5.671473503112793
2024-10-13 19:00:00,6.633456000000001,5.683934211730957
2024-10-13 20:00:00,5.586544,5.690657615661621
2024-10-13 21:00:00,6.283130999999999,5.641776084899902
2024-10-13 22:00:00,5.640000000000001,5.146060943603516
2024-10-13 23:00:00,5.746869,4.87916374206543
2024-10-14 00:00:00,6.300623,5.962515830993652
2024-10-14 01:00:00,5.118998999999999,5.746709823608398
2024-10-14 02:00:00,6.293508000000001,5.38111686706543
2024-10-14 03:00:00,6.17,5.010030746459961
2024-10-14 04:00:00,5.987491600000002,6.292243003845215
2024-10-14 05:00:00,6.169377300000001,6.963196754455566
2024-10-14 06:00:00,6.353131300000001,7.616507530212402
2024-10-14 07:00:00,13.196492,14.55129623413086
2024-10-14 08:00:00,44.291214,43.54652404785156
2024-10-14 09:00:00,76.23933399999999,73.17478942871094
2024-10-14 10:00:00,93.6957,90.15725708007812
2024-10-14 11:00:00,65.86772,82.07070922851562
2024-10-14 12:00:00,47.53811999999999,47.91816711425781
2024-10-14 13:00:00,63.185818,63.09795379638672
2024-10-14 14:00:00,40.75634,55.410884857177734
2024-10-14 15:00:00,45.118004,38.23530578613281
2024-10-14 16:00:00,22.126776,15.86130428314209
2024-10-14 17:00:00,15.576712,16.59607696533203
2024-10-14 18:00:00,12.592213,11.541501998901367
2024-10-14 19:00:00,12.139999,10.132390975952148
2024-10-14 20:00:00,10.399152,10.616754531860352
2024-10-14 21:00:00,6.186491,8.829484939575195
2024-10-14 22:00:00,6.060376999999999,5.637225151062012
2024-10-14 23:00:00,6.373978000000001,5.791723251342773
2024-10-15 00:00:00,5.539153999999998,6.21531867980957
2024-10-15 01:00:00,6.4300003,5.533363342285156
2024-10-15 02:00:00,5.435103999999999,6.010563850402832
2024-10-15 03:00:00,5.9913883000000006,4.796684265136719
2024-10-15 04:00:00,5.75,6.500292778015137
2024-10-15 05:00:00,6.544355999999999,7.103069305419922
2024-10-15 06:00:00,6.725644999999998,7.824558258056641
2024-10-15 07:00:00,12.703508,14.540162086486816
2024-10-15 08:00:00,45.56641400000001,42.17913055419922
2024-10-15 09:00:00,62.227074,70.20060729980469
2024-10-15 10:00:00,72.63867,82.98063659667969
2024-10-15 11:00:00,62.480515,66.92640686035156
2024-10-15 12:00:00,48.85826,48.37740707397461
2024-10-15 13:00:00,57.32712600000001,62.51991653442383
2024-10-15 14:00:00,40.82104,54.50686264038086
2024-10-15 15:00:00,34.381447,35.89045715332031
2024-10-15 16:00:00,24.195938,15.406164169311523
2024-10-15 17:00:00,15.4412365,16.75510597229004
2024-10-15 18:00:00,12.395304,11.185749053955078
2024-10-15 19:00:00,12.319675,10.741791725158691
2024-10-15 20:00:00,12.35,10.80137825012207
2024-10-15 21:00:00,7.2700005,11.218576431274414
2024-10-15 22:00:00,6.02,5.7627105712890625
2024-10-15 23:00:00,7.120000400000002,5.976348876953125
2024-10-16 00:00:00,5.960000000000001,6.074995994567871
2024-10-16 01:00:00,6.01,5.6782331466674805
2024-10-16 02:00:00,5.766491,5.734036445617676
2024-10-16 03:00:00,5.964356,4.87337589263916
2024-10-16 04:00:00,5.959153000000001,6.497065544128418
2024-10-16 05:00:00,5.980848,7.1680192947387695
2024-10-16 06:00:00,8.846644,7.8213300704956055
2024-10-16 07:00:00,14.727999,16.532365798950195
2024-10-16 08:00:00,62.683914,45.51762390136719
2024-10-16 09:00:00,71.029495,69.90731811523438
2024-10-16 10:00:00,101.40811,86.29949951171875
2024-10-16 11:00:00,81.56249,84.75938415527344
2024-10-16 12:00:00,49.110817,50.42505645751953
2024-10-16 13:00:00,71.45702999999999,64.2938232421875
2024-10-16 14:00:00,48.386616000000004,52.82770919799805
2024-10-16 15:00:00,53.633137000000005,42.736305236816406
2024-10-16 16:00:00,20.910343,20.43729019165039
2024-10-16 17:00:00,14.528287,16.427038192749023
2024-10-16 18:00:00,11.898381,11.397302627563477
2024-10-16 19:00:00,11.897005,9.689802169799805
2024-10-16 20:00:00,10.742995,9.749387741088867
2024-10-16 21:00:00,6.34,8.703736305236816
2024-10-16 22:00:00,5.720000299999999,5.511476516723633
2024-10-16 23:00:00,5.979153,5.597796440124512
2024-10-17 00:00:00,6.699999999999999,6.030176162719727
2024-10-17 01:00:00,5.529999999999999,5.945887565612793
2024-10-17 02:00:00,5.806868,5.404024124145508
2024-10-17 03:00:00,6.399999999999999,5.156380653381348
2024-10-17 04:00:00,5.203130999999999,6.506771087646484
2024-10-17 05:00:00,5.77,6.756330490112305
2024-10-17 06:00:00,9.95,7.984071731567383
2024-10-17 07:00:00,14.6264925,19.490039825439453
2024-10-17 08:00:00,70.774185,45.423301696777344
2024-10-17 09:00:00,68.40065,73.92659759521484
2024-10-17 10:00:00,96.468925,85.97079467773438
2024-10-17 11:00:00,78.53923,83.623779296875
2024-10-17 12:00:00,60.55824,47.568115234375
2024-10-17 13:00:00,74.92615499999998,67.59429931640625
2024-10-17 14:00:00,50.809994,53.99093246459961
2024-10-17 15:00:00,43.042023,44.27314758300781
2024-10-17 16:00:00,15.509495,12.60641098022461
2024-10-17 17:00:00,12.658535,11.337555885314941
2024-10-17 18:00:00,12.286823,11.126969337463379
2024-10-17 19:00:00,12.099,10.353510856628418
2024-10-17 20:00:00,12.123508000000001,10.413097381591797
2024-10-17 21:00:00,12.197852,10.83029556274414
2024-10-17 22:00:00,8.219017,9.913185119628906
2024-10-17 23:00:00,5.889623,7.084333419799805
2024-10-18 00:00:00,7.533507999999999,5.695731163024902
2024-10-18 01:00:00,5.73,6.704875946044922
2024-10-18 02:00:00,6.237037000000001,5.399372100830078
2024-10-18 03:00:00,6.5129623,5.383877754211426
2024-10-18 04:00:00,5.456490999999998,6.080493927001953
2024-10-18 05:00:00,5.65,6.330053329467773
2024-10-18 06:00:00,11.053507,7.204578399658203
2024-10-18 07:00:00,12.859999,15.911799430847168
2024-10-18 08:00:00,39.83687,29.26918601989746
2024-10-18 09:00:00,75.94016,51.682071685791016
2024-10-18 10:00:00,51.329094,54.89273452758789
2024-10-18 11:00:00,38.91422,34.62862777709961
2024-10-18 12:00:00,19.937319,24.904376983642578
2024-10-18 13:00:00,8.719415,17.117164611816406
2024-10-18 14:00:00,9.684683,7.921370506286621
2024-10-18 15:00:00,11.848032,9.296552658081055
2024-10-18 16:00:00,7.911787,9.554167747497559
2024-10-18 17:00:00,2.4610614999999996,6.863001823425293
2024-10-18 18:00:00,0.0,4.588356018066406
2024-10-18 19:00:00,0.0,4.612290382385254
2024-10-18 20:00:00,1.3500000000000014,4.50615119934082
2024-10-18 21:00:00,5.832499999999998,4.602399826049805
2024-10-18 22:00:00,5.399999999999999,5.058220863342285
2024-10-18 23:00:00,5.699999999999999,5.062641143798828
2024-10-19 00:00:00,5.399999999999999,5.464223861694336
2024-10-19 01:00:00,5.699999999999999,5.155163764953613
2024-10-19 02:00:00,5.824079000000001,5.363455772399902
2024-10-19 03:00:00,5.5781670000000005,5.182422637939453
2024-10-19 04:00:00,5.097754000000002,3.852583885192871
2024-10-19 05:00:00,5.549999999999999,4.523537635803223
2024-10-19 06:00:00,4.817499999999999,5.170035362243652
2024-10-19 07:00:00,6.582500000000001,6.748716354370117
2024-10-19 08:00:00,5.5377116,7.093695640563965
2024-10-19 09:00:00,8.361449,5.6200151443481445
2024-10-19 10:00:00,4.378692600000001,8.76196002960205
2024-10-19 11:00:00,4.69228,5.888458251953125
2024-10-19 12:00:00,13.834425,5.347870826721191
2024-10-19 13:00:00,9.1098,14.984253883361816
2024-10-19 14:00:00,9.705324,8.241661071777344
2024-10-19 15:00:00,1.7065677999999984,9.336359977722168
2024-10-19 16:00:00,0.8779961999999983,4.4354658126831055
2024-10-19 17:00:00,1.782786999999999,4.808046340942383
2024-10-19 18:00:00,5.699712799999999,4.894681930541992
2024-10-19 19:00:00,6.1675,5.704082489013672
2024-10-19 20:00:00,6.1324999999999985,5.666120529174805
2024-10-19 21:00:00,5.8675003,6.083318710327148
2024-10-19 22:00:00,5.3824997,5.098030090332031
2024-10-19 23:00:00,5.100000000000001,4.8993120193481445
2024-10-20 00:00:00,5.85,5.090859413146973
2024-10-20 01:00:00,5.549999999999999,5.488231658935547
2024-10-20 02:00:00,5.66103,4.990091323852539
2024-10-20 03:00:00,5.606470999999999,4.809056282043457
2024-10-20 04:00:00,4.800000000000001,3.8324356079101562
2024-10-20 05:00:00,5.85,4.152301788330078
2024-10-20 06:00:00,5.399999999999999,5.503105163574219
2024-10-20 07:00:00,4.950000000000001,7.079657554626465
2024-10-20 08:00:00,6.323384000000001,5.821722030639648
2024-10-20 09:00:00,7.564425499999999,5.789888381958008
2024-10-20 10:00:00,9.848465,8.863655090332031
2024-10-20 11:00:00,13.147029,10.339662551879883
2024-10-20 12:00:00,14.637903,12.7232666015625
2024-10-20 13:00:00,14.851488,13.420616149902344
2024-10-20 14:00:00,9.288025,10.89490795135498
2024-10-20 15:00:00,6.734197999999999,8.226846694946289
2024-10-20 16:00:00,4.557062999999999,6.526105880737305
2024-10-20 17:00:00,1.2570499999999996,5.135576248168945
2024-10-20 18:00:00,0.0,5.3522443771362305
2024-10-20 19:00:00,0.0,4.652099609375
2024-10-20 20:00:00,0.0,4.54595947265625
2024-10-20 21:00:00,1.5,4.642209053039551
2024-10-20 22:00:00,6.1675,4.983282089233398
2024-10-20 23:00:00,5.232787,5.300558090209961
2024-10-21 00:00:00,6.167213,5.609297752380371
2024-10-21 01:00:00,5.832786999999998,5.746709823608398
2024-10-21 02:00:00,5.999713,5.734334945678711
2024-10-21 03:00:00,6.449999999999999,5.010030746459961
2024-10-21 04:00:00,5.100286999999998,6.292243003845215
2024-10-21 05:00:00,5.8672132,6.541802406311035
2024-10-21 06:00:00,5.399999999999999,7.769543647766113
2024-10-21 07:00:00,23.33,14.129901885986328
2024-10-21 08:00:00,69.32972,63.1021614074707
2024-10-21 09:00:00,91.90957,77.582275390625
2024-10-21 10:00:00,112.12331,99.87705993652344
2024-10-21 11:00:00,85.50304,85.96548461914062
2024-10-21 12:00:00,54.543327000000005,52.65076446533203
2024-10-21 13:00:00,83.736275,68.80352020263672
2024-10-21 14:00:00,58.40776000000001,59.936851501464844
2024-10-21 15:00:00,55.949690000000004,50.51188659667969
2024-10-21 16:00:00,16.171583,18.003808975219727
2024-10-21 17:00:00,12.915438,13.27045726776123
2024-10-21 18:00:00,11.911362,11.51129150390625
2024-10-21 19:00:00,12.042995,9.815550804138184
2024-10-21 20:00:00,12.057005,10.616754531860352
2024-10-21 21:00:00,11.759016,11.033952713012695
2024-10-21 22:00:00,5.743979000000001,8.770767211914062
2024-10-21 23:00:00,6.01,5.723545074462891
2024-10-22 00:00:00,5.8599996999999995,6.21531867980957
2024-10-22 01:00:00,5.699999999999999,5.8865814208984375
2024-10-22 02:00:00,6.029152,5.942384719848633
2024-10-22 03:00:00,6.267491300000001,5.218080520629883
2024-10-22 04:00:00,5.8503609999999995,6.500292778015137
2024-10-22 05:00:00,5.112994999999998,7.103069305419922
2024-10-22 06:00:00,6.287005000000001,9.222522735595703
2024-10-22 07:00:00,12.599639,14.21896743774414
2024-10-22 08:00:00,40.106457,42.17913055419922
2024-10-22 09:00:00,64.85607,67.3392333984375
2024-10-22 10:00:00,84.35101,81.39810180664062
2024-10-22 11:00:00,66.04549,72.60215759277344
2024-10-22 12:00:00,49.077236,46.90978240966797
2024-10-22 13:00:00,71.10318,64.79814147949219
2024-10-22 14:00:00,51.4658,53.3320198059082
2024-10-22 15:00:00,62.55413,45.389625549316406
2024-10-22 16:00:00,32.84634,16.51146125793457
2024-10-22 17:00:00,14.976893,16.724491119384766
2024-10-22 18:00:00,13.085267,11.70767593383789
2024-10-22 19:00:00,12.311377,10.387774467468262
2024-10-22 20:00:00,12.453130999999999,10.80137825012207
2024-10-22 21:00:00,12.450001,12.308263778686523
2024-10-22 22:00:00,12.286492,11.391152381896973
2024-10-22 23:00:00,12.319,10.685153007507324
2024-10-23 00:00:00,12.471,10.613750457763672
2024-10-23 01:00:00,12.503508,11.512737274169922
2024-10-23 02:00:00,12.355492,12.354549407958984
2024-10-23 03:00:00,10.463661,10.161833763122559
2024-10-23 04:00:00,6.697715800000001,11.347973823547363
2024-10-23 05:00:00,6.109622999999999,7.489213943481445
2024-10-23 06:00:00,7.7790003,7.8213300704956055
2024-10-23 07:00:00,13.460393,16.532365798950195
2024-10-23 08:00:00,60.847515,46.198097229003906
2024-10-23 09:00:00,72.59578,70.55412292480469
2024-10-23 10:00:00,87.357994,86.29949951171875
2024-10-23 11:00:00,71.57578,71.2177734375
2024-10-23 12:00:00,45.77569,46.11878204345703
2024-10-23 13:00:00,67.46682,63.19544219970703
2024-10-23 14:00:00,40.097374,51.566314697265625
2024-10-23 15:00:00,49.27405,35.38615036010742
2024-10-23 16:00:00,22.729311,14.745198249816895
2024-10-23 17:00:00,14.790305,15.987173080444336
2024-10-23 18:00:00,12.562157,11.397302627563477
2024-10-23 19:00:00,11.21,11.521106719970703
2024-10-23 20:00:00,5.726869000000001,8.477147102355957
2024-10-23 21:00:00,6.063131,6.360408782958984
2024-10-23 22:00:00,7.129152999999997,5.511476516723633
2024-10-23 23:00:00,5.65,5.836026191711426
2024-10-24 00:00:00,5.616338999999998,5.6087799072265625
2024-10-24 01:00:00,6.524508000000001,5.3482208251953125
2024-10-24 02:00:00,5.707819499999998,5.825420379638672
2024-10-24 03:00:00,5.657558999999999,5.156380653381348
2024-10-24 04:00:00,6.9936609999999995,6.085376739501953
2024-10-24 05:00:00,7.027716,8.05009651184082
2024-10-24 06:00:00,6.5699997,8.387218475341797
2024-10-24 07:00:00,12.1022835,14.225447654724121
2024-10-24 08:00:00,12.175339000000001,33.219120025634766
2024-10-24 09:00:00,10.114064,20.758325576782227
2024-10-24 10:00:00,13.825679,20.769207000732422
2024-10-24 11:00:00,20.494583,20.469188690185547
2024-10-24 12:00:00,23.706034,23.995960235595703
2024-10-24 13:00:00,26.369795,28.442672729492188
2024-10-24 14:00:00,21.502382,21.182533264160156
2024-10-24 15:00:00,17.780823,20.83032989501953
2024-10-24 16:00:00,15.454329,19.48711395263672
2024-10-24 17:00:00,7.537369,11.337555885314941
2024-10-24 18:00:00,7.601284,7.15255069732666
2024-10-24 19:00:00,8.026732,6.937831878662109
2024-10-24 20:00:00,7.604115,6.997418403625488
2024-10-24 21:00:00,7.726492,7.414617538452148
2024-10-24 22:00:00,8.113508,6.497507095336914
2024-10-24 23:00:00,7.906492,7.084333419799805
2024-10-25 00:00:00,7.610377,6.988860130310059
2024-10-25 01:00:00,7.469623,6.704875946044922
2024-10-25 02:00:00,7.159393,6.905604362487793
2024-10-25 03:00:00,8.184114,5.698853492736816
2024-10-25 04:00:00,7.440000000000001,8.075940132141113
2024-10-25 05:00:00,8.175885,8.746894836425781
2024-10-25 06:00:00,10.564116,8.55618953704834
2024-10-25 07:00:00,13.7622795,15.911799430847168
2024-10-25 08:00:00,32.1171,37.042091369628906
2024-10-25 09:00:00,43.22394,37.52897262573242
2024-10-25 10:00:00,43.447105,45.415260314941406
2024-10-25 11:00:00,36.65983,32.74690628051758
2024-10-25 12:00:00,28.30168,21.761337280273438
2024-10-25 13:00:00,21.306347,19.08002281188965
2024-10-25 14:00:00,16.554802,16.715425491333008
2024-10-25 15:00:00,14.699943,11.758296966552734
2024-10-25 16:00:00,12.254392,10.291213989257812
2024-10-25 17:00:00,6.056879,10.105698585510254
2024-10-25 18:00:00,7.13682,5.385295867919922
2024-10-25 19:00:00,5.3568687,5.507586479187012
2024-10-25 20:00:00,6.1090160000000004,5.204916954040527
2024-10-25 21:00:00,6.690000000000001,6.043510437011719
2024-10-25 22:00:00,5.954115,5.171084403991699
2024-10-25 23:00:00,6.516868999999998,5.484035491943359
2024-10-26 00:00:00,5.819623,5.532402038574219
2024-10-26 01:00:00,6.8803769999999975,5.508379936218262
2024-10-26 02:00:00,5.382284,5.746610641479492
2024-10-26 03:00:00,5.667716,4.829204559326172
2024-10-26 04:00:00,6.423131,4.205801963806152
2024-10-26 05:00:00,6.425492,4.944933891296387
2024-10-26 06:00:00,6.061377,5.370217323303223
2024-10-26 07:00:00,6.112283699999999,7.521200180053711
2024-10-26 08:00:00,6.551404999999999,6.139293670654297
2024-10-26 09:00:00,5.995504000000002,5.688193321228027
2024-10-26 10:00:00,11.241972,6.135432243347168
2024-10-26 11:00:00,14.904527,10.42857551574707
2024-10-26 12:00:00,17.819792,11.715678215026855
2024-10-26 13:00:00,12.70188,17.76760482788086
2024-10-26 14:00:00,11.102066,12.63478946685791
2024-10-26 15:00:00,15.506005,9.336359977722168
2024-10-26 16:00:00,9.415047,8.16425895690918
2024-10-26 17:00:00,6.790739,8.114020347595215
2024-10-26 18:00:00,6.024336000000002,5.814319610595703
2024-10-26 19:00:00,6.120000000000001,5.606534004211426
2024-10-26 20:00:00,6.417339,5.666120529174805
2024-10-26 21:00:00,5.820377000000002,6.083318710327148
2024-10-26 22:00:00,5.539623299999999,5.098030090332031
2024-10-26 23:00:00,6.640377000000001,4.8993120193481445
2024-10-27 00:00:00,6.209016,5.68852424621582
2024-10-27 01:00:00,5.763607,5.556410789489746
2024-10-27 02:00:00,5.635547599999999,5.3433074951171875
2024-10-27 03:00:00,5.297715999999999,4.809056282043457
2024-10-27 04:00:00,5.912623,3.8324356079101562
2024-10-27 05:00:00,7.286392999999999,4.924786567687988
2024-10-27 06:00:00,5.460984,5.906254768371582
2024-10-27 07:00:00,5.953130999999999,7.079657554626465
2024-10-27 08:00:00,6.456150000000001,6.240988731384277
2024-10-27 09:00:00,5.711570699999999,5.789888381958008
2024-10-27 10:00:00,6.015094300000001,6.168949127197266
2024-10-27 11:00:00,8.626259,6.409420013427734
2024-10-27 12:00:00,22.482866,8.495357513427734
2024-10-27 13:00:00,20.78517,14.927330017089844
2024-10-27 14:00:00,9.811405,13.884071350097656
2024-10-27 15:00:00,4.244918000000002,9.438055992126465
2024-10-27 16:00:00,6.1717935,4.884838104248047
2024-10-27 17:00:00,6.3690157,5.497552871704102
2024-10-27 18:00:00,6.020984,5.671473503112793
2024-10-27 19:00:00,5.289623299999997,5.586385726928711
2024-10-27 20:00:00,6.3235083,5.224577903747559
2024-10-27 21:00:00,4.976492,6.06317138671875
2024-10-27 22:00:00,5.7790003,4.373577117919922
2024-10-27 23:00:00,6.741377,5.232379913330078
2024-10-28 00:00:00,5.3590160000000004,6.284975051879883
2024-10-28 01:00:00,5.73,5.325313568115234
2024-10-28 02:00:00,5.767697,5.734334945678711
2024-10-28 03:00:00,5.976417999999999,4.941852569580078
2024-10-28 04:00:00,5.296492000000001,6.292243003845215
2024-10-28 05:00:00,6.790376999999999,6.541802406311035
2024-10-28 06:00:00,6.603130999999999,8.256921768188477
2024-10-28 07:00:00,13.28044,14.872489929199219
2024-10-28 08:00:00,27.451443,43.54652404785156
2024-10-28 09:00:00,46.42887,49.367523193359375
2024-10-28 10:00:00,80.2906,77.24441528320312
2024-10-28 11:00:00,86.61125,69.70114135742188
2024-10-28 12:00:00,51.2505,52.65076446533203
2024-10-28 13:00:00,62.008114000000006,63.77265548706055
2024-10-28 14:00:00,43.791092,55.410884857177734
2024-10-28 15:00:00,32.71458,42.741668701171875
2024-10-28 16:00:00,14.260912,16.720186233520508
2024-10-28 17:00:00,12.689492,13.074583053588867
2024-10-28 18:00:00,12.687,12.137521743774414
2024-10-28 19:00:00,12.73,10.132390975952148
2024-10-28 20:00:00,12.660377,10.191977500915527
2024-10-28 21:00:00,12.633130999999999,10.981518745422363
2024-10-28 22:00:00,6.705492,11.102660179138184
2024-10-28 23:00:00,6.850393,5.96799373626709
2024-10-29 00:00:00,6.894114999999999,6.469600677490234
2024-10-29 01:00:00,5.385885,6.124811172485352
2024-10-29 02:00:00,6.166518,5.589167594909668
2024-10-29 03:00:00,6.406637,5.218080520629883
2024-10-29 04:00:00,5.52,6.500292778015137
2024-10-29 05:00:00,6.630846999999999,6.749852180480957
2024-10-29 06:00:00,10.769154,8.145751953125
2024-10-29 07:00:00,12.540847,19.48356056213379
2024-10-29 08:00:00,33.482594,43.65953063964844
2024-10-29 09:00:00,71.93287,59.94349670410156
2024-10-29 10:00:00,101.56816,87.13699340820312
2024-10-29 11:00:00,87.18919,88.79768371582031
2024-10-29 12:00:00,55.60262300000001,52.18214797973633
2024-10-29 13:00:00,66.29303,68.88121032714844
2024-10-29 14:00:00,57.46042,52.79652404785156
2024-10-29 15:00:00,48.080765,48.407318115234375
2024-10-29 16:00:00,13.500909,15.249507904052734
2024-10-29 17:00:00,12.628623,12.86368179321289
2024-10-29 18:00:00,12.614508,11.781768798828125
2024-10-29 19:00:00,12.576869,10.317014694213867
2024-10-29 20:00:00,12.738623,11.89106559753418
2024-10-29 21:00:00,12.801377,11.166142463684082
2024-10-29 22:00:00,11.549999,10.661053657531738
2024-10-29 23:00:00,7.483131,9.149925231933594
2024-10-30 00:00:00,6.589999999999998,7.198073387145996
2024-10-30 01:00:00,6.7354918,5.8545026779174805
2024-10-30 02:00:00,7.01,6.133242607116699
2024-10-30 03:00:00,6.154833,5.256528854370117
2024-10-30 04:00:00,6.599675000000001,6.497065544128418
2024-10-30 05:00:00,6.625885,7.489213943481445
2024-10-30 06:00:00,7.354114999999998,8.142524719238281
2024-10-30 07:00:00,13.152807,15.409284591674805
2024-10-30 08:00:00,53.36953700000001,46.198097229003906
2024-10-30 09:00:00,75.9827,70.63410949707031
2024-10-30 10:00:00,89.71244,87.8409423828125
2024-10-30 11:00:00,75.04969999999999,75.40283203125
2024-10-30 12:00:00,40.73919,45.727787017822266
2024-10-30 13:00:00,67.868225,57.283958435058594
2024-10-30 14:00:00,54.299744000000004,51.566314697265625
2024-10-30 15:00:00,49.804115,49.521568298339844
2024-10-30 16:00:00,18.954922,14.745198249816895
2024-10-30 17:00:00,15.982661,13.666622161865234
2024-10-30 18:00:00,13.2973385,11.593177795410156
2024-10-30 19:00:00,12.7426605,10.077402114868164
2024-10-30 20:00:00,12.7767315,10.066227912902832
2024-10-30 21:00:00,12.4309845,10.22953987121582
2024-10-30 22:00:00,12.399999999999999,11.080780029296875
2024-10-30 23:00:00,12.449017,11.775012969970703
2024-10-31 00:00:00,12.454115,9.739364624023438
2024-10-31 01:00:00,12.536869,9.571311950683594
2024-10-31 02:00:00,8.539016,10.41312313079834
2024-10-31 03:00:00,6.2309836999999995,5.384820938110352
2024-10-31 04:00:00,6.658622699999997,5.553967475891113
2024-10-31 05:00:00,6.530393,6.546115875244141
2024-10-31 06:00:00,6.099999999999998,6.988443374633789
2024-10-31 07:00:00,7.700738000000001,10.189420700073242
2024-10-31 08:00:00,6.669765499999999,15.238914489746094
2024-10-31 09:00:00,7.7040606,7.822176933288574
2024-10-31 10:00:00,5.192012300000002,12.690589904785156
2024-10-31 11:00:00,11.44495,8.103792190551758
2024-10-31 12:00:00,16.742018,9.482592582702637
2024-10-31 13:00:00,14.186235,18.835012435913086
2024-10-31 14:00:00,6.009989700000002,11.335611343383789
2024-10-31 15:00:00,6.583513299999998,7.526203155517578
2024-10-31 16:00:00,6.473365000000003,7.2551164627075195
2024-10-31 17:00:00,6.449999999999999,4.904379844665527
2024-10-31 18:00:00,6.425884999999999,5.565474510192871
2024-10-31 19:00:00,10.6,5.658731460571289
2024-10-31 20:00:00,12.584115,7.325334548950195
2024-10-31 21:00:00,11.786492,9.914627075195312
2024-10-31 22:00:00,8.392661,8.087662696838379
2024-10-31 23:00:00,6.396339000000001,5.806543350219727
2024-11-01 00:00:00,5.794508,5.695731163024902
2024-11-01 01:00:00,6.845885299999999,5.343568801879883
2024-11-01 02:00:00,6.407696999999999,5.866757392883301
2024-11-01 03:00:00,6.68291,5.383877754211426
2024-11-01 04:00:00,5.889393,6.401688575744629
2024-11-01 05:00:00,6.68,6.751448631286621
2024-11-01 06:00:00,6.4241150000000005,7.725953102111816
2024-11-01 07:00:00,7.775884999999999,10.647205352783203
2024-11-01 08:00:00,7.036548,14.096564292907715
2024-11-01 09:00:00,6.781752000000001,8.243142127990723
2024-11-01 10:00:00,6.8798847,7.945675849914551
2024-11-01 11:00:00,5.6959295,7.257057189941406
2024-11-01 12:00:00,6.277754,4.079537391662598
2024-11-01 13:00:00,7.752373000000002,7.713136672973633
2024-11-01 14:00:00,6.7918,7.921370506286621
2024-11-01 15:00:00,6.001321300000001,6.81240177154541
2024-11-01 16:00:00,6.264917000000002,5.162600517272949
2024-11-01 17:00:00,6.680392999999997,5.47789192199707
2024-11-01 18:00:00,6.249607000000001,5.429980278015137
2024-11-01 19:00:00,6.41,5.56672477722168
2024-11-01 20:00:00,7.0410004,5.626311302185059
2024-11-01 21:00:00,6.1035080000000015,5.984372138977051
2024-11-01 22:00:00,5.806868999999999,5.126399040222168
2024-11-01 23:00:00,6.568622999999997,5.415857315063477
2024-11-02 00:00:00,5.550393,5.532402038574219
2024-11-02 01:00:00,6.209607,5.155163764953613
2024-11-02 02:00:00,5.958368,5.431633949279785
2024-11-02 03:00:00,5.9316320000000005,5.250600814819336
2024-11-02 04:00:00,5.641,4.273980140686035
2024-11-02 05:00:00,5.83,4.523537635803223
2024-11-02 06:00:00,5.499393000000001,5.523253440856934
2024-11-02 07:00:00,6.515432000000002,7.099804878234863
2024-11-02 08:00:00,6.761984999999999,6.139293670654297
2024-11-02 09:00:00,8.200164,7.041778564453125
2024-11-02 10:00:00,14.240831,8.76196002960205
2024-11-02 11:00:00,22.686218,11.888854026794434
2024-11-02 12:00:00,21.275648,14.461994171142578
2024-11-02 13:00:00,19.869621,15.078195571899414
2024-11-02 14:00:00,17.837051,9.653616905212402
2024-11-02 15:00:00,13.412492,12.486454010009766
2024-11-02 16:00:00,5.717953999999999,8.831037521362305
2024-11-02 17:00:00,5.429153000000001,5.860029220581055
2024-11-02 18:00:00,5.586732,5.435953140258789
2024-11-02 19:00:00,5.6,5.350865364074707
2024-11-02 20:00:00,5.7541150000000005,5.244725227355957
2024-11-02 21:00:00,6.3754919999999995,6.015140533447266
2024-11-02 22:00:00,5.594508000000001,5.166208267211914
2024-11-02 23:00:00,5.899152799999998,4.8993120193481445
2024-11-03 00:00:00,6.09,5.512253761291504
2024-11-03 01:00:00,5.336732,5.556410789489746
2024-11-03 02:00:00,6.0778418,4.990091323852539
2024-11-03 03:00:00,6.166274,5.230452537536621
2024-11-03 04:00:00,5.746492,4.25383186340332
2024-11-03 05:00:00,5.4129999999999985,4.856607437133789
2024-11-03 06:00:00,5.730876999999998,6.100327491760254
2024-11-03 07:00:00,6.231398,7.432873725891113
2024-11-03 08:00:00,6.178959000000001,6.240988731384277
2024-11-03 09:00:00,6.7723446,5.789888381958008
2024-11-03 10:00:00,5.3622627000000005,7.5907135009765625
2024-11-03 11:00:00,10.518106,6.341241836547852
2024-11-03 12:00:00,12.838203,9.799074172973633
2024-11-03 13:00:00,12.060948,13.654377937316895
2024-11-03 14:00:00,10.361948,13.127197265625
2024-11-03 15:00:00,6.3498497,9.438055992126465
2024-11-03 16:00:00,6.126551599999999,5.304104804992676
2024-11-03 17:00:00,5.84,5.497552871704102
2024-11-03 18:00:00,7.490000000000002,5.769021987915039
2024-11-03 19:00:00,10.826492,6.650324821472168
2024-11-03 20:00:00,6.643508000000001,7.9211225509643555
2024-11-03 21:00:00,5.849153000000001,6.107855796813965
2024-11-03 22:00:00,6.856339000000002,5.077881813049316
2024-11-03 23:00:00,5.710393,5.470610618591309
2024-11-04 00:00:00,6.450983999999998,5.962515830993652
2024-11-04 01:00:00,6.172623,5.746709823608398
2024-11-04 02:00:00,5.790508299999999,5.802513122558594
2024-11-04 03:00:00,6.9468689999999995,4.941852569580078
2024-11-04 04:00:00,5.8900003000000005,7.164613723754883
2024-11-04 05:00:00,5.620000000000001,6.963196754455566
2024-11-04 06:00:00,6.793130999999999,7.416326522827148
2024-11-04 07:00:00,13.01925,15.82906723022461
2024-11-04 08:00:00,41.691833,43.54652404785156
2024-11-04 09:00:00,78.77374,74.09830474853516
2024-11-04 10:00:00,105.86155,91.52433776855469
2024-11-04 11:00:00,81.65549499999999,87.03648376464844
2024-11-04 12:00:00,56.728233,51.73116683959961
2024-11-04 13:00:00,83.6532,66.72288513183594
2024-11-04 14:00:00,57.053787,59.936851501464844
2024-11-04 15:00:00,58.731857000000005,48.32301330566406
2024-11-04 16:00:00,13.364538,17.035463333129883
2024-11-04 17:00:00,12.753660999999997,13.21943473815918
2024-11-04 18:00:00,12.517339,11.51129150390625
2024-11-04 19:00:00,12.839392999999998,11.646855354309082
2024-11-04 20:00:00,12.530984,9.565747261047363
2024-11-04 21:00:00,12.613131,12.123640060424805
2024-11-04 22:00:00,5.825884999999998,11.102660179138184
2024-11-04 23:00:00,5.719607,5.723545074462891
2024-11-05 00:00:00,5.370393,6.1471405029296875
2024-11-05 01:00:00,5.8041149999999995,5.533363342285156
2024-11-05 02:00:00,6.26,5.942384719848633
2024-11-05 03:00:00,5.650324999999999,5.218080520629883
2024-11-05 04:00:00,6.085167000000002,6.0788984298706055
2024-11-05 05:00:00,5.621376999999999,7.171247482299805
2024-11-05 06:00:00,5.919015999999997,7.624377250671387
2024-11-05 07:00:00,12.960984,14.21896743774414
2024-11-05 08:00:00,44.653717,46.690208435058594
2024-11-05 09:00:00,70.9744,70.24081420898438
2024-11-05 10:00:00,80.62042,85.9036865234375
2024-11-05 11:00:00,74.30263499999998,69.2325210571289
2024-11-05 12:00:00,46.177994,46.56528854370117
2024-11-05 13:00:00,72.48278,64.7310791015625
2024-11-05 14:00:00,62.105667,53.3320198059082
2024-11-05 15:00:00,55.22472400000001,52.514381408691406
2024-11-05 16:00:00,14.537986,20.941600799560547
2024-11-05 17:00:00,12.649675,12.718830108642578
2024-11-05 18:00:00,12.51,11.781768798828125
2024-11-05 19:00:00,12.53,11.831478118896484
2024-11-05 20:00:00,12.540001,11.89106559753418
2024-11-05 21:00:00,12.669153,12.308263778686523
2024-11-05 22:00:00,9.296732,11.287283897399902
2024-11-05 23:00:00,4.7641153,7.269475936889648
2024-11-06 00:00:00,6.746492,5.132460594177246
2024-11-06 01:00:00,2.3785929999999986,5.932514190673828
2024-11-06 02:00:00,10.05765,4.961551666259766
2024-11-06 03:00:00,5.646418000000001,7.590816497802734
2024-11-06 04:00:00,5.850339000000002,6.07567024230957
2024-11-06 05:00:00,4.296393,7.099841117858887
2024-11-06 06:00:00,3.940607,8.868206977844238
2024-11-06 07:00:00,19.712877,13.443258285522461
2024-11-06 08:00:00,62.865013000000005,52.491329193115234
2024-11-06 09:00:00,65.46693,69.90731811523438
2024-11-06 10:00:00,105.73011,78.62390899658203
2024-11-06 11:00:00,87.5224,85.83039855957031
2024-11-06 12:00:00,45.892433,50.17421340942383
2024-11-06 13:00:00,83.95444,63.19544219970703
2024-11-06 14:00:00,68.25774399999999,57.383419036865234
2024-11-06 15:00:00,61.55029300000001,52.12510299682617
2024-11-06 16:00:00,18.500261,16.41352081298828
2024-11-06 17:00:00,12.956869,13.666622161865234
2024-11-06 18:00:00,12.52,11.542156219482422
2024-11-06 19:00:00,12.848623,11.521106719970703
2024-11-06 20:00:00,12.703661,9.439998626708984
2024-11-06 21:00:00,12.670847,10.855770111083984
2024-11-06 22:00:00,7.529153000000001,10.976911544799805
2024-11-06 23:00:00,5.440847,6.959102630615234
2024-11-07 00:00:00,6.0164919999999995,5.6087799072265625
2024-11-07 01:00:00,6.299000299999999,5.769617080688477
2024-11-07 02:00:00,6.309999999999997,5.825420379638672
2024-11-07 03:00:00,5.431377000000001,5.2245588302612305
2024-11-07 04:00:00,6.319622999999998,6.085376739501953
2024-11-07 05:00:00,6.173507700000002,7.177725791931152
2024-11-07 06:00:00,6.739999999999998,7.831036567687988
2024-11-07 07:00:00,13.545885,15.503219604492188
2024-11-07 08:00:00,60.510597000000004,45.95893096923828
2024-11-07 09:00:00,76.600105,71.65034484863281
2024-11-07 10:00:00,97.14722,88.62643432617188
2024-11-07 11:00:00,75.15285,84.69479370117188
2024-11-07 12:00:00,55.641357,45.50307846069336
2024-11-07 13:00:00,76.67732,68.58584594726562
2024-11-07 14:00:00,55.50981,55.783016204833984
2024-11-07 15:00:00,42.818783,48.773712158203125
2024-11-07 16:00:00,14.093734,12.60641098022461
2024-11-07 17:00:00,12.712284,11.859481811523438
2024-11-07 18:00:00,12.816732,11.126969337463379
2024-11-07 19:00:00,12.704114999999998,8.831438064575195
2024-11-07 20:00:00,12.580325,9.988319396972656
2024-11-07 21:00:00,12.006167,11.91998291015625
2024-11-07 22:00:00,6.443508000000001,9.913185119628906
2024-11-07 23:00:00,6.266869,5.791205406188965
2024-11-08 00:00:00,6.298622999999999,5.695731163024902
2024-11-08 01:00:00,6.1313770000000005,5.411746978759766
2024-11-08 02:00:00,6.0281210000000005,5.467550277709961
2024-11-08 03:00:00,5.491765000000001,5.383877754211426
2024-11-08 04:00:00,5.969016,5.659099578857422
2024-11-08 05:00:00,7.920984300000001,6.751448631286621
2024-11-08 06:00:00,7.018623399999999,8.55618953704834
2024-11-08 07:00:00,13.480392,11.840749740600586
2024-11-08 08:00:00,27.897415,36.0572395324707
2024-11-08 09:00:00,46.21724,38.26293182373047
2024-11-08 10:00:00,50.147465,42.80460739135742
2024-11-08 11:00:00,42.383494999999996,34.49639129638672
2024-11-08 12:00:00,18.78819,25.348154067993164
2024-11-08 13:00:00,15.869795,17.117164611816406
2024-11-08 14:00:00,14.759026,11.174253463745117
2024-11-08 15:00:00,13.646866,11.09135627746582
2024-11-08 16:00:00,12.68425,10.291213989257812
2024-11-08 17:00:00,12.790983999999998,10.292095184326172
2024-11-08 18:00:00,10.082284,9.32635498046875
2024-11-08 19:00:00,5.427716,7.841874122619629
2024-11-08 20:00:00,6.629999999999997,5.204916954040527
2024-11-08 21:00:00,5.749016000000001,6.088194847106934
2024-11-08 22:00:00,5.443268,5.058220863342285
2024-11-08 23:00:00,7.236339000000001,5.062641143798828
2024-11-09 00:00:00,5.894507999999998,5.702454566955566
2024-11-09 01:00:00,5.595885299999999,5.5765581130981445
2024-11-09 02:00:00,5.7432680000000005,5.0102386474609375
2024-11-09 03:00:00,6.180000299999998,5.182422637939453
2024-11-09 04:00:00,5.699999999999999,4.273980140686035
2024-11-09 05:00:00,5.557338699999997,4.876755714416504
2024-11-09 06:00:00,6.792660699999999,5.170035362243652
2024-11-09 07:00:00,6.35,8.798968315124512
2024-11-09 08:00:00,5.194317999999999,6.139293670654297
2024-11-09 09:00:00,6.4906235,5.6200151443481445
2024-11-09 10:00:00,5.797699,6.135432243347168
2024-11-09 11:00:00,5.336673700000002,6.239546775817871
2024-11-09 12:00:00,6.625444999999999,5.6989593505859375
2024-11-09 13:00:00,5.5015135,8.78469181060791
2024-11-09 14:00:00,4.867893999999998,5.678536415100098
2024-11-09 15:00:00,10.99552,5.210943222045898
2024-11-09 16:00:00,10.36,8.908562660217285
2024-11-09 17:00:00,5.233607000000001,8.114020347595215
2024-11-09 18:00:00,6.326392999999998,5.435953140258789
2024-11-09 19:00:00,6.610607,5.606534004211426
2024-11-09 20:00:00,5.312999699999999,5.7108049392700195
2024-11-09 21:00:00,5.706999999999999,5.661924362182617
2024-11-09 22:00:00,6.330376999999999,5.098030090332031
2024-11-09 23:00:00,5.438623,5.320706367492676
2024-11-10 00:00:00,6.16,5.090859413146973
2024-11-10 01:00:00,7.0503930000000015,5.556410789489746
2024-11-10 02:00:00,5.583268,5.726462364196777
2024-11-10 03:00:00,5.696732000000003,4.809056282043457
2024-11-10 04:00:00,5.699607,4.1856536865234375
2024-11-10 05:00:00,5.864507700000001,4.856607437133789
2024-11-10 06:00:00,6.155491999999997,5.503105163574219
2024-11-10 07:00:00,5.873661,7.501051902770996
2024-11-10 08:00:00,6.0766659999999995,6.1728105545043945
2024-11-10 09:00:00,6.175509500000002,5.789888381958008
2024-11-10 10:00:00,5.543265999999997,6.237127304077148
2024-11-10 11:00:00,6.174254000000003,6.341241836547852
2024-11-10 12:00:00,5.686628000000001,5.868831634521484
2024-11-10 13:00:00,5.516487999999999,7.86380672454834
2024-11-10 14:00:00,5.8171816,5.780231475830078
2024-11-10 15:00:00,5.851947999999998,5.663725852966309
2024-11-10 16:00:00,5.360295299999999,5.235926628112793
2024-11-10 17:00:00,5.943268,5.486664772033691
2024-11-10 18:00:00,6.986339000000003,5.671473503112793
2024-11-10 19:00:00,5.9436610000000005,5.527247428894043
2024-11-10 20:00:00,5.347716,5.64597225189209
2024-11-10 21:00:00,6.6831306999999995,5.641776084899902
2024-11-10 22:00:00,5.445492,5.1907453536987305
2024-11-10 23:00:00,5.449999999999999,4.87916374206543
2024-11-11 00:00:00,6.693660000000003,5.609297752380371
2024-11-11 01:00:00,6.687716,5.922979354858398
2024-11-11 02:00:00,5.522205,6.1237077713012695
2024-11-11 03:00:00,6.236810999999998,4.588634490966797
2024-11-11 04:00:00,5.784115,6.292243003845215
2024-11-11 05:00:00,5.5,6.895018577575684
2024-11-11 06:00:00,6.83,7.416326522827148
2024-11-11 07:00:00,13.698385,15.82906723022461
2024-11-11 08:00:00,49.551464,43.401668548583984
2024-11-11 09:00:00,73.50392,73.20164489746094
2024-11-11 10:00:00,102.84315,87.60562133789062
2024-11-11 11:00:00,93.1369,87.03648376464844
2024-11-11 12:00:00,50.811646,57.017356872558594
2024-11-11 13:00:00,83.68808,63.77265548706055
2024-11-11 14:00:00,60.858067000000005,59.936851501464844
2024-11-11 15:00:00,54.47371700000001,50.67240524291992
2024-11-11 16:00:00,14.243333,20.857295989990234
2024-11-11 17:00:00,12.574507999999998,13.074583053588867
2024-11-11 18:00:00,12.699152999999999,12.668468475341797
2024-11-11 19:00:00,12.646732,10.132390975952148
2024-11-11 20:00:00,12.670984,10.191977500915527
2024-11-11 21:00:00,10.899015,10.981518745422363
2024-11-11 22:00:00,6.270607,7.9123735427856445
2024-11-11 23:00:00,5.699393299999999,5.791723251342773
2024-11-12 00:00:00,5.8196069999999995,6.1471405029296875
2024-11-12 01:00:00,6.404507999999998,5.8865814208984375
2024-11-12 02:00:00,6.026,6.010563850402832
2024-11-12 03:00:00,5.959885,5.218080520629883
2024-11-12 04:00:00,6.150607000000001,6.500292778015137
2024-11-12 05:00:00,5.129393000000002,7.171247482299805
2024-11-12 06:00:00,6.17,9.222522735595703
2024-11-12 07:00:00,13.680984,14.21896743774414
2024-11-12 08:00:00,56.90940500000001,46.54536056518555
2024-11-12 09:00:00,74.793915,74.35625457763672
2024-11-12 10:00:00,88.31975,89.68862915039062
2024-11-12 11:00:00,102.343025,72.60215759277344
2024-11-12 12:00:00,56.28475,68.95323181152344
2024-11-12 13:00:00,89.16973,64.85447692871094
2024-11-12 14:00:00,60.476814000000005,59.4448127746582
2024-11-12 15:00:00,60.059025000000005,50.394256591796875
2024-11-12 16:00:00,17.3308,16.917831420898438
2024-11-12 17:00:00,12.506868,14.411661148071289
2024-11-12 18:00:00,12.513130999999998,12.312713623046875
2024-11-12 19:00:00,12.386869,11.831478118896484
2024-11-12 20:00:00,12.523131,10.80137825012207
2024-11-12 21:00:00,11.805885,12.308263778686523
2024-11-12 22:00:00,5.264115,8.955390930175781
2024-11-12 23:00:00,5.960000000000001,5.554952621459961
2024-11-13 00:00:00,5.795885,5.904945373535156
2024-11-13 01:00:00,6.039999999999999,5.610054969787598
2024-11-13 02:00:00,6.0784009999999995,5.734036445617676
2024-11-13 03:00:00,5.742583,4.941554069519043
2024-11-13 04:00:00,5.659622999999998,6.428887367248535
2024-11-13 05:00:00,5.963507699999999,6.746624946594238
2024-11-13 06:00:00,6.249999999999998,7.8213300704956055
2024-11-13 07:00:00,13.279153,14.215742111206055
2024-11-13 08:00:00,64.0784,46.198097229003906
2024-11-13 09:00:00,79.265945,69.90731811523438
2024-11-13 10:00:00,99.184364,86.70814514160156
2024-11-13 11:00:00,104.12453,85.83039855957031
2024-11-13 12:00:00,61.522850000000005,64.96836853027344
2024-11-13 13:00:00,100.227974,67.02288818359375
2024-11-13 14:00:00,69.1358,72.97341918945312
2024-11-13 15:00:00,49.792953,52.12510299682617
2024-11-13 16:00:00,19.545364,14.745198249816895
2024-11-13 17:00:00,13.998878,13.666622161865234
2024-11-13 18:00:00,12.792283999999999,11.397302627563477
2024-11-13 19:00:00,12.777339,9.380412101745605
2024-11-13 20:00:00,12.812661,9.439998626708984
2024-11-13 21:00:00,12.770847,10.22953987121582
2024-11-13 22:00:00,12.72,10.35068130493164
2024-11-13 23:00:00,12.71,11.671144485473633
2024-11-14 00:00:00,12.706492,12.035345077514648
2024-11-14 01:00:00,12.580378,11.867292404174805
2024-11-14 02:00:00,10.912284,12.812972068786621
2024-11-14 03:00:00,9.1,7.966326713562012
2024-11-14 04:00:00,8.05,10.23897647857666
2024-11-14 05:00:00,9.776732,9.173171997070312
2024-11-14 06:00:00,8.523268,11.93043327331543
2024-11-14 07:00:00,14.280847,16.542072296142578
2024-11-14 08:00:00,56.96901,45.423301696777344
2024-11-14 09:00:00,84.53257,74.25251770019531
2024-11-14 10:00:00,80.75511,96.612548828125
2024-11-14 11:00:00,77.194084,68.17031860351562
2024-11-14 12:00:00,60.582024000000004,47.728675842285156
2024-11-14 13:00:00,74.176285,67.59429931640625
2024-11-14 14:00:00,69.68994999999998,53.99093246459961
2024-11-14 15:00:00,53.61912000000001,53.363311767578125
2024-11-14 16:00:00,13.612706,19.689435958862305
2024-11-14 17:00:00,12.8,11.859481811523438
2024-11-14 18:00:00,12.823267999999999,10.029674530029297
2024-11-14 19:00:00,12.647716499999998,8.831438064575195
2024-11-14 20:00:00,12.610001,9.988319396972656
2024-11-14 21:00:00,10.52,10.777861595153809
2024-11-14 22:00:00,5.512284300000001,7.708715438842773
2024-11-14 23:00:00,5.447338999999998,5.369810104370117
2024-11-15 00:00:00,5.873508000000003,5.274335861206055
2024-11-15 01:00:00,5.706869000000001,5.343568801879883
2024-11-15 02:00:00,5.692754300000001,5.399372100830078
2024-11-15 03:00:00,6.440377,5.315699577331543
2024-11-15 04:00:00,5.540846999999999,6.080493927001953
2024-11-15 05:00:00,6.079476999999999,6.330053329467773
2024-11-15 06:00:00,8.318828,7.404758453369141
2024-11-15 07:00:00,12.923347,12.963830947875977
2024-11-15 08:00:00,41.13544,29.26918601989746
2024-11-15 09:00:00,52.39852500000001,51.17288589477539
2024-11-15 10:00:00,43.6258,43.2884635925293
2024-11-15 11:00:00,27.620667,32.74690628051758
2024-11-15 12:00:00,11.043088,17.69732666015625
2024-11-15 13:00:00,6.630147999999998,11.550878524780273
2024-11-15 14:00:00,5.192995,6.249240875244141
2024-11-15 15:00:00,6.016121999999999,5.522222518920898
2024-11-15 16:00:00,6.058758300000001,5.162600517272949
2024-11-15 17:00:00,15.565001,5.47789192199707
2024-11-15 18:00:00,15.6175,9.581046104431152
2024-11-15 19:00:00,10.2175,8.778958320617676
2024-11-15 20:00:00,5.2325,7.901460647583008
2024-11-15 21:00:00,5.399999999999999,5.622115135192871
2024-11-15 22:00:00,5.85,4.705004692077637
2024-11-15 23:00:00,4.817499999999999,5.415857315063477
2024-11-16 00:00:00,5.100000000000001,4.759918212890625
2024-11-16 01:00:00,5.234746000000001,5.155163764953613
2024-11-16 02:00:00,5.1151404,5.0102386474609375
2024-11-16 03:00:00,5.100000000000001,4.829204559326172
2024-11-16 04:00:00,5.2325,3.852583885192871
2024-11-16 05:00:00,5.4175,4.523537635803223
2024-11-16 06:00:00,5.100000000000001,6.120475769042969
2024-11-16 07:00:00,4.800000000000001,7.099804878234863
2024-11-16 08:00:00,5.743556999999999,5.720026969909668
2024-11-16 09:00:00,5.4124713,5.6200151443481445
2024-11-16 10:00:00,5.964304,6.067254066467285
2024-11-16 11:00:00,5.692629,6.307724952697754
2024-11-16 12:00:00,5.000590299999997,5.6989593505859375
2024-11-16 13:00:00,5.094121999999999,7.411023139953613
2024-11-16 14:00:00,5.784707999999998,5.678536415100098
2024-11-16 15:00:00,5.340999999999999,5.562030792236328
2024-11-16 16:00:00,6.300000000000001,5.1342315673828125
2024-11-16 17:00:00,5.4175,5.517701148986816
2024-11-16 18:00:00,5.100000000000001,5.435953140258789
2024-11-16 19:00:00,5.0825,5.350865364074707
2024-11-16 20:00:00,4.950000000000001,5.244725227355957
2024-11-16 21:00:00,5.699999999999999,5.310835838317871
2024-11-16 22:00:00,5.4175,5.098030090332031
2024-11-16 23:00:00,4.800000000000001,4.8993120193481445
2024-11-17 00:00:00,5.532787299999999,4.739770889282227
2024-11-17 01:00:00,4.9497128,5.135015487670898
2024-11-17 02:00:00,4.761029200000001,4.639002799987793
2024-11-17 03:00:00,5.1564713,4.457967758178711
2024-11-17 04:00:00,5.682500000000001,3.8324356079101562
2024-11-17 05:00:00,4.667500000000002,4.856607437133789
2024-11-17 06:00:00,5.2325,6.39694881439209
2024-11-17 07:00:00,5.1175003,7.079657554626465
2024-11-17 08:00:00,5.365061799999999,6.1728105545043945
2024-11-17 09:00:00,6.188977999999999,5.721710205078125
2024-11-17 10:00:00,9.220366,6.237127304077148
2024-11-17 11:00:00,2.3908774999999984,9.128453254699707
2024-11-17 12:00:00,2.7190703999999997,5.449565887451172
2024-11-17 13:00:00,4.6422477,7.512718200683594
2024-11-17 14:00:00,5.080140600000002,5.429142951965332
2024-11-17 15:00:00,4.332975000000001,5.663725852966309
2024-11-17 16:00:00,5.342974699999997,4.884838104248047
2024-11-17 17:00:00,5.3824997,5.486664772033691
2024-11-17 18:00:00,4.517500000000002,5.415805816650391
2024-11-17 19:00:00,4.932500000000001,4.9796295166015625
2024-11-17 20:00:00,5.1175,4.8734893798828125
2024-11-17 21:00:00,4.782786999999999,5.641776084899902
2024-11-17 22:00:00,5.101959000000001,4.373577117919922
2024-11-17 23:00:00,5.397753999999999,4.87916374206543
2024-11-18 00:00:00,4.6502870000000005,5.609297752380371
2024-11-18 01:00:00,4.517213000000002,4.974225044250488
2024-11-18 02:00:00,5.2325,5.030028343200684
2024-11-18 03:00:00,4.65,4.588634490966797
2024-11-18 04:00:00,4.952245699999999,5.519759178161621
2024-11-18 05:00:00,5.115254,6.190713882446289
2024-11-18 06:00:00,5.399999999999999,9.014472961425781
2024-11-18 07:00:00,21.380001,14.129901885986328
2024-11-18 08:00:00,89.70504,62.374107360839844
2024-11-18 09:00:00,89.354294,92.84980773925781
2024-11-18 10:00:00,97.754,96.98184204101562
2024-11-18 11:00:00,91.86245,83.14170837402344
2024-11-18 12:00:00,54.83317000000001,57.017356872558594
2024-11-18 13:00:00,71.90512,68.34146118164062
2024-11-18 14:00:00,56.503654,53.824058532714844
2024-11-18 15:00:00,60.444878,45.91485595703125
2024-11-18 16:00:00,15.954623,17.19598388671875
2024-11-18 17:00:00,12.480377,13.27045726776123
2024-11-18 18:00:00,12.763131,12.668468475341797
2024-11-18 19:00:00,12.459153,9.506160736083984
2024-11-18 20:00:00,12.646339,11.706441879272461
2024-11-18 21:00:00,12.544508,10.981518745422363
2024-11-18 22:00:00,12.955492,11.206528663635254
2024-11-18 23:00:00,6.771000000000003,11.867652893066406
2024-11-19 00:00:00,5.449000399999997,6.469600677490234
2024-11-19 01:00:00,6.210393,5.533363342285156
2024-11-19 02:00:00,4.9809836999999995,6.010563850402832
2024-11-19 03:00:00,5.873131000000001,4.445595741271973
2024-11-19 04:00:00,5.855492,6.432114601135254
2024-11-19 05:00:00,6.1413769999999985,7.103069305419922
2024-11-19 06:00:00,6.169015999999999,7.824558258056641
2024-11-19 07:00:00,12.734116,14.21896743774414
2024-11-19 08:00:00,54.223026000000004,42.17913055419922
2024-11-19 09:00:00,70.87799,72.50943756103516
2024-11-19 10:00:00,96.777466,85.9036865234375
2024-11-19 11:00:00,75.95689999999999,87.23287963867188
2024-11-19 12:00:00,50.27885,47.44449996948242
2024-11-19 13:00:00,71.72327,64.79814147949219
2024-11-19 14:00:00,58.11165,53.3320198059082
2024-11-19 15:00:00,47.16297999999999,50.59619140625
2024-11-19 16:00:00,14.514848,14.872756958007812
2024-11-19 17:00:00,12.783268,12.718830108642578
2024-11-19 18:00:00,12.477339,11.155538558959961
2024-11-19 19:00:00,12.829393,11.831478118896484
2024-11-19 20:00:00,12.734115,9.750370979309082
2024-11-19 21:00:00,12.826869,11.166142463684082
2024-11-19 22:00:00,12.719016,10.661053657531738
2024-11-19 23:00:00,12.739999999999998,11.98151683807373
2024-11-20 00:00:00,5.844114999999999,11.910114288330078
2024-11-20 01:00:00,6.156492,5.610054969787598
2024-11-20 02:00:00,6.246294500000001,5.734036445617676
2024-11-20 03:00:00,6.0171013,4.941554069519043
2024-11-20 04:00:00,6.235884699999998,6.497065544128418
2024-11-20 05:00:00,6.399999999999999,7.1680192947387695
2024-11-20 06:00:00,7.290984,7.8213300704956055
2024-11-20 07:00:00,13.684784,15.409284591674805
2024-11-20 08:00:00,58.248444000000006,46.053253173828125
2024-11-20 09:00:00,69.11511,70.75605773925781
2024-11-20 10:00:00,98.255745,85.06619262695312
2024-11-20 11:00:00,67.315056,85.83039855957031
2024-11-20 12:00:00,50.65108500000001,43.908077239990234
2024-11-20 13:00:00,78.919495,64.42606353759766
2024-11-20 14:00:00,62.68742400000001,54.211761474609375
2024-11-20 15:00:00,60.28891800000001,52.01007080078125
2024-11-20 16:00:00,14.416185,16.41352081298828
2024-11-20 17:00:00,12.57,12.408456802368164
2024-11-20 18:00:00,12.564114999999997,12.002342224121094
2024-11-20 19:00:00,12.725885,11.521106719970703
2024-11-20 20:00:00,12.579999999999998,10.066227912902832
2024-11-20 21:00:00,12.784115,11.99789047241211
2024-11-20 22:00:00,12.725885,10.35068130493164
2024-11-20 23:00:00,6.620607,11.671144485473633
2024-11-21 00:00:00,7.330376999999999,6.206446647644043
2024-11-21 01:00:00,6.099015999999999,5.939668655395508
2024-11-21 02:00:00,5.58235,5.825420379638672
2024-11-21 03:00:00,6.548633999999998,4.803162574768066
2024-11-21 04:00:00,5.789999999999999,6.506771087646484
2024-11-21 05:00:00,6.668623,7.1095476150512695
2024-11-21 06:00:00,7.771377000000001,8.152230262756348
2024-11-21 07:00:00,14.303131,16.542072296142578
2024-11-21 08:00:00,63.567993,45.423301696777344
2024-11-21 09:00:00,84.66246,71.00355529785156
2024-11-21 10:00:00,87.635605,96.612548828125
2024-11-21 11:00:00,90.66374,71.53995513916016
2024-11-21 12:00:00,46.92472,54.86298370361328
2024-11-21 13:00:00,88.01955,66.6523208618164
2024-11-21 14:00:00,62.22859600000001,59.340999603271484
2024-11-21 15:00:00,58.55966000000001,51.624671936035156
2024-11-21 16:00:00,14.866888,15.867602348327637
2024-11-21 17:00:00,12.440001,11.859481811523438
2024-11-21 18:00:00,12.439999999999998,11.657915115356445
2024-11-21 19:00:00,12.47,11.443197250366211
2024-11-21 20:00:00,12.330849,11.502784729003906
2024-11-21 21:00:00,12.349152,10.83029556274414
2024-11-21 22:00:00,12.5154915,9.913185119628906
2024-11-21 23:00:00,12.5245075,11.900243759155273
2024-11-22 00:00:00,12.5568695,11.804769515991211
2024-11-22 01:00:00,9.5896225,11.61329174041748
2024-11-22 02:00:00,7.053508000000001,8.209319114685059
2024-11-22 03:00:00,7.045491999999999,5.698853492736816
2024-11-22 04:00:00,8.080393,6.952864646911621
2024-11-22 05:00:00,8.100607000000002,8.746894836425781
2024-11-22 06:00:00,8.98,8.55618953704834
2024-11-22 07:00:00,13.579,14.700590133666992
2024-11-22 08:00:00,49.90831,35.912384033203125
2024-11-22 09:00:00,65.636505,54.596519470214844
2024-11-22 10:00:00,47.204617,47.29656982421875
2024-11-22 11:00:00,45.29,37.263916015625
2024-11-22 12:00:00,24.919369,28.648365020751953
2024-11-22 13:00:00,17.659622,18.518451690673828
2024-11-22 14:00:00,13.763507999999998,14.245819091796875
2024-11-22 15:00:00,12.809153,11.09135627746582
2024-11-22 16:00:00,12.726732,9.98934555053711
2024-11-22 17:00:00,12.83,10.292095184326172
2024-11-22 18:00:00,12.67,9.32635498046875
2024-11-22 19:00:00,12.719999,9.621562957763672
2024-11-22 20:00:00,12.879607,9.68114948272705
2024-11-22 21:00:00,12.641,9.373396873474121
2024-11-22 22:00:00,12.752661,10.591833114624023
2024-11-22 23:00:00,12.4377165,10.3919095993042
2024-11-23 00:00:00,11.692284,11.641438484191895
2024-11-23 01:00:00,10.487716,8.84264087677002
2024-11-23 02:00:00,12.01,8.173406600952148
2024-11-23 03:00:00,11.579016,10.837918281555176
2024-11-23 04:00:00,11.824114999999999,7.753578186035156
2024-11-23 05:00:00,11.886869,8.937824249267578
2024-11-23 06:00:00,12.179016,5.398720741271973
2024-11-23 07:00:00,12.043268000000001,10.532076835632324
2024-11-23 08:00:00,11.899999999999999,16.755558013916016
2024-11-23 09:00:00,11.746733,13.090532302856445
2024-11-23 10:00:00,11.924817,11.392173767089844
2024-11-23 11:00:00,12.280206,13.06898021697998
2024-11-23 12:00:00,12.402563,13.637422561645508
2024-11-23 13:00:00,12.943529,16.640897750854492
2024-11-23 14:00:00,12.654621,11.699106216430664
2024-11-23 15:00:00,12.448865000000001,11.80712890625
2024-11-23 16:00:00,12.139153,13.570880889892578
2024-11-23 17:00:00,12.146732,10.145505905151367
2024-11-23 18:00:00,12.254115,10.171235084533691
2024-11-23 19:00:00,12.0968685,10.086149215698242
2024-11-23 20:00:00,12.213456,10.145734786987305
2024-11-23 21:00:00,15.208828,10.562932968139648
2024-11-23 22:00:00,15.327339,8.11402416229248
2024-11-23 23:00:00,14.280376,8.808258056640625
2024-11-24 00:00:00,14.573131,9.016275405883789
2024-11-24 01:00:00,14.095885,9.152937889099121
2024-11-24 02:00:00,14.540607,9.794022560119629
2024-11-24 03:00:00,15.093508,12.118762969970703
2024-11-24 04:00:00,13.905885,15.620824813842773
2024-11-24 05:00:00,14.944115,11.518827438354492
2024-11-24 06:00:00,16.705885,13.906850814819336
2024-11-24 07:00:00,15.020985,16.963510513305664
2024-11-24 08:00:00,15.099017,22.65970230102539
2024-11-24 09:00:00,14.513327,13.813653945922852
2024-11-24 10:00:00,14.907476,12.459344863891602
2024-11-24 11:00:00,18.886395,11.990549087524414
2024-11-24 12:00:00,21.836098,12.097129821777344
2024-11-24 13:00:00,19.799982,14.927330017089844
2024-11-24 14:00:00,17.063662,9.7553129196167
2024-11-24 15:00:00,13.657649,10.42151165008545
2024-11-24 16:00:00,12.084729,8.787879943847656
2024-11-24 17:00:00,12.226338,10.125357627868652
2024-11-24 18:00:00,12.19,10.151086807250977
2024-11-24 19:00:00,12.231,10.066000938415527
2024-11-24 20:00:00,12.222661000000002,10.125587463378906
2024-11-24 21:00:00,12.220339,10.54278564453125
2024-11-24 22:00:00,13.430508,9.6256742477417
2024-11-24 23:00:00,14.71,9.485062599182129
2024-11-25 00:00:00,13.940001,11.426139831542969
2024-11-25 01:00:00,13.8,11.234661102294922
2024-11-25 02:00:00,14.686379,13.741806030273438
2024-11-25 03:00:00,14.84,16.19716453552246
2024-11-25 04:00:00,14.08,30.048799514770508
2024-11-25 05:00:00,15.283508,19.59564971923828
2024-11-25 06:00:00,16.449154,23.3551082611084
2024-11-25 07:00:00,30.534233,31.051353454589844
2024-11-25 08:00:00,75.10526999999999,76.30731964111328
2024-11-25 09:00:00,79.28812,80.08689880371094
2024-11-25 10:00:00,95.534454,91.52433776855469
2024-11-25 11:00:00,93.9127,83.14170837402344
2024-11-25 12:00:00,59.62426000000001,62.22623062133789
2024-11-25 13:00:00,87.89427,67.34989929199219
2024-11-25 14:00:00,72.91686,59.936851501464844
2024-11-25 15:00:00,56.995667,53.19985580444336
2024-11-25 16:00:00,15.308877,17.037933349609375
2024-11-25 17:00:00,12.639016,12.552656173706055
2024-11-25 18:00:00,12.65,12.137521743774414
2024-11-25 19:00:00,12.630607,10.132390975952148
2024-11-25 20:00:00,12.51,10.191977500915527
2024-11-25 21:00:00,12.699393,12.123640060424805
2024-11-25 22:00:00,12.883606999999998,11.102660179138184
2024-11-25 23:00:00,12.579661000000002,11.170662879943848
2024-11-26 00:00:00,12.456732,12.324355125427246
2024-11-26 01:00:00,12.294115,12.156303405761719
2024-11-26 02:00:00,12.309999000000001,11.597881317138672
2024-11-26 03:00:00,12.016869,10.805398941040039
2024-11-26 04:00:00,11.899623,16.284393310546875
2024-11-26 05:00:00,12.183508,10.114341735839844
2024-11-26 06:00:00,11.976869,15.208988189697266
2024-11-26 07:00:00,14.608623,20.084400177001953
2024-11-26 08:00:00,58.665985000000006,46.00973129272461
2024-11-26 09:00:00,81.02636,71.59355926513672
2024-11-26 10:00:00,93.036804,91.86532592773438
2024-11-26 11:00:00,74.96639,77.4642333984375
2024-11-26 12:00:00,51.66628,46.56528854370117
2024-11-26 13:00:00,61.81482,64.93037414550781
2024-11-26 14:00:00,55.23651000000001,54.771427154541016
2024-11-26 15:00:00,49.883186,50.02587890625
2024-11-26 16:00:00,14.7191515,15.249507904052734
2024-11-26 17:00:00,12.583267,12.718830108642578
2024-11-26 18:00:00,12.720847,12.312713623046875
2024-11-26 19:00:00,12.559999999999999,10.317014694213867
2024-11-26 20:00:00,12.569153,11.89106559753418
2024-11-26 21:00:00,12.600847,12.308263778686523
2024-11-26 22:00:00,12.639153,11.287283897399902
2024-11-26 23:00:00,12.41,11.98151683807373
2024-11-27 00:00:00,11.990847,12.013982772827148
2024-11-27 01:00:00,11.736492,9.645421028137207
2024-11-27 02:00:00,12.003508,9.88277530670166
2024-11-27 03:00:00,12.009153,10.43636703491211
2024-11-27 04:00:00,11.827716,16.18865966796875
2024-11-27 05:00:00,11.419016,9.414154052734375
2024-11-27 06:00:00,12.309607,11.605673789978027
2024-11-27 07:00:00,15.150393,16.8480224609375
2024-11-27 08:00:00,72.62953,45.50115203857422
2024-11-27 09:00:00,86.092384,73.32312774658203
2024-11-27 10:00:00,106.4547,91.6187744140625
2024-11-27 11:00:00,79.34386,85.83039855957031
2024-11-27 12:00:00,53.61165200000001,47.792823791503906
2024-11-27 13:00:00,65.826065,68.83895874023438
2024-11-27 14:00:00,50.561447,50.355525970458984
2024-11-27 15:00:00,44.322193,44.88531494140625
2024-11-27 16:00:00,15.736516,15.305612564086914
2024-11-27 17:00:00,12.514115,11.886529922485352
2024-11-27 18:00:00,12.499492,12.002342224121094
2024-11-27 19:00:00,12.607377,11.521106719970703
2024-11-27 20:00:00,13.3,10.066227912902832
2024-11-27 21:00:00,18.371124,10.926529884338379
2024-11-27 22:00:00,14.657893,13.48517894744873
2024-11-27 23:00:00,12.754115,11.061420440673828
2024-11-28 00:00:00,12.65,10.93804931640625
2024-11-28 01:00:00,12.645885,11.867292404174805
2024-11-28 02:00:00,12.509606999999999,12.70910358428955
2024-11-28 03:00:00,12.690393,12.21211051940918
2024-11-28 04:00:00,12.314116,25.426286697387695
2024-11-28 05:00:00,12.075492,7.254714012145996
2024-11-28 06:00:00,11.61,15.21546745300293
2024-11-28 07:00:00,14.174164,20.321733474731445
2024-11-28 08:00:00,63.695587,45.423301696777344
2024-11-28 09:00:00,73.7131,71.00355529785156
2024-11-28 10:00:00,91.79188,86.07478332519531
2024-11-28 11:00:00,78.80660999999999,76.40202331542969
2024-11-28 12:00:00,53.65333,47.568115234375
2024-11-28 13:00:00,62.93615,69.04791259765625
2024-11-28 14:00:00,46.137646,54.24302673339844
2024-11-28 15:00:00,36.970448,41.74738311767578
2024-11-28 16:00:00,15.608661,13.33493423461914
2024-11-28 17:00:00,12.866339,11.337555885314941
2024-11-28 18:00:00,12.591,10.029674530029297
2024-11-28 19:00:00,12.539392,9.928733825683594
2024-11-28 20:00:00,12.480984,11.502784729003906
2024-11-28 21:00:00,12.7996235,11.91998291015625
2024-11-28 22:00:00,12.659392999999998,9.80170726776123
2024-11-28 23:00:00,12.533268,11.796375274658203
2024-11-29 00:00:00,11.950847,11.804769515991211
2024-11-29 01:00:00,11.839153,9.471441268920898
2024-11-29 02:00:00,12.007492,9.708795547485352
2024-11-29 03:00:00,12.112395,10.971198081970215
2024-11-29 04:00:00,12.617716,15.864596366882324
2024-11-29 05:00:00,12.609016,18.003658294677734
2024-11-29 06:00:00,12.809607,21.779584884643555
2024-11-29 07:00:00,13.091377,21.68169593811035
2024-11-29 08:00:00,32.09278,36.28264617919922
2024-11-29 09:00:00,47.153847,37.52897262573242
2024-11-29 10:00:00,43.56851999999999,45.639190673828125
2024-11-29 11:00:00,32.03267,32.74690628051758
2024-11-29 12:00:00,24.139456,13.98849105834961
2024-11-29 13:00:00,22.70576,18.518451690673828
2024-11-29 14:00:00,18.578842,16.462865829467773
2024-11-29 15:00:00,13.969727,13.28214168548584
2024-11-29 16:00:00,11.647058,10.291213989257812
2024-11-29 17:00:00,10.289623,8.264819145202637
2024-11-29 18:00:00,11.980377,7.660443305969238
2024-11-29 19:00:00,12.139016,9.304722785949707
2024-11-29 20:00:00,12.949607,10.105927467346191
2024-11-29 21:00:00,12.779999999999998,10.520276069641113
2024-11-29 22:00:00,11.994509,9.494537353515625
2024-11-29 23:00:00,11.716492,9.451223373413086
2024-11-30 00:00:00,11.859,8.89513111114502
2024-11-30 01:00:00,12.004508,9.636250495910645
2024-11-30 02:00:00,11.836868000000003,11.018953323364258
2024-11-30 03:00:00,12.003325,9.491843223571777
2024-11-30 04:00:00,11.675691999999998,8.613356590270996
2024-11-30 05:00:00,11.964115,8.424531936645508
2024-11-30 06:00:00,11.876869,5.398720741271973
2024-11-30 07:00:00,11.919999999999998,9.596155166625977
2024-11-30 08:00:00,12.301348,12.643705368041992
2024-11-30 09:00:00,13.843534,13.832151412963867
2024-11-30 10:00:00,15.846181,14.022982597351074
2024-11-30 11:00:00,23.63611,12.3228759765625
2024-11-30 12:00:00,23.7728,14.461994171142578
2024-11-30 13:00:00,22.284279,14.825634002685547
2024-11-30 14:00:00,17.952944,12.699490547180176
2024-11-30 15:00:00,14.05934,12.486454010009766
2024-11-30 16:00:00,13.014606,8.686184883117676
2024-11-30 17:00:00,25.3785,8.261902809143066
2024-11-30 18:00:00,24.46968,7.165509223937988
2024-11-30 19:00:00,24.619713,6.9748640060424805
2024-11-30 20:00:00,23.16636,7.034450531005859
2024-11-30 21:00:00,23.804623,9.25192928314209
2024-11-30 22:00:00,24.16653,9.34289836883545
2024-11-30 23:00:00,21.359985,10.674063682556152
2024-12-01 00:00:00,22.963484,10.603391647338867
2024-12-01 01:00:00,22.973131,11.813733100891113
2024-12-01 02:00:00,22.244991,18.332441329956055
2024-12-01 03:00:00,12.618,20.483623504638672
2024-12-01 04:00:00,12.754507999999998,13.998037338256836
2024-12-01 05:00:00,12.496869,6.693441390991211
2024-12-01 06:00:00,12.569623,15.469799041748047
2024-12-01 07:00:00,12.662661,16.3194522857666
2024-12-01 08:00:00,12.770847,21.971317291259766
2024-12-01 09:00:00,13.285042,11.144817352294922
2024-12-01 10:00:00,15.310839,13.365238189697266
2024-12-01 11:00:00,20.381908,11.974081039428711
2024-12-01 12:00:00,21.403692,15.350072860717773
2024-12-01 13:00:00,18.817825,15.179891586303711
2024-12-01 14:00:00,17.153086,9.7553129196167
2024-12-01 15:00:00,13.792152,10.42151165008545
2024-12-01 16:00:00,12.694275,8.787879943847656
2024-12-01 17:00:00,14.887992,9.210709571838379
2024-12-01 18:00:00,24.501663,8.744312286376953
2024-12-01 19:00:00,24.058336,6.954716682434082
2024-12-01 20:00:00,24.02445,7.480132102966309
2024-12-01 21:00:00,23.779211,9.231781005859375
2024-12-01 22:00:00,23.634232,9.322750091552734
2024-12-01 23:00:00,20.97,11.119746208190918
2024-12-02 00:00:00,23.326614,20.74427604675293
2024-12-02 01:00:00,21.090612,27.149616241455078
2024-12-02 02:00:00,21.398952,33.47220230102539
2024-12-02 03:00:00,12.6537075,37.088138580322266
2024-12-02 04:00:00,12.543268000000001,25.21175765991211
2024-12-02 05:00:00,12.676339,17.36522674560547
2024-12-02 06:00:00,12.514507,19.951520919799805
2024-12-02 07:00:00,13.585885,27.87566566467285
2024-12-02 08:00:00,70.28961,43.401668548583984
2024-12-02 09:00:00,65.17232999999999,77.582275390625
2024-12-02 10:00:00,87.02985,80.46980285644531
2024-12-02 11:00:00,75.48713,73.07077026367188
2024-12-02 12:00:00,54.51140000000001,47.033905029296875
2024-12-02 13:00:00,79.07241,68.80352020263672
2024-12-02 14:00:00,54.49174000000001,56.21830368041992
2024-12-02 15:00:00,47.401634,49.94157409667969
2024-12-02 16:00:00,17.045986,15.30088996887207
2024-12-02 17:00:00,12.651516,14.6187162399292
2024-12-02 18:00:00,12.528107,12.137521743774414
2024-12-02 19:00:00,12.553508,11.646855354309082
2024-12-02 20:00:00,12.549999,11.706441879272461
2024-12-02 21:00:00,12.536492,12.123640060424805
2024-12-02 22:00:00,12.7003765,11.206528663635254
2024-12-02 23:00:00,12.668623,11.796894073486328
2024-12-03 00:00:00,12.714508,12.220486640930176
2024-12-03 01:00:00,12.585491999999999,12.052433967590332
2024-12-03 02:00:00,12.614764999999998,12.998113632202148
2024-12-03 03:00:00,12.536499,10.673614501953125
2024-12-03 04:00:00,12.083131,26.609439849853516
2024-12-03 05:00:00,2.5994920000000015,13.679797172546387
2024-12-03 06:00:00,0.0,8.871434211730957
2024-12-03 07:00:00,17.48,13.800139427185059
2024-12-03 08:00:00,88.47177,49.091148376464844
2024-12-03 09:00:00,72.38845999999998,86.57997131347656
2024-12-03 10:00:00,104.21511,87.13699340820312
2024-12-03 11:00:00,79.43525,89.86868286132812
2024-12-03 12:00:00,55.376694,48.63032531738281
2024-12-03 13:00:00,71.02596,68.88121032714844
2024-12-03 14:00:00,56.967648,53.3320198059082
2024-12-03 15:00:00,53.43179000000001,48.407318115234375
2024-12-03 16:00:00,15.127107,19.903772354125977
2024-12-03 17:00:00,12.73,12.196903228759766
2024-12-03 18:00:00,12.611377,11.781768798828125
2024-12-03 19:00:00,12.629016,10.317014694213867
2024-12-03 20:00:00,12.630983,10.37660026550293
2024-12-03 21:00:00,12.809999000000001,11.166142463684082
2024-12-03 22:00:00,12.802624,10.661053657531738
2024-12-03 23:00:00,12.220507999999999,11.355286598205566
2024-12-04 00:00:00,12.015492,10.613750457763672
2024-12-04 01:00:00,12.023661,10.387038230895996
2024-12-04 02:00:00,11.924967,11.228850364685059
2024-12-04 03:00:00,11.58588,9.694748878479004
2024-12-04 04:00:00,11.926492,9.88415813446045
2024-12-04 05:00:00,12.119392,10.018609046936035
2024-12-04 06:00:00,12.143268000000003,14.83872127532959
2024-12-04 07:00:00,12.816732,23.279586791992188
2024-12-04 08:00:00,70.182495,39.18463897705078
2024-12-04 09:00:00,92.70252,72.83037567138672
2024-12-04 10:00:00,94.48605,93.83697509765625
2024-12-04 11:00:00,97.9337,84.96728515625
2024-12-04 12:00:00,61.77745,64.96836853027344
2024-12-04 13:00:00,81.65206,67.02288818359375
2024-12-04 14:00:00,71.69872,55.55010986328125
2024-12-04 15:00:00,54.58238,51.33356475830078
2024-12-04 16:00:00,17.024393,20.43729019165039
2024-12-04 17:00:00,12.490983999999997,13.95258903503418
2024-12-04 18:00:00,12.809999000000001,12.002342224121094
2024-12-04 19:00:00,12.51,9.380412101745605
2024-12-04 20:00:00,12.65,11.580692291259766
2024-12-04 21:00:00,12.5,10.855770111083984
2024-12-04 22:00:00,12.703131,11.080780029296875
2024-12-04 23:00:00,13.065886,11.671144485473633
2024-12-05 00:00:00,12.760984,11.635039329528809
2024-12-05 01:00:00,12.312284000000002,10.769996643066406
2024-12-05 02:00:00,11.976339,11.412739753723145
2024-12-05 03:00:00,11.619999999999997,10.070261001586914
2024-12-05 04:00:00,11.9845085,9.986371040344238
2024-12-05 05:00:00,11.71,10.120820999145508
2024-12-05 06:00:00,11.715885,12.186517715454102
2024-12-05 07:00:00,13.48,19.48642349243164
2024-12-05 08:00:00,54.41191500000001,46.10377883911133
2024-12-05 09:00:00,64.6126,72.40571594238281
2024-12-05 10:00:00,82.55504999999998,79.52851104736328
2024-12-05 11:00:00,82.1661,71.53995513916016
2024-12-05 12:00:00,57.03176500000001,50.49638366699219
2024-12-05 13:00:00,70.00406,66.96727752685547
2024-12-05 14:00:00,32.87032,51.93457794189453
2024-12-05 15:00:00,45.34874,20.81612777709961
2024-12-05 16:00:00,13.657877,13.835689544677734
2024-12-05 17:00:00,12.2996235,11.859481811523438
2024-12-05 18:00:00,12.263833,10.568228721618652
2024-12-05 19:00:00,12.236544,10.353510856628418
2024-12-05 20:00:00,12.37,10.413097381591797
2024-12-05 21:00:00,12.32,10.83029556274414
2024-12-05 22:00:00,12.149623,9.913185119628906
2024-12-05 23:00:00,11.673508,10.500011444091797
2024-12-06 00:00:00,11.366869,8.869309425354004
2024-12-06 01:00:00,11.51,8.199200630187988
2024-12-06 02:00:00,11.535624,9.51964282989502
2024-12-06 03:00:00,11.43536,9.435970306396484
2024-12-06 04:00:00,11.42964,9.081462860107422
2024-12-06 05:00:00,11.302509,9.75241756439209
2024-12-06 06:00:00,11.73,11.281609535217285
2024-12-06 07:00:00,16.340353,17.562437057495117
2024-12-06 08:00:00,56.08925000000001,36.54915237426758
2024-12-06 09:00:00,67.59848,57.925323486328125
2024-12-06 10:00:00,50.197437,49.567955017089844
2024-12-06 11:00:00,36.282867,34.49639129638672
2024-12-06 12:00:00,14.92705,21.761337280273438
2024-12-06 13:00:00,14.706335,12.730701446533203
2024-12-06 14:00:00,13.263762,10.001855850219727
2024-12-06 15:00:00,12.435703,11.461618423461914
2024-12-06 16:00:00,12.300623,13.531074523925781
2024-12-06 17:00:00,12.18,10.105698585510254
2024-12-06 18:00:00,11.599,9.864910125732422
2024-12-06 19:00:00,11.780001,8.511113166809082
2024-12-06 20:00:00,11.753508999999998,8.759852409362793
2024-12-06 21:00:00,10.559999,9.177050590515137
2024-12-06 22:00:00,11.47687,7.401547431945801
2024-12-06 23:00:00,11.660689999999999,8.178983688354492
2024-12-07 00:00:00,11.612441,8.705978393554688
2024-12-07 01:00:00,11.466868999999999,8.84264087677002
2024-12-07 02:00:00,11.521366,9.005094528198242
2024-12-07 03:00:00,11.538633999999998,9.302690505981445
2024-12-07 04:00:00,11.419999999999998,7.753578186035156
2024-12-07 05:00:00,10.6931305,7.9459028244018555
2024-12-07 06:00:00,11.66,9.469613075256348
2024-12-07 07:00:00,11.616869,13.617483139038086
2024-12-07 08:00:00,10.899623,14.048988342285156
2024-12-07 09:00:00,11.658225,9.61843490600586
2024-12-07 10:00:00,12.451186,10.897369384765625
2024-12-07 11:00:00,12.770473499999998,15.210830688476562
2024-12-07 12:00:00,12.593456,11.949440002441406
2024-12-07 13:00:00,12.919588999999998,15.160497665405273
2024-12-07 14:00:00,11.883289,11.026973724365234
2024-12-07 15:00:00,11.713730000000002,12.167373657226562
2024-12-07 16:00:00,11.333978,9.593976020812988
2024-12-07 17:00:00,11.446021,8.30462646484375
2024-12-07 18:00:00,11.399623,8.157379150390625
2024-12-07 19:00:00,11.583507,8.072291374206543
2024-12-07 20:00:00,11.576869,8.61050796508789
2024-12-07 21:00:00,11.59,9.027705192565918
2024-12-07 22:00:00,11.2839775,8.110595703125
2024-12-07 23:00:00,11.985037000000002,8.015653610229492
2024-12-08 00:00:00,11.99,9.479439735412598
2024-12-08 01:00:00,11.853268,9.616103172302246
2024-12-08 02:00:00,11.826339,10.257186889648438
2024-12-08 03:00:00,11.969999000000001,9.471695899963379
2024-12-08 04:00:00,11.793661,4.481352806091309
2024-12-08 05:00:00,11.98634,8.917675971984863
2024-12-08 06:00:00,11.840393,5.378572463989258
2024-12-08 07:00:00,11.84,14.416278839111328
2024-12-08 08:00:00,12.127128,16.044527053833008
2024-12-08 09:00:00,12.459732,13.933845520019531
2024-12-08 10:00:00,13.196203,15.781319618225098
2024-12-08 11:00:00,13.6352,12.896443367004395
2024-12-08 12:00:00,13.700316,12.353004455566406
2024-12-08 13:00:00,14.724523,13.956247329711914
2024-12-08 14:00:00,12.545547500000001,10.89490795135498
2024-12-08 15:00:00,12.06258,12.99932861328125
2024-12-08 16:00:00,12.083268,12.582889556884766
2024-12-08 17:00:00,11.98634,10.125357627868652
2024-12-08 18:00:00,12.0245075,9.409469604492188
2024-12-08 19:00:00,12.046868999999997,10.066000938415527
2024-12-08 20:00:00,11.59,10.125587463378906
2024-12-08 21:00:00,11.922284,9.00755786895752
2024-12-08 22:00:00,11.636732,8.88405704498291
2024-12-08 23:00:00,11.964115,8.47413444519043
2024-12-09 00:00:00,11.825885,9.997881889343262
2024-12-09 01:00:00,11.974115,9.201947212219238
2024-12-09 02:00:00,11.7654915,10.648215293884277
2024-12-09 03:00:00,11.790393,9.251275062561035
2024-12-09 04:00:00,11.93,11.360034942626953
2024-12-09 05:00:00,11.804115,9.906292915344238
2024-12-09 06:00:00,12.086869,10.831028938293457
2024-12-09 07:00:00,14.940164,23.982181549072266
2024-12-09 08:00:00,76.144615,43.371498107910156
2024-12-09 09:00:00,74.00459,80.08689880371094
2024-12-09 10:00:00,98.407135,87.60562133789062
2024-12-09 11:00:00,88.78821,87.03648376464844
2024-12-09 12:00:00,54.766594,52.65076446533203
2024-12-09 13:00:00,77.242134,68.80352020263672
2024-12-09 14:00:00,61.846474,56.378868103027344
2024-12-09 15:00:00,53.177555,52.79253005981445
2024-12-09 16:00:00,14.291123,19.819467544555664
2024-12-09 17:00:00,12.591377,13.074583053588867
2024-12-09 18:00:00,12.618623,12.137521743774414
2024-12-09 19:00:00,12.793661,10.132390975952148
2024-12-09 20:00:00,12.656732,9.565747261047363
2024-12-09 21:00:00,12.660606,10.981518745422363
2024-12-09 22:00:00,12.823508,11.102660179138184
2024-12-09 23:00:00,12.035492,11.170662879943848
2024-12-10 00:00:00,11.841376999999998,10.92412281036377
2024-12-10 01:00:00,11.419999999999998,9.409996032714844
2024-12-10 02:00:00,11.82,9.584022521972656
2024-12-10 03:00:00,11.683131,9.45932388305664
2024-12-10 04:00:00,11.856869,9.979890823364258
2024-12-10 05:00:00,11.968623,10.114341735839844
2024-12-10 06:00:00,11.834508,11.643535614013672
2024-12-10 07:00:00,13.369153,19.479944229125977
2024-12-10 08:00:00,57.98271,46.690208435058594
2024-12-10 09:00:00,71.75468,74.35625457763672
2024-12-10 10:00:00,88.7823,87.13699340820312
2024-12-10 11:00:00,79.71976999999998,72.60215759277344
2024-12-10 12:00:00,52.159565,48.63032531738281
2024-12-10 13:00:00,62.01650600000001,64.93037414550781
2024-12-10 14:00:00,47.260838,54.379066467285156
2024-12-10 15:00:00,45.527905,42.863861083984375
2024-12-10 16:00:00,15.059114,14.952167510986328
2024-12-10 17:00:00,12.739152999999998,12.718830108642578
2024-12-10 18:00:00,12.437339,11.781768798828125
2024-12-10 19:00:00,12.383509,11.831478118896484
2024-12-10 20:00:00,12.466492,10.80137825012207
2024-12-10 21:00:00,12.34,12.308263778686523
2024-12-10 22:00:00,12.63,10.30146598815918
2024-12-10 23:00:00,11.880377,11.98151683807373
2024-12-11 00:00:00,11.593456,9.872132301330566
2024-12-11 01:00:00,11.729675,8.851810455322266
2024-12-11 02:00:00,11.614428500000002,9.88277530670166
2024-12-11 03:00:00,11.702438,8.901139259338379
2024-12-11 04:00:00,11.873131,9.88415813446045
2024-12-11 05:00:00,11.300848,10.018609046936035
2024-12-11 06:00:00,12.035644999999999,11.605673789978027
2024-12-11 07:00:00,21.901253,23.554121017456055
2024-12-11 08:00:00,45.00814,61.35433578491211
2024-12-11 09:00:00,55.300636,69.40331268310547
2024-12-11 10:00:00,69.853836,80.66990661621094
2024-12-11 11:00:00,72.531235,64.28109741210938
2024-12-11 12:00:00,50.79080999999999,46.11878204345703
2024-12-11 13:00:00,70.161224,64.42606353759766
2024-12-11 14:00:00,60.239807,51.566314697265625
2024-12-11 15:00:00,68.06611,49.88994598388672
2024-12-11 16:00:00,16.31884,18.23956871032715
2024-12-11 17:00:00,12.530394,12.604331970214844
2024-12-11 18:00:00,12.510984,12.002342224121094
2024-12-11 19:00:00,12.529016500000001,11.521106719970703
2024-12-11 20:00:00,12.694115,11.580692291259766
2024-12-11 21:00:00,12.690325,10.855770111083984
2024-12-11 22:00:00,12.398828,10.976911544799805
2024-12-11 23:00:00,12.607716,11.775012969970703
2024-12-12 00:00:00,12.529016500000001,12.035345077514648
2024-12-12 01:00:00,12.810607,11.971160888671875
2024-12-12 02:00:00,12.522661,11.611806869506836
2024-12-12 03:00:00,12.517339,12.21211051940918
2024-12-12 04:00:00,12.653508,26.61591911315918
2024-12-12 05:00:00,12.52,16.39012336730957
2024-12-12 06:00:00,12.820194,21.355682373046875
2024-12-12 07:00:00,17.838192,23.220130920410156
2024-12-12 08:00:00,61.78750000000001,54.79633712768555
2024-12-12 09:00:00,73.03089999999999,71.65034484863281
2024-12-12 10:00:00,97.89945,86.07478332519531
2024-12-12 11:00:00,59.534676000000005,84.69479370117188
2024-12-12 12:00:00,48.62678,49.73926544189453
2024-12-12 13:00:00,66.460144,61.6065788269043
2024-12-12 14:00:00,60.162704000000005,54.60651397705078
2024-12-12 15:00:00,49.250454000000005,49.504547119140625
2024-12-12 16:00:00,24.124,14.13302993774414
2024-12-12 17:00:00,18.053877,16.366825103759766
2024-12-12 18:00:00,16.130001,14.529327392578125
2024-12-12 19:00:00,16.166515,10.050515174865723
2024-12-12 20:00:00,16.062107,10.110101699829102
2024-12-12 21:00:00,15.938877,10.899643898010254
2024-12-12 22:00:00,15.399623,10.990612030029297
2024-12-12 23:00:00,15.253833,10.699116706848145
2024-12-13 00:00:00,14.976543,10.828123092651367
2024-12-13 01:00:00,14.983131,11.15857219696045
2024-12-13 02:00:00,14.387992,12.000383377075195
2024-12-13 03:00:00,14.322008,16.324426651000977
2024-12-13 04:00:00,15.925885,26.9609317779541
2024-12-13 05:00:00,15.469607,22.349525451660156
2024-12-13 06:00:00,17.690393,24.936588287353516
2024-12-13 07:00:00,36.270985,36.718971252441406
2024-12-13 08:00:00,67.49362,58.529266357421875
2024-12-13 09:00:00,81.54822,56.07284164428711
2024-12-13 10:00:00,69.65718,58.39152526855469
2024-12-13 11:00:00,51.000896,32.941165924072266
2024-12-13 12:00:00,24.124695,29.87899398803711
2024-12-13 13:00:00,17.507084,18.518451690673828
2024-12-13 14:00:00,15.897663,13.189987182617188
2024-12-13 15:00:00,15.873414,11.758296966552734
2024-12-13 16:00:00,17.436869,10.958154678344727
2024-12-13 17:00:00,15.799016,11.217236518859863
2024-12-13 18:00:00,16.362787,10.769912719726562
2024-12-13 19:00:00,16.227821,9.967824935913086
2024-12-13 20:00:00,15.726008,10.027411460876465
2024-12-13 21:00:00,15.283992,9.62808609008789
2024-12-13 22:00:00,15.780376,9.719054222106934
2024-12-13 23:00:00,14.623131,11.805294036865234
2024-12-14 00:00:00,14.74,9.036422729492188
2024-12-14 01:00:00,15.03,9.173086166381836
2024-12-14 02:00:00,14.705885,10.31962776184082
2024-12-14 03:00:00,14.690001,12.138910293579102
2024-12-14 04:00:00,14.294115,15.657441139221191
2024-12-14 05:00:00,13.515885,9.873641014099121
2024-12-14 06:00:00,12.560606999999997,14.102025032043457
2024-12-14 07:00:00,16.243834,16.339599609375
2024-12-14 08:00:00,16.629675,22.486570358276367
2024-12-14 09:00:00,15.703816,15.067375183105469
2024-12-14 10:00:00,15.475949,12.341180801391602
2024-12-14 11:00:00,15.583435,11.872385025024414
2024-12-14 12:00:00,15.943021,11.699209213256836
2024-12-14 13:00:00,15.994204,13.75294303894043
2024-12-14 14:00:00,15.786189,11.22723388671875
2024-12-14 15:00:00,15.1282425,9.41489028930664
2024-12-14 16:00:00,16.840607,8.16425895690918
2024-12-14 17:00:00,15.813508,8.725127220153809
2024-12-14 18:00:00,16.125885,8.693024635314941
2024-12-14 19:00:00,15.980984,7.624417304992676
2024-12-14 20:00:00,16.139015,7.684003829956055
2024-12-14 21:00:00,15.664115,8.47354793548584
2024-12-14 22:00:00,15.999153,8.11402416229248
2024-12-14 23:00:00,14.350662,9.258748054504395
2024-12-15 00:00:00,14.69607,9.016275405883789
2024-12-15 01:00:00,15.139606,9.152937889099121
2024-12-15 02:00:00,14.603661,9.77755355834961
2024-12-15 03:00:00,14.217339,12.118762969970703
2024-12-15 04:00:00,15.249001,15.637292861938477
2024-12-15 05:00:00,13.0,9.837024688720703
2024-12-15 06:00:00,12.761377,16.714691162109375
2024-12-15 07:00:00,15.248623,12.460831642150879
2024-12-15 08:00:00,17.11366,22.137773513793945
2024-12-15 09:00:00,15.86356,15.16907024383545
2024-12-15 10:00:00,15.0944,12.893367767333984
2024-12-15 11:00:00,15.603178,11.974081039428711
2024-12-15 12:00:00,14.767694,11.800905227661133
2024-12-15 13:00:00,14.379321,13.420616149902344
2024-12-15 14:00:00,14.555259,10.89490795135498
2024-12-15 15:00:00,14.407152,9.588022232055664
2024-12-15 16:00:00,15.3764925,8.787879943847656
2024-12-15 17:00:00,15.973509,7.349565505981445
2024-12-15 18:00:00,15.816869,8.672876358032227
2024-12-15 19:00:00,15.810984,7.604269027709961
2024-12-15 20:00:00,16.7513,7.66385555267334
2024-12-15 21:00:00,15.609232,9.358325958251953
2024-12-15 22:00:00,15.478107,8.093875885009766
2024-12-15 23:00:00,15.042662,8.788110733032227
2024-12-16 00:00:00,14.870848,11.931596755981445
2024-12-16 01:00:00,14.429153,11.234661102294922
2024-12-16 02:00:00,15.607339,12.076473236083984
2024-12-16 03:00:00,14.592661,16.180694580078125
2024-12-16 04:00:00,14.896339,30.048799514770508
2024-12-16 05:00:00,12.930393,19.59564971923828
2024-12-16 06:00:00,12.61,24.052061080932617
2024-12-16 07:00:00,35.869343,26.954822540283203
2024-12-16 08:00:00,67.31565999999998,73.5477523803711
2024-12-16 09:00:00,81.77393,73.411376953125
2024-12-16 10:00:00,102.48942,92.33395385742188
2024-12-16 11:00:00,84.009384,87.03648376464844
2024-12-16 12:00:00,65.897316,52.65076446533203
2024-12-16 13:00:00,77.80675,62.535911560058594
2024-12-16 14:00:00,62.524975,56.378868103027344
2024-12-16 15:00:00,53.753708,52.79253005981445
2024-12-16 16:00:00,21.231869,20.857295989990234
2024-12-16 17:00:00,17.573132,16.8486385345459
2024-12-16 18:00:00,15.765884,13.756261825561523
2024-12-16 19:00:00,15.760984,9.536371231079102
2024-12-16 20:00:00,16.669622,9.59595775604248
2024-12-16 21:00:00,16.336008,12.451558113098145
2024-12-16 22:00:00,15.332993,11.194269180297852
2024-12-16 23:00:00,15.093661,11.170701026916504
2024-12-17 00:00:00,14.366732,11.594293594360352
2024-12-17 01:00:00,14.53,11.442710876464844
2024-12-17 02:00:00,15.280607,12.284521102905273
2024-12-17 03:00:00,14.673508,16.388744354248047
2024-12-17 04:00:00,14.816492,30.256847381591797
2024-12-17 05:00:00,13.179392999999997,19.803699493408203
2024-12-17 06:00:00,12.507892,24.26011085510254
2024-12-17 07:00:00,33.477715,27.543338775634766
2024-12-17 08:00:00,75.469475,70.03335571289062
2024-12-17 09:00:00,77.4428,76.71226501464844
2024-12-17 10:00:00,110.721176,91.21627807617188
2024-12-17 11:00:00,96.97795,89.86868286132812
2024-12-17 12:00:00,76.75078,66.31741333007812
2024-12-17 13:00:00,83.9615,65.2769775390625
2024-12-17 14:00:00,55.359795000000005,59.4448127746582
2024-12-17 15:00:00,40.046894,50.02587890625
2024-12-17 16:00:00,16.0275,14.589498519897461
2024-12-17 17:00:00,15.100607,12.914704322814941
2024-12-17 18:00:00,12.429393,11.185749053955078
2024-12-17 19:00:00,12.530984,11.831478118896484
2024-12-17 20:00:00,12.659623,11.89106559753418
2024-12-17 21:00:00,12.642661,11.166142463684082
2024-12-17 22:00:00,12.457339,11.287283897399902
2024-12-17 23:00:00,12.46,12.085386276245117
2024-12-18 00:00:00,12.490376999999999,12.013982772827148
2024-12-18 01:00:00,12.159018,11.512737274169922
2024-12-18 02:00:00,11.779685,10.954317092895508
2024-12-18 03:00:00,11.434429,9.090291976928711
2024-12-18 04:00:00,12.206868999999998,9.405527114868164
2024-12-18 05:00:00,12.793131,13.309531211853027
2024-12-18 06:00:00,12.639492,16.851524353027344
2024-12-18 07:00:00,18.33918,26.252229690551758
2024-12-18 08:00:00,70.84031999999999,53.321353912353516
2024-12-18 09:00:00,68.92311,72.83037567138672
2024-12-18 10:00:00,104.25112,85.06619262695312
2024-12-18 11:00:00,59.091396,85.83039855957031
2024-12-18 12:00:00,46.53261,49.03660583496094
2024-12-18 13:00:00,57.851315,67.06135559082031
2024-12-18 14:00:00,48.56047000000001,54.0025520324707
2024-12-18 15:00:00,50.29491,42.736305236816406
2024-12-18 16:00:00,32.32199,14.745198249816895
2024-12-18 17:00:00,35.659348,16.342025756835938
2024-12-18 18:00:00,31.751000000000005,13.540436744689941
2024-12-18 19:00:00,21.963509,13.635845184326172
2024-12-18 20:00:00,21.485886,13.340578079223633
2024-12-18 21:00:00,22.381615,15.344788551330566
2024-12-18 22:00:00,17.049152,15.18319320678711
2024-12-18 23:00:00,15.847339,13.111010551452637
2024-12-19 00:00:00,14.470377,12.126953125
2024-12-19 01:00:00,14.9,10.786502838134766
2024-12-19 02:00:00,14.918236,11.628313064575195
2024-12-19 03:00:00,12.664895999999999,15.94062614440918
2024-12-19 04:00:00,12.379999999999999,25.426286697387695
2024-12-19 05:00:00,12.389999,7.254714012145996
2024-12-19 06:00:00,12.626869,11.0306396484375
2024-12-19 07:00:00,13.109623,26.62897491455078
2024-12-19 08:00:00,41.8515,46.10377883911133
2024-12-19 09:00:00,51.97367,68.72959899902344
2024-12-19 10:00:00,72.00729,76.50242614746094
2024-12-19 11:00:00,47.273632,65.86419677734375
2024-12-19 12:00:00,43.493645,49.48801803588867
2024-12-19 13:00:00,40.92009,56.39073181152344
2024-12-19 14:00:00,35.65438,40.58642578125
2024-12-19 15:00:00,25.7554,31.02088737487793
2024-12-19 16:00:00,13.781377,17.41486167907715
2024-12-19 17:00:00,12.548623,11.859481811523438
2024-12-19 18:00:00,12.61,11.657915115356445
2024-12-19 19:00:00,12.704508,9.928733825683594
2024-12-19 20:00:00,12.54,9.988319396972656
2024-12-19 21:00:00,12.696492,11.91998291015625
2024-12-19 22:00:00,12.52,10.899003028869629
2024-12-19 23:00:00,12.639,11.900243759155273
2024-12-20 00:00:00,12.020393,11.70090103149414
2024-12-20 01:00:00,11.91,10.213059425354004
2024-12-20 02:00:00,11.949607,10.313252449035645
2024-12-20 03:00:00,11.853660999999999,10.22957992553711
2024-12-20 04:00:00,12.116732,11.752742767333984
2024-12-20 05:00:00,12.0,14.914250373840332
2024-12-20 06:00:00,12.120607,16.443443298339844
2024-12-20 07:00:00,14.942661,21.732345581054688
2024-12-20 08:00:00,35.010113,35.8822135925293
2024-12-20 09:00:00,32.638474,52.49465560913086
2024-12-20 10:00:00,40.38802,27.89911651611328
2024-12-20 11:00:00,24.401768,34.80736541748047
2024-12-20 12:00:00,21.736118,15.26904296875
2024-12-20 13:00:00,18.281307,18.984281539916992
2024-12-20 14:00:00,16.710665,14.973604202270508
2024-12-20 15:00:00,12.703797,12.663222312927246
2024-12-20 16:00:00,12.420607,12.068225860595703
2024-12-20 17:00:00,12.753508,11.195384979248047
2024-12-20 18:00:00,12.605885,9.32635498046875
2024-12-20 19:00:00,22.314606,9.621562957763672
2024-12-20 20:00:00,21.8075,12.679428100585938
2024-12-20 21:00:00,23.534508,14.431076049804688
2024-12-20 22:00:00,21.9075,15.502656936645508
2024-12-20 23:00:00,20.620325,16.714313507080078
2024-12-21 00:00:00,20.823574,11.45100212097168
2024-12-21 01:00:00,18.601986,12.913905143737793
2024-12-21 02:00:00,15.001065,13.836813926696777
2024-12-21 03:00:00,12.838935,12.644368171691895
2024-12-21 04:00:00,12.504114999999999,12.497390747070312
2024-12-21 05:00:00,12.539152999999999,11.942045211791992
2024-12-21 06:00:00,12.357339,14.388900756835938
2024-12-21 07:00:00,12.619999999999997,7.115605354309082
2024-12-21 08:00:00,12.49,21.86962127685547
2024-12-21 09:00:00,12.386465,15.232383728027344
2024-12-21 10:00:00,13.470308,14.279390335083008
2024-12-21 11:00:00,14.3207655,12.569337844848633
2024-12-21 12:00:00,13.270471,11.715678215026855
2024-12-21 13:00:00,13.076338,14.224813461303711
2024-12-21 14:00:00,12.787457,11.699106216430664
2024-12-21 15:00:00,11.700073,10.199313163757324
2024-12-21 16:00:00,12.356869,9.09917163848877
2024-12-21 17:00:00,15.306243,10.145505905151367
2024-12-21 18:00:00,25.328756,8.242532730102539
2024-12-21 19:00:00,32.510574,6.9748640060424805
2024-12-21 20:00:00,32.35256,5.950197219848633
2024-12-21 21:00:00,32.92,9.034968376159668
2024-12-21 22:00:00,32.58023,18.751296997070312
2024-12-21 23:00:00,30.366262,11.84334945678711
2024-12-22 00:00:00,25.128164,17.884944915771484
2024-12-22 01:00:00,23.753693,12.328516006469727
2024-12-22 02:00:00,26.669426,19.313053131103516
2024-12-22 03:00:00,12.443981,25.78557014465332
2024-12-22 04:00:00,12.403979,16.288715362548828
2024-12-22 05:00:00,12.095644,11.921897888183594
2024-12-22 06:00:00,12.4103775,8.944026947021484
2024-12-22 07:00:00,12.389999,17.42049789428711
2024-12-22 08:00:00,12.259999999999998,14.227721214294434
2024-12-22 09:00:00,12.1927,13.933845520019531
2024-12-22 10:00:00,12.262918,14.381086349487305
2024-12-22 11:00:00,14.186331,13.912294387817383
2024-12-22 12:00:00,14.2642,11.817373275756836
2024-12-22 13:00:00,13.872181,13.420616149902344
2024-12-22 14:00:00,12.670102,12.56024169921875
2024-12-22 15:00:00,11.966785,11.908824920654297
2024-12-22 16:00:00,11.690325,11.841272354125977
2024-12-22 17:00:00,11.886167999999998,8.284479141235352
2024-12-22 18:00:00,10.87,9.409469604492188
2024-12-22 19:00:00,11.433508,7.861536026000977
2024-12-22 20:00:00,11.89,8.11173152923584
2024-12-22 21:00:00,11.626869,9.801167488098145
2024-12-22 22:00:00,11.769016,8.090447425842285
2024-12-22 23:00:00,11.8,8.663287162780762
2024-12-23 00:00:00,11.510984,9.393424987792969
2024-12-23 01:00:00,11.788623,9.01279354095459
2024-12-23 02:00:00,11.548628,10.043758392333984
2024-12-23 03:00:00,11.775249,9.062121391296387
2024-12-23 04:00:00,11.8875,11.360034942626953
2024-12-23 05:00:00,11.338623,9.906292915344238
2024-12-23 06:00:00,11.641,11.49335765838623
2024-12-23 07:00:00,11.643508,20.647581100463867
2024-12-23 08:00:00,11.725885,22.039501190185547
2024-12-23 09:00:00,12.688418000000002,14.842784881591797
2024-12-23 10:00:00,14.644032,22.066055297851562
2024-12-23 11:00:00,14.132528,16.438220977783203
2024-12-23 12:00:00,20.611559,14.199012756347656
2024-12-23 13:00:00,18.447376,29.28213119506836
2024-12-23 14:00:00,16.386633,20.771987915039062
2024-12-23 15:00:00,12.701708,15.790436744689941
2024-12-23 16:00:00,11.91205,15.208852767944336
2024-12-23 17:00:00,11.923267,12.245518684387207
2024-12-23 18:00:00,11.296732,10.837162971496582
2024-12-23 19:00:00,11.953268,8.543310165405273
2024-12-23 20:00:00,12.137716,9.875137329101562
2024-12-23 21:00:00,12.129016,11.033952713012695
2024-12-23 22:00:00,12.054115,10.116842269897461
2024-12-23 23:00:00,11.825885,10.500529289245605
2024-12-24 00:00:00,11.860984,9.578048706054688
2024-12-24 01:00:00,11.893131,10.014452934265137
2024-12-24 02:00:00,11.776869,10.856264114379883
2024-12-24 03:00:00,12.059016,9.45932388305664
2024-12-24 04:00:00,11.793607,16.284393310546875
2024-12-24 05:00:00,11.809661,9.5098876953125
2024-12-24 06:00:00,12.266731,11.039077758789062
2024-12-24 07:00:00,11.943268,23.64985466003418
2024-12-24 08:00:00,11.546732,29.22262954711914
2024-12-24 09:00:00,13.253386,17.491666793823242
2024-12-24 10:00:00,15.022917,24.274057388305664
2024-12-24 11:00:00,16.288767,20.087366104125977
2024-12-24 12:00:00,15.862551,18.044031143188477
2024-12-24 13:00:00,14.804647,23.876569747924805
2024-12-24 14:00:00,13.226506,18.9482364654541
2024-12-24 15:00:00,12.520752,18.859676361083984
2024-12-24 16:00:00,11.930847,19.791959762573242
2024-12-24 17:00:00,11.8,11.889764785766602
2024-12-24 18:00:00,11.646868999999999,9.876953125
2024-12-24 19:00:00,10.439623,9.206564903259277
2024-12-24 20:00:00,12.04,8.59691047668457
2024-12-24 21:00:00,11.773508,11.218576431274414
2024-12-24 22:00:00,11.64,8.955390930175781
2024-12-24 23:00:00,11.769154,9.149925231933594
2024-12-25 00:00:00,11.936338,8.361037254333496
2024-12-25 01:00:00,11.6413765,7.21287727355957
2024-12-25 02:00:00,11.66,8.78698444366455
2024-12-25 03:00:00,11.503131,8.1206636428833
2024-12-25 04:00:00,11.65,8.3414945602417
2024-12-25 05:00:00,11.699152,9.491079330444336
2024-12-25 06:00:00,11.010847,11.13048267364502
2024-12-25 07:00:00,11.49,15.142610549926758
2024-12-25 08:00:00,12.136869,19.41367530822754
2024-12-25 09:00:00,12.119047,13.030440330505371
2024-12-25 10:00:00,13.346264,16.5948429107666
2024-12-25 11:00:00,13.644682,12.43835735321045
2024-12-25 12:00:00,13.950071,10.054298400878906
2024-12-25 13:00:00,13.106644,15.684396743774414
2024-12-25 14:00:00,13.134502999999999,12.329233169555664
2024-12-25 15:00:00,12.09967,12.285842895507812
2024-12-25 16:00:00,11.759,12.128439903259277
2024-12-25 17:00:00,11.739999999999998,8.129379272460938
2024-12-25 18:00:00,12.161,8.602907180786133
2024-12-25 19:00:00,11.023,8.249815940856934
2024-12-25 20:00:00,11.716999999999999,7.16740608215332
2024-12-25 21:00:00,11.783508000000001,8.846845626831055
2024-12-25 22:00:00,11.519153,7.92973518371582
2024-12-25 23:00:00,11.450847,7.932914733886719
2024-12-26 00:00:00,11.915885,7.85118293762207
2024-12-26 01:00:00,11.920607,7.429464340209961
2024-12-26 02:00:00,11.617518999999998,8.271272659301758
2024-12-26 03:00:00,11.6014805,8.402709007263184
2024-12-26 04:00:00,11.631000499999999,8.82887077331543
2024-12-26 05:00:00,11.210377,9.499825477600098
2024-12-26 06:00:00,11.49,10.660598754882812
2024-12-26 07:00:00,11.908623,16.386898040771484
2024-12-26 08:00:00,11.841001,21.935956954956055
2024-12-26 09:00:00,11.720408,12.225707054138184
2024-12-26 10:00:00,12.474193,15.724650382995605
2024-12-26 11:00:00,12.993721,15.345560073852539
2024-12-26 12:00:00,13.31311,10.21920394897461
2024-12-26 13:00:00,13.016127,16.051740646362305
2024-12-26 14:00:00,12.347034,12.016094207763672
2024-12-26 15:00:00,11.971194,13.380270957946777
2024-12-26 16:00:00,12.190001,11.544748306274414
2024-12-26 17:00:00,11.74444,8.107474327087402
2024-12-26 18:00:00,11.886544,8.494316101074219
2024-12-26 19:00:00,11.263131,7.666126251220703
2024-12-26 20:00:00,12.036869,7.919792175292969
2024-12-26 21:00:00,11.732285,8.82494068145752
2024-12-26 22:00:00,11.716339,8.087662696838379
2024-12-26 23:00:00,12.310393,8.279994010925293
2024-12-27 00:00:00,11.760607,10.404537200927734
2024-12-27 01:00:00,11.919999999999998,8.866984367370605
2024-12-27 02:00:00,11.920377,10.313252449035645
2024-12-27 03:00:00,11.799016,10.22957992553711
2024-12-27 04:00:00,11.749607000000001,11.148285865783691
2024-12-27 05:00:00,11.871,10.744341850280762
2024-12-27 06:00:00,12.150376999999999,12.877988815307617
2024-12-27 07:00:00,11.722284,21.732345581054688
2024-12-27 08:00:00,11.896732,19.77006721496582
2024-12-27 09:00:00,12.873084,14.250858306884766
2024-12-27 10:00:00,13.879353,12.577003479003906
2024-12-27 11:00:00,13.530241,12.637828826904297
2024-12-27 12:00:00,14.889094,10.160825729370117
2024-12-27 13:00:00,13.945756,12.730701446533203
2024-12-27 14:00:00,13.406068999999999,10.001855850219727
2024-12-27 15:00:00,12.367811,11.23620891571045
2024-12-27 16:00:00,11.948624,12.441387176513672
2024-12-27 17:00:00,12.061377,9.364080429077148
2024-12-27 18:00:00,12.098623,9.864910125732422
2024-12-27 19:00:00,12.094833,10.046340942382812
2024-12-27 20:00:00,11.968828,10.105927467346191
2024-12-27 21:00:00,11.816732,9.78150749206543
2024-12-27 22:00:00,12.284115,8.259940147399902
2024-12-27 23:00:00,11.756492,10.192841529846191
2024-12-28 00:00:00,11.803508,8.89513111114502
2024-12-28 01:00:00,11.926869,9.031793594360352
2024-12-28 02:00:00,11.968623,10.277335166931152
2024-12-28 03:00:00,11.834508,10.09630012512207
2024-12-28 04:00:00,11.836869,9.341769218444824
2024-12-28 05:00:00,11.6931305,8.937824249267578
2024-12-28 06:00:00,12.076492,9.72569751739502
2024-12-28 07:00:00,12.010377000000002,13.161608695983887
2024-12-28 08:00:00,11.809999000000001,16.755558013916016
2024-12-28 09:00:00,12.235109999999999,10.944931983947754
2024-12-28 10:00:00,13.317327,14.279390335083008
2024-12-28 11:00:00,13.855616,12.794748306274414
2024-12-28 12:00:00,13.999533,13.381011962890625
2024-12-28 13:00:00,13.8635435,13.318921089172363
2024-12-28 14:00:00,13.263449999999999,12.458545684814453
2024-12-28 15:00:00,12.591811999999997,9.856589317321777
2024-12-28 16:00:00,11.768569,11.006987571716309
2024-12-28 17:00:00,11.973130999999999,8.799430847167969
2024-12-28 18:00:00,12.826869,9.429616928100586
2024-12-28 19:00:00,12.422623,7.9340972900390625
2024-12-28 20:00:00,24.1795,11.235422134399414
2024-12-28 21:00:00,23.975754,8.786099433898926
2024-12-28 22:00:00,24.537754,9.34289836883545
2024-12-28 23:00:00,23.316868,10.674063682556152
2024-12-29 00:00:00,23.173742,11.331441879272461
2024-12-29 01:00:00,22.84588,12.79434585571289
2024-12-29 02:00:00,23.9175,18.332441329956055
2024-12-29 03:00:00,12.57,21.464237213134766
2024-12-29 04:00:00,12.68,15.18766975402832
2024-12-29 05:00:00,12.499392999999998,9.631220817565918
2024-12-29 06:00:00,12.480984,15.469799041748047
2024-12-29 07:00:00,12.613131,17.42049789428711
2024-12-29 08:00:00,12.496492,21.971317291259766
2024-12-29 09:00:00,12.088840000000001,15.33407974243164
2024-12-29 10:00:00,12.909433,14.381086349487305
2024-12-29 11:00:00,13.3444805,12.224311828613281
2024-12-29 12:00:00,13.196406,12.497858047485352
2024-12-29 13:00:00,12.952792000000002,14.326509475708008
2024-12-29 14:00:00,13.119029000000001,11.800801277160645
2024-12-29 15:00:00,12.61537,9.958284378051758
2024-12-29 16:00:00,12.686868999999998,11.108683586120605
2024-12-29 17:00:00,12.188623,9.210709571838379
2024-12-29 18:00:00,11.971376,10.151086807250977
2024-12-29 19:00:00,11.809999000000001,9.324382781982422
2024-12-29 20:00:00,12.238623,8.779512405395508
2024-12-29 21:00:00,12.091377,10.54278564453125
2024-12-29 22:00:00,11.809623,9.6256742477417
2024-12-29 23:00:00,12.073508,8.663287162780762
2024-12-30 00:00:00,11.796869,10.73949909210205
2024-12-30 01:00:00,11.809015,9.201947212219238
2024-12-30 02:00:00,11.669607,10.043758392333984
2024-12-30 03:00:00,11.830393,9.062121391296387
2024-12-30 04:00:00,11.890607,11.360034942626953
2024-12-30 05:00:00,11.633508,9.906292915344238
2024-12-30 06:00:00,11.955492,11.971988677978516
2024-12-30 07:00:00,11.8145075,20.416728973388672
2024-12-30 08:00:00,11.625885,23.9333438873291
2024-12-30 09:00:00,12.286972,14.347980499267578
2024-12-30 10:00:00,13.270239,22.146221160888672
2024-12-30 11:00:00,13.526806,17.11870574951172
2024-12-30 12:00:00,13.033036,14.734643936157227
2024-12-30 13:00:00,12.732018999999998,19.526355743408203
2024-12-30 14:00:00,12.538988,17.444143295288086
2024-12-30 15:00:00,12.00617,17.765602111816406
2024-12-30 16:00:00,12.0199995,15.582013130187988
2024-12-30 17:00:00,11.579999999999998,12.987136840820312
2024-12-30 18:00:00,11.753268,10.043553352355957
2024-12-30 19:00:00,11.889999,9.21109390258789
2024-12-30 20:00:00,11.766338999999999,9.875137329101562
2024-12-30 21:00:00,12.04,9.687878608703613
2024-12-30 22:00:00,12.11,10.116842269897461
2024-12-30 23:00:00,11.964,10.500529289245605
2024-12-31 00:00:00,11.660508,10.182504653930664
