,elecmeter,gasmeter
2024-01-01 00:00:00,6.736869,114.93
2024-01-01 01:00:00,5.39,90.0
2024-01-01 02:00:00,5.149623,104.03
2024-01-01 03:00:00,6.573508,112.97
2024-01-01 04:00:00,5.14,103.07
2024-01-01 05:00:00,6.025885,103.96
2024-01-01 06:00:00,6.3396072,104.0
2024-01-01 07:00:00,6.131,108.0
2024-01-01 08:00:00,6.170377,96.04
2024-01-01 09:00:00,5.409127,102.0
2024-01-01 10:00:00,5.129057,115.0
2024-01-01 11:00:00,6.8771143,134.0
2024-01-01 12:00:00,5.3330526,96.93
2024-01-01 13:00:00,5.173485,110.03
2024-01-01 14:00:00,5.753485,104.04
2024-01-01 15:00:00,5.0556006,103.96
2024-01-01 16:00:00,5.536869,91.0
2024-01-01 17:00:00,5.849623,119.04
2024-01-01 18:00:00,6.890001,121.96
2024-01-01 19:00:00,5.47,97.07
2024-01-01 20:00:00,5.4403768,106.97
2024-01-01 21:00:00,6.363131,97.93
2024-01-01 22:00:00,5.33,101.03
2024-01-01 23:00:00,5.78,116.97
2024-01-02 00:00:00,6.236869,106.0
2024-01-02 01:00:00,6.1,93.03
2024-01-02 02:00:00,6.098235,105.04
2024-01-02 03:00:00,5.451765,119.96
2024-01-02 04:00:00,5.633131,107.04
2024-01-02 05:00:00,6.925885,108.0
2024-01-02 06:00:00,6.724115,107.0
2024-01-02 07:00:00,13.92,139.93
2024-01-02 08:00:00,59.83262,156.03
2024-01-02 09:00:00,68.703445,148.0
2024-01-02 10:00:00,88.78429,144.0
2024-01-02 11:00:00,65.016754,149.0
2024-01-02 12:00:00,48.44215,146.97
2024-01-02 13:00:00,65.368866,147.03
2024-01-02 14:00:00,46.835835,144.0
2024-01-02 15:00:00,42.86636,145.0
2024-01-02 16:00:00,13.966869,140.97
2024-01-02 17:00:00,12.209623,140.03
2024-01-02 18:00:00,12.330001,140.0
2024-01-02 19:00:00,12.443508,130.0
2024-01-02 20:00:00,12.256492,131.0
2024-01-02 21:00:00,12.071,135.0
2024-01-02 22:00:00,7.4589987,134.04001
2024-01-02 23:00:00,6.223508,132.93
2024-01-03 00:00:00,6.489999,130.03
2024-01-03 01:00:00,6.146491,130.0
2024-01-03 02:00:00,6.314356,131.97
2024-01-03 03:00:00,5.956644,127.0
2024-01-03 04:00:00,6.079,129.07
2024-01-03 05:00:00,6.380377,128.95999
2024-01-03 06:00:00,6.970984,128.0
2024-01-03 07:00:00,14.329016,133.0
2024-01-03 08:00:00,44.47093,139.97
2024-01-03 09:00:00,79.627365,137.03
2024-01-03 10:00:00,82.25211,137.0
2024-01-03 11:00:00,70.99392,142.97
2024-01-03 12:00:00,44.67862,129.03
2024-01-03 13:00:00,70.21356,137.97
2024-01-03 14:00:00,50.964638,136.03
2024-01-03 15:00:00,40.96963,127.0
2024-01-03 16:00:00,13.861856,120.04
2024-01-03 17:00:00,12.027005,121.93
2024-01-03 18:00:00,12.079016,113.0
2024-01-03 19:00:00,11.923978,125.07
2024-01-03 20:00:00,12.056021,119.96
2024-01-03 21:00:00,11.940984,120.97
2024-01-03 22:00:00,10.44,122.07
2024-01-03 23:00:00,6.739017,122.96
2024-01-04 00:00:00,5.900623,122.0
2024-01-04 01:00:00,6.699,124.0
2024-01-04 02:00:00,5.961,127.0
2024-01-04 03:00:00,5.868999,127.0
2024-01-04 04:00:00,6.56,123.97
2024-01-04 05:00:00,5.8901725,131.0
2024-01-04 06:00:00,7.083131,130.0
2024-01-04 07:00:00,15.0125,141.03
2024-01-04 08:00:00,52.131493,154.0
2024-01-04 09:00:00,66.44844,153.0
2024-01-04 10:00:00,86.46727,153.0
2024-01-04 11:00:00,71.41057,147.97
2024-01-04 12:00:00,51.414726,148.03
2024-01-04 13:00:00,69.086365,147.0
2024-01-04 14:00:00,51.81022,144.97
2024-01-04 15:00:00,26.887747,148.0
2024-01-04 16:00:00,14.454992,141.03
2024-01-04 17:00:00,12.340361,139.0
2024-01-04 18:00:00,12.512147,139.0
2024-01-04 19:00:00,12.376869,130.04001
2024-01-04 20:00:00,12.4,132.95999
2024-01-04 21:00:00,12.4800005,134.97
2024-01-04 22:00:00,7.489999,137.03
2024-01-04 23:00:00,6.529623,132.0
2024-01-05 00:00:00,5.943508,138.97
2024-01-05 01:00:00,6.0,139.0
2024-01-05 02:00:00,6.88334,135.03
2024-01-05 03:00:00,5.813529,130.0
2024-01-05 04:00:00,6.059623,140.0
2024-01-05 05:00:00,6.6635084,139.0
2024-01-05 06:00:00,6.207853,142.0
2024-01-05 07:00:00,15.612147,144.0
2024-01-05 08:00:00,21.439999,144.0
2024-01-05 09:00:00,40.226124,142.97
2024-01-05 10:00:00,44.4327,139.03
2024-01-05 11:00:00,27.5638,145.97
2024-01-05 12:00:00,14.002033,146.03
2024-01-05 13:00:00,12.770707,139.0
2024-01-05 14:00:00,12.797792,139.97
2024-01-05 15:00:00,12.450001,133.0
2024-01-05 16:00:00,12.329623,141.03
2024-01-05 17:00:00,8.960377,141.0
2024-01-05 18:00:00,5.643457,140.97
2024-01-05 19:00:00,6.676544,139.03
2024-01-05 20:00:00,6.0299997,139.0
2024-01-05 21:00:00,5.989623,139.0
2024-01-05 22:00:00,5.45,140.0
2024-01-05 23:00:00,5.93,139.97
2024-01-06 00:00:00,6.251,140.03
2024-01-06 01:00:00,5.4825077,139.0
2024-01-06 02:00:00,6.206869,135.97
2024-01-06 03:00:00,6.36,139.0
2024-01-06 04:00:00,5.169623,138.03
2024-01-06 05:00:00,5.780377,139.0
2024-01-06 06:00:00,6.68,139.0
2024-01-06 07:00:00,5.673131,139.0
2024-01-06 08:00:00,7.436492,143.0
2024-01-06 09:00:00,6.0099998,139.97
2024-01-06 10:00:00,6.063127,139.03
2024-01-06 11:00:00,6.2882233,140.97
2024-01-06 12:00:00,5.186952,138.03
2024-01-06 13:00:00,5.539523,134.97
2024-01-06 14:00:00,6.5781775,134.03
2024-01-06 15:00:00,5.0468693,134.0
2024-01-06 16:00:00,5.469999,139.0
2024-01-06 17:00:00,6.34,140.97
2024-01-06 18:00:00,5.323131,128.03
2024-01-06 19:00:00,5.606869,140.0
2024-01-06 20:00:00,6.923131,138.97
2024-01-06 21:00:00,5.436869,138.97
2024-01-06 22:00:00,6.013131,138.06
2024-01-06 23:00:00,5.8599997,139.0
2024-01-07 00:00:00,5.596869,134.97
2024-01-07 01:00:00,5.91,134.03
2024-01-07 02:00:00,5.626713,135.0
2024-01-07 03:00:00,6.556418,140.0
2024-01-07 04:00:00,5.936869,141.0
2024-01-07 05:00:00,5.2,139.0
2024-01-07 06:00:00,6.09,138.0
2024-01-07 07:00:00,6.49,138.0
2024-01-07 08:00:00,5.399623,138.0
2024-01-07 09:00:00,6.153833,139.0
2024-01-07 10:00:00,5.8677406,138.97
2024-01-07 11:00:00,4.928542,140.03
2024-01-07 12:00:00,5.6615214,123.0
2024-01-07 13:00:00,4.805225,122.0
2024-01-07 14:00:00,5.875352,134.97
2024-01-07 15:00:00,6.4954557,133.03
2024-01-07 16:00:00,4.836543,141.0
2024-01-07 17:00:00,5.923131,137.0
2024-01-07 18:00:00,6.09,141.0
2024-01-07 19:00:00,5.290848,142.97
2024-01-07 20:00:00,6.1691527,139.03
2024-01-07 21:00:00,6.720848,139.0
2024-01-07 22:00:00,5.246644,140.97
2024-01-07 23:00:00,5.8500013,142.0
2024-01-08 00:00:00,5.960001,138.03
2024-01-08 01:00:00,5.4,140.0
2024-01-08 02:00:00,5.989377,140.0
2024-01-08 03:00:00,5.820983,139.0
2024-01-08 04:00:00,6.269016,142.0
2024-01-08 05:00:00,6.253132,139.94
2024-01-08 06:00:00,11.65,143.06
2024-01-08 07:00:00,12.247853,144.97
2024-01-08 08:00:00,30.377995,154.0
2024-01-08 09:00:00,72.338524,155.0
2024-01-08 10:00:00,74.37375,149.03
2024-01-08 11:00:00,59.25891,153.94
2024-01-08 12:00:00,56.108665,195.03
2024-01-08 13:00:00,50.022453,167.03
2024-01-08 14:00:00,40.179226,158.0
2024-01-08 15:00:00,27.403349,157.0
2024-01-08 16:00:00,14.631008,141.97
2024-01-08 17:00:00,12.486492,139.03
2024-01-08 18:00:00,12.470377,139.97
2024-01-08 19:00:00,12.417877,139.0
2024-01-08 20:00:00,12.4952545,139.03
2024-01-08 21:00:00,12.42,138.0
2024-01-08 22:00:00,6.306869,138.0
2024-01-08 23:00:00,5.86,134.0
2024-01-09 00:00:00,5.833131,139.0
2024-01-09 01:00:00,6.146492,138.0
2024-01-09 02:00:00,6.4570904,137.97
2024-01-09 03:00:00,5.673287,139.0
2024-01-09 04:00:00,6.123131,138.03
2024-01-09 05:00:00,6.3,139.0
2024-01-09 06:00:00,6.286869,144.0
2024-01-09 07:00:00,14.825631,151.97
2024-01-09 08:00:00,39.374493,143.03
2024-01-09 09:00:00,60.09861,160.97
2024-01-09 10:00:00,66.11123,163.0
2024-01-09 11:00:00,52.231907,153.03
2024-01-09 12:00:00,42.72969,155.0
2024-01-09 13:00:00,41.843185,153.97
2024-01-09 14:00:00,33.616642,147.03
2024-01-09 15:00:00,27.52929,156.97
2024-01-09 16:00:00,14.219647,152.03
2024-01-09 17:00:00,12.227492,144.0
2024-01-09 18:00:00,12.219,142.0
2024-01-09 19:00:00,12.174356,140.97
2024-01-09 20:00:00,12.106021,143.0
2024-01-09 21:00:00,12.090984,141.0
2024-01-09 22:00:00,8.812994,140.03
2024-01-09 23:00:00,5.669153,138.0
2024-01-10 00:00:00,5.627852,145.0
2024-01-10 01:00:00,5.519999,145.97
2024-01-10 02:00:00,6.259017,144.03
2024-01-10 03:00:00,5.799999,146.0
2024-01-10 04:00:00,6.39,150.0
2024-01-10 05:00:00,6.120001,146.0
2024-01-10 06:00:00,6.75,144.97
2024-01-10 07:00:00,14.070624,151.0
2024-01-10 08:00:00,34.78774,156.03
2024-01-10 09:00:00,62.322865,155.97
2024-01-10 10:00:00,70.447365,151.03
2024-01-10 11:00:00,57.880737,155.97
2024-01-10 12:00:00,54.06345,171.0
2024-01-10 13:00:00,83.81565,164.03
2024-01-10 14:00:00,57.102142,156.97
2024-01-10 15:00:00,47.938553,153.0
2024-01-10 16:00:00,14.017122,150.03
2024-01-10 17:00:00,12.383509,142.97
2024-01-10 18:00:00,12.326869,138.0
2024-01-10 19:00:00,12.330984,143.03
2024-01-10 20:00:00,12.318639,141.0
2024-01-10 21:00:00,12.29,140.0
2024-01-10 22:00:00,9.03619,140.0
2024-01-10 23:00:00,6.4841866,137.0
2024-01-11 00:00:00,6.3109837,143.97
2024-01-11 01:00:00,5.862148,142.03
2024-01-11 02:00:00,6.4508476,141.0
2024-01-11 03:00:00,6.13602,140.97
2024-01-11 04:00:00,7.039623,140.03
2024-01-11 05:00:00,8.1,140.0
2024-01-11 06:00:00,6.493508,141.0
2024-01-11 07:00:00,15.240849,148.0
2024-01-11 08:00:00,49.402534,152.97
2024-01-11 09:00:00,66.560356,147.03
2024-01-11 10:00:00,94.723785,154.97
2024-01-11 11:00:00,93.06915,155.03
2024-01-11 12:00:00,53.841724,153.97
2024-01-11 13:00:00,78.30247,156.0
2024-01-11 14:00:00,57.782707,148.0
2024-01-11 15:00:00,52.26915,146.03
2024-01-11 16:00:00,13.667593,139.97
2024-01-11 17:00:00,12.139999,138.0
2024-01-11 18:00:00,12.303131,135.03
2024-01-11 19:00:00,12.349999,143.0
2024-01-11 20:00:00,12.246492,143.0
2024-01-11 21:00:00,12.540377,139.97
2024-01-11 22:00:00,7.1431313,145.03
2024-01-11 23:00:00,8.670001,144.97
2024-01-12 00:00:00,7.0608473,140.03
2024-01-12 01:00:00,6.025644,144.97
2024-01-12 02:00:00,6.451,144.03
2024-01-12 03:00:00,5.409377,145.0
2024-01-12 04:00:00,6.439999,145.0
2024-01-12 05:00:00,7.013131,146.0
2024-01-12 06:00:00,6.417491,146.97
2024-01-12 07:00:00,13.429377,149.0
2024-01-12 08:00:00,34.36962,148.03
2024-01-12 09:00:00,67.24741,152.97
2024-01-12 10:00:00,46.268818,150.0
2024-01-12 11:00:00,28.715824,148.03
2024-01-12 12:00:00,17.520767,141.0
2024-01-12 13:00:00,17.917257,137.0
2024-01-12 14:00:00,16.39483,137.97
2024-01-12 15:00:00,13.534309,126.0
2024-01-12 16:00:00,5.6833286,138.0
2024-01-12 17:00:00,6.686492,138.03
2024-01-12 18:00:00,7.153508,138.0
2024-01-12 19:00:00,5.776492,138.0
2024-01-12 20:00:00,6.790377,138.0
2024-01-12 21:00:00,6.063979,137.97
2024-01-12 22:00:00,6.167006,125.0
2024-01-12 23:00:00,7.0590153,133.03
2024-01-13 00:00:00,6.4931307,137.97
2024-01-13 01:00:00,6.1468687,137.0
2024-01-13 02:00:00,6.5973682,136.03
2024-01-13 03:00:00,6.053616,136.97
2024-01-13 04:00:00,6.622995,136.03
2024-01-13 05:00:00,6.2460213,137.0
2024-01-13 06:00:00,7.343132,136.0
2024-01-13 07:00:00,6.540847,136.0
2024-01-13 08:00:00,6.499153,136.97
2024-01-13 09:00:00,6.7564883,138.0
2024-01-13 10:00:00,7.1872997,137.0
2024-01-13 11:00:00,6.0405035,137.03
2024-01-13 12:00:00,6.114047,137.0
2024-01-13 13:00:00,6.083178,133.97
2024-01-13 14:00:00,5.585618,125.0
2024-01-13 15:00:00,5.3779545,128.0
2024-01-13 16:00:00,5.6155796,131.03
2024-01-13 17:00:00,6.589016,132.97
2024-01-13 18:00:00,7.323131,136.03
2024-01-13 19:00:00,6.027853,135.97
2024-01-13 20:00:00,6.479016,138.03
2024-01-13 21:00:00,5.77,138.0
2024-01-13 22:00:00,6.813979,139.0
2024-01-13 23:00:00,6.145645,127.97
2024-01-14 00:00:00,6.8,138.03
2024-01-14 01:00:00,6.779393,138.0
2024-01-14 02:00:00,6.004115,138.0
2024-01-14 03:00:00,6.5600004,137.0
2024-01-14 04:00:00,5.957492,138.0
2024-01-14 05:00:00,6.25,138.0
2024-01-14 06:00:00,7.159377,138.0
2024-01-14 07:00:00,6.25,137.97
2024-01-14 08:00:00,6.1594954,137.03
2024-01-14 09:00:00,6.55375,137.97
2024-01-14 10:00:00,5.998809,137.03
2024-01-14 11:00:00,10.719587,117.0
2024-01-14 12:00:00,8.001417,138.0
2024-01-14 13:00:00,11.222728,112.04
2024-01-14 14:00:00,16.170727,119.96
2024-01-14 15:00:00,9.826197,125.0
2024-01-14 16:00:00,6.143177,128.97
2024-01-14 17:00:00,5.829623,134.03
2024-01-14 18:00:00,6.640376,138.97
2024-01-14 19:00:00,6.3131323,138.03
2024-01-14 20:00:00,7.080848,126.97
2024-01-14 21:00:00,6.096021,138.0
2024-01-14 22:00:00,6.08,137.03
2024-01-14 23:00:00,6.583456,138.0
2024-01-15 00:00:00,6.220523,138.0
2024-01-15 01:00:00,7.255644,138.0
2024-01-15 02:00:00,5.913508,138.0
2024-01-15 03:00:00,6.636492,138.97
2024-01-15 04:00:00,6.4700003,135.03
2024-01-15 05:00:00,6.171361,140.97
2024-01-15 06:00:00,6.98,139.03
2024-01-15 07:00:00,13.892148,150.97
2024-01-15 08:00:00,52.550827,160.0
2024-01-15 09:00:00,68.46713,155.03
2024-01-15 10:00:00,95.97179,149.97
2024-01-15 11:00:00,81.98292,165.0
2024-01-15 12:00:00,53.542625,165.0
2024-01-15 13:00:00,79.94364,149.03
2024-01-15 14:00:00,52.870003,147.0
2024-01-15 15:00:00,47.041576,156.97
2024-01-15 16:00:00,12.685394,145.03
2024-01-15 17:00:00,12.37,139.97
2024-01-15 18:00:00,12.139999,138.03
2024-01-15 19:00:00,12.51,136.97
2024-01-15 20:00:00,12.39,139.03
2024-01-15 21:00:00,11.249623,140.0
2024-01-15 22:00:00,6.17,140.97
2024-01-15 23:00:00,5.73,144.0
2024-01-16 00:00:00,6.530377,142.03
2024-01-16 01:00:00,6.643978,141.97
2024-01-16 02:00:00,6.322644,145.03
2024-01-16 03:00:00,6.35436,140.0
2024-01-16 04:00:00,6.052995,147.97
2024-01-16 05:00:00,6.215644,145.0
2024-01-16 06:00:00,6.67,145.03
2024-01-16 07:00:00,13.973508,158.97
2024-01-16 08:00:00,55.046494,160.0
2024-01-16 09:00:00,75.424255,155.03
2024-01-16 10:00:00,96.934296,159.97
2024-01-16 11:00:00,97.458664,158.03
2024-01-16 12:00:00,66.82286,155.0
2024-01-16 13:00:00,92.40761,153.97
2024-01-16 14:00:00,69.15341,150.0
2024-01-16 15:00:00,55.72029,156.0
2024-01-16 16:00:00,12.998348,151.0
2024-01-16 17:00:00,12.55,142.03
2024-01-16 18:00:00,12.366021,139.0
2024-01-16 19:00:00,12.363131,139.97
2024-01-16 20:00:00,12.367493,140.03
2024-01-16 21:00:00,12.17,139.97
2024-01-16 22:00:00,7.422508,140.03
2024-01-16 23:00:00,6.766869,140.0
2024-01-17 00:00:00,6.570984,138.0
2024-01-17 01:00:00,8.112146,143.97
2024-01-17 02:00:00,6.430848,142.03
2024-01-17 03:00:00,6.427005,138.0
2024-01-17 04:00:00,5.668639,147.0
2024-01-17 05:00:00,6.690377,145.0
2024-01-17 06:00:00,6.470984,144.97
2024-01-17 07:00:00,12.559999,153.0
2024-01-17 08:00:00,49.316216,158.0
2024-01-17 09:00:00,76.1903,153.03
2024-01-17 10:00:00,88.34398,160.0
2024-01-17 11:00:00,76.07263,169.97
2024-01-17 12:00:00,52.193825,159.03
2024-01-17 13:00:00,80.26657,150.97
2024-01-17 14:00:00,59.958427,155.0
2024-01-17 15:00:00,50.270855,148.0
2024-01-17 16:00:00,13.193144,144.03
2024-01-17 17:00:00,12.38,141.0
2024-01-17 18:00:00,12.330377,141.0
2024-01-17 19:00:00,12.64,140.97
2024-01-17 20:00:00,12.329016,141.03
2024-01-17 21:00:00,12.444115,142.0
2024-01-17 22:00:00,8.8468685,141.97
2024-01-17 23:00:00,5.929624,141.03
2024-01-18 00:00:00,5.993508,139.0
2024-01-18 01:00:00,6.0068693,144.0
2024-01-18 02:00:00,6.8091307,144.0
2024-01-18 03:00:00,6.050869,142.97
2024-01-18 04:00:00,6.485248,148.07
2024-01-18 05:00:00,5.997884,147.93
2024-01-18 06:00:00,7.406869,148.0
2024-01-18 07:00:00,13.463131,159.03
2024-01-18 08:00:00,53.64687,166.97
2024-01-18 09:00:00,76.79295,166.0
2024-01-18 10:00:00,102.50955,165.0
2024-01-18 11:00:00,76.22997,159.03
2024-01-18 12:00:00,54.965126,149.0
2024-01-18 13:00:00,68.24887,145.0
2024-01-18 14:00:00,61.357727,147.0
2024-01-18 15:00:00,49.720226,142.97
2024-01-18 16:00:00,13.944369,143.03
2024-01-18 17:00:00,12.309999,137.0
2024-01-18 18:00:00,12.639623,137.0
2024-01-18 19:00:00,12.270377,138.0
2024-01-18 20:00:00,12.303131,138.0
2024-01-18 21:00:00,12.326869,138.0
2024-01-18 22:00:00,7.070623,139.0
2024-01-18 23:00:00,6.46,138.97
2024-01-19 00:00:00,5.9700003,135.03
2024-01-19 01:00:00,5.909,140.0
2024-01-19 02:00:00,6.072591,135.04001
2024-01-19 03:00:00,7.057787,139.93
2024-01-19 04:00:00,7.2200003,139.0
2024-01-19 05:00:00,5.900984,138.03
2024-01-19 06:00:00,7.09,139.0
2024-01-19 07:00:00,12.138639,145.0
2024-01-19 08:00:00,33.5375,158.0
2024-01-19 09:00:00,58.725376,150.97
2024-01-19 10:00:00,50.0568,147.0
2024-01-19 11:00:00,34.235,144.03
2024-01-19 12:00:00,13.097722,138.0
2024-01-19 13:00:00,12.5025,136.0
2024-01-19 14:00:00,12.536358,125.0
2024-01-19 15:00:00,12.356857,126.0
2024-01-19 16:00:00,12.212148,129.0
2024-01-19 17:00:00,11.026869,132.97
2024-01-19 18:00:00,5.789623,132.03
2024-01-19 19:00:00,6.080377,130.0
2024-01-19 20:00:00,5.669623,132.0
2024-01-19 21:00:00,6.440377,131.0
2024-01-19 22:00:00,6.449623,135.0
2024-01-19 23:00:00,5.523508,130.0
2024-01-20 00:00:00,6.41,132.97
2024-01-20 01:00:00,5.456869,131.03
2024-01-20 02:00:00,6.040274,132.0
2024-01-20 03:00:00,6.093705,136.0
2024-01-20 04:00:00,6.736021,130.97
2024-01-20 05:00:00,6.18,127.0
2024-01-20 06:00:00,5.429623,136.03
2024-01-20 07:00:00,6.600376,133.0
2024-01-20 08:00:00,5.99,131.0
2024-01-20 09:00:00,6.5561686,128.97
2024-01-20 10:00:00,6.5954866,133.0
2024-01-20 11:00:00,14.490042,130.03
2024-01-20 12:00:00,16.00993,130.0
2024-01-20 13:00:00,13.193306,121.04
2024-01-20 14:00:00,7.885453,115.96
2024-01-20 15:00:00,6.341962,121.0
2024-01-20 16:00:00,5.685492,130.0
2024-01-20 17:00:00,8.379999,131.0
2024-01-20 18:00:00,6.013131,132.0
2024-01-20 19:00:00,5.6174917,127.0
2024-01-20 20:00:00,6.489377,134.97
2024-01-20 21:00:00,5.339623,127.03
2024-01-20 22:00:00,6.6303773,136.0
2024-01-20 23:00:00,5.5631323,128.0
2024-01-21 00:00:00,6.1164923,132.0
2024-01-21 01:00:00,6.100377,136.97
2024-01-21 02:00:00,5.663979,133.07
2024-01-21 03:00:00,5.726021,123.96
2024-01-21 04:00:00,6.2799997,135.0
2024-01-21 05:00:00,6.17,135.0
2024-01-21 06:00:00,6.163131,135.0
2024-01-21 07:00:00,5.390847,135.0
2024-01-21 08:00:00,5.8727875,135.0
2024-01-21 09:00:00,5.5689077,135.97
2024-01-21 10:00:00,6.4215665,135.03
2024-01-21 11:00:00,6.475219,128.0
2024-01-21 12:00:00,4.492081,128.0
2024-01-21 13:00:00,5.592861,135.0
2024-01-21 14:00:00,5.166534,132.0
2024-01-21 15:00:00,5.6954546,133.0
2024-01-21 16:00:00,5.811391,125.97
2024-01-21 17:00:00,6.533509,131.03
2024-01-21 18:00:00,6.070848,128.0
2024-01-21 19:00:00,5.653161,129.01
2024-01-21 20:00:00,6.27286,130.99
2024-01-21 21:00:00,5.369623,127.04
2024-01-21 22:00:00,6.2103767,132.96
2024-01-21 23:00:00,5.959623,133.0
2024-01-22 00:00:00,6.470377,123.0
2024-01-22 01:00:00,5.8434563,132.0
2024-01-22 02:00:00,5.5297585,127.97
2024-01-22 03:00:00,6.4862957,129.03
2024-01-22 04:00:00,5.7035084,129.0
2024-01-22 05:00:00,6.986868,129.0
2024-01-22 06:00:00,6.33,126.0
2024-01-22 07:00:00,13.539623,134.97
2024-01-22 08:00:00,54.295376,134.03
2024-01-22 09:00:00,87.012405,138.0
2024-01-22 10:00:00,101.416916,123.97
2024-01-22 11:00:00,84.369156,141.0
2024-01-22 12:00:00,56.956146,141.03
2024-01-22 13:00:00,83.56459,124.97
2024-01-22 14:00:00,58.11868,125.0
2024-01-22 15:00:00,57.820644,123.07
2024-01-22 16:00:00,14.507956,116.93
2024-01-22 17:00:00,12.350001,111.03
2024-01-22 18:00:00,12.213131,119.0
2024-01-22 19:00:00,12.366869,115.97
2024-01-22 20:00:00,12.210623,116.07
2024-01-22 21:00:00,12.562509,120.0
2024-01-22 22:00:00,8.2300005,117.0
2024-01-22 23:00:00,6.870194,118.0
2024-01-23 00:00:00,6.2198057,118.96
2024-01-23 01:00:00,6.52,116.04
2024-01-23 02:00:00,6.446492,118.96
2024-01-23 03:00:00,6.13,112.04
2024-01-23 04:00:00,5.8835077,120.0
2024-01-23 05:00:00,7.815885,119.96
2024-01-23 06:00:00,7.3209844,115.04
2024-01-23 07:00:00,14.923131,131.95999
2024-01-23 08:00:00,48.256763,136.0
2024-01-23 09:00:00,88.380264,121.0
2024-01-23 10:00:00,93.068146,124.0
2024-01-23 11:00:00,89.57572,129.0
2024-01-23 12:00:00,55.179115,116.04
2024-01-23 13:00:00,66.57277,122.93
2024-01-23 14:00:00,54.91249,129.0
2024-01-23 15:00:00,53.232025,131.07
2024-01-23 16:00:00,22.74627,114.0
2024-01-23 17:00:00,17.64,109.96
2024-01-23 18:00:00,16.846869,112.0
2024-01-23 19:00:00,12.9031315,119.0
2024-01-23 20:00:00,12.180847,120.0
2024-01-23 21:00:00,12.285644,120.0
2024-01-23 22:00:00,12.203508,94.0
2024-01-23 23:00:00,11.910848,137.0
2024-01-24 00:00:00,12.067005,111.97
2024-01-24 01:00:00,11.999016,113.03
2024-01-24 02:00:00,12.15337,101.0
2024-01-24 03:00:00,12.1875,131.0
2024-01-24 04:00:00,12.432147,99.97
2024-01-24 05:00:00,8.82,102.07
2024-01-24 06:00:00,7.8,120.96
2024-01-24 07:00:00,21.340351,120.97
2024-01-24 08:00:00,72.22302,138.03
2024-01-24 09:00:00,84.88464,117.0
2024-01-24 10:00:00,88.089874,121.97
2024-01-24 11:00:00,67.0614,125.03
2024-01-24 12:00:00,50.942356,136.0
2024-01-24 13:00:00,80.97915,142.0
2024-01-24 14:00:00,59.894993,141.97
2024-01-24 15:00:00,57.224426,115.07
2024-01-24 16:00:00,14.046643,112.03
2024-01-24 17:00:00,12.129999,116.93
2024-01-24 18:00:00,12.164355,105.97
2024-01-24 19:00:00,12.426022,110.0
2024-01-24 20:00:00,12.383131,109.0
2024-01-24 21:00:00,12.396869,112.03
2024-01-24 22:00:00,12.153979,112.04
2024-01-24 23:00:00,9.309154,124.0
2024-01-25 00:00:00,7.119999,106.96
2024-01-25 01:00:00,6.976869,112.0
2024-01-25 02:00:00,7.151366,133.97
2024-01-25 03:00:00,6.271765,116.0
2024-01-25 04:00:00,7.256492,119.03
2024-01-25 05:00:00,7.3603773,120.0
2024-01-25 06:00:00,8.379623,104.97
2024-01-25 07:00:00,16.446009,135.03
2024-01-25 08:00:00,52.852768,135.97
2024-01-25 09:00:00,78.04976,136.0
2024-01-25 10:00:00,76.66424,118.03
2024-01-25 11:00:00,89.57103,127.0
2024-01-25 12:00:00,53.275978,121.0
2024-01-25 13:00:00,81.857666,128.97
2024-01-25 14:00:00,60.34776,134.07
2024-01-25 15:00:00,41.31677,112.96
2024-01-25 16:00:00,13.747151,95.0
2024-01-25 17:00:00,12.2396755,111.04
2024-01-25 18:00:00,12.03,110.96
2024-01-25 19:00:00,11.957851,108.0
2024-01-25 20:00:00,12.062995,111.0
2024-01-25 21:00:00,12.036645,111.97
2024-01-25 22:00:00,12.043356,90.03
2024-01-25 23:00:00,9.036644,111.04
2024-01-26 00:00:00,7.56,120.93
2024-01-26 01:00:00,7.210361,110.03
2024-01-26 02:00:00,6.803306,106.0
2024-01-26 03:00:00,7.16571,110.04
2024-01-26 04:00:00,6.683131,112.0
2024-01-26 05:00:00,7.869999,106.96
2024-01-26 06:00:00,8.477853,120.0
2024-01-26 07:00:00,16.448639,120.97
2024-01-26 08:00:00,36.183342,104.03
2024-01-26 09:00:00,63.42299,124.0
2024-01-26 10:00:00,52.50206,107.97
2024-01-26 11:00:00,32.871735,111.07
2024-01-26 12:00:00,16.562027,102.0
2024-01-26 13:00:00,14.316944,95.96
2024-01-26 14:00:00,16.12386,100.0
2024-01-26 15:00:00,16.512177,95.07
2024-01-26 16:00:00,12.918445,116.93
2024-01-26 17:00:00,6.7,109.0
2024-01-26 18:00:00,5.843979,115.0
2024-01-26 19:00:00,6.54,106.0
2024-01-26 20:00:00,5.8660197,116.0
2024-01-26 21:00:00,6.053979,111.0
2024-01-26 22:00:00,6.0266438,111.0
2024-01-26 23:00:00,5.613356,111.0
2024-01-27 00:00:00,6.099152,106.07
2024-01-27 01:00:00,6.726869,117.97
2024-01-27 02:00:00,5.726341,106.0
2024-01-27 03:00:00,6.22679,101.0
2024-01-27 04:00:00,0.719492,90.96
2024-01-27 05:00:00,9.1380005,126.0
2024-01-27 06:00:00,8.782508,106.97
2024-01-27 07:00:00,6.096492,100.03
2024-01-27 08:00:00,6.3654356,126.0
2024-01-27 09:00:00,6.3654795,113.04
2024-01-27 10:00:00,5.420498,100.96
2024-01-27 11:00:00,12.3336315,95.07
2024-01-27 12:00:00,17.077063,91.93
2024-01-27 13:00:00,10.692083,89.04
2024-01-27 14:00:00,5.751718,102.0
2024-01-27 15:00:00,5.064984,102.96
2024-01-27 16:00:00,5.42414,94.97
2024-01-27 17:00:00,6.069152,108.07
2024-01-27 18:00:00,5.617853,108.96
2024-01-27 19:00:00,6.259017,106.97
2024-01-27 20:00:00,6.990623,116.0
2024-01-27 21:00:00,5.932508,110.0
2024-01-27 22:00:00,5.780848,115.03
2024-01-27 23:00:00,5.789152,111.0
2024-01-28 00:00:00,5.886492,119.0
2024-01-28 01:00:00,6.213508,112.0
2024-01-28 02:00:00,6.2128677,115.0
2024-01-28 03:00:00,6.284984,115.0
2024-01-28 04:00:00,5.909016,105.04
2024-01-28 05:00:00,5.58,132.95999
2024-01-28 06:00:00,6.830623,122.04
2024-01-28 07:00:00,6.03036,122.0
2024-01-28 08:00:00,7.074957,119.96
2024-01-28 09:00:00,5.635846,118.0
2024-01-28 10:00:00,9.600924,108.0
2024-01-28 11:00:00,14.155642,76.04
2024-01-28 12:00:00,13.4983635,88.0
2024-01-28 13:00:00,15.897158,75.96
2024-01-28 14:00:00,12.892643,76.04
2024-01-28 15:00:00,13.848618,86.96
2024-01-28 16:00:00,7.727686,98.04
2024-01-28 17:00:00,6.037005,104.96
2024-01-28 18:00:00,5.448639,102.0
2024-01-28 19:00:00,6.1809998,110.0
2024-01-28 20:00:00,6.159376,118.04
2024-01-28 21:00:00,6.313979,111.0
2024-01-28 22:00:00,6.167988,114.0
2024-01-28 23:00:00,5.692011,117.0
2024-01-29 00:00:00,8.056644,113.96
2024-01-29 01:00:00,5.5842032,96.0
2024-01-29 02:00:00,7.025796,116.04
2024-01-29 03:00:00,5.693356,120.96
2024-01-29 04:00:00,6.42,112.04
2024-01-29 05:00:00,5.9670053,118.96
2024-01-29 06:00:00,6.5496387,118.97
2024-01-29 07:00:00,15.053148,132.03
2024-01-29 08:00:00,42.275715,139.97
2024-01-29 09:00:00,90.852844,138.03
2024-01-29 10:00:00,99.78117,134.0
2024-01-29 11:00:00,89.69056,109.0
2024-01-29 12:00:00,58.964966,116.0
2024-01-29 13:00:00,76.672104,107.0
2024-01-29 14:00:00,61.750374,116.04
2024-01-29 15:00:00,58.69549,109.96
2024-01-29 16:00:00,12.995197,94.07
2024-01-29 17:00:00,11.699,89.93
2024-01-29 18:00:00,11.853356,100.04
2024-01-29 19:00:00,11.557988,92.96
2024-01-29 20:00:00,11.689017,100.97
2024-01-29 21:00:00,11.73064,108.07
2024-01-29 22:00:00,11.732356,98.96
2024-01-29 23:00:00,5.977644,95.0
2024-01-30 00:00:00,6.063203,98.97
2024-01-30 01:00:00,6.049153,83.0
2024-01-30 02:00:00,5.844429,108.07
2024-01-30 03:00:00,6.825571,101.03
2024-01-30 04:00:00,5.997005,99.93
2024-01-30 05:00:00,6.27,110.04
2024-01-30 06:00:00,6.930984,93.96
2024-01-30 07:00:00,14.062011,135.0
2024-01-30 08:00:00,58.234097,128.04001
2024-01-30 09:00:00,82.77962,119.96
2024-01-30 10:00:00,107.35277,118.0
2024-01-30 11:00:00,92.18517,126.0
2024-01-30 12:00:00,65.33045,104.04
2024-01-30 13:00:00,65.68359,109.96
2024-01-30 14:00:00,43.00229,112.0
2024-01-30 15:00:00,39.11468,96.0
2024-01-30 16:00:00,13.456986,89.0
2024-01-30 17:00:00,11.440344,92.04
2024-01-30 18:00:00,11.508033,108.96
2024-01-30 19:00:00,12.199622,91.0
2024-01-30 20:00:00,12.254356,108.97
2024-01-30 21:00:00,12.269153,96.0
2024-01-30 22:00:00,12.006869,96.03
2024-01-30 23:00:00,5.883131,101.04
2024-01-31 00:00:00,6.4,113.0
2024-01-31 01:00:00,5.5099998,106.0
2024-01-31 02:00:00,6.346,104.0
2024-01-31 03:00:00,6.243999,113.96
2024-01-31 04:00:00,6.056869,100.0
2024-01-31 05:00:00,6.259623,104.07
2024-01-31 06:00:00,6.780376,119.9
2024-01-31 07:00:00,13.408133,99.03
2024-01-31 08:00:00,60.612762,139.97
2024-01-31 09:00:00,75.74561,125.03
2024-01-31 10:00:00,82.75219,132.0
2024-01-31 11:00:00,71.373566,137.0
2024-01-31 12:00:00,47.396423,115.0
2024-01-31 13:00:00,81.49785,116.0
2024-01-31 14:00:00,59.252724,121.0
2024-01-31 15:00:00,56.565727,124.07
2024-01-31 16:00:00,14.634799,105.93
2024-01-31 17:00:00,11.79398,110.04
2024-01-31 18:00:00,11.91602,111.96
2024-01-31 19:00:00,11.930623,114.0
2024-01-31 20:00:00,11.96,110.0
2024-01-31 21:00:00,11.78,115.0
2024-01-31 22:00:00,8.63,106.0
2024-01-31 23:00:00,5.490361,107.0
2024-02-01 00:00:00,6.712995,123.0
2024-02-01 01:00:00,5.92,105.0
2024-02-01 02:00:00,5.7747664,112.0
2024-02-01 03:00:00,6.1521263,117.0
2024-02-01 04:00:00,6.632995,109.0
2024-02-01 05:00:00,6.357005,112.04
2024-02-01 06:00:00,7.038639,126.96
2024-02-01 07:00:00,13.033861,127.97
2024-02-01 08:00:00,63.179756,140.03
2024-02-01 09:00:00,85.22959,140.0
2024-02-01 10:00:00,96.058624,138.0
2024-02-01 11:00:00,88.64847,129.0
2024-02-01 12:00:00,54.984222,112.0
2024-02-01 13:00:00,74.318,125.0
2024-02-01 14:00:00,54.457153,112.0
2024-02-01 15:00:00,46.842396,117.0
2024-02-01 16:00:00,13.931208,100.0
2024-02-01 17:00:00,11.953667,113.0
2024-02-01 18:00:00,12.1396885,93.0
2024-02-01 19:00:00,11.839153,109.04
2024-02-01 20:00:00,11.977491,123.96
2024-02-01 21:00:00,12.002508,101.0
2024-02-01 22:00:00,9.027852,115.04
2024-02-01 23:00:00,6.0429945,109.96
2024-02-02 00:00:00,6.4466443,110.04
2024-02-02 01:00:00,5.760361,120.96
2024-02-02 02:00:00,6.172995,114.0
2024-02-02 03:00:00,6.017005,108.04
2024-02-02 04:00:00,8.17,106.0
2024-02-02 05:00:00,9.37,113.96
2024-02-02 06:00:00,8.299639,96.0
2024-02-02 07:00:00,14.032499,139.0
2024-02-02 08:00:00,45.127525,117.0
2024-02-02 09:00:00,74.05793,136.0
2024-02-02 10:00:00,52.383427,124.0
2024-02-02 11:00:00,33.796284,113.04
2024-02-02 12:00:00,15.523553,108.0
2024-02-02 13:00:00,12.9467125,101.96
2024-02-02 14:00:00,12.363388,103.07
2024-02-02 15:00:00,11.883699,94.93
2024-02-02 16:00:00,11.665112,94.04
2024-02-02 17:00:00,11.001345,103.0
2024-02-02 18:00:00,5.608033,113.96
2024-02-02 19:00:00,5.7,99.04
2024-02-02 20:00:00,5.879623,101.96
2024-02-02 21:00:00,5.8310003,99.0
2024-02-02 22:00:00,5.969377,108.07
2024-02-02 23:00:00,6.1139793,104.93
2024-02-03 00:00:00,6.089153,104.04
2024-02-03 01:00:00,5.436869,98.96
2024-02-03 02:00:00,5.8530416,104.97
2024-02-03 03:00:00,5.9699774,100.07
2024-02-03 04:00:00,5.700848,110.0
2024-02-03 05:00:00,6.500001,92.96
2024-02-03 06:00:00,5.575644,101.0
2024-02-03 07:00:00,6.333509,103.04
2024-02-03 08:00:00,5.8583903,98.96
2024-02-03 09:00:00,5.9431653,107.0
2024-02-03 10:00:00,6.7932196,104.0
2024-02-03 11:00:00,18.861797,70.04
2024-02-03 12:00:00,18.474957,71.0
2024-02-03 13:00:00,18.777992,71.0
2024-02-03 14:00:00,16.754185,72.93
2024-02-03 15:00:00,7.890194,78.03
2024-02-03 16:00:00,5.0551033,88.04
2024-02-03 17:00:00,6.132078,116.0
2024-02-03 18:00:00,6.6874924,100.0
2024-02-03 19:00:00,5.642508,95.0
2024-02-03 20:00:00,6.1068687,108.0
2024-02-03 21:00:00,5.193978,103.03
2024-02-03 22:00:00,6.127005,109.0
2024-02-03 23:00:00,6.549016,85.93
2024-02-04 00:00:00,5.739623,111.04
2024-02-04 01:00:00,6.274356,110.0
2024-02-04 02:00:00,5.2727337,101.96
2024-02-04 03:00:00,5.963287,105.0
2024-02-04 04:00:00,6.029623,105.0
2024-02-04 05:00:00,5.860377,102.04
2024-02-04 06:00:00,6.1939793,118.0
2024-02-04 07:00:00,5.635645,112.96
2024-02-04 08:00:00,5.9778514,101.0
2024-02-04 09:00:00,5.582919,106.0
2024-02-04 10:00:00,6.0419264,103.04
2024-02-04 11:00:00,4.8831973,100.96
2024-02-04 12:00:00,5.8431234,105.0
2024-02-04 13:00:00,5.477514,86.0
2024-02-04 14:00:00,5.2422132,110.0
2024-02-04 15:00:00,5.3617997,105.0
2024-02-04 16:00:00,6.140345,96.04
2024-02-04 17:00:00,5.1068687,99.0
2024-02-04 18:00:00,6.73,113.93
2024-02-04 19:00:00,5.4,100.07
2024-02-04 20:00:00,6.533131,113.96
2024-02-04 21:00:00,5.617852,79.0
2024-02-04 22:00:00,5.7596393,117.04
2024-02-04 23:00:00,5.883356,106.0
2024-02-05 00:00:00,6.37,97.0
2024-02-05 01:00:00,6.360001,112.96
2024-02-05 02:00:00,5.629152,105.0
2024-02-05 03:00:00,6.23,85.0
2024-02-05 04:00:00,5.309999,113.04
2024-02-05 05:00:00,6.077853,108.96
2024-02-05 06:00:00,7.09,100.07
2024-02-05 07:00:00,13.508639,121.93
2024-02-05 08:00:00,56.7435,121.0
2024-02-05 09:00:00,98.72544,125.0
2024-02-05 10:00:00,104.05775,126.04
2024-02-05 11:00:00,83.87274,119.96
2024-02-05 12:00:00,55.80646,134.0
2024-02-05 13:00:00,76.01573,139.97
2024-02-05 14:00:00,60.349174,131.0
2024-02-05 15:00:00,63.371265,130.03
2024-02-05 16:00:00,14.411708,107.04
2024-02-05 17:00:00,12.087491,112.0
2024-02-05 18:00:00,12.132508,105.96
2024-02-05 19:00:00,11.97687,113.04
2024-02-05 20:00:00,12.113979,112.96
2024-02-05 21:00:00,12.110001,94.0
2024-02-05 22:00:00,11.947006,113.04
2024-02-05 23:00:00,11.962147,112.96
2024-02-06 00:00:00,8.377493,108.04
2024-02-06 01:00:00,6.6990013,111.96
2024-02-06 02:00:00,6.980546,102.0
2024-02-06 03:00:00,6.212963,114.04
2024-02-06 04:00:00,6.667853,121.0
2024-02-06 05:00:00,6.672995,111.93
2024-02-06 06:00:00,7.56,98.03
2024-02-06 07:00:00,14.987005,125.04
2024-02-06 08:00:00,76.32401,136.93
2024-02-06 09:00:00,74.807144,110.0
2024-02-06 10:00:00,98.69874,116.1
2024-02-06 11:00:00,87.80786,101.93
2024-02-06 12:00:00,59.346817,124.04
2024-02-06 13:00:00,87.593636,112.96
2024-02-06 14:00:00,63.232334,104.04
2024-02-06 15:00:00,61.478146,132.95999
2024-02-06 16:00:00,14.6653595,87.04
2024-02-06 17:00:00,11.860622,107.96
2024-02-06 18:00:00,12.130362,100.04
2024-02-06 19:00:00,12.052995,104.0
2024-02-06 20:00:00,11.907005,98.93
2024-02-06 21:00:00,12.218639,101.07
2024-02-06 22:00:00,12.073509,114.96
2024-02-06 23:00:00,12.086493,110.04
2024-02-07 00:00:00,11.944356,110.93
2024-02-07 01:00:00,12.236021,93.07
2024-02-07 02:00:00,12.09051,107.03
2024-02-07 03:00:00,12.100361,122.93
2024-02-07 04:00:00,11.0396385,114.04
2024-02-07 05:00:00,8.399377,100.0
2024-02-07 06:00:00,6.5209837,117.96
2024-02-07 07:00:00,15.072147,114.0
2024-02-07 08:00:00,67.659,138.0
2024-02-07 09:00:00,73.03277,140.97
2024-02-07 10:00:00,91.60102,139.0
2024-02-07 11:00:00,70.13006,135.07
2024-02-07 12:00:00,41.248657,120.0
2024-02-07 13:00:00,69.48623,132.95999
2024-02-07 14:00:00,57.246796,124.97
2024-02-07 15:00:00,54.997227,121.0
2024-02-07 16:00:00,19.319326,111.03
2024-02-07 17:00:00,15.82128,117.0
2024-02-07 18:00:00,14.557492,121.04
2024-02-07 19:00:00,13.219377,121.96
2024-02-07 20:00:00,12.173131,121.97
2024-02-07 21:00:00,12.189999,123.07
2024-02-07 22:00:00,12.4564905,122.96
2024-02-07 23:00:00,12.184355,121.04
2024-02-08 00:00:00,12.266644,122.93
2024-02-08 01:00:00,12.292508,121.03
2024-02-08 02:00:00,12.139887,123.0
2024-02-08 03:00:00,8.826869,123.0
2024-02-08 04:00:00,5.98,122.0
2024-02-08 05:00:00,5.983979,123.0
2024-02-08 06:00:00,7.196644,124.0
2024-02-08 07:00:00,13.448999,134.0
2024-02-08 08:00:00,64.34218,145.0
2024-02-08 09:00:00,75.69322,142.97
2024-02-08 10:00:00,97.79886,139.03
2024-02-08 11:00:00,71.217026,142.0
2024-02-08 12:00:00,50.34856,137.97
2024-02-08 13:00:00,72.63848,133.03
2024-02-08 14:00:00,55.259388,131.0
2024-02-08 15:00:00,62.172882,122.0
2024-02-08 16:00:00,16.316597,118.0
2024-02-08 17:00:00,12.229624,103.0
2024-02-08 18:00:00,12.150622,114.0
2024-02-08 19:00:00,12.183356,110.0
2024-02-08 20:00:00,12.186021,122.04
2024-02-08 21:00:00,12.323132,124.0
2024-02-08 22:00:00,7.8308477,120.93
2024-02-08 23:00:00,6.4560213,120.03
2024-02-09 00:00:00,5.683978,106.0
2024-02-09 01:00:00,6.025644,129.97
2024-02-09 02:00:00,6.525508,110.0
2024-02-09 03:00:00,6.504869,120.03
2024-02-09 04:00:00,5.379623,114.0
2024-02-09 05:00:00,7.614356,138.0
2024-02-09 06:00:00,7.006021,119.0
2024-02-09 07:00:00,13.150623,134.97
2024-02-09 08:00:00,37.578358,141.03
2024-02-09 09:00:00,49.459503,141.97
2024-02-09 10:00:00,42.387146,139.03
2024-02-09 11:00:00,29.216314,140.0
2024-02-09 12:00:00,13.346632,138.97
2024-02-09 13:00:00,12.362289,129.03
2024-02-09 14:00:00,12.206894,123.04
2024-02-09 15:00:00,12.358019,124.93
2024-02-09 16:00:00,12.616398,127.0
2024-02-09 17:00:00,11.823508,130.03
2024-02-09 18:00:00,6.09,125.0
2024-02-09 19:00:00,5.956492,127.0
2024-02-09 20:00:00,6.560377,130.0
2024-02-09 21:00:00,6.52,126.0
2024-02-09 22:00:00,5.99,129.0
2024-02-09 23:00:00,5.968337,126.909996
2024-02-10 00:00:00,5.8012857,127.06
2024-02-10 01:00:00,6.263508,126.03
2024-02-10 02:00:00,8.639999,121.0
2024-02-10 03:00:00,6.567492,125.0
2024-02-10 04:00:00,5.869377,127.0
2024-02-10 05:00:00,6.4199996,125.04
2024-02-10 06:00:00,5.93,126.0
2024-02-10 07:00:00,5.339623,125.96
2024-02-10 08:00:00,6.349941,125.04
2024-02-10 09:00:00,6.3042874,122.93
2024-02-10 10:00:00,6.3834414,121.03
2024-02-10 11:00:00,5.9678426,117.97
2024-02-10 12:00:00,5.3010397,118.03
2024-02-10 13:00:00,5.6192665,120.0
2024-02-10 14:00:00,5.813689,113.97
2024-02-10 15:00:00,6.279489,117.03
2024-02-10 16:00:00,5.6619205,122.0
2024-02-10 17:00:00,5.666492,120.0
2024-02-10 18:00:00,5.550377,118.0
2024-02-10 19:00:00,6.3096232,121.0
2024-02-10 20:00:00,5.850377,121.97
2024-02-10 21:00:00,6.469623,117.03
2024-02-10 22:00:00,6.229393,118.97
2024-02-10 23:00:00,5.604115,122.03
2024-02-11 00:00:00,6.206869,118.04
2024-02-11 01:00:00,5.883979,125.96
2024-02-11 02:00:00,5.5690403,118.04
2024-02-11 03:00:00,6.750847,121.93
2024-02-11 04:00:00,6.136644,117.03
2024-02-11 05:00:00,6.039377,126.0
2024-02-11 06:00:00,5.52,123.0
2024-02-11 07:00:00,5.599622,122.0
2024-02-11 08:00:00,6.424177,122.97
2024-02-11 09:00:00,6.1634197,121.03
2024-02-11 10:00:00,5.449192,117.97
2024-02-11 11:00:00,5.993075,117.03
2024-02-11 12:00:00,5.6890206,117.04
2024-02-11 13:00:00,5.846526,122.93
2024-02-11 14:00:00,5.4235773,115.03
2024-02-11 15:00:00,6.428079,113.04
2024-02-11 16:00:00,6.6603227,117.93
2024-02-11 17:00:00,5.734356,122.03
2024-02-11 18:00:00,5.429152,118.0
2024-02-11 19:00:00,6.466869,117.0
2024-02-11 20:00:00,5.983131,124.0
2024-02-11 21:00:00,5.846492,120.0
2024-02-11 22:00:00,6.690376,118.0
2024-02-11 23:00:00,6.159623,116.97
2024-02-12 00:00:00,5.71,118.03
2024-02-12 01:00:00,6.304356,122.04
2024-02-12 02:00:00,5.5591516,119.0
2024-02-12 03:00:00,6.610848,115.96
2024-02-12 04:00:00,6.629152,119.0
2024-02-12 05:00:00,5.876492,121.0
2024-02-12 06:00:00,6.824355,116.04
2024-02-12 07:00:00,12.448522,127.96
2024-02-12 08:00:00,44.096756,141.0
2024-02-12 09:00:00,102.64129,137.0
2024-02-12 10:00:00,119.83899,137.0
2024-02-12 11:00:00,88.84532,133.97
2024-02-12 12:00:00,53.70405,125.03
2024-02-12 13:00:00,72.31981,130.0
2024-02-12 14:00:00,61.050804,122.04
2024-02-12 15:00:00,48.04928,117.96
2024-02-12 16:00:00,14.801847,107.04
2024-02-12 17:00:00,12.342533,115.96
2024-02-12 18:00:00,12.556868,105.0
2024-02-12 19:00:00,12.3,108.97
2024-02-12 20:00:00,12.413131,125.03
2024-02-12 21:00:00,12.41,102.04
2024-02-12 22:00:00,6.936869,121.0
2024-02-12 23:00:00,6.783131,87.93
2024-02-13 00:00:00,5.746492,139.03
2024-02-13 01:00:00,6.620376,109.0
2024-02-13 02:00:00,5.597368,114.04
2024-02-13 03:00:00,6.312632,128.0
2024-02-13 04:00:00,6.193456,107.96
2024-02-13 05:00:00,8.866545,105.0
2024-02-13 06:00:00,7.073131,136.0
2024-02-13 07:00:00,14.858992,132.97
2024-02-13 08:00:00,45.20317,133.03
2024-02-13 09:00:00,55.72212,128.0
2024-02-13 10:00:00,76.98519,125.0
2024-02-13 11:00:00,61.832348,123.0
2024-02-13 12:00:00,44.43202,125.97
2024-02-13 13:00:00,48.105507,120.03
2024-02-13 14:00:00,41.1531,115.0
2024-02-13 15:00:00,44.330116,117.97
2024-02-13 16:00:00,14.939381,100.03
2024-02-13 17:00:00,12.54,103.97
2024-02-13 18:00:00,12.38,104.03
2024-02-13 19:00:00,12.393131,100.0
2024-02-13 20:00:00,12.236868,109.0
2024-02-13 21:00:00,12.4431305,105.04
2024-02-13 22:00:00,12.426869,107.96
2024-02-13 23:00:00,11.639623,105.04
2024-02-14 00:00:00,6.230377,110.0
2024-02-14 01:00:00,5.489623,94.93
2024-02-14 02:00:00,5.8271427,112.03
2024-02-14 03:00:00,6.033234,108.97
2024-02-14 04:00:00,5.76,112.03
2024-02-14 05:00:00,6.513979,103.0
2024-02-14 06:00:00,6.9456453,113.04
2024-02-14 07:00:00,14.283508,116.96
2024-02-14 08:00:00,44.344162,136.97
2024-02-14 09:00:00,68.6279,138.0
2024-02-14 10:00:00,96.17874,136.03
2024-02-14 11:00:00,93.5957,133.0
2024-02-14 12:00:00,58.462463,106.97
2024-02-14 13:00:00,84.79321,124.03
2024-02-14 14:00:00,58.368324,112.0
2024-02-14 15:00:00,57.938763,112.0
2024-02-14 16:00:00,14.514582,103.04
2024-02-14 17:00:00,12.349053,91.96
2024-02-14 18:00:00,12.1603775,104.0
2024-02-14 19:00:00,12.4431305,90.04
2024-02-14 20:00:00,12.257853,97.96
2024-02-14 21:00:00,12.469016,106.04
2024-02-14 22:00:00,9.059016,83.0
2024-02-14 23:00:00,6.454115,97.96
2024-02-15 00:00:00,6.460001,96.04
2024-02-15 01:00:00,6.195492,95.0
2024-02-15 02:00:00,6.115663,95.0
2024-02-15 03:00:00,6.666337,92.0
2024-02-15 04:00:00,6.167027,109.96
2024-02-15 05:00:00,6.453334,86.04
2024-02-15 06:00:00,8.91,99.96
2024-02-15 07:00:00,14.174646,99.97
2024-02-15 08:00:00,44.47586,101.03
2024-02-15 09:00:00,78.58707,103.04
2024-02-15 10:00:00,107.17169,114.0
2024-02-15 11:00:00,91.436615,92.96
2024-02-15 12:00:00,55.697742,105.04
2024-02-15 13:00:00,71.6198,95.96
2024-02-15 14:00:00,49.76057,91.0
2024-02-15 15:00:00,46.274483,86.04
2024-02-15 16:00:00,14.671632,85.0
2024-02-15 17:00:00,16.301119,75.0
2024-02-15 18:00:00,12.043132,79.03
2024-02-15 19:00:00,12.196492,86.93
2024-02-15 20:00:00,12.183508,77.04
2024-02-15 21:00:00,12.017492,82.93
2024-02-15 22:00:00,12.039,80.07
2024-02-15 23:00:00,12.340377,85.0
2024-02-16 00:00:00,7.7496233,82.03
2024-02-16 01:00:00,6.683508,85.97
2024-02-16 02:00:00,5.757492,83.0
2024-02-16 03:00:00,6.659376,81.03
2024-02-16 04:00:00,6.19,83.93
2024-02-16 05:00:00,6.04,86.0
2024-02-16 06:00:00,9.460984,80.04
2024-02-16 07:00:00,14.74864,108.96
2024-02-16 08:00:00,33.81514,90.04
2024-02-16 09:00:00,52.718327,91.0
2024-02-16 10:00:00,44.924088,96.0
2024-02-16 11:00:00,27.693062,78.96
2024-02-16 12:00:00,23.549858,78.04
2024-02-16 13:00:00,22.232208,71.03
2024-02-16 14:00:00,13.524063,73.97
2024-02-16 15:00:00,6.201357,74.0
2024-02-16 16:00:00,5.504061,78.0
2024-02-16 17:00:00,6.441697,82.96
2024-02-16 18:00:00,6.233508,74.04
2024-02-16 19:00:00,6.3006897,84.96
2024-02-16 20:00:00,5.87931,80.0
2024-02-16 21:00:00,6.5208483,98.04
2024-02-16 22:00:00,5.769153,84.0
2024-02-16 23:00:00,6.166869,77.96
2024-02-17 00:00:00,6.203978,91.0
2024-02-17 01:00:00,6.976021,93.97
2024-02-17 02:00:00,5.7932053,88.07
2024-02-17 03:00:00,6.2399263,94.96
2024-02-17 04:00:00,5.8,92.04
2024-02-17 05:00:00,6.276869,97.0
2024-02-17 06:00:00,5.382622,82.0
2024-02-17 07:00:00,0.0,79.96
2024-02-17 08:00:00,0.273025,78.04
2024-02-17 09:00:00,2.1695614,76.0
2024-02-17 10:00:00,4.004188,77.0
2024-02-17 11:00:00,5.979151,70.0
2024-02-17 12:00:00,6.5045977,74.0
2024-02-17 13:00:00,6.109705,70.03
2024-02-17 14:00:00,4.3922763,71.97
2024-02-17 15:00:00,2.6917124,75.0
2024-02-17 16:00:00,0.8123952,72.0
2024-02-17 17:00:00,0.0,76.0
2024-02-17 18:00:00,5.8325,74.0
2024-02-17 19:00:00,6.0175,75.96
2024-02-17 20:00:00,5.8325,78.04
2024-02-17 21:00:00,5.55,78.0
2024-02-17 22:00:00,5.4175,78.96
2024-02-17 23:00:00,5.3824997,84.04
2024-02-18 00:00:00,5.85,86.0
2024-02-18 01:00:00,6.15,86.96
2024-02-18 02:00:00,5.7174997,87.04
2024-02-18 03:00:00,5.5325003,84.96
2024-02-18 04:00:00,5.7174997,82.0
2024-02-18 05:00:00,5.365,84.04
2024-02-18 06:00:00,5.5675,84.0
2024-02-18 07:00:00,6.0,85.0
2024-02-18 08:00:00,5.9766073,75.96
2024-02-18 09:00:00,5.479651,88.04
2024-02-18 10:00:00,5.416067,75.96
2024-02-18 11:00:00,5.6920886,75.04
2024-02-18 12:00:00,5.604335,71.0
2024-02-18 13:00:00,5.0920935,81.0
2024-02-18 14:00:00,5.627895,76.0
2024-02-18 15:00:00,5.3727665,74.0
2024-02-18 16:00:00,5.016779,79.0
2024-02-18 17:00:00,5.55,75.0
2024-02-18 18:00:00,5.4175,75.03
2024-02-18 19:00:00,6.2825003,79.97
2024-02-18 20:00:00,5.85,75.0
2024-02-18 21:00:00,5.5675,79.96
2024-02-18 22:00:00,5.8325,74.04
2024-02-18 23:00:00,5.5675,80.0
2024-02-19 00:00:00,5.8325,72.0
2024-02-19 01:00:00,5.8675,80.96
2024-02-19 02:00:00,5.6564646,79.04
2024-02-19 03:00:00,5.593421,82.96
2024-02-19 04:00:00,5.382787,80.04
2024-02-19 05:00:00,5.8672132,80.96
2024-02-19 06:00:00,6.2825,85.0
2024-02-19 07:00:00,25.182499,88.04
2024-02-19 08:00:00,63.745293,98.96
2024-02-19 09:00:00,74.17058,108.0
2024-02-19 10:00:00,103.9885,103.0
2024-02-19 11:00:00,81.81501,100.0
2024-02-19 12:00:00,51.367466,98.0
2024-02-19 13:00:00,70.51456,94.04
2024-02-19 14:00:00,58.084736,93.0
2024-02-19 15:00:00,42.616505,91.0
2024-02-19 16:00:00,10.651142,86.96
2024-02-19 17:00:00,6.3002872,79.04
2024-02-19 18:00:00,5.849713,87.96
2024-02-19 19:00:00,6.1499996,81.04
2024-02-19 20:00:00,7.3675003,91.96
2024-02-19 21:00:00,6.2825,83.04
2024-02-19 22:00:00,6.000287,86.0
2024-02-19 23:00:00,6.017213,87.96
2024-02-20 00:00:00,6.6,80.04
2024-02-20 01:00:00,5.7,91.96
2024-02-20 02:00:00,6.994643,87.04
2024-02-20 03:00:00,5.905357,84.96
2024-02-20 04:00:00,6.5825,92.04
2024-02-20 05:00:00,5.55,88.0
2024-02-20 06:00:00,7.2,79.96
2024-02-20 07:00:00,27.261217,98.0
2024-02-20 08:00:00,74.58175,104.0
2024-02-20 09:00:00,67.93248,101.04
2024-02-20 10:00:00,89.18403,111.0
2024-02-20 11:00:00,63.40311,95.96
2024-02-20 12:00:00,45.21766,93.0
2024-02-20 13:00:00,68.1823,97.04
2024-02-20 14:00:00,54.811592,94.0
2024-02-20 15:00:00,56.2388,92.96
2024-02-20 16:00:00,21.275196,86.07
2024-02-20 17:00:00,14.016258,80.93
2024-02-20 18:00:00,12.75,74.0
2024-02-20 19:00:00,9.7675,79.0
2024-02-20 20:00:00,10.35,85.0
2024-02-20 21:00:00,7.500287,79.0
2024-02-20 22:00:00,5.417213,85.04
2024-02-20 23:00:00,5.834746,81.0
2024-02-21 00:00:00,5.415254,81.0
2024-02-21 01:00:00,6.0,84.96
2024-02-21 02:00:00,5.232787,80.0
2024-02-21 03:00:00,6.6172132,81.0
2024-02-21 04:00:00,5.6825,84.04
2024-02-21 05:00:00,6.15,84.0
2024-02-21 06:00:00,6.9,80.96
2024-02-21 07:00:00,24.058025,92.04
2024-02-21 08:00:00,70.50899,100.96
2024-02-21 09:00:00,73.92477,102.0
2024-02-21 10:00:00,97.92626,99.04
2024-02-21 11:00:00,83.58366,92.0
2024-02-21 12:00:00,46.664005,91.96
2024-02-21 13:00:00,82.33011,126.0
2024-02-21 14:00:00,58.75394,95.07
2024-02-21 15:00:00,55.747494,112.93
2024-02-21 16:00:00,16.111767,86.07
2024-02-21 17:00:00,12.050803,85.97
2024-02-21 18:00:00,11.670847,92.96
2024-02-21 19:00:00,11.659152,87.04
2024-02-21 20:00:00,11.487005,98.0
2024-02-21 21:00:00,11.75064,102.0
2024-02-21 22:00:00,11.442356,87.0
2024-02-21 23:00:00,11.547007,106.93
2024-02-22 00:00:00,8.143306,89.03
2024-02-22 01:00:00,6.159689,97.0
2024-02-22 02:00:00,6.127988,100.97
2024-02-22 03:00:00,5.969656,91.07
2024-02-22 04:00:00,6.383204,105.96
2024-02-22 05:00:00,6.407141,106.04
2024-02-22 06:00:00,7.089656,93.0
2024-02-22 07:00:00,12.668377,102.93
2024-02-22 08:00:00,38.608894,130.0
2024-02-22 09:00:00,61.580627,100.0
2024-02-22 10:00:00,82.7729,108.03
2024-02-22 11:00:00,74.699036,96.0
2024-02-22 12:00:00,52.977104,110.0
2024-02-22 13:00:00,72.8684,94.04
2024-02-22 14:00:00,51.509354,105.0
2024-02-22 15:00:00,43.573994,102.03
2024-02-22 16:00:00,17.421352,85.93
2024-02-22 17:00:00,14.269282,82.07
2024-02-22 18:00:00,12.143132,90.97
2024-02-22 19:00:00,12.106493,86.96
2024-02-22 20:00:00,12.193508,89.97
2024-02-22 21:00:00,11.186869,84.03
2024-02-22 22:00:00,6.623131,89.0
2024-02-22 23:00:00,5.486869,91.97
2024-02-23 00:00:00,5.999623,75.0
2024-02-23 01:00:00,5.903508,99.07
2024-02-23 02:00:00,5.9737864,97.96
2024-02-23 03:00:00,6.496101,110.04
2024-02-23 04:00:00,5.897492,78.93
2024-02-23 05:00:00,6.8289995,119.03
2024-02-23 06:00:00,7.8599997,99.0
2024-02-23 07:00:00,14.513509,126.0
2024-02-23 08:00:00,33.131916,117.97
2024-02-23 09:00:00,62.14547,139.03
2024-02-23 10:00:00,56.34886,98.0
2024-02-23 11:00:00,30.578297,101.04
2024-02-23 12:00:00,23.09431,96.0
2024-02-23 13:00:00,23.799927,84.96
2024-02-23 14:00:00,15.041472,94.04
2024-02-23 15:00:00,5.3500676,94.0
2024-02-23 16:00:00,6.7109647,96.0
2024-02-23 17:00:00,5.3549747,104.0
2024-02-23 18:00:00,5.706869,101.96
2024-02-23 19:00:00,6.213132,107.0
2024-02-23 20:00:00,6.196492,105.0
2024-02-23 21:00:00,6.120377,101.0
2024-02-23 22:00:00,6.960623,110.0
2024-02-23 23:00:00,5.532508,98.0
2024-02-24 00:00:00,6.55,89.04
2024-02-24 01:00:00,6.135885,107.96
2024-02-24 02:00:00,6.104114,113.0
2024-02-24 03:00:00,5.706868,121.0
2024-02-24 04:00:00,6.61,111.04
2024-02-24 05:00:00,6.619999,98.93
2024-02-24 06:00:00,6.71,116.03
2024-02-24 07:00:00,5.544912,111.04
2024-02-24 08:00:00,6.558197,118.96
2024-02-24 09:00:00,6.1342273,100.0
2024-02-24 10:00:00,12.704624,98.04
2024-02-24 11:00:00,16.003078,82.96
2024-02-24 12:00:00,21.649208,76.0
2024-02-24 13:00:00,20.429932,73.04
2024-02-24 14:00:00,14.481012,78.0
2024-02-24 15:00:00,10.925048,94.96
2024-02-24 16:00:00,5.564163,83.0
2024-02-24 17:00:00,6.55,90.97
2024-02-24 18:00:00,6.373131,116.03
2024-02-24 19:00:00,5.8568687,98.97
2024-02-24 20:00:00,5.969623,99.07
2024-02-24 21:00:00,6.291,112.96
2024-02-24 22:00:00,6.459376,110.0
2024-02-24 23:00:00,6.3,108.97
2024-02-25 00:00:00,6.35,100.03
2024-02-25 01:00:00,5.736341,108.880005
2024-02-25 02:00:00,6.511651,106.19
2024-02-25 03:00:00,5.852008,119.9
2024-02-25 04:00:00,7.879623,100.0
2024-02-25 05:00:00,6.970377,103.07
2024-02-25 06:00:00,6.083131,128.95999
2024-02-25 07:00:00,6.159775,108.0
2024-02-25 08:00:00,5.513114,113.91
2024-02-25 09:00:00,5.7773733,112.09
2024-02-25 10:00:00,8.218755,106.0
2024-02-25 11:00:00,18.497631,84.0
2024-02-25 12:00:00,17.7502,81.07
2024-02-25 13:00:00,12.729743,86.97
2024-02-25 14:00:00,15.201377,84.0
2024-02-25 15:00:00,6.634801,98.96
2024-02-25 16:00:00,5.5371604,106.0
2024-02-25 17:00:00,6.8750334,87.0
2024-02-25 18:00:00,5.713508,111.04
2024-02-25 19:00:00,6.4700003,112.0
2024-02-25 20:00:00,6.026869,104.0
2024-02-25 21:00:00,6.1506233,107.96
2024-02-25 22:00:00,6.229377,98.0
2024-02-25 23:00:00,6.553979,116.0
2024-02-26 00:00:00,6.226021,112.0
2024-02-26 01:00:00,6.4039793,109.97
2024-02-26 02:00:00,6.3251762,94.03
2024-02-26 03:00:00,5.659861,133.97
2024-02-26 04:00:00,6.464115,112.03
2024-02-26 05:00:00,6.736869,116.0
2024-02-26 06:00:00,6.923132,113.0
2024-02-26 07:00:00,12.612519,138.0
2024-02-26 08:00:00,38.08087,139.0
2024-02-26 09:00:00,74.1842,141.0
2024-02-26 10:00:00,95.71965,147.0
2024-02-26 11:00:00,73.37192,141.0
2024-02-26 12:00:00,51.85869,137.0
2024-02-26 13:00:00,65.85818,136.97
2024-02-26 14:00:00,52.478466,128.03
2024-02-26 15:00:00,34.536934,129.0
2024-02-26 16:00:00,17.698143,119.0
2024-02-26 17:00:00,13.7226515,111.97
2024-02-26 18:00:00,12.45,111.03
2024-02-26 19:00:00,12.516492,120.0
2024-02-26 20:00:00,12.334356,115.04
2024-02-26 21:00:00,6.656021,121.93
2024-02-26 22:00:00,6.363132,117.03
2024-02-26 23:00:00,5.7968693,120.97
2024-02-27 00:00:00,6.249623,121.03
2024-02-27 01:00:00,6.410377,118.04
2024-02-27 02:00:00,5.223909,117.0
2024-02-27 03:00:00,6.079223,115.03
2024-02-27 04:00:00,5.9464917,122.0
2024-02-27 05:00:00,6.400377,119.93
2024-02-27 06:00:00,8.80313,117.0
2024-02-27 07:00:00,14.704514,131.97
2024-02-27 08:00:00,33.637077,129.03
2024-02-27 09:00:00,58.817898,137.0
2024-02-27 10:00:00,78.61755,136.97
2024-02-27 11:00:00,63.56877,120.0
2024-02-27 12:00:00,44.47536,129.0
2024-02-27 13:00:00,54.3853,125.03
2024-02-27 14:00:00,43.623325,111.04
2024-02-27 15:00:00,37.871006,121.96
2024-02-27 16:00:00,17.09272,115.0
2024-02-27 17:00:00,13.285507,102.0
2024-02-27 18:00:00,12.32,107.04
2024-02-27 19:00:00,12.386492,114.0
2024-02-27 20:00:00,12.55,112.93
2024-02-27 21:00:00,10.04,117.03
2024-02-27 22:00:00,6.110377,113.04
2024-02-27 23:00:00,5.903131,109.93
2024-02-28 00:00:00,6.566492,115.1
2024-02-28 01:00:00,6.120377,120.93
2024-02-28 02:00:00,6.25,117.0
2024-02-28 03:00:00,5.803131,115.0
2024-02-28 04:00:00,5.46,115.04
2024-02-28 05:00:00,6.7,120.0
2024-02-28 06:00:00,7.3968687,118.96
2024-02-28 07:00:00,13.560709,132.0
2024-02-28 08:00:00,45.559303,137.0
2024-02-28 09:00:00,67.275116,140.0
2024-02-28 10:00:00,81.7076,139.0
2024-02-28 11:00:00,59.727737,136.0
2024-02-28 12:00:00,46.105953,136.97
2024-02-28 13:00:00,62.27277,118.07
2024-02-28 14:00:00,51.595024,128.95999
2024-02-28 15:00:00,34.902153,118.0
2024-02-28 16:00:00,14.702375,104.0
2024-02-28 17:00:00,12.046004,113.0
2024-02-28 18:00:00,11.996644,103.0
2024-02-28 19:00:00,12.020361,102.0
2024-02-28 20:00:00,12.019639,120.0
2024-02-28 21:00:00,12.012508,106.04
2024-02-28 22:00:00,11.410847,113.0
2024-02-28 23:00:00,5.999477,106.93
2024-02-29 00:00:00,5.520523,107.03
2024-02-29 01:00:00,7.08,114.0
2024-02-29 02:00:00,6.0380316,115.0
2024-02-29 03:00:00,6.1110077,115.97
2024-02-29 04:00:00,5.630847,123.03
2024-02-29 05:00:00,5.807005,110.0
2024-02-29 06:00:00,7.612995,122.0
2024-02-29 07:00:00,13.63768,130.0
2024-02-29 08:00:00,32.997593,135.97
2024-02-29 09:00:00,50.026127,121.03
2024-02-29 10:00:00,67.11637,96.0
2024-02-29 11:00:00,47.600563,107.97
2024-02-29 12:00:00,45.2897,105.03
2024-02-29 13:00:00,50.528458,96.04
2024-02-29 14:00:00,38.593746,108.0
2024-02-29 15:00:00,27.088116,99.96
2024-02-29 16:00:00,16.058634,82.04
2024-02-29 17:00:00,12.738297,88.0
2024-02-29 18:00:00,11.779639,97.0
2024-02-29 19:00:00,11.950359,99.0
2024-02-29 20:00:00,11.81,92.0
2024-02-29 21:00:00,10.832995,91.96
2024-02-29 22:00:00,5.490847,103.97
2024-02-29 23:00:00,5.916157,100.0
2024-03-01 00:00:00,5.739639,101.03
2024-03-01 01:00:00,6.403667,103.04
2024-03-01 02:00:00,5.9305363,96.96
2024-03-01 03:00:00,6.2291527,112.0
2024-03-01 04:00:00,6.317004,107.04
2024-03-01 05:00:00,6.063842,109.03
2024-03-01 06:00:00,8.179152,104.97
2024-03-01 07:00:00,12.453021,126.96
2024-03-01 08:00:00,19.606808,117.0
2024-03-01 09:00:00,42.05664,119.0
2024-03-01 10:00:00,40.91285,105.0
2024-03-01 11:00:00,28.909979,120.0
2024-03-01 12:00:00,19.844873,84.04
2024-03-01 13:00:00,19.925428,92.96
2024-03-01 14:00:00,18.883389,79.07
2024-03-01 15:00:00,13.716644,81.97
2024-03-01 16:00:00,7.622416,79.96
2024-03-01 17:00:00,5.1501937,96.0
2024-03-01 18:00:00,6.4344482,84.07
2024-03-01 19:00:00,5.819639,97.93
2024-03-01 20:00:00,6.703356,104.04
2024-03-01 21:00:00,6.226644,94.0
2024-03-01 22:00:00,5.490361,102.0
2024-03-01 23:00:00,6.423842,98.0
2024-03-02 00:00:00,5.945796,96.0
2024-03-02 01:00:00,6.383356,100.96
2024-03-02 02:00:00,6.796645,88.97
2024-03-02 03:00:00,6.194203,91.100006
2024-03-02 04:00:00,6.026158,99.93
2024-03-02 05:00:00,5.542995,96.0
2024-03-02 06:00:00,6.417005,103.04
2024-03-02 07:00:00,6.1377587,89.0
2024-03-02 08:00:00,7.4376526,105.0
2024-03-02 09:00:00,6.738975,94.0
2024-03-02 10:00:00,21.58322,74.0
2024-03-02 11:00:00,23.85682,62.0
2024-03-02 12:00:00,17.33202,60.0
2024-03-02 13:00:00,15.08842,68.96
2024-03-02 14:00:00,22.406313,64.07
2024-03-02 15:00:00,19.098148,57.93
2024-03-02 16:00:00,12.929505,58.04
2024-03-02 17:00:00,8.765135,69.0
2024-03-02 18:00:00,6.010147,83.0
2024-03-02 19:00:00,6.016021,85.0
2024-03-02 20:00:00,6.453979,95.96
2024-03-02 21:00:00,5.75,87.04
2024-03-02 22:00:00,6.496644,98.96
2024-03-02 23:00:00,6.34,89.97
2024-03-03 00:00:00,5.603356,94.03
2024-03-03 01:00:00,6.32,100.0
2024-03-03 02:00:00,5.763195,93.0
2024-03-03 03:00:00,6.636804,92.04
2024-03-03 04:00:00,5.916644,109.96
2024-03-03 05:00:00,6.370361,87.0
2024-03-03 06:00:00,5.62,99.04
2024-03-03 07:00:00,5.3139243,109.96
2024-03-03 08:00:00,7.173033,84.97
2024-03-03 09:00:00,8.633564,94.07
2024-03-03 10:00:00,16.000488,76.0
2024-03-03 11:00:00,22.322601,67.96
2024-03-03 12:00:00,20.549593,64.0
2024-03-03 13:00:00,22.784275,61.04
2024-03-03 14:00:00,18.250574,59.0
2024-03-03 15:00:00,19.68416,60.0
2024-03-03 16:00:00,11.971518,63.96
2024-03-03 17:00:00,5.491754,86.0
2024-03-03 18:00:00,5.447852,84.04
2024-03-03 19:00:00,6.2996387,91.0
2024-03-03 20:00:00,5.99,88.0
2024-03-03 21:00:00,5.990361,88.96
2024-03-03 22:00:00,5.809999,91.04
2024-03-03 23:00:00,5.8186398,89.03
2024-03-04 00:00:00,6.193507,99.97
2024-03-04 01:00:00,6.026491,96.96
2024-03-04 02:00:00,5.750001,102.04
2024-03-04 03:00:00,5.993508,87.93
2024-03-04 04:00:00,6.3368683,90.03
2024-03-04 05:00:00,5.713978,100.04
2024-03-04 06:00:00,6.8756437,108.0
2024-03-04 07:00:00,13.210012,106.96
2024-03-04 08:00:00,37.92419,129.07
2024-03-04 09:00:00,49.220898,99.93
2024-03-04 10:00:00,100.81638,112.0
2024-03-04 11:00:00,81.38234,113.0
2024-03-04 12:00:00,49.513027,104.0
2024-03-04 13:00:00,71.0079,102.97
2024-03-04 14:00:00,47.371433,91.07
2024-03-04 15:00:00,49.005756,90.0
2024-03-04 16:00:00,18.408241,94.0
2024-03-04 17:00:00,13.35898,85.96
2024-03-04 18:00:00,13.358167,94.04
2024-03-04 19:00:00,12.793508,105.96
2024-03-04 20:00:00,12.356869,111.04
2024-03-04 21:00:00,12.27313,101.0
2024-03-04 22:00:00,12.520847,87.96
2024-03-04 23:00:00,12.045644,113.04
2024-03-05 00:00:00,12.093508,108.96
2024-03-05 01:00:00,12.216869,111.04
2024-03-05 02:00:00,9.967293,105.96
2024-03-05 03:00:00,6.602593,97.0
2024-03-05 04:00:00,5.84,115.04
2024-03-05 05:00:00,6.369623,107.96
2024-03-05 06:00:00,6.904355,104.04
2024-03-05 07:00:00,14.565926,134.95999
2024-03-05 08:00:00,40.315544,124.97
2024-03-05 09:00:00,79.41912,127.03
2024-03-05 10:00:00,86.89211,108.0
2024-03-05 11:00:00,67.04016,106.0
2024-03-05 12:00:00,46.94289,111.0
2024-03-05 13:00:00,60.933235,103.97
2024-03-05 14:00:00,52.897324,113.03
2024-03-05 15:00:00,35.50268,112.04
2024-03-05 16:00:00,14.368362,102.0
2024-03-05 17:00:00,12.735165,108.96
2024-03-05 18:00:00,12.172508,98.0
2024-03-05 19:00:00,12.326492,110.97
2024-03-05 20:00:00,12.163507,111.1
2024-03-05 21:00:00,12.166491,114.93
2024-03-05 22:00:00,11.4503765,111.0
2024-03-05 23:00:00,5.593131,107.0
2024-03-06 00:00:00,6.266869,105.0
2024-03-06 01:00:00,5.773131,110.04
2024-03-06 02:00:00,5.926325,109.93
2024-03-06 03:00:00,6.510544,95.03
2024-03-06 04:00:00,6.533131,117.04
2024-03-06 05:00:00,5.457492,117.0
2024-03-06 06:00:00,6.4825077,109.0
2024-03-06 07:00:00,12.468051,128.96
2024-03-06 08:00:00,41.66197,131.04001
2024-03-06 09:00:00,61.667473,133.95999
2024-03-06 10:00:00,95.15581,136.0
2024-03-06 11:00:00,75.860535,107.97
2024-03-06 12:00:00,44.38764,130.07
2024-03-06 13:00:00,80.09709,117.0
2024-03-06 14:00:00,54.548824,115.93
2024-03-06 15:00:00,41.057655,121.02
2024-03-06 16:00:00,14.723385,100.049995
2024-03-06 17:00:00,13.339242,106.96
2024-03-06 18:00:00,12.52,102.0
2024-03-06 19:00:00,12.243507,101.97
2024-03-06 20:00:00,12.366491,112.03
2024-03-06 21:00:00,12.343508,116.04
2024-03-06 22:00:00,9.139999,117.0
2024-03-06 23:00:00,7.02,119.96
2024-03-07 00:00:00,5.916492,91.0
2024-03-07 01:00:00,6.23,110.0
2024-03-07 02:00:00,5.492591,120.04
2024-03-07 03:00:00,6.387409,109.96
2024-03-07 04:00:00,6.590377,109.0
2024-03-07 05:00:00,6.02,100.97
2024-03-07 06:00:00,7.030623,126.03
2024-03-07 07:00:00,13.549127,131.0
2024-03-07 08:00:00,44.070488,138.97
2024-03-07 09:00:00,45.043312,122.03
2024-03-07 10:00:00,75.8947,127.97
2024-03-07 11:00:00,67.04329,127.0
2024-03-07 12:00:00,52.67078,119.0
2024-03-07 13:00:00,66.89134,122.03
2024-03-07 14:00:00,40.061253,124.04
2024-03-07 15:00:00,33.95645,112.0
2024-03-07 16:00:00,24.261211,110.96
2024-03-07 17:00:00,14.967533,106.04
2024-03-07 18:00:00,12.44887,113.93
2024-03-07 19:00:00,12.559623,107.03
2024-03-07 20:00:00,5.98,127.0
2024-03-07 21:00:00,6.113508,123.04
2024-03-07 22:00:00,6.346492,123.96
2024-03-07 23:00:00,6.23,123.0
2024-03-08 00:00:00,5.8835077,122.0
2024-03-08 01:00:00,6.4700003,122.0
2024-03-08 02:00:00,5.85,119.97
2024-03-08 03:00:00,6.456869,126.03
2024-03-08 04:00:00,5.450984,126.0
2024-03-08 05:00:00,7.65,125.97
2024-03-08 06:00:00,8.399016,122.07
2024-03-08 07:00:00,14.014836,134.95999
2024-03-08 08:00:00,31.63976,140.0
2024-03-08 09:00:00,41.04029,138.0
2024-03-08 10:00:00,39.598934,105.04
2024-03-08 11:00:00,42.460487,120.0
2024-03-08 12:00:00,35.00075,71.0
2024-03-08 13:00:00,30.170948,68.0
2024-03-08 14:00:00,15.913971,64.0
2024-03-08 15:00:00,21.594284,67.0
2024-03-08 16:00:00,15.131501,68.0
2024-03-08 17:00:00,9.996428,94.0
2024-03-08 18:00:00,6.2665844,103.0
2024-03-08 19:00:00,5.7585487,106.0
2024-03-08 20:00:00,5.691827,107.96
2024-03-08 21:00:00,5.94,112.04
2024-03-08 22:00:00,6.09,107.0
2024-03-08 23:00:00,6.7131324,106.96
2024-03-09 00:00:00,6.556868,104.04
2024-03-09 01:00:00,6.089999,122.93
2024-03-09 02:00:00,6.113131,111.03
2024-03-09 03:00:00,6.070847,119.0
2024-03-09 04:00:00,5.9,116.0
2024-03-09 05:00:00,6.02,120.0
2024-03-09 06:00:00,6.5960197,92.0
2024-03-09 07:00:00,6.4245334,127.04
2024-03-09 08:00:00,8.715463,98.0
2024-03-09 09:00:00,18.013922,97.0
2024-03-09 10:00:00,21.783482,72.0
2024-03-09 11:00:00,13.283247,72.0
2024-03-09 12:00:00,26.436008,68.0
2024-03-09 13:00:00,16.366425,63.03
2024-03-09 14:00:00,14.116754,66.97
2024-03-09 15:00:00,13.165675,68.0
2024-03-09 16:00:00,12.752526,74.96
2024-03-09 17:00:00,4.9829054,87.04
2024-03-09 18:00:00,5.740996,96.0
2024-03-09 19:00:00,6.21,113.0
2024-03-09 20:00:00,5.869623,108.96
2024-03-09 21:00:00,5.904356,103.0
2024-03-09 22:00:00,6.05,95.04
2024-03-09 23:00:00,6.357005,111.0
2024-03-10 00:00:00,6.649639,114.96
2024-03-10 01:00:00,5.899377,98.97
2024-03-10 02:00:00,5.513979,110.03
2024-03-10 03:00:00,6.11,115.04
2024-03-10 04:00:00,5.975644,108.96
2024-03-10 05:00:00,6.284356,107.0
2024-03-10 06:00:00,6.387988,113.04
2024-03-10 07:00:00,6.5675263,111.0
2024-03-10 08:00:00,6.491459,110.96
2024-03-10 09:00:00,11.541631,83.04
2024-03-10 10:00:00,17.414034,81.0
2024-03-10 11:00:00,22.354816,79.03
2024-03-10 12:00:00,22.277052,68.93
2024-03-10 13:00:00,24.470741,68.04
2024-03-10 14:00:00,18.41471,69.96
2024-03-10 15:00:00,16.832462,81.04
2024-03-10 16:00:00,14.9151945,97.0
2024-03-10 17:00:00,5.131303,107.96
2024-03-10 18:00:00,5.9422455,95.97
2024-03-10 19:00:00,6.660376,105.03
2024-03-10 20:00:00,5.44,107.0
2024-03-10 21:00:00,5.719624,116.0
2024-03-10 22:00:00,6.08,105.0
2024-03-10 23:00:00,5.573509,110.04
2024-03-11 00:00:00,6.487492,96.96
2024-03-11 01:00:00,6.199,100.97
2024-03-11 02:00:00,5.535508,117.07
2024-03-11 03:00:00,6.154492,115.96
2024-03-11 04:00:00,5.913509,115.97
2024-03-11 05:00:00,5.766492,103.07
2024-03-11 06:00:00,6.481,110.0
2024-03-11 07:00:00,13.919377,112.93
2024-03-11 08:00:00,37.54697,141.0
2024-03-11 09:00:00,53.08883,131.07
2024-03-11 10:00:00,79.14438,140.93
2024-03-11 11:00:00,63.512085,168.03
2024-03-11 12:00:00,40.29709,135.04001
2024-03-11 13:00:00,64.72867,121.96
2024-03-11 14:00:00,47.18063,117.04
2024-03-11 15:00:00,39.684753,125.96
2024-03-11 16:00:00,15.162483,115.0
2024-03-11 17:00:00,12.673543,114.0
2024-03-11 18:00:00,12.073132,110.0
2024-03-11 19:00:00,12.080001,111.0
2024-03-11 20:00:00,12.237852,112.97
2024-03-11 21:00:00,11.978639,118.0
2024-03-11 22:00:00,12.084356,99.1
2024-03-11 23:00:00,8.387005,116.93
2024-03-12 00:00:00,6.738639,115.04
2024-03-12 01:00:00,7.170377,104.0
2024-03-12 02:00:00,6.762214,109.0
2024-03-12 03:00:00,6.50877,119.0
2024-03-12 04:00:00,6.179016,114.96
2024-03-12 05:00:00,6.470623,102.97
2024-03-12 06:00:00,8.603355,119.0
2024-03-12 07:00:00,13.325293,112.03
2024-03-12 08:00:00,52.541748,141.97
2024-03-12 09:00:00,68.41264,138.03
2024-03-12 10:00:00,79.46601,136.0
2024-03-12 11:00:00,73.34507,121.97
2024-03-12 12:00:00,46.826466,124.03
2024-03-12 13:00:00,76.82885,103.04
2024-03-12 14:00:00,54.772087,119.0
2024-03-12 15:00:00,56.526443,103.96
2024-03-12 16:00:00,17.01476,100.0
2024-03-12 17:00:00,14.785185,90.0
2024-03-12 18:00:00,14.713521,93.07
2024-03-12 19:00:00,12.333979,108.93
2024-03-12 20:00:00,12.216021,109.04
2024-03-12 21:00:00,12.493131,99.93
2024-03-12 22:00:00,12.316868,99.0
2024-03-12 23:00:00,12.193979,94.03
2024-03-13 00:00:00,12.386021,110.0
2024-03-13 01:00:00,9.393131,98.0
2024-03-13 02:00:00,6.390848,101.04
2024-03-13 03:00:00,5.9760213,109.0
2024-03-13 04:00:00,5.963131,115.96
2024-03-13 05:00:00,6.08,113.04
2024-03-13 06:00:00,5.9903812,112.0
2024-03-13 07:00:00,15.922352,122.96
2024-03-13 08:00:00,39.562355,128.97
2024-03-13 09:00:00,40.998573,136.0
2024-03-13 10:00:00,89.66849,123.0
2024-03-13 11:00:00,71.157394,94.03
2024-03-13 12:00:00,46.11709,91.0
2024-03-13 13:00:00,64.26175,101.0
2024-03-13 14:00:00,41.70899,101.0
2024-03-13 15:00:00,30.949888,97.0
2024-03-13 16:00:00,15.257127,86.0
2024-03-13 17:00:00,12.602928,81.07
2024-03-13 18:00:00,12.255639,91.93
2024-03-13 19:00:00,12.044355,91.04
2024-03-13 20:00:00,12.196644,85.96
2024-03-13 21:00:00,12.042508,81.0
2024-03-13 22:00:00,10.566869,93.0
2024-03-13 23:00:00,5.979623,96.0
2024-03-14 00:00:00,6.0003767,82.0
2024-03-14 01:00:00,5.849623,92.04
2024-03-14 02:00:00,6.749698,95.0
2024-03-14 03:00:00,6.4306793,81.0
2024-03-14 04:00:00,5.833131,102.0
2024-03-14 05:00:00,7.346869,88.93
2024-03-14 06:00:00,7.333131,95.03
2024-03-14 07:00:00,13.37998,106.04
2024-03-14 08:00:00,31.95251,112.96
2024-03-14 09:00:00,45.12198,87.04
2024-03-14 10:00:00,63.870216,93.0
2024-03-14 11:00:00,77.69365,100.96
2024-03-14 12:00:00,53.56401,81.07
2024-03-14 13:00:00,60.154343,79.97
2024-03-14 14:00:00,47.448902,77.0
2024-03-14 15:00:00,46.120808,71.0
2024-03-14 16:00:00,24.242876,69.96
2024-03-14 17:00:00,15.086998,64.97
2024-03-14 18:00:00,12.340058,67.100006
2024-03-14 19:00:00,12.036543,72.97
2024-03-14 20:00:00,10.459623,71.0
2024-03-14 21:00:00,6.730377,69.0
2024-03-14 22:00:00,5.899623,79.0
2024-03-14 23:00:00,7.0,71.96
2024-03-15 00:00:00,5.931361,73.04
2024-03-15 01:00:00,5.78964,76.03
2024-03-15 02:00:00,6.404887,71.97
2024-03-15 03:00:00,7.02536,76.0
2024-03-15 04:00:00,6.5899997,76.96
2024-03-15 05:00:00,7.289639,75.97
2024-03-15 06:00:00,7.67913,73.07
2024-03-15 07:00:00,14.056813,87.03
2024-03-15 08:00:00,29.728436,88.97
2024-03-15 09:00:00,49.68218,78.03
2024-03-15 10:00:00,46.005573,75.97
2024-03-15 11:00:00,29.647957,75.0
2024-03-15 12:00:00,22.707787,76.0
2024-03-15 13:00:00,18.064234,69.96
2024-03-15 14:00:00,20.46187,69.0
2024-03-15 15:00:00,12.477802,69.04
2024-03-15 16:00:00,14.018015,60.0
2024-03-15 17:00:00,10.117726,60.0
2024-03-15 18:00:00,5.5240045,70.0
2024-03-15 19:00:00,6.0496387,70.03
2024-03-15 20:00:00,7.333355,74.97
2024-03-15 21:00:00,6.226645,71.96
2024-03-15 22:00:00,6.302508,75.97
2024-03-15 23:00:00,6.276491,70.03
2024-03-16 00:00:00,6.7209997,78.04
2024-03-16 01:00:00,6.549,74.96
2024-03-16 02:00:00,6.0417433,73.04
2024-03-16 03:00:00,6.658498,74.0
2024-03-16 04:00:00,6.730136,78.96
2024-03-16 05:00:00,5.8206234,78.04
2024-03-16 06:00:00,6.359,76.96
2024-03-16 07:00:00,5.99062,78.04
2024-03-16 08:00:00,6.255308,78.0
2024-03-16 09:00:00,8.177399,81.0
2024-03-16 10:00:00,19.075624,65.0
2024-03-16 11:00:00,27.706734,59.96
2024-03-16 12:00:00,23.664911,58.04
2024-03-16 13:00:00,22.170664,57.0
2024-03-16 14:00:00,27.330486,56.0
2024-03-16 15:00:00,20.975397,51.0
2024-03-16 16:00:00,14.11849,55.0
2024-03-16 17:00:00,5.909998,61.0
2024-03-16 18:00:00,5.525726,74.0
2024-03-16 19:00:00,6.2503767,79.96
2024-03-16 20:00:00,6.103131,75.0
2024-03-16 21:00:00,5.997492,88.0
2024-03-16 22:00:00,6.712508,78.97
2024-03-16 23:00:00,6.466733,87.1
2024-03-17 00:00:00,5.589759,91.93
2024-03-17 01:00:00,5.86,78.97
2024-03-17 02:00:00,6.853508,93.0
2024-03-17 03:00:00,5.866868,93.07
2024-03-17 04:00:00,6.559623,96.0
2024-03-17 05:00:00,6.400377,97.96
2024-03-17 06:00:00,6.0696745,98.0
2024-03-17 07:00:00,7.093363,94.04
2024-03-17 08:00:00,12.494357,97.0
2024-03-17 09:00:00,22.70944,64.0
2024-03-17 10:00:00,20.740753,62.0
2024-03-17 11:00:00,28.907385,59.96
2024-03-17 12:00:00,32.444115,55.04
2024-03-17 13:00:00,31.539951,48.0
2024-03-17 14:00:00,27.856384,47.0
2024-03-17 15:00:00,19.793509,48.0
2024-03-17 16:00:00,11.50589,54.0
2024-03-17 17:00:00,5.758107,68.0
2024-03-17 18:00:00,4.863906,75.0
2024-03-17 19:00:00,5.910848,75.0
2024-03-17 20:00:00,6.516021,92.0
2024-03-17 21:00:00,5.8496227,77.96
2024-03-17 22:00:00,6.053508,83.04
2024-03-17 23:00:00,6.946492,93.96
2024-03-18 00:00:00,6.0,77.07
2024-03-18 01:00:00,5.440377,94.93
2024-03-18 02:00:00,6.609623,82.0
2024-03-18 03:00:00,3.3930001,84.04
2024-03-18 04:00:00,0.0,83.0
2024-03-18 05:00:00,0.0,81.0
2024-03-18 06:00:00,0.0,73.0
2024-03-18 07:00:00,14.330799,86.0
2024-03-18 08:00:00,60.043907,96.96
2024-03-18 09:00:00,83.29833,96.04
2024-03-18 10:00:00,69.78547,94.96
2024-03-18 11:00:00,78.48582,94.04
2024-03-18 12:00:00,47.608505,81.96
2024-03-18 13:00:00,67.320526,77.07
2024-03-18 14:00:00,57.577267,73.93
2024-03-18 15:00:00,46.58602,77.04
2024-03-18 16:00:00,7.9159822,60.03
2024-03-18 17:00:00,7.438995,68.97
2024-03-18 18:00:00,6.4628687,64.0
2024-03-18 19:00:00,6.434746,66.0
2024-03-18 20:00:00,6.015254,62.0
2024-03-18 21:00:00,6.9,73.0
2024-03-18 22:00:00,5.55,68.96
2024-03-18 23:00:00,6.8999996,78.0
2024-03-19 00:00:00,6.6000004,68.0
2024-03-19 01:00:00,6.1325,73.0
2024-03-19 02:00:00,6.4675,76.04
2024-03-19 03:00:00,5.682787,72.03
2024-03-19 04:00:00,6.301959,76.97
2024-03-19 05:00:00,6.897754,69.0
2024-03-19 06:00:00,6.329365,81.0
2024-03-19 07:00:00,22.626242,85.96
2024-03-19 08:00:00,53.306995,95.04
2024-03-19 09:00:00,64.708405,95.0
2024-03-19 10:00:00,82.17176,93.96
2024-03-19 11:00:00,91.02768,94.0
2024-03-19 12:00:00,45.99066,93.04
2024-03-19 13:00:00,69.79272,80.0
2024-03-19 14:00:00,46.373093,84.03
2024-03-19 15:00:00,49.02112,71.0
2024-03-19 16:00:00,18.521677,72.97
2024-03-19 17:00:00,14.980237,64.96
2024-03-19 18:00:00,15.551467,68.0
2024-03-19 19:00:00,12.585921,73.0
2024-03-19 20:00:00,10.046579,72.0
2024-03-19 21:00:00,10.085,71.07
2024-03-19 22:00:00,6.9,69.93
2024-03-19 23:00:00,5.9825,72.0
2024-03-20 00:00:00,6.6000004,67.04
2024-03-20 01:00:00,5.85,68.0
2024-03-20 02:00:00,6.262143,74.0
2024-03-20 03:00:00,5.887857,72.0
2024-03-20 04:00:00,5.85,74.0
2024-03-20 05:00:00,6.0,78.0
2024-03-20 06:00:00,7.302803,69.96
2024-03-20 07:00:00,24.359577,78.0
2024-03-20 08:00:00,55.060104,90.0
2024-03-20 09:00:00,67.796425,77.0
2024-03-20 10:00:00,69.699036,68.04
2024-03-20 11:00:00,66.00399,73.0
2024-03-20 12:00:00,48.52294,68.96
2024-03-20 13:00:00,65.22833,68.0
2024-03-20 14:00:00,40.90309,71.0
2024-03-20 15:00:00,31.95758,61.07
2024-03-20 16:00:00,12.190107,54.93
2024-03-20 17:00:00,3.9684296,59.0
2024-03-20 18:00:00,6.508375,53.07
2024-03-20 19:00:00,6.45,62.93
2024-03-20 20:00:00,5.7174997,47.04
2024-03-20 21:00:00,5.8325,60.96
2024-03-20 22:00:00,5.852246,49.0
2024-03-20 23:00:00,6.297754,61.0
2024-03-21 00:00:00,6.3,64.0
2024-03-21 01:00:00,5.8675,56.0
2024-03-21 02:00:00,6.15,62.04
2024-03-21 03:00:00,5.8325,56.03
2024-03-21 04:00:00,6.15,57.97
2024-03-21 05:00:00,5.5675,70.03
2024-03-21 06:00:00,6.6,61.0
2024-03-21 07:00:00,21.231005,69.93
2024-03-21 08:00:00,84.993385,81.04
2024-03-21 09:00:00,81.061646,69.0
2024-03-21 10:00:00,98.635635,89.0
2024-03-21 11:00:00,87.2937,88.96
2024-03-21 12:00:00,44.480858,91.04
2024-03-21 13:00:00,58.602386,87.96
2024-03-21 14:00:00,47.287006,77.97
2024-03-21 15:00:00,37.60875,80.07
2024-03-21 16:00:00,21.11569,78.96
2024-03-21 17:00:00,15.736045,72.04
2024-03-21 18:00:00,12.466433,70.0
2024-03-21 19:00:00,12.086644,75.0
2024-03-21 20:00:00,12.112508,71.96
2024-03-21 21:00:00,7.0764923,71.07
2024-03-21 22:00:00,6.483508,76.97
2024-03-21 23:00:00,6.456869,69.96
2024-03-22 00:00:00,5.87,76.07
2024-03-22 01:00:00,7.3199997,75.97
2024-03-22 02:00:00,6.25,76.96
2024-03-22 03:00:00,6.520984,74.07
2024-03-22 04:00:00,6.34,78.97
2024-03-22 05:00:00,6.029016,77.0
2024-03-22 06:00:00,6.810623,73.0
2024-03-22 07:00:00,13.471062,104.0
2024-03-22 08:00:00,30.471731,95.0
2024-03-22 09:00:00,47.396526,102.03
2024-03-22 10:00:00,44.55154,89.93
2024-03-22 11:00:00,32.624474,88.04
2024-03-22 12:00:00,17.427221,75.03
2024-03-22 13:00:00,21.412827,77.93
2024-03-22 14:00:00,25.139837,76.0
2024-03-22 15:00:00,18.130417,69.07
2024-03-22 16:00:00,15.292949,63.97
2024-03-22 17:00:00,8.199263,68.0
2024-03-22 18:00:00,6.165526,80.03
2024-03-22 19:00:00,11.386645,81.97
2024-03-22 20:00:00,11.963355,75.96
2024-03-22 21:00:00,11.9,85.0
2024-03-22 22:00:00,12.109152,89.04
2024-03-22 23:00:00,11.950001,83.0
2024-03-23 00:00:00,12.086868,82.0
2024-03-23 01:00:00,10.753979,89.96
2024-03-23 02:00:00,7.256021,88.04
2024-03-23 03:00:00,6.7,89.0
2024-03-23 04:00:00,6.983132,93.93
2024-03-23 05:00:00,6.240848,95.07
2024-03-23 06:00:00,6.6977706,98.0
2024-03-23 07:00:00,7.283669,88.96
2024-03-23 08:00:00,16.12332,73.04
2024-03-23 09:00:00,19.527212,68.0
2024-03-23 10:00:00,13.597865,68.0
2024-03-23 11:00:00,24.747799,71.0
2024-03-23 12:00:00,18.008038,61.0
2024-03-23 13:00:00,40.181442,60.0
2024-03-23 14:00:00,24.097721,58.96
2024-03-23 15:00:00,18.440407,58.04
2024-03-23 16:00:00,18.156076,59.03
2024-03-23 17:00:00,7.2840347,63.97
2024-03-23 18:00:00,5.99083,76.96
2024-03-23 19:00:00,6.859623,78.0
2024-03-23 20:00:00,7.481361,84.04
2024-03-23 21:00:00,6.292148,95.0
2024-03-23 22:00:00,6.776492,85.0
2024-03-23 23:00:00,6.750377,89.96
2024-03-24 00:00:00,6.4531307,85.04
2024-03-24 01:00:00,6.75,89.96
2024-03-24 02:00:00,7.2613792,89.04
2024-03-24 03:00:00,6.798508,98.96
2024-03-24 04:00:00,6.706869,96.97
2024-03-24 05:00:00,6.55,94.03
2024-03-24 06:00:00,7.329,95.04
2024-03-24 07:00:00,5.8137503,81.96
2024-03-24 08:00:00,11.807993,101.0
2024-03-24 09:00:00,12.083369,79.0
2024-03-24 10:00:00,15.093136,69.0
2024-03-24 11:00:00,13.245825,66.0
2024-03-24 12:00:00,15.244017,66.0
2024-03-24 13:00:00,18.821472,65.0
2024-03-24 14:00:00,21.862638,63.04
2024-03-24 15:00:00,13.52494,64.03
2024-03-24 16:00:00,11.569773,68.9
2024-03-24 17:00:00,6.0543375,78.07
2024-03-24 18:00:00,6.511868,84.0
2024-03-24 19:00:00,6.703978,83.0
2024-03-24 20:00:00,6.386021,89.96
2024-03-24 21:00:00,6.833131,89.0
2024-03-24 22:00:00,6.726492,91.0
2024-03-24 23:00:00,6.410377,87.0
2024-03-25 00:00:00,6.6,85.0
2024-03-25 01:00:00,6.603131,90.04
2024-03-25 02:00:00,6.886869,91.96
2024-03-25 03:00:00,7.25,89.0
2024-03-25 04:00:00,6.173131,81.07
2024-03-25 05:00:00,6.928524,107.97
2024-03-25 06:00:00,7.553259,80.93
2024-03-25 07:00:00,17.742424,105.07
2024-03-25 08:00:00,33.29057,122.96
2024-03-25 09:00:00,65.748886,107.04
2024-03-25 10:00:00,110.32884,104.96
2024-03-25 11:00:00,96.19738,95.0
2024-03-25 12:00:00,52.80332,124.0
2024-03-25 13:00:00,57.492493,91.0
2024-03-25 14:00:00,58.256943,102.97
2024-03-25 15:00:00,45.27446,77.03
2024-03-25 16:00:00,26.039652,70.04
2024-03-25 17:00:00,16.33544,75.03
2024-03-25 18:00:00,13.2665615,78.0
2024-03-25 19:00:00,12.329377,90.97
2024-03-25 20:00:00,12.190622,89.96
2024-03-25 21:00:00,9.222507,90.04
2024-03-25 22:00:00,7.416869,101.93
2024-03-25 23:00:00,6.97,88.07
2024-03-26 00:00:00,7.42,97.96
2024-03-26 01:00:00,6.68,100.04
2024-03-26 02:00:00,7.326787,93.0
2024-03-26 03:00:00,7.5271916,102.96
2024-03-26 04:00:00,7.415644,104.0
2024-03-26 05:00:00,7.393508,98.0
2024-03-26 06:00:00,7.4865594,98.0
2024-03-26 07:00:00,18.078127,100.0
2024-03-26 08:00:00,41.546158,114.04
2024-03-26 09:00:00,44.277576,101.0
2024-03-26 10:00:00,76.49052,87.96
2024-03-26 11:00:00,57.52031,83.0
2024-03-26 12:00:00,50.256664,90.0
2024-03-26 13:00:00,60.473663,82.04
2024-03-26 14:00:00,56.26247,73.0
2024-03-26 15:00:00,46.427837,79.96
2024-03-26 16:00:00,26.820217,68.04
2024-03-26 17:00:00,20.30919,70.03
2024-03-26 18:00:00,13.156581,75.97
2024-03-26 19:00:00,9.133979,70.03
2024-03-26 20:00:00,6.267006,86.9
2024-03-26 21:00:00,7.328639,74.03
2024-03-26 22:00:00,6.683508,76.04
2024-03-26 23:00:00,7.136491,82.03
2024-03-27 00:00:00,6.6735086,79.97
2024-03-27 01:00:00,6.7964907,82.0
2024-03-27 02:00:00,6.849699,83.96
2024-03-27 03:00:00,6.964657,86.04
2024-03-27 04:00:00,7.2456436,83.0
2024-03-27 05:00:00,6.6800003,83.96
2024-03-27 06:00:00,8.567988,92.0
2024-03-27 07:00:00,15.766677,94.04
2024-03-27 08:00:00,48.59413,80.93
2024-03-27 09:00:00,46.50202,97.07
2024-03-27 10:00:00,95.217896,81.96
2024-03-27 11:00:00,74.644226,76.97
2024-03-27 12:00:00,47.711872,66.07
2024-03-27 13:00:00,76.05591,74.0
2024-03-27 14:00:00,46.29661,76.0
2024-03-27 15:00:00,31.073313,69.03
2024-03-27 16:00:00,24.198187,65.97
2024-03-27 17:00:00,16.321789,62.0
2024-03-27 18:00:00,12.749386,65.0
2024-03-27 19:00:00,11.840361,68.96
2024-03-27 20:00:00,6.503306,69.04
2024-03-27 21:00:00,6.345333,71.0
2024-03-27 22:00:00,6.774667,71.0
2024-03-27 23:00:00,7.346694,71.0
2024-03-28 00:00:00,6.792995,74.0
2024-03-28 01:00:00,6.746644,75.96
2024-03-28 02:00:00,6.9576154,78.07
2024-03-28 03:00:00,6.711271,77.93
2024-03-28 04:00:00,7.180377,73.04
2024-03-28 05:00:00,6.720984,77.0
2024-03-28 06:00:00,7.437348,77.03
2024-03-28 07:00:00,12.590351,78.97
2024-03-28 08:00:00,59.48262,111.0
2024-03-28 09:00:00,58.159245,82.96
2024-03-28 10:00:00,78.55864,99.0
2024-03-28 11:00:00,70.10399,103.04
2024-03-28 12:00:00,61.327457,93.0
2024-03-28 13:00:00,66.51942,86.0
2024-03-28 14:00:00,41.51994,82.0
2024-03-28 15:00:00,43.62422,80.0
2024-03-28 16:00:00,16.098442,65.0
2024-03-28 17:00:00,12.753036,66.0
2024-03-28 18:00:00,12.315718,68.0
2024-03-28 19:00:00,11.853131,73.0
2024-03-28 20:00:00,12.046867,69.0
2024-03-28 21:00:00,12.2209835,73.96
2024-03-28 22:00:00,11.942995,69.04
2024-03-28 23:00:00,10.136644,79.03
2024-03-29 00:00:00,6.403356,70.97
2024-03-29 01:00:00,7.156644,75.03
2024-03-29 02:00:00,6.12,77.93
2024-03-29 03:00:00,6.889377,77.0
2024-03-29 04:00:00,6.8609834,73.04
2024-03-29 05:00:00,7.089016,79.93
2024-03-29 06:00:00,6.8616724,78.03
2024-03-29 07:00:00,6.614074,77.04
2024-03-29 08:00:00,6.6983,73.0
2024-03-29 09:00:00,17.406532,66.0
2024-03-29 10:00:00,14.763326,63.0
2024-03-29 11:00:00,14.259538,63.03
2024-03-29 12:00:00,11.846649,63.97
2024-03-29 13:00:00,20.980614,59.0
2024-03-29 14:00:00,17.071598,59.0
2024-03-29 15:00:00,17.492847,57.0
2024-03-29 16:00:00,10.489445,57.96
2024-03-29 17:00:00,9.371017,60.04
2024-03-29 18:00:00,10.522317,67.0
2024-03-29 19:00:00,7.899152,67.96
2024-03-29 20:00:00,6.0468693,72.04
2024-03-29 21:00:00,5.9,71.0
2024-03-29 22:00:00,6.88,74.96
2024-03-29 23:00:00,6.74,73.04
2024-03-30 00:00:00,6.73,77.0
2024-03-30 01:00:00,6.123131,72.96
2024-03-30 02:00:00,6.71619,76.04
2024-03-30 03:00:00,7.1403017,77.96
2024-03-30 04:00:00,6.493508,67.0
2024-03-30 05:00:00,6.646869,77.04
2024-03-30 06:00:00,6.44283,71.93
2024-03-30 07:00:00,6.1701636,78.07
2024-03-30 08:00:00,7.330064,71.0
2024-03-30 09:00:00,21.204494,64.0
2024-03-30 10:00:00,23.771193,58.0
2024-03-30 11:00:00,27.41943,52.0
2024-03-30 12:00:00,26.418371,48.03
2024-03-30 13:00:00,7.4318457,48.97
2024-03-30 14:00:00,14.483302,48.03
2024-03-30 15:00:00,16.042894,48.97
2024-03-30 16:00:00,12.277762,50.0
2024-03-30 17:00:00,6.3210754,55.0
2024-03-30 18:00:00,7.311366,60.0
2024-03-30 19:00:00,6.737325,60.0
2024-03-30 20:00:00,7.043297,62.0
2024-03-30 21:00:00,6.459377,62.0
2024-03-30 22:00:00,6.01,64.0
2024-03-30 23:00:00,6.900983,64.0
2024-03-31 00:00:00,7.272148,66.0
2024-03-31 01:00:00,6.046492,66.03
2024-03-31 02:00:00,6.54,64.0
2024-03-31 03:00:00,6.2820954,67.93
2024-03-31 04:00:00,7.131299,67.04
2024-03-31 05:00:00,6.416869,69.0
2024-03-31 06:00:00,6.509623,68.0
2024-03-31 07:00:00,6.830725,72.93
2024-03-31 08:00:00,6.5200577,65.03
2024-03-31 09:00:00,6.498233,68.04
2024-03-31 10:00:00,6.384675,69.96
2024-03-31 11:00:00,6.767747,69.04
2024-03-31 12:00:00,13.539144,62.0
2024-03-31 13:00:00,16.149422,59.96
2024-03-31 14:00:00,10.991951,59.04
2024-03-31 15:00:00,15.224813,59.03
2024-03-31 16:00:00,15.501471,57.97
2024-03-31 17:00:00,13.758017,56.0
2024-03-31 18:00:00,9.919176,58.0
2024-03-31 19:00:00,6.560201,60.0
2024-03-31 20:00:00,5.906869,66.0
2024-03-31 21:00:00,7.579623,67.96
2024-03-31 22:00:00,6.0003767,69.04
2024-03-31 23:00:00,6.739623,73.0
2024-04-01 00:00:00,6.607444,72.95
2024-04-01 01:00:00,6.732934,72.01
2024-04-01 02:00:00,6.908235,76.04
2024-04-01 03:00:00,6.404896,74.96
2024-04-01 04:00:00,6.84,75.04
2024-04-01 05:00:00,7.1868687,75.96
2024-04-01 06:00:00,6.7431297,74.04
2024-04-01 07:00:00,6.713792,75.0
2024-04-01 08:00:00,7.26175,74.0
2024-04-01 09:00:00,9.767638,70.03
2024-04-01 10:00:00,7.606164,69.97
2024-04-01 11:00:00,7.3917217,71.96
2024-04-01 12:00:00,6.894678,71.04
2024-04-01 13:00:00,7.9083047,71.03
2024-04-01 14:00:00,16.676472,71.97
2024-04-01 15:00:00,16.728699,70.0
2024-04-01 16:00:00,11.540785,71.0
2024-04-01 17:00:00,5.652684,73.0
2024-04-01 18:00:00,6.579307,74.03
2024-04-01 19:00:00,6.097508,69.93
2024-04-01 20:00:00,6.636492,76.07
2024-04-01 21:00:00,6.8435082,73.93
2024-04-01 22:00:00,6.846869,72.04
2024-04-01 23:00:00,6.29,73.0
2024-04-02 00:00:00,6.109623,77.0
2024-04-02 01:00:00,6.610377,73.03
2024-04-02 02:00:00,7.199016,76.0
2024-04-02 03:00:00,6.000984,75.97
2024-04-02 04:00:00,6.313131,77.0
2024-04-02 05:00:00,7.056492,76.96
2024-04-02 06:00:00,7.499393,74.04
2024-04-02 07:00:00,12.483002,101.96
2024-04-02 08:00:00,55.301445,110.0
2024-04-02 09:00:00,70.72992,93.04
2024-04-02 10:00:00,90.093,110.93
2024-04-02 11:00:00,72.05577,100.03
2024-04-02 12:00:00,48.458134,89.0
2024-04-02 13:00:00,63.53681,99.0
2024-04-02 14:00:00,57.21957,96.0
2024-04-02 15:00:00,42.519978,85.97
2024-04-02 16:00:00,17.940111,81.1
2024-04-02 17:00:00,16.66327,71.97
2024-04-02 18:00:00,16.262278,82.0
2024-04-02 19:00:00,14.040467,72.96
2024-04-02 20:00:00,12.3396225,86.97
2024-04-02 21:00:00,7.370377,82.03
2024-04-02 22:00:00,6.95,84.0
2024-04-02 23:00:00,6.05,77.04
2024-04-03 00:00:00,6.84313,95.0
2024-04-03 01:00:00,6.226492,77.0
2024-04-03 02:00:00,7.19,97.96
2024-04-03 03:00:00,7.2903767,94.0
2024-04-03 04:00:00,6.773131,87.0
2024-04-03 05:00:00,6.2799997,99.0
2024-04-03 06:00:00,8.036094,109.04
2024-04-03 07:00:00,15.130613,103.96
2024-04-03 08:00:00,34.17293,98.0
2024-04-03 09:00:00,39.730343,129.04001
2024-04-03 10:00:00,57.862923,107.0
2024-04-03 11:00:00,58.596302,97.0
2024-04-03 12:00:00,46.278324,104.96
2024-04-03 13:00:00,57.630547,85.0
2024-04-03 14:00:00,44.164394,93.04
2024-04-03 15:00:00,48.383602,87.0
2024-04-03 16:00:00,22.095463,82.03
2024-04-03 17:00:00,19.392546,85.97
2024-04-03 18:00:00,15.030471,84.96
2024-04-03 19:00:00,7.088936,80.04
2024-04-03 20:00:00,6.61,85.93
2024-04-03 21:00:00,6.977005,90.03
2024-04-03 22:00:00,6.369999,95.04
2024-04-03 23:00:00,6.3386393,84.0
2024-04-04 00:00:00,6.1643558,84.0
2024-04-04 01:00:00,6.906021,92.0
2024-04-04 02:00:00,6.127561,89.0
2024-04-04 03:00:00,7.293062,86.0
2024-04-04 04:00:00,6.6925077,87.0
2024-04-04 05:00:00,5.947853,86.96
2024-04-04 06:00:00,8.369639,89.07
2024-04-04 07:00:00,13.5057,96.97
2024-04-04 08:00:00,38.404335,87.96
2024-04-04 09:00:00,49.020355,91.0
2024-04-04 10:00:00,72.49423,83.04
2024-04-04 11:00:00,66.04365,88.0
2024-04-04 12:00:00,44.858437,87.96
2024-04-04 13:00:00,72.96848,67.07
2024-04-04 14:00:00,50.021526,91.97
2024-04-04 15:00:00,46.84633,76.96
2024-04-04 16:00:00,18.077644,69.07
2024-04-04 17:00:00,19.84342,71.93
2024-04-04 18:00:00,16.498812,68.04
2024-04-04 19:00:00,13.187661,73.0
2024-04-04 20:00:00,11.949638,73.96
2024-04-04 21:00:00,8.410361,76.0
2024-04-04 22:00:00,6.748639,74.04
2024-04-04 23:00:00,5.84136,73.0
2024-04-05 00:00:00,6.91,82.03
2024-04-05 01:00:00,6.44,78.97
2024-04-05 02:00:00,6.4920354,73.0
2024-04-05 03:00:00,6.4074907,80.0
2024-04-05 04:00:00,6.579,75.93
2024-04-05 05:00:00,7.181361,75.03
2024-04-05 06:00:00,8.559639,79.0
2024-04-05 07:00:00,12.07764,94.04
2024-04-05 08:00:00,42.29129,93.96
2024-04-05 09:00:00,53.274338,83.04
2024-04-05 10:00:00,46.658073,85.96
2024-04-05 11:00:00,37.341576,86.04
2024-04-05 12:00:00,27.024801,67.96
2024-04-05 13:00:00,25.712385,64.0
2024-04-05 14:00:00,17.223541,65.0
2024-04-05 15:00:00,6.4940295,67.04
2024-04-05 16:00:00,6.8415194,67.0
2024-04-05 17:00:00,16.954937,64.0
2024-04-05 18:00:00,10.230881,60.03
2024-04-05 19:00:00,6.049621,64.0
2024-04-05 20:00:00,5.233487,68.0
2024-04-05 21:00:00,6.700361,69.97
2024-04-05 22:00:00,7.15,67.0
2024-04-05 23:00:00,6.259639,71.96
2024-04-06 00:00:00,6.4293766,69.04
2024-04-06 01:00:00,5.683979,70.0
2024-04-06 02:00:00,6.03524,77.0
2024-04-06 03:00:00,7.01476,67.0
2024-04-06 04:00:00,6.74,76.03
2024-04-06 05:00:00,6.4670057,69.93
2024-04-06 06:00:00,6.622995,73.04
2024-04-06 07:00:00,6.439686,73.0
2024-04-06 08:00:00,10.497387,68.0
2024-04-06 09:00:00,17.99639,59.03
2024-04-06 10:00:00,21.226437,56.97
2024-04-06 11:00:00,29.452063,54.0
2024-04-06 12:00:00,32.384678,47.0
2024-04-06 13:00:00,13.59227,47.0
2024-04-06 14:00:00,14.649511,47.03
2024-04-06 15:00:00,16.592213,47.97
2024-04-06 16:00:00,13.688313,47.0
2024-04-06 17:00:00,15.360957,47.0
2024-04-06 18:00:00,14.206515,47.03
2024-04-06 19:00:00,7.174174,48.97
2024-04-06 20:00:00,6.2228727,52.96
2024-04-06 21:00:00,8.020361,57.04
2024-04-06 22:00:00,7.022995,59.0
2024-04-06 23:00:00,6.997005,58.03
2024-04-07 00:00:00,7.593307,60.0
2024-04-07 01:00:00,6.835333,60.97
2024-04-07 02:00:00,6.691361,61.93
2024-04-07 03:00:00,7.082148,64.07
2024-04-07 04:00:00,6.490847,63.96
2024-04-07 05:00:00,6.670311,65.04
2024-04-07 06:00:00,7.059645,67.0
2024-04-07 07:00:00,6.1107006,64.0
2024-04-07 08:00:00,5.894696,61.03
2024-04-07 09:00:00,7.450369,74.97
2024-04-07 10:00:00,19.04087,61.0
2024-04-07 11:00:00,36.197742,58.0
2024-04-07 12:00:00,32.24855,47.0
2024-04-07 13:00:00,13.984041,47.0
2024-04-07 14:00:00,14.252669,47.0
2024-04-07 15:00:00,14.966344,47.03
2024-04-07 16:00:00,7.8466988,49.97
2024-04-07 17:00:00,11.2325325,48.0
2024-04-07 18:00:00,7.9986696,61.0
2024-04-07 19:00:00,6.7356462,48.0
2024-04-07 20:00:00,6.901102,48.0
2024-04-07 21:00:00,5.55,52.03
2024-04-07 22:00:00,6.262995,56.97
2024-04-07 23:00:00,7.62,56.0
2024-04-08 00:00:00,5.936644,58.0
2024-04-08 01:00:00,6.293356,57.0
2024-04-08 02:00:00,7.47,58.0
2024-04-08 03:00:00,5.957005,58.0
2024-04-08 04:00:00,6.109639,58.0
2024-04-08 05:00:00,7.4533563,59.0
2024-04-08 06:00:00,6.856644,59.0
2024-04-08 07:00:00,13.040712,64.03
2024-04-08 08:00:00,30.200594,69.97
2024-04-08 09:00:00,50.834305,71.0
2024-04-08 10:00:00,79.71763,103.96
2024-04-08 11:00:00,65.11089,91.04
2024-04-08 12:00:00,49.717762,58.0
2024-04-08 13:00:00,58.018707,59.03
2024-04-08 14:00:00,48.533073,56.97
2024-04-08 15:00:00,42.497173,56.0
2024-04-08 16:00:00,21.515324,55.0
2024-04-08 17:00:00,15.64571,51.0
2024-04-08 18:00:00,12.634552,54.0
2024-04-08 19:00:00,6.99315,53.0
2024-04-08 20:00:00,6.847005,55.0
2024-04-08 21:00:00,6.909639,56.0
2024-04-08 22:00:00,5.99,56.0
2024-04-08 23:00:00,7.6433563,56.0
2024-04-09 00:00:00,6.776644,56.96
2024-04-09 01:00:00,6.769,56.04
2024-04-09 02:00:00,6.7975507,58.0
2024-04-09 03:00:00,6.422449,58.0
2024-04-09 04:00:00,7.36,57.03
2024-04-09 05:00:00,6.131361,59.97
2024-04-09 06:00:00,7.6696386,58.96
2024-04-09 07:00:00,14.560652,58.07
2024-04-09 08:00:00,62.028107,70.97
2024-04-09 09:00:00,45.77886,63.0
2024-04-09 10:00:00,91.52375,60.0
2024-04-09 11:00:00,77.2616,62.0
2024-04-09 12:00:00,58.43414,67.03
2024-04-09 13:00:00,66.792694,61.97
2024-04-09 14:00:00,56.215626,60.03
2024-04-09 15:00:00,51.01,58.97
2024-04-09 16:00:00,20.225409,57.0
2024-04-09 17:00:00,17.055216,55.03
2024-04-09 18:00:00,17.641378,53.97
2024-04-09 19:00:00,13.191865,53.0
2024-04-09 20:00:00,12.358318,55.0
2024-04-09 21:00:00,9.3029995,45.03
2024-04-09 22:00:00,0.0,22.0
2024-04-09 23:00:00,6.4325,32.0
2024-04-10 00:00:00,6.752246,39.97
2024-04-10 01:00:00,6.1477537,39.0
2024-04-10 02:00:00,6.118133,40.0
2024-04-10 03:00:00,6.049367,43.0
2024-04-10 04:00:00,6.2825003,42.0
2024-04-10 05:00:00,7.9674997,41.96
2024-04-10 06:00:00,7.9325,39.04
2024-04-10 07:00:00,24.129738,53.0
2024-04-10 08:00:00,83.19154,80.96
2024-04-10 09:00:00,71.75396,50.07
2024-04-10 10:00:00,79.485985,52.0
2024-04-10 11:00:00,65.86253,54.0
2024-04-10 12:00:00,51.3717,51.97
2024-04-10 13:00:00,59.944355,61.0
2024-04-10 14:00:00,55.51198,32.03
2024-04-10 15:00:00,47.7694,47.97
2024-04-10 16:00:00,20.096136,31.96
2024-04-10 17:00:00,16.77202,32.0
2024-04-10 18:00:00,4.944192,32.07
2024-04-10 19:00:00,2.4401808,42.0
2024-04-10 20:00:00,0.00025,33.93
2024-04-10 21:00:00,0.0,49.04
2024-04-10 22:00:00,4.9325,44.0
2024-04-10 23:00:00,6.0175,35.03
2024-04-11 00:00:00,6.8824997,56.97
2024-04-11 01:00:00,6.9,47.0
2024-04-11 02:00:00,6.15,44.96
2024-04-11 03:00:00,6.45,45.0
2024-04-11 04:00:00,6.6,57.0
2024-04-11 05:00:00,6.4522457,41.04
2024-04-11 06:00:00,6.8977537,56.0
2024-04-11 07:00:00,21.076275,59.03
2024-04-11 08:00:00,64.2041,70.97
2024-04-11 09:00:00,68.150764,51.96
2024-04-11 10:00:00,86.47122,60.07
2024-04-11 11:00:00,67.32608,64.97
2024-04-11 12:00:00,43.96984,58.0
2024-04-11 13:00:00,66.47554,59.0
2024-04-11 14:00:00,55.522526,46.0
2024-04-11 15:00:00,47.15732,51.0
2024-04-11 16:00:00,18.979012,48.0
2024-04-11 17:00:00,6.9006677,47.0
2024-04-11 18:00:00,6.599021,32.03
2024-04-11 19:00:00,6.863767,54.97
2024-04-11 20:00:00,7.186696,43.0
2024-04-11 21:00:00,6.747754,54.0
2024-04-11 22:00:00,6.7675,44.96
2024-04-11 23:00:00,7.165574,45.04
2024-04-12 00:00:00,6.1844263,52.96
2024-04-12 01:00:00,7.3325,49.07
2024-04-12 02:00:00,7.05,47.93
2024-04-12 03:00:00,6.45,44.07
2024-04-12 04:00:00,6.8999996,50.0
2024-04-12 05:00:00,6.9,46.97
2024-04-12 06:00:00,9.902246,54.03
2024-04-12 07:00:00,26.519432,52.0
2024-04-12 08:00:00,63.389435,55.97
2024-04-12 09:00:00,59.830284,52.0
2024-04-12 10:00:00,44.345222,53.0
2024-04-12 11:00:00,31.446186,32.0
2024-04-12 12:00:00,10.908824,44.03
2024-04-12 13:00:00,6.975288,39.0
2024-04-12 14:00:00,7.5861716,39.969997
2024-04-12 15:00:00,12.041063,35.03
2024-04-12 16:00:00,18.963966,39.97
2024-04-12 17:00:00,12.2342005,33.03
2024-04-12 18:00:00,7.5574536,41.0
2024-04-12 19:00:00,2.4439743,37.0
2024-04-12 20:00:00,0.0,39.93
2024-04-12 21:00:00,0.0,45.04
2024-04-12 22:00:00,1.769492,52.0
2024-04-12 23:00:00,5.863008,47.03
2024-04-13 00:00:00,6.0175,44.97
2024-04-13 01:00:00,6.7325,43.000004
2024-04-13 02:00:00,6.4674997,51.96
2024-04-13 03:00:00,6.2825,45.0
2024-04-13 04:00:00,6.75,57.0
2024-04-13 05:00:00,5.2675,52.04
2024-04-13 06:00:00,6.4505,52.0
2024-04-13 07:00:00,7.1310387,41.0
2024-04-13 08:00:00,10.740469,49.03
2024-04-13 09:00:00,13.282288,41.97
2024-04-13 10:00:00,23.833637,36.0
2024-04-13 11:00:00,30.833237,33.03
2024-04-13 12:00:00,27.632566,19.0
2024-04-13 13:00:00,15.087189,17.0
2024-04-13 14:00:00,15.769564,21.0
2024-04-13 15:00:00,21.815428,17.93
2024-04-13 16:00:00,13.859261,17.04
2024-04-13 17:00:00,5.4446435,28.03
2024-04-13 18:00:00,5.6548476,32.0
2024-04-13 19:00:00,1.9067918,33.97
2024-04-13 20:00:00,0.0,35.03
2024-04-13 21:00:00,0.0,36.93
2024-04-13 22:00:00,0.0,36.04
2024-04-13 23:00:00,0.0,44.03
2024-04-14 00:00:00,2.9825,35.0
2024-04-14 01:00:00,6.2999997,37.97
2024-04-14 02:00:00,6.4675,40.0
2024-04-14 03:00:00,6.884746,47.0
2024-04-14 04:00:00,5.415254,28.029999
2024-04-14 05:00:00,5.9825,54.97
2024-04-14 06:00:00,6.4955125,45.96
2024-04-14 07:00:00,6.760329,48.04
2024-04-14 08:00:00,13.041683,40.0
2024-04-14 09:00:00,24.676529,41.0
2024-04-14 10:00:00,18.437859,38.0
2024-04-14 11:00:00,22.008413,25.03
2024-04-14 12:00:00,7.582373,22.97
2024-04-14 13:00:00,27.746256,18.03
2024-04-14 14:00:00,27.988276,19.0
2024-04-14 15:00:00,2.3785045,23.97
2024-04-14 16:00:00,5.308475,29.0
2024-04-14 17:00:00,16.952343,27.0
2024-04-14 18:00:00,4.0345,41.0
2024-04-14 19:00:00,1.46285,35.03
2024-04-14 20:00:00,0.0,38.97
2024-04-14 21:00:00,0.0,44.0
2024-04-14 22:00:00,0.0,46.0
2024-04-14 23:00:00,0.0,50.96
2024-04-15 00:00:00,2.382787,47.04
2024-04-15 01:00:00,6.149713,48.96
2024-04-15 02:00:00,6.561029,45.04
2024-04-15 03:00:00,6.356471,50.0
2024-04-15 04:00:00,6.5825,57.03
2024-04-15 05:00:00,6.6,56.97
2024-04-15 06:00:00,6.861525,49.96
2024-04-15 07:00:00,21.322899,76.04
2024-04-15 08:00:00,58.56936,80.96
2024-04-15 09:00:00,68.84992,69.07
2024-04-15 10:00:00,91.36713,44.93
2024-04-15 11:00:00,86.89799,56.07
2024-04-15 12:00:00,59.37327,69.97
2024-04-15 13:00:00,79.628845,82.0
2024-04-15 14:00:00,62.242485,53.0
2024-04-15 15:00:00,62.884617,72.03
2024-04-15 16:00:00,15.491218,38.93
2024-04-15 17:00:00,8.316479,50.04
2024-04-15 18:00:00,1.9761482,47.03
2024-04-15 19:00:00,4.2029023,46.97
2024-04-15 20:00:00,6.428226,57.870003
2024-04-15 21:00:00,6.604274,41.16
2024-04-15 22:00:00,6.75,61.0
2024-04-15 23:00:00,6.1675,49.93
2024-04-16 00:00:00,7.032787,57.07
2024-04-16 01:00:00,6.299713,65.93
2024-04-16 02:00:00,6.7675,57.04
2024-04-16 03:00:00,6.5825,67.96
2024-04-16 04:00:00,6.9,58.04
2024-04-16 05:00:00,6.45,55.0
2024-04-16 06:00:00,7.6969748,58.0
2024-04-16 07:00:00,22.42314,73.03
2024-04-16 08:00:00,68.93097,83.97
2024-04-16 09:00:00,64.54268,77.0
2024-04-16 10:00:00,79.102875,82.0
2024-04-16 11:00:00,76.157265,65.96
2024-04-16 12:00:00,58.877018,52.04
2024-04-16 13:00:00,77.57952,81.0
2024-04-16 14:00:00,54.860485,61.96
2024-04-16 15:00:00,50.294647,59.07
2024-04-16 16:00:00,18.887157,47.97
2024-04-16 17:00:00,13.920742,44.96
2024-04-16 18:00:00,10.0740595,46.039997
2024-04-16 19:00:00,12.018726,57.0
2024-04-16 20:00:00,10.426775,31.029999
2024-04-16 21:00:00,7.651959,75.0
2024-04-16 22:00:00,8.247754,63.93
2024-04-16 23:00:00,7.8,53.0
2024-04-17 00:00:00,7.3500004,65.0
2024-04-17 01:00:00,6.4675,60.04
2024-04-17 02:00:00,7.932787,68.03
2024-04-17 03:00:00,5.851959,63.97
2024-04-17 04:00:00,7.347754,74.0
2024-04-17 05:00:00,6.4674997,80.0
2024-04-17 06:00:00,7.40903,57.96
2024-04-17 07:00:00,20.968943,77.04
2024-04-17 08:00:00,60.73324,91.03
2024-04-17 09:00:00,61.249973,51.97
2024-04-17 10:00:00,66.217,73.96
2024-04-17 11:00:00,65.206535,81.04
2024-04-17 12:00:00,57.238014,66.0
2024-04-17 13:00:00,45.254845,81.93
2024-04-17 14:00:00,52.6926,90.1
2024-04-17 15:00:00,62.20636,73.97
2024-04-17 16:00:00,22.22522,66.0
2024-04-17 17:00:00,16.178116,69.0
2024-04-17 18:00:00,16.59813,66.96
2024-04-17 19:00:00,15.924307,70.0
2024-04-17 20:00:00,5.779191,73.04
2024-04-17 21:00:00,6.86,75.0
2024-04-17 22:00:00,7.168639,80.93
2024-04-17 23:00:00,6.5843563,74.07
2024-04-18 00:00:00,6.589999,86.93
2024-04-18 01:00:00,6.897005,83.0
2024-04-18 02:00:00,6.35,83.07
2024-04-18 03:00:00,6.9321494,83.0
2024-04-18 04:00:00,7.366869,89.96
2024-04-18 05:00:00,6.829623,88.0
2024-04-18 06:00:00,7.0986485,91.0
2024-04-18 07:00:00,18.164637,104.0
2024-04-18 08:00:00,64.76782,119.97
2024-04-18 09:00:00,61.390236,83.07
2024-04-18 10:00:00,89.41423,97.0
2024-04-18 11:00:00,73.292336,77.96
2024-04-18 12:00:00,43.973286,71.04
2024-04-18 13:00:00,58.729137,82.0
2024-04-18 14:00:00,50.069485,74.96
2024-04-18 15:00:00,38.388016,66.0
2024-04-18 16:00:00,28.870995,67.04
2024-04-18 17:00:00,23.619972,60.96
2024-04-18 18:00:00,12.832603,62.07
2024-04-18 19:00:00,5.0459595,66.97
2024-04-18 20:00:00,6.66423,68.0
2024-04-18 21:00:00,6.132995,75.03
2024-04-18 22:00:00,6.759152,73.97
2024-04-18 23:00:00,6.746869,71.96
2024-04-19 00:00:00,6.51,75.04
2024-04-19 01:00:00,6.850001,70.0
2024-04-19 02:00:00,6.0798664,83.0
2024-04-19 03:00:00,6.9040003,72.0
2024-04-19 04:00:00,6.005645,80.0
2024-04-19 05:00:00,7.329999,82.0
2024-04-19 06:00:00,8.997886,77.0
2024-04-19 07:00:00,12.658823,86.0
2024-04-19 08:00:00,28.35937,115.93
2024-04-19 09:00:00,39.78784,91.07
2024-04-19 10:00:00,44.581017,88.0
2024-04-19 11:00:00,41.432434,76.96
2024-04-19 12:00:00,33.50506,73.04
2024-04-19 13:00:00,43.37929,66.03
2024-04-19 14:00:00,20.233139,61.97
2024-04-19 15:00:00,12.783597,59.0
2024-04-19 16:00:00,16.30486,61.0
2024-04-19 17:00:00,10.711737,63.0
2024-04-19 18:00:00,7.272335,70.96
2024-04-19 19:00:00,6.4642344,78.04
2024-04-19 20:00:00,6.2118206,81.0
2024-04-19 21:00:00,5.8199997,83.96
2024-04-19 22:00:00,6.250984,73.04
2024-04-19 23:00:00,6.118639,80.96
2024-04-20 00:00:00,7.33,82.0
2024-04-20 01:00:00,6.143508,80.0
2024-04-20 02:00:00,6.19499,83.04
2024-04-20 03:00:00,6.744896,83.96
2024-04-20 04:00:00,6.186869,89.0
2024-04-20 05:00:00,6.393132,84.04
2024-04-20 06:00:00,7.4210234,87.93
2024-04-20 07:00:00,8.996335,81.1
2024-04-20 08:00:00,14.528139,72.97
2024-04-20 09:00:00,15.787693,70.0
2024-04-20 10:00:00,22.006985,62.96
2024-04-20 11:00:00,29.751198,59.04
2024-04-20 12:00:00,41.295433,58.0
2024-04-20 13:00:00,20.804798,53.0
2024-04-20 14:00:00,21.26094,48.0
2024-04-20 15:00:00,14.489735,48.0
2024-04-20 16:00:00,16.572474,47.0
2024-04-20 17:00:00,15.613583,48.0
2024-04-20 18:00:00,14.966719,53.0
2024-04-20 19:00:00,7.4756947,59.0
2024-04-20 20:00:00,5.7788267,68.03
2024-04-20 21:00:00,6.39,70.97
2024-04-20 22:00:00,6.27,78.96
2024-04-20 23:00:00,6.58,73.07
2024-04-21 00:00:00,6.709623,82.97
2024-04-21 01:00:00,6.893508,80.96
2024-04-21 02:00:00,6.485104,78.04
2024-04-21 03:00:00,6.091765,80.0
2024-04-21 04:00:00,6.743131,79.0
2024-04-21 05:00:00,6.37,92.0
2024-04-21 06:00:00,6.5874996,80.0
2024-04-21 07:00:00,7.03561,87.0
2024-04-21 08:00:00,16.97372,71.96
2024-04-21 09:00:00,31.132856,65.04
2024-04-21 10:00:00,23.925,58.0
2024-04-21 11:00:00,20.790718,50.0
2024-04-21 12:00:00,19.67997,48.0
2024-04-21 13:00:00,8.362728,57.0
2024-04-21 14:00:00,18.41558,61.0
2024-04-21 15:00:00,20.393314,55.0
2024-04-21 16:00:00,22.125225,57.0
2024-04-21 17:00:00,30.260672,51.0
2024-04-21 18:00:00,18.183111,48.0
2024-04-21 19:00:00,5.819314,58.0
2024-04-21 20:00:00,5.395717,64.0
2024-04-21 21:00:00,6.149377,77.96
2024-04-21 22:00:00,6.59,76.0
2024-04-21 23:00:00,6.17,78.0
2024-04-22 00:00:00,6.769999,79.07
2024-04-22 01:00:00,7.229624,84.93
2024-04-22 02:00:00,5.873508,80.07
2024-04-22 03:00:00,6.92,84.899994
2024-04-22 04:00:00,6.15,81.03
2024-04-22 05:00:00,6.470848,86.97
2024-04-22 06:00:00,8.823023,85.03
2024-04-22 07:00:00,17.760607,106.0
2024-04-22 08:00:00,60.05352,106.04
2024-04-22 09:00:00,69.20781,104.96
2024-04-22 10:00:00,76.235146,83.0
2024-04-22 11:00:00,43.31575,109.0
2024-04-22 12:00:00,39.549923,98.04
2024-04-22 13:00:00,51.927254,93.96
2024-04-22 14:00:00,50.575912,115.0
2024-04-22 15:00:00,52.85064,84.97
2024-04-22 16:00:00,39.909935,64.07
2024-04-22 17:00:00,31.364689,59.0
2024-04-22 18:00:00,17.378004,63.0
2024-04-22 19:00:00,12.744291,65.03
2024-04-22 20:00:00,6.7920074,82.93
2024-04-22 21:00:00,6.782996,91.0
2024-04-22 22:00:00,7.355644,89.04
2024-04-22 23:00:00,7.3500004,92.0
2024-04-23 00:00:00,6.351361,97.0
2024-04-23 01:00:00,7.698639,99.0
2024-04-23 02:00:00,7.689698,101.93
2024-04-23 03:00:00,6.780301,95.03
2024-04-23 04:00:00,7.071,105.0
2024-04-23 05:00:00,6.589377,102.04
2024-04-23 06:00:00,8.947637,104.0
2024-04-23 07:00:00,19.856503,105.0
2024-04-23 08:00:00,43.95907,106.96
2024-04-23 09:00:00,48.37139,85.04
2024-04-23 10:00:00,73.9778,88.93
2024-04-23 11:00:00,52.265617,101.03
2024-04-23 12:00:00,43.462315,100.04
2024-04-23 13:00:00,50.444717,105.96
2024-04-23 14:00:00,38.228115,97.0
2024-04-23 15:00:00,29.040028,78.0
2024-04-23 16:00:00,23.924488,78.04
2024-04-23 17:00:00,20.904713,73.0
2024-04-23 18:00:00,15.930051,77.96
2024-04-23 19:00:00,10.360733,90.04
2024-04-23 20:00:00,6.7393703,90.96
2024-04-23 21:00:00,6.309639,83.0
2024-04-23 22:00:00,6.93036,99.04
2024-04-23 23:00:00,6.44,95.03
2024-04-24 00:00:00,6.639639,90.9
2024-04-24 01:00:00,6.593356,91.07
2024-04-24 02:00:00,7.248701,101.0
2024-04-24 03:00:00,6.5612993,98.96
2024-04-24 04:00:00,6.876575,93.04
2024-04-24 05:00:00,6.439446,107.96
2024-04-24 06:00:00,9.044813,96.0
2024-04-24 07:00:00,15.221697,95.07
2024-04-24 08:00:00,26.728317,119.0
2024-04-24 09:00:00,42.849865,109.97
2024-04-24 10:00:00,88.202515,111.96
2024-04-24 11:00:00,72.6943,74.04
2024-04-24 12:00:00,61.169807,107.03
2024-04-24 13:00:00,51.41906,91.97
2024-04-24 14:00:00,58.19259,80.96
2024-04-24 15:00:00,50.130905,82.0
2024-04-24 16:00:00,20.75512,73.04
2024-04-24 17:00:00,24.412373,64.96
2024-04-24 18:00:00,18.322762,69.04
2024-04-24 19:00:00,15.075568,75.0
2024-04-24 20:00:00,13.106817,76.0
2024-04-24 21:00:00,11.966492,81.03
2024-04-24 22:00:00,11.851361,94.93
2024-04-24 23:00:00,11.98,93.97
2024-04-25 00:00:00,12.009639,86.0
2024-04-25 01:00:00,8.410361,94.0
2024-04-25 02:00:00,7.062995,95.1
2024-04-25 03:00:00,7.527005,96.97
2024-04-25 04:00:00,6.759639,101.03
2024-04-25 05:00:00,7.652509,97.93
2024-04-25 06:00:00,8.528553,98.0
2024-04-25 07:00:00,16.763643,112.0
2024-04-25 08:00:00,46.474754,107.04
2024-04-25 09:00:00,53.30293,95.0
2024-04-25 10:00:00,88.21298,92.0
2024-04-25 11:00:00,71.546486,82.0
2024-04-25 12:00:00,42.06475,79.0
2024-04-25 13:00:00,69.204865,88.96
2024-04-25 14:00:00,39.1794,86.04
2024-04-25 15:00:00,42.7633,72.0
2024-04-25 16:00:00,26.111025,73.96
2024-04-25 17:00:00,19.290623,65.0
2024-04-25 18:00:00,19.225803,66.0
2024-04-25 19:00:00,13.642704,64.04
2024-04-25 20:00:00,9.10956,65.0
2024-04-25 21:00:00,6.49,76.93
2024-04-25 22:00:00,6.95,78.07
2024-04-25 23:00:00,6.667005,93.93
2024-04-26 00:00:00,6.0699997,78.03
2024-04-26 01:00:00,6.712995,86.04
2024-04-26 02:00:00,6.5299997,94.93
2024-04-26 03:00:00,7.27,83.07
2024-04-26 04:00:00,6.37,87.0
2024-04-26 05:00:00,7.115644,83.96
2024-04-26 06:00:00,9.953675,91.04
2024-04-26 07:00:00,13.270061,99.96
2024-04-26 08:00:00,34.609245,97.04
2024-04-26 09:00:00,58.063183,108.0
2024-04-26 10:00:00,46.8556,93.0
2024-04-26 11:00:00,37.07968,105.96
2024-04-26 12:00:00,38.743214,70.04
2024-04-26 13:00:00,36.65994,58.03
2024-04-26 14:00:00,19.957895,57.97
2024-04-26 15:00:00,20.406452,58.0
2024-04-26 16:00:00,10.626365,57.0
2024-04-26 17:00:00,14.277194,58.0
2024-04-26 18:00:00,13.0502205,58.96
2024-04-26 19:00:00,9.5121355,57.07
2024-04-26 20:00:00,7.167225,63.93
2024-04-26 21:00:00,6.9496393,78.04
2024-04-26 22:00:00,7.272508,84.0
2024-04-26 23:00:00,6.547852,82.0
2024-04-27 00:00:00,6.2996387,94.0
2024-04-27 01:00:00,6.44,90.96
2024-04-27 02:00:00,6.603356,99.0
2024-04-27 03:00:00,6.776021,94.0
2024-04-27 04:00:00,6.770623,82.0
2024-04-27 05:00:00,7.183356,101.97
2024-04-27 06:00:00,6.718674,98.03
2024-04-27 07:00:00,6.5240116,87.04
2024-04-27 08:00:00,5.9674354,88.0
2024-04-27 09:00:00,17.456787,70.0
2024-04-27 10:00:00,20.313879,62.0
2024-04-27 11:00:00,33.360218,57.03
2024-04-27 12:00:00,31.186377,47.97
2024-04-27 13:00:00,15.451433,48.0
2024-04-27 14:00:00,17.506672,48.0
2024-04-27 15:00:00,14.717561,47.03
2024-04-27 16:00:00,16.231455,47.97
2024-04-27 17:00:00,13.452555,48.0
2024-04-27 18:00:00,12.485298,49.0
2024-04-27 19:00:00,13.885958,50.03
2024-04-27 20:00:00,6.10751,56.97
2024-04-27 21:00:00,5.928842,62.96
2024-04-27 22:00:00,7.3968678,65.0
2024-04-27 23:00:00,6.103979,65.04
2024-04-28 00:00:00,6.24,69.96
2024-04-28 01:00:00,6.366644,67.07
2024-04-28 02:00:00,6.135377,73.9
2024-04-28 03:00:00,6.053623,68.03
2024-04-28 04:00:00,7.2003775,73.04
2024-04-28 05:00:00,6.410554,68.0
2024-04-28 06:00:00,6.5732937,75.96
2024-04-28 07:00:00,9.097597,68.04
2024-04-28 08:00:00,17.228746,62.96
2024-04-28 09:00:00,27.309004,54.04
2024-04-28 10:00:00,34.349236,48.0
2024-04-28 11:00:00,12.940581,48.03
2024-04-28 12:00:00,23.3608,54.97
2024-04-28 13:00:00,6.397474,48.0
2024-04-28 14:00:00,14.750602,51.0
2024-04-28 15:00:00,6.7705727,48.0
2024-04-28 16:00:00,20.530453,49.0
2024-04-28 17:00:00,3.1060352,49.0
2024-04-28 18:00:00,7.0673337,49.0
2024-04-28 19:00:00,5.631138,50.0
2024-04-28 20:00:00,6.7411537,53.0
2024-04-28 21:00:00,6.499152,56.0
2024-04-28 22:00:00,7.246868,57.0
2024-04-28 23:00:00,6.543456,58.0
2024-04-29 00:00:00,6.279675,59.0
2024-04-29 01:00:00,6.316868,59.96
2024-04-29 02:00:00,6.0655184,62.04
2024-04-29 03:00:00,6.1775,65.0
2024-04-29 04:00:00,6.906869,65.0
2024-04-29 05:00:00,6.600984,66.03
2024-04-29 06:00:00,8.330885,70.0
2024-04-29 07:00:00,19.684624,71.97
2024-04-29 08:00:00,50.868797,90.0
2024-04-29 09:00:00,45.04611,65.03
2024-04-29 10:00:00,53.34497,68.97
2024-04-29 11:00:00,59.946865,64.0
2024-04-29 12:00:00,57.503986,60.03
2024-04-29 13:00:00,49.623726,62.0
2024-04-29 14:00:00,41.8157,57.97
2024-04-29 15:00:00,47.285862,56.0
2024-04-29 16:00:00,32.13429,48.0
2024-04-29 17:00:00,27.404282,52.0
2024-04-29 18:00:00,15.228856,48.0
2024-04-29 19:00:00,5.576257,47.0
2024-04-29 20:00:00,6.309059,49.0
2024-04-29 21:00:00,7.2660213,48.0
2024-04-29 22:00:00,5.9531307,48.0
2024-04-29 23:00:00,7.590847,47.0
2024-04-30 00:00:00,6.566022,55.0
2024-04-30 01:00:00,6.400001,52.0
2024-04-30 02:00:00,6.4075613,54.03
2024-04-30 03:00:00,6.206417,56.97
2024-04-30 04:00:00,6.099152,53.0
2024-04-30 05:00:00,7.110326,53.0
2024-04-30 06:00:00,7.6770906,55.96
2024-04-30 07:00:00,14.726931,56.0
2024-04-30 08:00:00,47.55725,64.04
2024-04-30 09:00:00,53.259506,65.0
2024-04-30 10:00:00,67.58781,57.0
2024-04-30 11:00:00,59.210445,65.0
2024-04-30 12:00:00,48.087337,66.79
2024-04-30 13:00:00,64.15249,87.21
2024-04-30 14:00:00,49.452175,49.0
2024-04-30 15:00:00,42.140766,49.0
2024-04-30 16:00:00,29.16172,49.0
2024-04-30 17:00:00,28.03977,54.03
2024-04-30 18:00:00,15.758703,74.97
2024-04-30 19:00:00,6.7475376,48.0
2024-04-30 20:00:00,5.118547,48.03
2024-04-30 21:00:00,6.693131,48.97
2024-04-30 22:00:00,5.806868,51.03
2024-04-30 23:00:00,6.023131,48.97
2024-05-01 00:00:00,6.596869,48.03
2024-05-01 01:00:00,6.173131,50.97
2024-05-01 02:00:00,6.348235,50.0
2024-05-01 03:00:00,5.988257,48.0
2024-05-01 04:00:00,5.870377,49.0
2024-05-01 05:00:00,6.054723,51.0
2024-05-01 06:00:00,7.0426807,52.0
2024-05-01 07:00:00,8.484177,49.03
2024-05-01 08:00:00,19.331448,49.0
2024-05-01 09:00:00,16.935673,48.97
2024-05-01 10:00:00,7.478907,55.0
2024-05-01 11:00:00,6.7838984,49.0
2024-05-01 12:00:00,8.411033,48.0
2024-05-01 13:00:00,6.9872603,59.0
2024-05-01 14:00:00,6.472063,52.03
2024-05-01 15:00:00,5.461765,43.97
2024-05-01 16:00:00,5.639059,50.03
2024-05-01 17:00:00,5.1106143,50.97
2024-05-01 18:00:00,5.634957,70.0
2024-05-01 19:00:00,6.088552,45.03
2024-05-01 20:00:00,5.219263,48.97
2024-05-01 21:00:00,6.036648,56.0
2024-05-01 22:00:00,5.695797,50.03
2024-05-01 23:00:00,6.070361,48.97
2024-05-02 00:00:00,6.562996,48.0
2024-05-02 01:00:00,6.196644,49.0
2024-05-02 02:00:00,5.579377,48.0
2024-05-02 03:00:00,6.63,49.0
2024-05-02 04:00:00,5.559623,48.0
2024-05-02 05:00:00,5.728075,49.0
2024-05-02 06:00:00,7.6446238,48.0
2024-05-02 07:00:00,19.259132,49.0
2024-05-02 08:00:00,43.397823,61.0
2024-05-02 09:00:00,48.67916,57.0
2024-05-02 10:00:00,73.6922,55.0
2024-05-02 11:00:00,71.25216,48.0
2024-05-02 12:00:00,57.638317,50.03
2024-05-02 13:00:00,62.35898,52.97
2024-05-02 14:00:00,57.681828,48.0
2024-05-02 15:00:00,48.915604,48.0
2024-05-02 16:00:00,9.915955,44.0
2024-05-02 17:00:00,5.7730217,41.96
2024-05-02 18:00:00,4.7786393,44.0
2024-05-02 19:00:00,6.318324,58.04
2024-05-02 20:00:00,6.209962,43.0
2024-05-02 21:00:00,5.989295,40.0
2024-05-02 22:00:00,5.929706,46.03
2024-05-02 23:00:00,6.291898,46.97
2024-05-03 00:00:00,6.269153,48.0
2024-05-03 01:00:00,6.386293,45.03
2024-05-03 02:00:00,6.049016,46.0
2024-05-03 03:00:00,5.982147,47.0
2024-05-03 04:00:00,5.916868,48.97
2024-05-03 05:00:00,5.8931313,49.0
2024-05-03 06:00:00,9.5975275,49.0
2024-05-03 07:00:00,19.436209,49.0
2024-05-03 08:00:00,36.87761,52.0
2024-05-03 09:00:00,42.457264,55.0
2024-05-03 10:00:00,51.04554,48.0
2024-05-03 11:00:00,36.734493,51.03
2024-05-03 12:00:00,14.288672,48.97
2024-05-03 13:00:00,6.4636183,43.0
2024-05-03 14:00:00,6.238865,40.0
2024-05-03 15:00:00,9.451008,41.03
2024-05-03 16:00:00,5.312445,39.0
2024-05-03 17:00:00,9.468532,38.97
2024-05-03 18:00:00,5.5855975,36.0
2024-05-03 19:00:00,6.006093,36.03
2024-05-03 20:00:00,7.464503,37.0
2024-05-03 21:00:00,5.9700003,37.0
2024-05-03 22:00:00,6.746838,41.0
2024-05-03 23:00:00,6.332315,45.97
2024-05-04 00:00:00,6.299152,39.0
2024-05-04 01:00:00,6.9720287,40.97
2024-05-04 02:00:00,6.8354073,40.059998
2024-05-04 03:00:00,6.009016,41.0
2024-05-04 04:00:00,6.622587,41.97
2024-05-04 05:00:00,6.08,42.03
2024-05-04 06:00:00,6.555184,43.97
2024-05-04 07:00:00,6.985084,43.0
2024-05-04 08:00:00,8.218031,44.0
2024-05-04 09:00:00,8.369381,42.0
2024-05-04 10:00:00,7.6521745,63.0
2024-05-04 11:00:00,19.812504,40.03
2024-05-04 12:00:00,15.940683,38.0
2024-05-04 13:00:00,10.976128,39.97
2024-05-04 14:00:00,11.1507225,36.03
2024-05-04 15:00:00,9.461448,35.97
2024-05-04 16:00:00,5.1130886,35.0
2024-05-04 17:00:00,4.5961204,35.03
2024-05-04 18:00:00,6.1785107,35.97
2024-05-04 19:00:00,6.8368893,35.0
2024-05-04 20:00:00,7.2042904,36.0
2024-05-04 21:00:00,6.949153,37.0
2024-05-04 22:00:00,6.45,37.03
2024-05-04 23:00:00,6.54656,39.97
2024-05-05 00:00:00,6.582593,39.0
2024-05-05 01:00:00,6.676701,40.0
2024-05-05 02:00:00,6.95,40.03
2024-05-05 03:00:00,6.352451,41.97
2024-05-05 04:00:00,6.740001,42.0
2024-05-05 05:00:00,6.3575487,42.03
2024-05-05 06:00:00,6.5234127,44.97
2024-05-05 07:00:00,5.994699,48.0
2024-05-05 08:00:00,6.781718,44.96
2024-05-05 09:00:00,8.532405,57.04
2024-05-05 10:00:00,18.006973,47.0
2024-05-05 11:00:00,8.153283,45.0
2024-05-05 12:00:00,6.379475,47.0
2024-05-05 13:00:00,7.303771,61.03
2024-05-05 14:00:00,6.9906535,44.97
2024-05-05 15:00:00,7.9029913,46.03
2024-05-05 16:00:00,6.8751407,45.0
2024-05-05 17:00:00,4.837863,40.0
2024-05-05 18:00:00,6.094928,42.0
2024-05-05 19:00:00,6.855626,43.97
2024-05-05 20:00:00,5.9880238,44.0
2024-05-05 21:00:00,7.216157,45.03
2024-05-05 22:00:00,5.9700003,47.97
2024-05-05 23:00:00,6.819016,48.0
2024-05-06 00:00:00,6.56,49.0
2024-05-06 01:00:00,6.14,48.0
2024-05-06 02:00:00,7.483131,49.0
2024-05-06 03:00:00,6.6268682,51.03
2024-05-06 04:00:00,6.923979,49.97
2024-05-06 05:00:00,6.166021,48.03
2024-05-06 06:00:00,8.171346,48.97
2024-05-06 07:00:00,20.488354,51.0
2024-05-06 08:00:00,58.62642,71.03
2024-05-06 09:00:00,65.978165,58.97
2024-05-06 10:00:00,70.74322,57.0
2024-05-06 11:00:00,41.145645,51.0
2024-05-06 12:00:00,58.58088,57.0
2024-05-06 13:00:00,48.889545,56.0
2024-05-06 14:00:00,39.400383,52.0
2024-05-06 15:00:00,52.821533,56.0
2024-05-06 16:00:00,20.689861,50.0
2024-05-06 17:00:00,30.391394,47.0
2024-05-06 18:00:00,24.564817,48.0
2024-05-06 19:00:00,14.631702,47.0
2024-05-06 20:00:00,5.4920774,48.0
2024-05-06 21:00:00,6.0853157,47.0
2024-05-06 22:00:00,6.211339,48.0
2024-05-06 23:00:00,5.816694,47.03
2024-05-07 00:00:00,5.70964,47.97
2024-05-07 01:00:00,6.00036,49.0
2024-05-07 02:00:00,6.1286387,51.0
2024-05-07 03:00:00,6.1243563,51.0
2024-05-07 04:00:00,6.599478,53.0
2024-05-07 05:00:00,5.376544,54.03
2024-05-07 06:00:00,6.846211,53.93
2024-05-07 07:00:00,20.30871,56.04
2024-05-07 08:00:00,72.57107,63.96
2024-05-07 09:00:00,57.261475,60.04
2024-05-07 10:00:00,93.95346,61.0
2024-05-07 11:00:00,80.654976,63.03
2024-05-07 12:00:00,42.665886,54.97
2024-05-07 13:00:00,73.378586,57.0
2024-05-07 14:00:00,65.42147,44.0
2024-05-07 15:00:00,65.027435,53.0
2024-05-07 16:00:00,38.561825,48.03
2024-05-07 17:00:00,23.428148,46.97
2024-05-07 18:00:00,16.55202,47.0
2024-05-07 19:00:00,4.6792536,47.0
2024-05-07 20:00:00,4.939375,47.0
2024-05-07 21:00:00,5.714406,47.0
2024-05-07 22:00:00,6.11,47.0
2024-05-07 23:00:00,6.196021,47.03
2024-05-08 00:00:00,5.523131,47.97
2024-05-08 01:00:00,6.44,48.0
2024-05-08 02:00:00,5.423058,50.0
2024-05-08 03:00:00,6.673433,51.0
2024-05-08 04:00:00,6.143508,55.03
2024-05-08 05:00:00,6.33036,56.0
2024-05-08 06:00:00,8.081766,56.97
2024-05-08 07:00:00,19.286448,65.96
2024-05-08 08:00:00,58.89074,66.04
2024-05-08 09:00:00,58.99052,65.0
2024-05-08 10:00:00,82.22112,59.0
2024-05-08 11:00:00,83.8439,56.0
2024-05-08 12:00:00,58.441826,48.03
2024-05-08 13:00:00,62.935394,56.97
2024-05-08 14:00:00,59.35489,52.0
2024-05-08 15:00:00,52.106304,48.0
2024-05-08 16:00:00,35.239567,47.0
2024-05-08 17:00:00,9.428436,43.0
2024-05-08 18:00:00,4.7189417,40.03
2024-05-08 19:00:00,4.8429823,40.97
2024-05-08 20:00:00,4.8051634,40.0
2024-05-08 21:00:00,6.1128144,42.0
2024-05-08 22:00:00,6.0703278,43.0
2024-05-08 23:00:00,6.091876,44.0
2024-05-09 00:00:00,5.579153,46.03
2024-05-09 01:00:00,5.5560207,47.0
2024-05-09 02:00:00,6.2312737,47.0
2024-05-09 03:00:00,5.612594,47.97
2024-05-09 04:00:00,6.445644,47.0
2024-05-09 05:00:00,6.149639,47.0
2024-05-09 06:00:00,6.495838,48.0
2024-05-09 07:00:00,11.331431,49.0
2024-05-09 08:00:00,18.474825,48.0
2024-05-09 09:00:00,15.30579,47.0
2024-05-09 10:00:00,10.159472,48.0
2024-05-09 11:00:00,7.974571,44.0
2024-05-09 12:00:00,7.237015,43.0
2024-05-09 13:00:00,8.796375,41.0
2024-05-09 14:00:00,5.558566,40.03
2024-05-09 15:00:00,6.65229,39.97
2024-05-09 16:00:00,5.9260097,40.03
2024-05-09 17:00:00,6.9459877,42.0
2024-05-09 18:00:00,5.0877485,38.97
2024-05-09 19:00:00,5.6726665,38.0
2024-05-09 20:00:00,6.045376,39.0
2024-05-09 21:00:00,5.445854,40.03
2024-05-09 22:00:00,6.398705,45.97
2024-05-09 23:00:00,6.319328,41.03
2024-05-10 00:00:00,5.372723,42.97
2024-05-10 01:00:00,6.449153,43.03
2024-05-10 02:00:00,5.467144,43.97
2024-05-10 03:00:00,6.370981,45.0
2024-05-10 04:00:00,5.452723,46.0
2024-05-10 05:00:00,6.167814,47.0
2024-05-10 06:00:00,7.1072617,47.0
2024-05-10 07:00:00,6.212163,48.0
2024-05-10 08:00:00,5.690748,47.03
2024-05-10 09:00:00,7.960808,47.97
2024-05-10 10:00:00,5.4040713,45.0
2024-05-10 11:00:00,6.8150854,43.0
2024-05-10 12:00:00,6.074211,44.0
2024-05-10 13:00:00,6.3721185,44.0
2024-05-10 14:00:00,6.7008457,44.03
2024-05-10 15:00:00,5.3049912,42.0
2024-05-10 16:00:00,5.887806,41.97
2024-05-10 17:00:00,6.390344,42.0
2024-05-10 18:00:00,5.737625,43.0
2024-05-10 19:00:00,5.8683968,42.0
2024-05-10 20:00:00,5.3643284,43.0
2024-05-10 21:00:00,5.739016,44.0
2024-05-10 22:00:00,5.298656,48.0
2024-05-10 23:00:00,7.06036,46.03
2024-05-11 00:00:00,5.662148,46.97
2024-05-11 01:00:00,5.536491,47.03
2024-05-11 02:00:00,6.29564,48.97
2024-05-11 03:00:00,5.544737,47.0
2024-05-11 04:00:00,5.453455,47.0
2024-05-11 05:00:00,6.645072,47.0
2024-05-11 06:00:00,6.827258,47.0
2024-05-11 07:00:00,11.821728,47.0
2024-05-11 08:00:00,17.636568,47.03
2024-05-11 09:00:00,10.199835,47.97
2024-05-11 10:00:00,6.473928,45.0
2024-05-11 11:00:00,7.846224,43.03
2024-05-11 12:00:00,5.842584,42.0
2024-05-11 13:00:00,6.15974,40.97
2024-05-11 14:00:00,4.67196,41.0
2024-05-11 15:00:00,5.3983107,40.03
2024-05-11 16:00:00,6.1483707,39.93
2024-05-11 17:00:00,4.310071,39.04
2024-05-11 18:00:00,5.4150176,37.0
2024-05-11 19:00:00,4.9202976,37.03
2024-05-11 20:00:00,6.230298,36.97
2024-05-11 21:00:00,5.1576853,39.0
2024-05-11 22:00:00,6.257685,40.0
2024-05-11 23:00:00,5.859017,41.03
2024-05-12 00:00:00,6.121603,40.97
2024-05-12 01:00:00,5.38643,42.0
2024-05-12 02:00:00,6.346384,43.0
2024-05-12 03:00:00,5.3454924,46.0
2024-05-12 04:00:00,5.906158,46.0
2024-05-12 05:00:00,5.5726223,47.0
2024-05-12 06:00:00,7.057613,47.0
2024-05-12 07:00:00,7.2600813,47.0
2024-05-12 08:00:00,6.8862185,44.0
2024-05-12 09:00:00,7.240364,44.0
2024-05-12 10:00:00,7.599536,41.03
2024-05-12 11:00:00,10.187544,40.97
2024-05-12 12:00:00,2.771279,39.0
2024-05-12 13:00:00,6.2835374,54.0
2024-05-12 14:00:00,8.783103,38.03
2024-05-12 15:00:00,11.557568,36.97
2024-05-12 16:00:00,8.045461,47.96
2024-05-12 17:00:00,5.921928,54.04
2024-05-12 18:00:00,5.7116613,45.03
2024-05-12 19:00:00,4.9419384,35.97
2024-05-12 20:00:00,6.1031995,36.0
2024-05-12 21:00:00,4.988221,36.0
2024-05-12 22:00:00,5.739,37.03
2024-05-12 23:00:00,5.921594,39.0
2024-05-13 00:00:00,6.2176847,39.97
2024-05-13 01:00:00,5.619016,40.0
2024-05-13 02:00:00,6.154583,42.0
2024-05-13 03:00:00,5.94345,42.03
2024-05-13 04:00:00,5.44,43.97
2024-05-13 05:00:00,6.002345,44.03
2024-05-13 06:00:00,7.160329,46.0
2024-05-13 07:00:00,18.81982,47.0
2024-05-13 08:00:00,39.4248,47.97
2024-05-13 09:00:00,60.83982,47.0
2024-05-13 10:00:00,78.23666,65.0
2024-05-13 11:00:00,92.68236,86.0
2024-05-13 12:00:00,59.758186,48.0
2024-05-13 13:00:00,63.097977,46.03
2024-05-13 14:00:00,62.965027,23.0
2024-05-13 15:00:00,52.507797,0.0
2024-05-13 16:00:00,40.735786,44.0
2024-05-13 17:00:00,33.264317,33.97
2024-05-13 18:00:00,20.10555,27.03
2024-05-13 19:00:00,9.87844,19.0
2024-05-13 20:00:00,6.538659,29.0
2024-05-13 21:00:00,7.6668863,35.97
2024-05-13 22:00:00,8.201967,38.0
2024-05-13 23:00:00,7.1128902,34.03
2024-05-14 00:00:00,6.489079,32.97
2024-05-14 01:00:00,6.549017,33.0
2024-05-14 02:00:00,7.11,34.0
2024-05-14 03:00:00,7.1490173,34.03
2024-05-14 04:00:00,7.499754,35.97
2024-05-14 05:00:00,8.066295,36.0
2024-05-14 06:00:00,11.508707,38.0
2024-05-14 07:00:00,21.347382,42.0
2024-05-14 08:00:00,51.343983,45.0
2024-05-14 09:00:00,60.518326,18.0
2024-05-14 10:00:00,92.303764,35.03
2024-05-14 11:00:00,80.24415,44.97
2024-05-14 12:00:00,58.52332,41.0
2024-05-14 13:00:00,61.835304,32.03
2024-05-14 14:00:00,57.645905,21.0
2024-05-14 15:00:00,55.786137,19.0
2024-05-14 16:00:00,25.82504,17.0
2024-05-14 17:00:00,22.02371,12.0
2024-05-14 18:00:00,13.417244,10.0
2024-05-14 19:00:00,3.7936285,21.0
2024-05-14 20:00:00,4.827356,19.97
2024-05-14 21:00:00,1.988341,11.030001
2024-05-14 22:00:00,7.343278,34.97
2024-05-14 23:00:00,6.415721,32.03
2024-05-15 00:00:00,5.33018,29.97
2024-05-15 01:00:00,2.460819,13.030001
2024-05-15 02:00:00,5.200678,27.97
2024-05-15 03:00:00,5.388502,30.0
2024-05-15 04:00:00,5.07082,27.03
2024-05-15 05:00:00,3.326407,14.0
2024-05-15 06:00:00,10.045947,33.97
2024-05-15 07:00:00,19.737967,36.03
2024-05-15 08:00:00,67.02113,42.97
2024-05-15 09:00:00,62.86493,36.96
2024-05-15 10:00:00,93.874115,37.07
2024-05-15 11:00:00,77.72548,44.97
2024-05-15 12:00:00,52.89192,12.0
2024-05-15 13:00:00,59.035908,32.96
2024-05-15 14:00:00,60.531696,28.07
2024-05-15 15:00:00,57.616714,24.0
2024-05-15 16:00:00,26.734028,18.0
2024-05-15 17:00:00,22.232744,22.0
2024-05-15 18:00:00,15.491039,52.93
2024-05-15 19:00:00,4.750188,14.04
2024-05-15 20:00:00,6.714776,51.03
2024-05-15 21:00:00,1.9593351,24.0
2024-05-15 22:00:00,5.652712,41.0
2024-05-15 23:00:00,3.868361,15.97
2024-05-16 00:00:00,8.110622,37.03
2024-05-16 01:00:00,5.490197,30.0
2024-05-16 02:00:00,4.900819,28.0
2024-05-16 03:00:00,2.6698298,14.0
2024-05-16 04:00:00,5.57917,30.0
2024-05-16 05:00:00,5.632234,29.97
2024-05-16 06:00:00,8.757126,31.0
2024-05-16 07:00:00,18.212278,33.03
2024-05-16 08:00:00,60.62654,30.0
2024-05-16 09:00:00,71.39584,32.0
2024-05-16 10:00:00,84.21763,41.0
2024-05-16 11:00:00,73.05893,15.0
2024-05-16 12:00:00,56.403904,36.97
2024-05-16 13:00:00,57.432274,21.03
2024-05-16 14:00:00,60.355957,20.0
2024-05-16 15:00:00,51.342323,21.0
2024-05-16 16:00:00,26.516218,19.97
2024-05-16 17:00:00,22.762701,10.030001
2024-05-16 18:00:00,13.2073,19.0
2024-05-16 19:00:00,5.990864,21.97
2024-05-16 20:00:00,3.034695,11.030001
2024-05-16 21:00:00,5.7255883,29.0
2024-05-16 22:00:00,1.738502,10.97
2024-05-16 23:00:00,7.316066,35.0
2024-05-17 00:00:00,6.253754,32.0
2024-05-17 01:00:00,5.38,30.0
2024-05-17 02:00:00,1.8700533,17.03
2024-05-17 03:00:00,5.631511,40.93
2024-05-17 04:00:00,4.809322,64.07
2024-05-17 05:00:00,3.368295,21.97
2024-05-17 06:00:00,8.617465,43.0
2024-05-17 07:00:00,14.338535,51.96
2024-05-17 08:00:00,45.597267,30.07
2024-05-17 09:00:00,58.09513,16.0
2024-05-17 10:00:00,46.103188,28.970001
2024-05-17 11:00:00,51.97379,32.0
2024-05-17 12:00:00,34.228554,22.03
2024-05-17 13:00:00,22.528025,17.970001
2024-05-17 14:00:00,10.328141,10.0
2024-05-17 15:00:00,6.4098053,12.030001
2024-05-17 16:00:00,5.549218,22.0
2024-05-17 17:00:00,5.392791,16.0
2024-05-17 18:00:00,4.098476,10.0
2024-05-17 19:00:00,4.7746572,24.0
2024-05-17 20:00:00,4.7096696,17.0
2024-05-17 21:00:00,5.183031,28.0
2024-05-17 22:00:00,3.0670002,15.969999
2024-05-17 23:00:00,8.30283,37.03
2024-05-18 00:00:00,5.4193487,30.0
2024-05-18 01:00:00,4.86082,29.0
2024-05-18 02:00:00,2.9089832,14.0
2024-05-18 03:00:00,5.5208483,32.0
2024-05-18 04:00:00,5.42817,29.97
2024-05-18 05:00:00,2.047284,10.030001
2024-05-18 06:00:00,10.83602,35.0
2024-05-18 07:00:00,18.829088,68.83
2024-05-18 08:00:00,8.224482,60.17
2024-05-18 09:00:00,7.430071,59.0
2024-05-18 10:00:00,7.6391325,81.0
2024-05-18 11:00:00,7.0510616,58.0
2024-05-18 12:00:00,6.3322887,44.0
2024-05-18 13:00:00,6.8305607,21.970001
2024-05-18 14:00:00,7.1437325,12.93
2024-05-18 15:00:00,9.746206,19.1
2024-05-18 16:00:00,11.268956,22.0
2024-05-18 17:00:00,4.8806,12.969999
2024-05-18 18:00:00,6.993679,10.0
2024-05-18 19:00:00,4.186002,22.03
2024-05-18 20:00:00,5.090824,18.0
2024-05-18 21:00:00,3.2709875,18.0
2024-05-18 22:00:00,4.298197,22.97
2024-05-18 23:00:00,3.29918,14.0
2024-05-19 00:00:00,8.871606,39.0
2024-05-19 01:00:00,5.771695,30.0
2024-05-19 02:00:00,5.42,29.03
2024-05-19 03:00:00,2.1069999,11.97
2024-05-19 04:00:00,5.551,30.0
2024-05-19 05:00:00,5.9481936,30.0
2024-05-19 06:00:00,7.7510414,29.03
2024-05-19 07:00:00,16.62925,29.97
2024-05-19 08:00:00,11.773069,11.03
2024-05-19 09:00:00,4.7366714,29.97
2024-05-19 10:00:00,10.201905,30.0
2024-05-19 11:00:00,36.72812,11.0
2024-05-19 12:00:00,23.321354,26.03
2024-05-19 13:00:00,7.868438,13.969999
2024-05-19 14:00:00,19.760023,10.0
2024-05-19 15:00:00,5.222495,14.030001
2024-05-19 16:00:00,6.5536857,20.0
2024-05-19 17:00:00,3.6698487,17.0
2024-05-19 18:00:00,4.442175,10.0
2024-05-19 19:00:00,4.37674,19.0
2024-05-19 20:00:00,5.5786424,21.97
2024-05-19 21:00:00,2.19327,11.030001
2024-05-19 22:00:00,6.031,30.970001
2024-05-19 23:00:00,7.299678,35.0
2024-05-20 00:00:00,5.319152,30.029999
2024-05-20 01:00:00,2.7708478,17.0
2024-05-20 02:00:00,4.738,24.97
2024-05-20 03:00:00,5.412352,30.0
2024-05-20 04:00:00,2.329649,12.030001
2024-05-20 05:00:00,6.435031,29.0
2024-05-20 06:00:00,9.972202,30.97
2024-05-20 07:00:00,19.040089,30.0
2024-05-20 08:00:00,11.751368,29.03
2024-05-20 09:00:00,8.400707,11.97
2024-05-20 10:00:00,6.551365,30.0
2024-05-20 11:00:00,5.075,10.030001
2024-05-20 12:00:00,5.5069013,15.0
2024-05-20 13:00:00,9.97564,20.0
2024-05-20 14:00:00,7.5486975,15.0
2024-05-20 15:00:00,4.6868715,10.0
2024-05-20 16:00:00,8.941915,20.0
2024-05-20 17:00:00,6.1420703,20.0
2024-05-20 18:00:00,4.70329,10.969999
2024-05-20 19:00:00,4.472671,9.030001
2024-05-20 20:00:00,6.8741255,32.0
2024-05-20 21:00:00,2.289753,11.0
2024-05-20 22:00:00,3.481017,20.0
2024-05-20 23:00:00,3.900678,20.0
2024-05-21 00:00:00,3.28983,15.97
2024-05-21 01:00:00,8.905491,39.0
2024-05-21 02:00:00,5.6128883,30.03
2024-05-21 03:00:00,5.47083,29.97
2024-05-21 04:00:00,2.119152,11.0
2024-05-21 05:00:00,6.003475,30.03
2024-05-21 06:00:00,7.029767,29.97
2024-05-21 07:00:00,9.560543,30.03
2024-05-21 08:00:00,55.688377,35.97
2024-05-21 09:00:00,71.55734,37.0
2024-05-21 10:00:00,93.84921,32.03
2024-05-21 11:00:00,81.59552,30.97
2024-05-21 12:00:00,60.99283,30.0
2024-05-21 13:00:00,64.266365,30.0
2024-05-21 14:00:00,64.168686,29.03
2024-05-21 15:00:00,52.28591,29.97
2024-05-21 16:00:00,26.367065,30.0
2024-05-21 17:00:00,20.425045,11.030001
2024-05-21 18:00:00,11.955867,18.0
2024-05-21 19:00:00,4.3306074,20.97
2024-05-21 20:00:00,4.1647234,10.03
2024-05-21 21:00:00,4.3314576,23.0
2024-05-21 22:00:00,5.7720003,24.970001
2024-05-21 23:00:00,7.1286783,34.0
2024-05-22 00:00:00,5.5491524,30.0
2024-05-22 01:00:00,2.470169,14.030001
2024-05-22 02:00:00,5.176235,27.0
2024-05-22 03:00:00,5.491961,29.97
2024-05-22 04:00:00,2.5318031,14.030001
2024-05-22 05:00:00,5.6045275,27.0
2024-05-22 06:00:00,7.1379423,30.0
2024-05-22 07:00:00,10.122593,30.0
2024-05-22 08:00:00,49.42134,34.97
2024-05-22 09:00:00,69.77246,34.0
2024-05-22 10:00:00,104.72061,34.0
2024-05-22 11:00:00,80.94114,33.0
2024-05-22 12:00:00,51.294743,34.0
2024-05-22 13:00:00,83.91018,32.03
2024-05-22 14:00:00,59.357613,30.0
2024-05-22 15:00:00,61.603302,29.97
2024-05-22 16:00:00,13.940584,30.0
2024-05-22 17:00:00,15.701537,10.030001
2024-05-22 18:00:00,16.709421,30.0
2024-05-22 19:00:00,15.794933,29.97
2024-05-22 20:00:00,14.895447,30.0
2024-05-22 21:00:00,15.506925,29.03
2024-05-22 22:00:00,15.1380005,10.0
2024-05-22 23:00:00,15.2128315,30.97
2024-05-23 00:00:00,15.012669,26.03
2024-05-23 01:00:00,14.145697,15.0
2024-05-23 02:00:00,13.640984,29.97
2024-05-23 03:00:00,14.020821,25.03
2024-05-23 04:00:00,13.615697,16.0
2024-05-23 05:00:00,14.403303,30.0
2024-05-23 06:00:00,14.8616,30.0
2024-05-23 07:00:00,26.791996,33.97
2024-05-23 08:00:00,76.089386,42.0
2024-05-23 09:00:00,75.914856,42.0
2024-05-23 10:00:00,97.09333,36.03
2024-05-23 11:00:00,88.85089,32.97
2024-05-23 12:00:00,53.191246,30.0
2024-05-23 13:00:00,66.49042,29.03
2024-05-23 14:00:00,59.862495,30.0
2024-05-23 15:00:00,56.067535,29.97
2024-05-23 16:00:00,26.429384,30.0
2024-05-23 17:00:00,17.003618,10.030001
2024-05-23 18:00:00,15.20506,30.0
2024-05-23 19:00:00,14.604326,29.97
2024-05-23 20:00:00,5.398268,22.03
2024-05-23 21:00:00,5.236701,22.0
2024-05-23 22:00:00,6.483754,32.97
2024-05-23 23:00:00,5.5916777,30.0
2024-05-24 00:00:00,5.508502,29.0
2024-05-24 01:00:00,5.331498,29.03
2024-05-24 02:00:00,1.679322,10.0
2024-05-24 03:00:00,7.817213,36.0
2024-05-24 04:00:00,6.510984,32.97
2024-05-24 05:00:00,6.5215135,31.0
2024-05-24 06:00:00,12.610776,35.03
2024-05-24 07:00:00,21.750801,38.0
2024-05-24 08:00:00,40.428185,27.0
2024-05-24 09:00:00,47.27327,0.0
2024-05-24 10:00:00,29.065979,0.0
2024-05-24 11:00:00,43.446274,44.97
2024-05-24 12:00:00,34.08317,51.0
2024-05-24 13:00:00,29.54366,39.03
2024-05-24 14:00:00,20.167194,30.97
2024-05-24 15:00:00,9.368666,14.030001
2024-05-24 16:00:00,3.587557,22.0
2024-05-24 17:00:00,6.460283,13.0
2024-05-24 18:00:00,4.7239003,10.0
2024-05-24 19:00:00,5.565758,30.0
2024-05-24 20:00:00,4.412861,13.97
2024-05-24 21:00:00,8.625071,41.0
2024-05-24 22:00:00,5.601893,32.03
2024-05-24 23:00:00,5.2114983,28.97
2024-05-25 00:00:00,5.079486,28.03
2024-05-25 01:00:00,2.12882,11.97
2024-05-25 02:00:00,5.807884,30.03
2024-05-25 03:00:00,5.48381,29.97
2024-05-25 04:00:00,5.49,30.0
2024-05-25 05:00:00,6.511181,29.03
2024-05-25 06:00:00,10.112158,30.0
2024-05-25 07:00:00,10.78786,31.0
2024-05-25 08:00:00,6.725739,30.0
2024-05-25 09:00:00,5.159581,16.0
2024-05-25 10:00:00,6.1603646,25.97
2024-05-25 11:00:00,4.656954,29.03
2024-05-25 12:00:00,6.774275,15.0
2024-05-25 13:00:00,7.570744,26.0
2024-05-25 14:00:00,3.9375896,29.0
2024-05-25 15:00:00,9.404552,12.0
2024-05-25 16:00:00,13.779608,29.97
2024-05-25 17:00:00,6.978254,22.03
2024-05-25 18:00:00,6.229141,19.0
2024-05-25 19:00:00,4.129629,30.0
2024-05-25 20:00:00,7.050067,29.97
2024-05-25 21:00:00,5.8466825,30.0
2024-05-25 22:00:00,3.879322,20.03
2024-05-25 23:00:00,3.859181,20.97
2024-05-26 00:00:00,5.41882,30.0
2024-05-26 01:00:00,4.0486097,21.03
2024-05-26 02:00:00,3.6390686,19.970001
2024-05-26 03:00:00,5.41982,30.0
2024-05-26 04:00:00,5.401679,29.03
2024-05-26 05:00:00,5.272422,24.0
2024-05-26 06:00:00,7.999492,21.970001
2024-05-26 07:00:00,14.246705,36.03
2024-05-26 08:00:00,16.911419,31.0
2024-05-26 09:00:00,5.013545,26.0
2024-05-26 10:00:00,9.674705,17.0
2024-05-26 11:00:00,9.13864,30.0
2024-05-26 12:00:00,14.470314,17.0
2024-05-26 13:00:00,6.4063725,23.970001
2024-05-26 14:00:00,7.6263847,27.03
2024-05-26 15:00:00,7.911177,13.0
2024-05-26 16:00:00,10.796982,11.0
2024-05-26 17:00:00,2.9092784,18.0
2024-05-26 18:00:00,7.7186313,20.0
2024-05-26 19:00:00,4.386564,12.0
2024-05-26 20:00:00,6.360559,34.97
2024-05-26 21:00:00,5.9031706,29.03
2024-05-26 22:00:00,4.25082,24.0
2024-05-26 23:00:00,3.158999,17.0
2024-05-27 00:00:00,4.701,27.0
2024-05-27 01:00:00,2.797,14.0
2024-05-27 02:00:00,5.571912,30.0
2024-05-27 03:00:00,4.071086,24.0
2024-05-27 04:00:00,3.45983,17.970001
2024-05-27 05:00:00,6.199394,30.0
2024-05-27 06:00:00,11.327411,30.0
2024-05-27 07:00:00,20.394192,29.03
2024-05-27 08:00:00,65.631714,31.97
2024-05-27 09:00:00,67.715485,30.03
2024-05-27 10:00:00,93.53685,30.0
2024-05-27 11:00:00,81.9483,30.0
2024-05-27 12:00:00,60.656757,29.97
2024-05-27 13:00:00,44.954502,29.03
2024-05-27 14:00:00,56.65863,10.97
2024-05-27 15:00:00,37.73083,32.0
2024-05-27 16:00:00,13.741785,30.0
2024-05-27 17:00:00,12.841688,17.03
2024-05-27 18:00:00,17.776224,23.0
2024-05-27 19:00:00,15.901019,29.0
2024-05-27 20:00:00,5.284388,12.0
2024-05-27 21:00:00,6.2686157,31.0
2024-05-27 22:00:00,5.2791967,29.97
2024-05-27 23:00:00,2.804303,14.030001
2024-05-28 00:00:00,4.8491793,26.970001
2024-05-28 01:00:00,5.389819,29.03
2024-05-28 02:00:00,2.039983,10.969999
2024-05-28 03:00:00,5.771694,31.0
2024-05-28 04:00:00,5.42,29.03
2024-05-28 05:00:00,2.609322,15.0
2024-05-28 06:00:00,8.37335,32.97
2024-05-28 07:00:00,13.815695,39.03
2024-05-28 08:00:00,67.317,41.97
2024-05-28 09:00:00,79.572,21.029999
2024-05-28 10:00:00,99.8482,6.0
2024-05-28 11:00:00,86.88595,20.93
2024-05-28 12:00:00,49.2745,19.07
2024-05-28 13:00:00,69.59541,26.93
2024-05-28 14:00:00,50.694336,59.04
2024-05-28 15:00:00,66.321106,47.0
2024-05-28 16:00:00,34.88417,38.03
2024-05-28 17:00:00,27.246723,33.97
2024-05-28 18:00:00,14.500888,30.029999
2024-05-28 19:00:00,4.4522095,13.0
2024-05-28 20:00:00,5.9147058,36.97
2024-05-28 21:00:00,6.2211814,35.03
2024-05-28 22:00:00,5.781695,31.97
2024-05-28 23:00:00,5.448366,30.03
2024-05-29 00:00:00,5.590983,29.97
2024-05-29 01:00:00,5.449017,33.03
2024-05-29 02:00:00,4.2716904,24.0
2024-05-29 03:00:00,3.910758,19.0
2024-05-29 04:00:00,6.150865,31.0
2024-05-29 05:00:00,5.553275,30.0
2024-05-29 06:00:00,9.479548,34.0
2024-05-29 07:00:00,13.756954,39.0
2024-05-29 08:00:00,45.323677,40.97
2024-05-29 09:00:00,51.225105,37.0
2024-05-29 10:00:00,84.76535,37.0
2024-05-29 11:00:00,75.065475,39.0
2024-05-29 12:00:00,50.4543,36.03
2024-05-29 13:00:00,66.52549,34.0
2024-05-29 14:00:00,53.7487,34.97
2024-05-29 15:00:00,58.286827,38.0
2024-05-29 16:00:00,20.567814,35.03
2024-05-29 17:00:00,26.075247,30.97
2024-05-29 18:00:00,21.1998,24.03
2024-05-29 19:00:00,6.3482494,20.0
2024-05-29 20:00:00,7.6205626,38.0
2024-05-29 21:00:00,6.5597,35.0
2024-05-29 22:00:00,6.231711,32.97
2024-05-29 23:00:00,5.36,30.0
2024-05-30 00:00:00,5.54,29.03
2024-05-30 01:00:00,5.469197,30.0
2024-05-30 02:00:00,5.622481,29.97
2024-05-30 03:00:00,5.738305,30.03
2024-05-30 04:00:00,6.271016,32.0
2024-05-30 05:00:00,7.107364,32.0
2024-05-30 06:00:00,12.240485,37.97
2024-05-30 07:00:00,20.40906,43.0
2024-05-30 08:00:00,63.654537,46.0
2024-05-30 09:00:00,41.428436,40.0
2024-05-30 10:00:00,78.72419,36.0
2024-05-30 11:00:00,67.670685,33.0
2024-05-30 12:00:00,48.994987,30.0
2024-05-30 13:00:00,62.694973,30.0
2024-05-30 14:00:00,43.633133,29.03
2024-05-30 15:00:00,45.93968,23.0
2024-05-30 16:00:00,19.342209,22.0
2024-05-30 17:00:00,13.809872,34.0
2024-05-30 18:00:00,5.069476,14.0
2024-05-30 19:00:00,4.741432,30.0
2024-05-30 20:00:00,5.574217,29.97
2024-05-30 21:00:00,3.0179257,12.0
2024-05-30 22:00:00,6.477399,34.0
2024-05-30 23:00:00,5.650822,33.0
2024-05-31 00:00:00,2.6185,19.03
2024-05-31 01:00:00,5.080677,30.0
2024-05-31 02:00:00,5.54,34.0
2024-05-31 03:00:00,4.419322,29.0
2024-05-31 04:00:00,3.358984,16.970001
2024-05-31 05:00:00,5.430017,31.03
2024-05-31 06:00:00,7.8404922,32.0
2024-05-31 07:00:00,8.951225,36.0
2024-05-31 08:00:00,38.28517,36.97
2024-05-31 09:00:00,62.014027,39.0
2024-05-31 10:00:00,53.35877,36.0
2024-05-31 11:00:00,37.81064,34.03
2024-05-31 12:00:00,22.890148,32.0
2024-05-31 13:00:00,25.75926,31.970001
2024-05-31 14:00:00,43.680058,31.03
2024-05-31 15:00:00,16.111979,14.0
2024-05-31 16:00:00,7.114123,31.97
2024-05-31 17:00:00,7.100219,24.03
2024-05-31 18:00:00,6.1838603,17.970001
2024-05-31 19:00:00,4.524137,29.03
2024-05-31 20:00:00,4.8191075,26.0
2024-05-31 21:00:00,3.2549338,16.970001
2024-05-31 22:00:00,5.471695,30.0
2024-05-31 23:00:00,2.679322,14.030001
2024-06-01 00:00:00,5.22918,27.97
2024-06-01 01:00:00,5.34,29.03
2024-06-01 02:00:00,1.42918,10.0
2024-06-01 03:00:00,6.362317,32.97
2024-06-01 04:00:00,5.378502,29.03
2024-06-01 05:00:00,6.556987,30.0
2024-06-01 06:00:00,11.632189,29.97
2024-06-01 07:00:00,18.551527,29.03
2024-06-01 08:00:00,9.204271,27.0
2024-06-01 09:00:00,8.61507,14.97
2024-06-01 10:00:00,4.831155,30.0
2024-06-01 11:00:00,10.126636,20.03
2024-06-01 12:00:00,6.9880733,20.97
2024-06-01 13:00:00,7.220814,29.03
2024-06-01 14:00:00,13.672708,10.0
2024-06-01 15:00:00,11.93723,10.0
2024-06-01 16:00:00,9.74798,16.0
2024-06-01 17:00:00,7.308624,18.0
2024-06-01 18:00:00,5.350006,16.0
2024-06-01 19:00:00,4.5274496,10.0
2024-06-01 20:00:00,3.048129,13.0
2024-06-01 21:00:00,6.295746,29.0
2024-06-01 22:00:00,1.610983,10.969999
2024-06-01 23:00:00,2.43082,14.030001
2024-06-02 00:00:00,9.051761,38.97
2024-06-02 01:00:00,6.206415,32.0
2024-06-02 02:00:00,5.3574066,30.0
2024-06-02 03:00:00,1.9080329,10.030001
2024-06-02 04:00:00,5.691967,30.97
2024-06-02 05:00:00,5.6454954,29.03
2024-06-02 06:00:00,4.3053885,12.97
2024-06-02 07:00:00,13.720129,36.03
2024-06-02 08:00:00,17.12595,30.97
2024-06-02 09:00:00,11.711233,26.03
2024-06-02 10:00:00,7.8165846,14.0
2024-06-02 11:00:00,5.244829,31.0
2024-06-02 12:00:00,6.7312784,10.0
2024-06-02 13:00:00,4.9141145,31.97
2024-06-02 14:00:00,5.4498124,19.03
2024-06-02 15:00:00,7.7318826,21.97
2024-06-02 16:00:00,5.3587847,29.03
2024-06-02 17:00:00,5.604624,10.969999
2024-06-02 18:00:00,6.0429316,31.029999
2024-06-02 19:00:00,6.5946574,29.97
2024-06-02 20:00:00,5.7509284,30.0
2024-06-02 21:00:00,5.1263614,29.03
2024-06-02 22:00:00,4.76082,26.0
2024-06-02 23:00:00,3.039831,15.0
2024-06-03 00:00:00,5.398169,29.97
2024-06-03 01:00:00,4.972,27.029999
2024-06-03 02:00:00,3.183373,15.97
2024-06-03 03:00:00,5.875807,30.03
2024-06-03 04:00:00,5.36882,29.97
2024-06-03 05:00:00,5.9900985,31.0
2024-06-03 06:00:00,8.392613,30.029999
2024-06-03 07:00:00,12.558237,33.97
2024-06-03 08:00:00,52.82214,40.0
2024-06-03 09:00:00,63.734386,38.0
2024-06-03 10:00:00,78.95244,36.0
2024-06-03 11:00:00,76.752,33.0
2024-06-03 12:00:00,44.536312,31.03
2024-06-03 13:00:00,58.487732,30.0
2024-06-03 14:00:00,48.927685,30.0
2024-06-03 15:00:00,55.67325,34.0
2024-06-03 16:00:00,17.354052,34.0
2024-06-03 17:00:00,11.356575,31.0
2024-06-03 18:00:00,9.822669,29.97
2024-06-03 19:00:00,6.938875,30.0
2024-06-03 20:00:00,7.066884,29.03
2024-06-03 21:00:00,5.545847,29.97
2024-06-03 22:00:00,5.5316772,29.03
2024-06-03 23:00:00,2.067213,11.0
2024-06-04 00:00:00,5.583465,30.97
2024-06-04 01:00:00,5.43,29.03
2024-06-04 02:00:00,4.222322,10.0
2024-06-04 03:00:00,6.425197,32.0
2024-06-04 04:00:00,5.542481,30.0
2024-06-04 05:00:00,6.1969495,29.97
2024-06-04 06:00:00,7.822839,30.0
2024-06-04 07:00:00,16.6111,32.03
2024-06-04 08:00:00,66.13576,38.0
2024-06-04 09:00:00,66.64228,39.0
2024-06-04 10:00:00,86.44768,37.0
2024-06-04 11:00:00,74.30052,30.97
2024-06-04 12:00:00,47.725876,40.03
2024-06-04 13:00:00,70.28935,38.0
2024-06-04 14:00:00,48.175407,34.0
2024-06-04 15:00:00,45.81224,36.97
2024-06-04 16:00:00,12.43231,32.0
2024-06-04 17:00:00,11.890058,31.03
2024-06-04 18:00:00,11.194045,29.97
2024-06-04 19:00:00,15.977864,12.030001
2024-06-04 20:00:00,10.232733,29.0
2024-06-04 21:00:00,5.5835447,30.0
2024-06-04 22:00:00,5.491678,30.0
2024-06-04 23:00:00,4.309321,25.0
2024-06-05 00:00:00,3.347213,16.970001
2024-06-05 01:00:00,5.4034653,30.0
2024-06-05 02:00:00,5.3,29.03
2024-06-05 03:00:00,2.708502,16.0
2024-06-05 04:00:00,5.357213,27.970001
2024-06-05 05:00:00,5.5616727,30.0
2024-06-05 06:00:00,9.764336,35.0
2024-06-05 07:00:00,23.75901,40.03
2024-06-05 08:00:00,68.13716,40.97
2024-06-05 09:00:00,69.39279,40.0
2024-06-05 10:00:00,83.208855,44.96
2024-06-05 11:00:00,76.84459,85.0
2024-06-05 12:00:00,50.773132,52.07
2024-06-05 13:00:00,63.02432,48.97
2024-06-05 14:00:00,66.8899,46.0
2024-06-05 15:00:00,57.238495,41.03
2024-06-05 16:00:00,30.023365,34.0
2024-06-05 17:00:00,28.221104,30.0
2024-06-05 18:00:00,17.207943,29.97
2024-06-05 19:00:00,5.898258,10.0
2024-06-05 20:00:00,5.4717617,38.0
2024-06-05 21:00:00,5.496758,34.0
2024-06-05 22:00:00,6.142755,33.0
2024-06-05 23:00:00,5.7218313,30.03
2024-06-06 00:00:00,5.267382,32.97
2024-06-06 01:00:00,5.99,32.03
2024-06-06 02:00:00,6.6208124,34.0
2024-06-06 03:00:00,5.730846,34.97
2024-06-06 04:00:00,5.8350163,35.0
2024-06-06 05:00:00,5.4822235,35.0
2024-06-06 06:00:00,9.665096,38.0
2024-06-06 07:00:00,18.551273,38.03
2024-06-06 08:00:00,50.960064,41.0
2024-06-06 09:00:00,58.23694,40.0
2024-06-06 10:00:00,84.29686,40.97
2024-06-06 11:00:00,84.56809,47.03
2024-06-06 12:00:00,46.499573,48.97
2024-06-06 13:00:00,76.00275,48.03
2024-06-06 14:00:00,49.729595,47.97
2024-06-06 15:00:00,44.58579,48.0
2024-06-06 16:00:00,21.595442,45.0
2024-06-06 17:00:00,16.718372,39.0
2024-06-06 18:00:00,13.939286,36.03
2024-06-06 19:00:00,15.996586,37.97
2024-06-06 20:00:00,13.726123,38.03
2024-06-06 21:00:00,9.996157,39.0
2024-06-06 22:00:00,8.664009,37.97
2024-06-06 23:00:00,7.626711,35.03
2024-06-07 00:00:00,8.341965,37.0
2024-06-07 01:00:00,9.097314,39.0
2024-06-07 02:00:00,9.309015,40.0
2024-06-07 03:00:00,6.3280334,41.97
2024-06-07 04:00:00,5.55357,42.0
2024-06-07 05:00:00,5.9172087,43.0
2024-06-07 06:00:00,8.736428,45.0
2024-06-07 07:00:00,17.154308,48.0
2024-06-07 08:00:00,40.242912,47.03
2024-06-07 09:00:00,45.892982,47.97
2024-06-07 10:00:00,50.0076,48.0
2024-06-07 11:00:00,36.649334,47.0
2024-06-07 12:00:00,26.03098,42.03
2024-06-07 13:00:00,16.435041,37.97
2024-06-07 14:00:00,7.343234,35.03
2024-06-07 15:00:00,8.610521,30.97
2024-06-07 16:00:00,4.800688,29.03
2024-06-07 17:00:00,6.3507795,29.97
2024-06-07 18:00:00,8.059652,14.030001
2024-06-07 19:00:00,4.200096,29.0
2024-06-07 20:00:00,5.5254917,34.97
2024-06-07 21:00:00,6.429108,36.0
2024-06-07 22:00:00,5.794198,34.0
2024-06-07 23:00:00,5.461634,31.0
2024-06-08 00:00:00,5.867382,30.03
2024-06-08 01:00:00,6.358788,33.97
2024-06-08 02:00:00,6.092333,36.0
2024-06-08 03:00:00,5.898667,32.03
2024-06-08 04:00:00,6.010213,33.0
2024-06-08 05:00:00,6.24215,32.97
2024-06-08 06:00:00,5.869236,37.0
2024-06-08 07:00:00,5.9003577,42.0
2024-06-08 08:00:00,7.460208,40.0
2024-06-08 09:00:00,7.985123,35.03
2024-06-08 10:00:00,5.7331347,29.97
2024-06-08 11:00:00,8.74417,29.03
2024-06-08 12:00:00,7.253914,11.97
2024-06-08 13:00:00,5.994688,30.0
2024-06-08 14:00:00,8.535797,30.0
2024-06-08 15:00:00,7.399045,29.03
2024-06-08 16:00:00,6.4143295,31.97
2024-06-08 17:00:00,6.4058895,36.0
2024-06-08 18:00:00,5.8453617,37.0
2024-06-08 19:00:00,4.5883536,36.03
2024-06-08 20:00:00,4.5458474,35.97
2024-06-08 21:00:00,6.675203,39.0
2024-06-08 22:00:00,5.623246,37.0
2024-06-08 23:00:00,6.09,36.03
2024-06-09 00:00:00,6.198754,36.97
2024-06-09 01:00:00,5.211593,39.03
2024-06-09 02:00:00,5.766702,41.0
2024-06-09 03:00:00,5.931603,41.97
2024-06-09 04:00:00,6.300295,42.0
2024-06-09 05:00:00,5.43623,42.03
2024-06-09 06:00:00,8.436719,46.97
2024-06-09 07:00:00,7.845463,48.03
2024-06-09 08:00:00,8.762497,44.0
2024-06-09 09:00:00,5.2501893,39.0
2024-06-09 10:00:00,4.4084992,40.0
2024-06-09 11:00:00,12.794577,39.0
2024-06-09 12:00:00,9.8120775,36.0
2024-06-09 13:00:00,7.143571,36.0
2024-06-09 14:00:00,4.0297647,38.97
2024-06-09 15:00:00,9.03048,41.03
2024-06-09 16:00:00,14.942911,40.97
2024-06-09 17:00:00,5.670707,37.0
2024-06-09 18:00:00,9.223687,35.03
2024-06-09 19:00:00,4.362131,35.97
2024-06-09 20:00:00,4.976398,38.0
2024-06-09 21:00:00,5.3086586,39.03
2024-06-09 22:00:00,6.53513,39.97
2024-06-09 23:00:00,5.356838,36.03
2024-06-10 00:00:00,6.1400013,38.97
2024-06-10 01:00:00,5.693162,39.0
2024-06-10 02:00:00,5.672927,40.0
2024-06-10 03:00:00,5.98453,43.0
2024-06-10 04:00:00,5.6759987,43.0
2024-06-10 05:00:00,5.9981127,44.0
2024-06-10 06:00:00,7.7968497,48.0
2024-06-10 07:00:00,17.709976,48.0
2024-06-10 08:00:00,67.821976,49.0
2024-06-10 09:00:00,57.70893,48.03
2024-06-10 10:00:00,77.561386,48.97
2024-06-10 11:00:00,68.80334,106.0
2024-06-10 12:00:00,43.64905,63.0
2024-06-10 13:00:00,81.98049,57.0
2024-06-10 14:00:00,55.845154,54.0
2024-06-10 15:00:00,41.780224,48.0
2024-06-10 16:00:00,27.582918,48.0
2024-06-10 17:00:00,21.746315,43.0
2024-06-10 18:00:00,15.425835,39.0
2024-06-10 19:00:00,5.221337,41.03
2024-06-10 20:00:00,5.898915,46.0
2024-06-10 21:00:00,5.8232794,48.97
2024-06-10 22:00:00,6.594,45.0
2024-06-10 23:00:00,6.042262,37.03
2024-06-11 00:00:00,5.739737,39.97
2024-06-11 01:00:00,6.390746,40.0
2024-06-11 02:00:00,5.177387,43.03
2024-06-11 03:00:00,6.5191784,42.0
2024-06-11 04:00:00,5.699688,43.97
2024-06-11 05:00:00,6.4441237,43.0
2024-06-11 06:00:00,6.99988,47.03
2024-06-11 07:00:00,17.70107,47.97
2024-06-11 08:00:00,50.70369,51.0
2024-06-11 09:00:00,68.021614,52.0
2024-06-11 10:00:00,78.33603,48.0
2024-06-11 11:00:00,66.274414,49.0
2024-06-11 12:00:00,43.679287,49.0
2024-06-11 13:00:00,81.456505,48.0
2024-06-11 14:00:00,55.581284,48.0
2024-06-11 15:00:00,53.878387,49.0
2024-06-11 16:00:00,27.52003,47.03
2024-06-11 17:00:00,38.03385,41.97
2024-06-11 18:00:00,13.200338,33.03
2024-06-11 19:00:00,5.3787303,37.0
2024-06-11 20:00:00,3.7979214,38.97
2024-06-11 21:00:00,5.83455,41.0
2024-06-11 22:00:00,5.513936,39.03
2024-06-11 23:00:00,5.539754,36.0
2024-06-12 00:00:00,6.59144,36.97
2024-06-12 01:00:00,5.5778217,38.0
2024-06-12 02:00:00,5.499016,38.0
2024-06-12 03:00:00,5.732315,38.0
2024-06-12 04:00:00,5.376407,40.0
2024-06-12 05:00:00,6.0937834,41.0
2024-06-12 06:00:00,7.018328,46.0
2024-06-12 07:00:00,17.843521,48.0
2024-06-12 08:00:00,52.366188,49.0
2024-06-12 09:00:00,69.31521,48.0
2024-06-12 10:00:00,68.857574,48.0
2024-06-12 11:00:00,67.479996,48.0
2024-06-12 12:00:00,43.48123,47.03
2024-06-12 13:00:00,58.85103,47.97
2024-06-12 14:00:00,53.095978,48.03
2024-06-12 15:00:00,65.70809,47.97
2024-06-12 16:00:00,20.578972,47.0
2024-06-12 17:00:00,16.361595,38.03
2024-06-12 18:00:00,8.11301,31.0
2024-06-12 19:00:00,6.856498,36.97
2024-06-12 20:00:00,5.4897943,38.0
2024-06-12 21:00:00,5.793336,41.0
2024-06-12 22:00:00,5.501696,39.03
2024-06-12 23:00:00,5.81756,35.97
2024-06-13 00:00:00,5.961594,37.03
2024-06-13 01:00:00,5.667686,38.97
2024-06-13 02:00:00,5.997467,40.0
2024-06-13 03:00:00,5.708598,41.0
2024-06-13 04:00:00,5.531656,43.0
2024-06-13 05:00:00,5.5458617,43.0
2024-06-13 06:00:00,7.975075,47.0
2024-06-13 07:00:00,16.90024,47.03
2024-06-13 08:00:00,48.54608,50.97
2024-06-13 09:00:00,62.83395,51.0
2024-06-13 10:00:00,88.625626,47.0
2024-06-13 11:00:00,75.15775,45.03
2024-06-13 12:00:00,46.234756,47.97
2024-06-13 13:00:00,71.67546,47.0
2024-06-13 14:00:00,51.584763,47.0
2024-06-13 15:00:00,60.899216,47.0
2024-06-13 16:00:00,24.745193,47.0
2024-06-13 17:00:00,20.901165,47.0
2024-06-13 18:00:00,18.923944,46.0
2024-06-13 19:00:00,14.61215,35.03
2024-06-13 20:00:00,20.18468,37.97
2024-06-13 21:00:00,10.384981,32.0
2024-06-13 22:00:00,5.890017,30.029999
2024-06-13 23:00:00,5.637,11.969999
2024-06-14 00:00:00,6.074678,30.03
2024-06-14 01:00:00,5.472109,22.0
2024-06-14 02:00:00,6.9170427,20.970001
2024-06-14 03:00:00,5.089349,28.03
2024-06-14 04:00:00,4.96332,15.0
2024-06-14 05:00:00,10.787733,38.97
2024-06-14 06:00:00,14.793217,46.03
2024-06-14 07:00:00,27.401392,48.97
2024-06-14 08:00:00,45.90686,48.03
2024-06-14 09:00:00,45.36342,48.97
2024-06-14 10:00:00,34.837616,43.0
2024-06-14 11:00:00,35.3313,43.0
2024-06-14 12:00:00,26.879301,32.03
2024-06-14 13:00:00,20.755404,11.97
2024-06-14 14:00:00,9.00539,30.03
2024-06-14 15:00:00,9.25426,13.0
2024-06-14 16:00:00,0.078318,28.970001
2024-06-14 17:00:00,7.2984967,16.03
2024-06-14 18:00:00,6.0078683,25.0
2024-06-14 19:00:00,4.34987,19.0
2024-06-14 20:00:00,5.862051,22.97
2024-06-14 21:00:00,3.6695657,19.03
2024-06-14 22:00:00,4.1879997,22.0
2024-06-14 23:00:00,3.142,18.0
2024-06-15 00:00:00,4.650678,24.97
2024-06-15 01:00:00,2.7993221,16.03
2024-06-15 02:00:00,4.640678,25.97
2024-06-15 03:00:00,3.639322,19.03
2024-06-15 04:00:00,4.428197,22.97
2024-06-15 05:00:00,5.439058,26.03
2024-06-15 06:00:00,9.353174,21.970001
2024-06-15 07:00:00,17.721727,48.0
2024-06-15 08:00:00,13.333749,39.03
2024-06-15 09:00:00,6.042285,45.0
2024-06-15 10:00:00,7.5495543,41.97
2024-06-15 11:00:00,5.9167666,36.03
2024-06-15 12:00:00,17.430328,40.97
2024-06-15 13:00:00,13.674397,42.03
2024-06-15 14:00:00,0.042322,42.0
2024-06-15 15:00:00,7.295865,12.0
2024-06-15 16:00:00,7.600266,38.97
2024-06-15 17:00:00,3.1006227,29.03
2024-06-15 18:00:00,9.92237,36.97
2024-06-15 19:00:00,2.6840043,11.03
2024-06-15 20:00:00,4.500986,32.97
2024-06-15 21:00:00,5.5606313,42.0
2024-06-15 22:00:00,3.994833,28.03
2024-06-15 23:00:00,3.818196,21.0
2024-06-16 00:00:00,4.301803,35.0
2024-06-16 01:00:00,3.698197,21.970001
2024-06-16 02:00:00,5.440983,29.03
2024-06-16 03:00:00,2.218956,11.969999
2024-06-16 04:00:00,5.581044,30.03
2024-06-16 05:00:00,2.8038774,14.0
2024-06-16 06:00:00,11.202109,53.929996
2024-06-16 07:00:00,15.947789,69.04
2024-06-16 08:00:00,4.2534547,34.03
2024-06-16 09:00:00,5.3673935,11.97
2024-06-16 10:00:00,6.169963,36.0
2024-06-16 11:00:00,3.6810539,30.03
2024-06-16 12:00:00,8.983409,11.969999
2024-06-16 13:00:00,9.521494,30.0
2024-06-16 14:00:00,6.805053,11.0
2024-06-16 15:00:00,11.329933,30.029999
2024-06-16 16:00:00,15.351346,11.0
2024-06-16 17:00:00,1.7673861,30.97
2024-06-16 18:00:00,7.023645,12.03
2024-06-16 19:00:00,5.531724,31.970001
2024-06-16 20:00:00,3.2072606,19.03
2024-06-16 21:00:00,8.682388,35.0
2024-06-16 22:00:00,4.7783833,33.0
2024-06-16 23:00:00,2.5367799,15.999999
2024-06-17 00:00:00,5.029179,27.0
2024-06-17 01:00:00,3.43082,19.0
2024-06-17 02:00:00,4.47426,23.97
2024-06-17 03:00:00,4.34574,25.03
2024-06-17 04:00:00,3.6781979,17.970001
2024-06-17 05:00:00,7.308477,40.0
2024-06-17 06:00:00,8.194578,12.03
2024-06-17 07:00:00,17.225426,32.97
2024-06-17 08:00:00,58.168198,15.03
2024-06-17 09:00:00,54.527267,40.0
2024-06-17 10:00:00,101.08721,46.97
2024-06-17 11:00:00,94.1262,49.0
2024-06-17 12:00:00,61.299656,49.0
2024-06-17 13:00:00,76.66968,48.0
2024-06-17 14:00:00,64.13373,49.03
2024-06-17 15:00:00,49.460007,36.97
2024-06-17 16:00:00,23.083382,30.0
2024-06-17 17:00:00,31.211273,17.03
2024-06-17 18:00:00,22.223743,24.97
2024-06-17 19:00:00,9.669241,23.03
2024-06-17 20:00:00,7.153528,18.0
2024-06-17 21:00:00,4.594963,25.0
2024-06-17 22:00:00,3.37918,16.970001
2024-06-17 23:00:00,4.13082,23.03
2024-06-18 00:00:00,3.39918,18.0
2024-06-18 01:00:00,4.86082,26.0
2024-06-18 02:00:00,3.0488875,15.969999
2024-06-18 03:00:00,5.71,33.03
2024-06-18 04:00:00,2.327213,12.0
2024-06-18 05:00:00,6.622362,30.0
2024-06-18 06:00:00,9.118119,13.93
2024-06-18 07:00:00,22.174875,31.07
2024-06-18 08:00:00,64.878716,29.97
2024-06-18 09:00:00,50.488194,29.03
2024-06-18 10:00:00,83.033005,15.97
2024-06-18 11:00:00,70.32477,34.03
2024-06-18 12:00:00,44.562252,31.0
2024-06-18 13:00:00,75.34889,31.97
2024-06-18 14:00:00,59.423374,11.030001
2024-06-18 15:00:00,47.142937,33.97
2024-06-18 16:00:00,23.941734,28.03
2024-06-18 17:00:00,16.837175,12.969999
2024-06-18 18:00:00,11.94911,28.03
2024-06-18 19:00:00,7.8186646,14.0
2024-06-18 20:00:00,7.8045864,35.0
2024-06-18 21:00:00,5.565875,30.0
2024-06-18 22:00:00,2.1569238,12.0
2024-06-18 23:00:00,5.709181,31.0
2024-06-19 00:00:00,1.8208189,11.0
2024-06-19 01:00:00,5.770679,30.97
2024-06-19 02:00:00,2.0293221,11.030001
2024-06-19 03:00:00,5.789,29.97
2024-06-19 04:00:00,2.401,12.030001
2024-06-19 05:00:00,6.643072,29.97
2024-06-19 06:00:00,11.263616,23.03
2024-06-19 07:00:00,19.643717,19.0
2024-06-19 08:00:00,60.48996,34.0
2024-06-19 09:00:00,56.2804,46.97
2024-06-19 10:00:00,76.859985,41.03
2024-06-19 11:00:00,76.08576,45.93
2024-06-19 12:00:00,40.222874,46.07
2024-06-19 13:00:00,68.437675,38.97
2024-06-19 14:00:00,56.17,45.0
2024-06-19 15:00:00,49.45366,38.0
2024-06-19 16:00:00,27.616495,35.0
2024-06-19 17:00:00,21.5427,21.03
2024-06-19 18:00:00,12.5383,22.97
2024-06-19 19:00:00,16.511831,38.03
2024-06-19 20:00:00,5.182324,10.969999
2024-06-19 21:00:00,7.660657,34.0
2024-06-19 22:00:00,3.689022,20.03
2024-06-19 23:00:00,4.0881968,20.97
2024-06-20 00:00:00,2.871803,16.03
2024-06-20 01:00:00,4.893301,26.970001
2024-06-20 02:00:00,3.359322,18.03
2024-06-20 03:00:00,4.54983,22.97
2024-06-20 04:00:00,3.6601691,20.03
2024-06-20 05:00:00,5.355197,21.0
2024-06-20 06:00:00,12.917926,29.97
2024-06-20 07:00:00,18.630566,10.0
2024-06-20 08:00:00,71.4824,41.0
2024-06-20 09:00:00,65.9081,48.0
2024-06-20 10:00:00,78.602936,43.0
2024-06-20 11:00:00,61.53325,37.03
2024-06-20 12:00:00,54.28225,26.0
2024-06-20 13:00:00,56.849125,17.970001
2024-06-20 14:00:00,58.38964,31.03
2024-06-20 15:00:00,41.636383,29.97
2024-06-20 16:00:00,22.595692,16.03
2024-06-20 17:00:00,12.998423,25.970001
2024-06-20 18:00:00,4.9136753,10.030001
2024-06-20 19:00:00,4.7995253,31.0
2024-06-20 20:00:00,4.0118566,19.0
2024-06-20 21:00:00,6.526883,27.0
2024-06-20 22:00:00,4.609321,25.0
2024-06-20 23:00:00,3.3715,16.0
2024-06-21 00:00:00,4.1475,23.0
2024-06-21 01:00:00,3.4406781,18.970001
2024-06-21 02:00:00,3.759322,19.03
2024-06-21 03:00:00,4.329,22.0
2024-06-21 04:00:00,3.711,20.0
2024-06-21 05:00:00,4.8714714,23.97
2024-06-21 06:00:00,12.779169,42.03
2024-06-21 07:00:00,21.527666,36.0
2024-06-21 08:00:00,26.452682,30.97
2024-06-21 09:00:00,37.012047,31.0
2024-06-21 10:00:00,39.582645,32.0
2024-06-21 11:00:00,39.365845,32.03
2024-06-21 12:00:00,22.740564,31.97
2024-06-21 13:00:00,21.32835,30.03
2024-06-21 14:00:00,16.708916,30.0
2024-06-21 15:00:00,19.117567,29.97
2024-06-21 16:00:00,13.155294,12.03
2024-06-21 17:00:00,15.970251,31.0
2024-06-21 18:00:00,6.7342067,29.97
2024-06-21 19:00:00,4.2205753,20.03
2024-06-21 20:00:00,4.9735675,21.97
2024-06-21 21:00:00,6.25628,29.03
2024-06-21 22:00:00,2.325697,12.97
2024-06-21 23:00:00,4.2918043,25.03
2024-06-22 00:00:00,3.1501641,16.0
2024-06-22 01:00:00,3.75082,21.0
2024-06-22 02:00:00,3.859,20.0
2024-06-22 03:00:00,2.691678,16.0
2024-06-22 04:00:00,4.75,25.970001
2024-06-22 05:00:00,2.2194238,12.030001
2024-06-22 06:00:00,9.718801,38.97
2024-06-22 07:00:00,10.436628,40.0
2024-06-22 08:00:00,11.170737,34.03
2024-06-22 09:00:00,24.237967,20.0
2024-06-22 10:00:00,15.359793,21.0
2024-06-22 11:00:00,8.200041,22.0
2024-06-22 12:00:00,0.0,19.97
2024-06-22 13:00:00,25.635496,19.03
2024-06-22 14:00:00,5.192905,22.0
2024-06-22 15:00:00,9.167156,30.0
2024-06-22 16:00:00,10.204684,11.0
2024-06-22 17:00:00,9.67783,31.0
2024-06-22 18:00:00,4.6989117,11.0
2024-06-22 19:00:00,4.593678,30.970001
2024-06-22 20:00:00,2.9596436,13.030001
2024-06-22 21:00:00,6.2170687,28.97
2024-06-22 22:00:00,1.9889944,11.030001
2024-06-22 23:00:00,5.799831,29.97
2024-06-23 00:00:00,1.781464,11.0
2024-06-23 01:00:00,5.648383,30.03
2024-06-23 02:00:00,2.104305,11.0
2024-06-23 03:00:00,5.624198,30.0
2024-06-23 04:00:00,2.2299871,11.0
2024-06-23 05:00:00,6.5167527,30.0
2024-06-23 06:00:00,7.688849,11.97
2024-06-23 07:00:00,13.025009,30.03
2024-06-23 08:00:00,14.999173,10.969999
2024-06-23 09:00:00,7.896876,31.0
2024-06-23 10:00:00,6.1263285,10.030001
2024-06-23 11:00:00,13.190388,31.970001
2024-06-23 12:00:00,16.375458,10.030001
2024-06-23 13:00:00,9.354111,30.97
2024-06-23 14:00:00,9.511603,11.0
2024-06-23 15:00:00,16.13879,30.0
2024-06-23 16:00:00,4.8177733,11.03
2024-06-23 17:00:00,5.4067597,30.970001
2024-06-23 18:00:00,7.592066,11.0
2024-06-23 19:00:00,4.6698556,23.03
2024-06-23 20:00:00,5.5437365,19.970001
2024-06-23 21:00:00,4.752389,27.03
2024-06-23 22:00:00,2.779,14.969999
2024-06-23 23:00:00,3.841,21.03
2024-06-24 00:00:00,3.759,19.0
2024-06-24 01:00:00,2.811,16.0
2024-06-24 02:00:00,4.569179,25.97
2024-06-24 03:00:00,1.9908199,11.030001
2024-06-24 04:00:00,5.628,29.97
2024-06-24 05:00:00,2.4987454,10.030001
2024-06-24 06:00:00,11.523462,31.0
2024-06-24 07:00:00,12.435348,13.0
2024-06-24 08:00:00,54.70388,29.970001
2024-06-24 09:00:00,48.168705,36.03
2024-06-24 10:00:00,71.621086,13.0
2024-06-24 11:00:00,76.46992,32.0
2024-06-24 12:00:00,48.70252,27.0
2024-06-24 13:00:00,35.869514,19.97
2024-06-24 14:00:00,44.981037,35.03
2024-06-24 15:00:00,54.84522,28.0
2024-06-24 16:00:00,23.62631,13.0
2024-06-24 17:00:00,17.832355,25.0
2024-06-24 18:00:00,10.36407,16.0
2024-06-24 19:00:00,4.374174,18.0
2024-06-24 20:00:00,6.2991133,23.0
2024-06-24 21:00:00,2.537572,12.0
2024-06-24 22:00:00,5.4003477,34.0
2024-06-24 23:00:00,1.807519,10.969999
2024-06-25 00:00:00,5.261803,28.03
2024-06-25 01:00:00,2.727213,13.0
2024-06-25 02:00:00,3.722787,21.0
2024-06-25 03:00:00,4.009,22.970001
2024-06-25 04:00:00,2.721678,15.03
2024-06-25 05:00:00,5.777656,32.97
2024-06-25 06:00:00,9.81702,18.03
2024-06-25 07:00:00,19.725685,22.0
2024-06-25 08:00:00,41.156387,21.0
2024-06-25 09:00:00,59.899292,22.97
2024-06-25 10:00:00,85.52705,29.03
2024-06-25 11:00:00,67.28769,14.0
2024-06-25 12:00:00,46.647766,28.97
2024-06-25 13:00:00,60.83599,40.0
2024-06-25 14:00:00,61.214912,49.0
2024-06-25 15:00:00,53.55378,48.03
2024-06-25 16:00:00,39.715782,48.97
2024-06-25 17:00:00,10.465342,39.0
2024-06-25 18:00:00,4.9610133,10.0
2024-06-25 19:00:00,5.1395044,19.029999
2024-06-25 20:00:00,6.1509786,23.97
2024-06-25 21:00:00,2.7178369,13.030001
2024-06-25 22:00:00,4.7676697,25.0
2024-06-25 23:00:00,2.91918,14.0
2024-06-26 00:00:00,1.858108,11.0
2024-06-26 01:00:00,6.6417108,33.0
2024-06-26 02:00:00,5.2500663,29.97
2024-06-26 03:00:00,1.94983,11.0
2024-06-26 04:00:00,4.200169,24.03
2024-06-26 05:00:00,3.9676437,17.0
2024-06-26 06:00:00,10.404878,23.0
2024-06-26 07:00:00,21.337646,25.970001
2024-06-26 08:00:00,42.091545,50.0
2024-06-26 09:00:00,51.932213,49.0
2024-06-26 10:00:00,55.55031,49.0
2024-06-26 11:00:00,56.75987,42.03
2024-06-26 12:00:00,48.566986,25.0
2024-06-26 13:00:00,45.9281,17.970001
2024-06-26 14:00:00,28.700396,13.030001
2024-06-26 15:00:00,24.948029,26.0
2024-06-26 16:00:00,8.837797,11.97
2024-06-26 17:00:00,6.5710626,9.03
2024-06-26 18:00:00,6.1133,18.0
2024-06-26 19:00:00,5.938802,18.0
2024-06-26 20:00:00,5.022394,13.969999
2024-06-26 21:00:00,2.2839193,10.03
2024-06-26 22:00:00,1.9706149,12.0
2024-06-26 23:00:00,3.04,17.0
2024-06-27 00:00:00,2.82,17.0
2024-06-27 01:00:00,2.449,13.0
2024-06-27 02:00:00,1.531678,10.0
2024-06-27 03:00:00,1.819322,11.0
2024-06-27 04:00:00,6.09,17.0
2024-06-27 05:00:00,7.9033585,17.0
2024-06-27 06:00:00,10.07269,16.97
2024-06-27 07:00:00,16.93375,19.03
2024-06-27 08:00:00,49.009243,21.0
2024-06-27 09:00:00,46.230038,10.969999
2024-06-27 10:00:00,79.870125,13.030001
2024-06-27 11:00:00,45.564507,22.0
2024-06-27 12:00:00,40.783375,14.969999
2024-06-27 13:00:00,38.75419,9.03
2024-06-27 14:00:00,45.48507,26.0
2024-06-27 15:00:00,33.81447,17.970001
2024-06-27 16:00:00,9.986108,10.0
2024-06-27 17:00:00,5.911167,15.03
2024-06-27 18:00:00,6.8770885,21.0
2024-06-27 19:00:00,3.474911,14.0
2024-06-27 20:00:00,7.0915456,18.0
2024-06-27 21:00:00,5.1727834,22.0
2024-06-27 22:00:00,2.009,11.969999
2024-06-27 23:00:00,1.681678,10.0
2024-06-28 00:00:00,2.359322,13.030001
2024-06-28 01:00:00,4.8425,17.0
2024-06-28 02:00:00,7.3875,17.0
2024-06-28 03:00:00,7.8115253,10.97
2024-06-28 04:00:00,6.877655,9.030001
2024-06-28 05:00:00,6.815589,13.0
2024-06-28 06:00:00,7.8841233,25.97
2024-06-28 07:00:00,18.776642,21.03
2024-06-28 08:00:00,50.291245,17.970001
2024-06-28 09:00:00,64.056694,13.0
2024-06-28 10:00:00,57.905334,32.03
2024-06-28 11:00:00,45.08313,29.97
2024-06-28 12:00:00,42.6498,10.03
2024-06-28 13:00:00,24.497194,12.0
2024-06-28 14:00:00,30.982384,18.0
2024-06-28 15:00:00,14.106044,29.0
2024-06-28 16:00:00,9.201944,10.97
2024-06-28 17:00:00,6.7960663,11.030001
2024-06-28 18:00:00,6.143525,18.0
2024-06-28 19:00:00,4.580447,21.0
2024-06-28 20:00:00,4.2591043,11.0
2024-06-28 21:00:00,6.1672845,27.0
2024-06-28 22:00:00,2.388,13.969999
2024-06-28 23:00:00,1.892678,10.0
2024-06-29 00:00:00,2.269322,12.030001
2024-06-29 01:00:00,5.998197,30.0
2024-06-29 02:00:00,4.781803,27.0
2024-06-29 03:00:00,2.888,14.0
2024-06-29 04:00:00,3.792,22.0
2024-06-29 05:00:00,4.8421497,19.97
2024-06-29 06:00:00,10.378215,19.03
2024-06-29 07:00:00,18.960678,24.970001
2024-06-29 08:00:00,22.39072,17.03
2024-06-29 09:00:00,14.618517,23.0
2024-06-29 10:00:00,3.8605127,10.969999
2024-06-29 11:00:00,11.885426,15.03
2024-06-29 12:00:00,3.598516,19.0
2024-06-29 13:00:00,17.366825,16.0
2024-06-29 14:00:00,13.96102,10.0
2024-06-29 15:00:00,16.492134,11.0
2024-06-29 16:00:00,17.740786,18.0
2024-06-29 17:00:00,11.896624,17.0
2024-06-29 18:00:00,9.230616,14.0
2024-06-29 19:00:00,4.530049,10.0
2024-06-29 20:00:00,3.546741,16.0
2024-06-29 21:00:00,5.6029835,25.97
2024-06-29 22:00:00,1.527683,10.0
2024-06-29 23:00:00,2.7206402,15.030001
2024-06-30 00:00:00,3.048263,17.0
2024-06-30 01:00:00,2.69,16.0
2024-06-30 02:00:00,1.95983,11.969999
2024-06-30 03:00:00,5.5391693,30.0
2024-06-30 04:00:00,2.181,12.030001
2024-06-30 05:00:00,5.490678,30.0
2024-06-30 06:00:00,2.634715,10.969999
2024-06-30 07:00:00,9.9788685,41.96
2024-06-30 08:00:00,11.308577,31.07
2024-06-30 09:00:00,9.810131,30.97
2024-06-30 10:00:00,8.455437,21.03
2024-06-30 11:00:00,15.211963,22.97
2024-06-30 12:00:00,17.495218,24.029999
2024-06-30 13:00:00,16.621878,21.97
2024-06-30 14:00:00,6.3616686,11.030001
2024-06-30 15:00:00,12.199575,30.0
2024-06-30 16:00:00,6.9421,14.0
2024-06-30 17:00:00,7.7928743,27.970001
2024-06-30 18:00:00,4.3392267,10.0
2024-06-30 19:00:00,8.858333,32.0
2024-06-30 20:00:00,2.9949837,11.0
2024-06-30 21:00:00,6.980769,30.03
2024-06-30 22:00:00,2.042601,11.0
2024-06-30 23:00:00,4.2901692,24.0
2024-07-01 00:00:00,3.659831,17.0
2024-07-01 01:00:00,5.962669,16.0
2024-07-01 02:00:00,6.3507853,25.0
2024-07-01 03:00:00,6.139214,11.0
2024-07-01 04:00:00,6.1383343,30.0
2024-07-01 05:00:00,7.031254,10.969999
2024-07-01 06:00:00,7.5561485,31.029999
2024-07-01 07:00:00,17.222754,11.969999
2024-07-01 08:00:00,66.14781,35.03
2024-07-01 09:00:00,56.48868,31.970001
2024-07-01 10:00:00,93.17821,29.03
2024-07-01 11:00:00,77.262886,11.0
2024-07-01 12:00:00,54.605663,36.97
2024-07-01 13:00:00,78.654755,34.0
2024-07-01 14:00:00,46.264004,49.0
2024-07-01 15:00:00,42.600784,42.03
2024-07-01 16:00:00,20.497301,40.97
2024-07-01 17:00:00,23.17334,30.0
2024-07-01 18:00:00,9.359287,11.0
2024-07-01 19:00:00,17.210175,30.03
2024-07-01 20:00:00,5.6600924,11.93
2024-07-01 21:00:00,6.7814627,31.039999
2024-07-01 22:00:00,2.247013,11.0
2024-07-01 23:00:00,6.472,34.03
2024-07-02 00:00:00,2.0541148,11.0
2024-07-02 01:00:00,4.412786,24.0
2024-07-02 02:00:00,3.332454,17.97
2024-07-02 03:00:00,3.6401691,23.029999
2024-07-02 04:00:00,3.820678,21.0
2024-07-02 05:00:00,2.8347971,20.0
2024-07-02 06:00:00,7.3026314,25.97
2024-07-02 07:00:00,11.713703,25.03
2024-07-02 08:00:00,50.395897,16.970001
2024-07-02 09:00:00,72.33055,32.0
2024-07-02 10:00:00,91.87647,10.030001
2024-07-02 11:00:00,63.764404,30.97
2024-07-02 12:00:00,47.831005,36.0
2024-07-02 13:00:00,69.738914,33.0
2024-07-02 14:00:00,51.354595,32.0
2024-07-02 15:00:00,46.984814,36.03
2024-07-02 16:00:00,24.59866,33.0
2024-07-02 17:00:00,20.44275,28.0
2024-07-02 18:00:00,11.565689,14.0
2024-07-02 19:00:00,11.133656,31.0
2024-07-02 20:00:00,4.8025455,19.0
2024-07-02 21:00:00,5.5409765,25.0
2024-07-02 22:00:00,4.009836,22.0
2024-07-02 23:00:00,3.629,19.97
2024-07-03 00:00:00,3.101,17.03
2024-07-03 01:00:00,4.625917,23.970001
2024-07-03 02:00:00,2.309167,13.030001
2024-07-03 03:00:00,5.529179,29.0
2024-07-03 04:00:00,1.930819,11.0
2024-07-03 05:00:00,6.246118,31.0
2024-07-03 06:00:00,5.5879054,15.0
2024-07-03 07:00:00,11.481644,16.0
2024-07-03 08:00:00,57.92572,29.97
2024-07-03 09:00:00,64.81711,47.0
2024-07-03 10:00:00,104.20591,44.0
2024-07-03 11:00:00,98.87418,31.03
2024-07-03 12:00:00,50.314537,35.97
2024-07-03 13:00:00,74.825,40.0
2024-07-03 14:00:00,62.20491,44.0
2024-07-03 15:00:00,58.51429,37.03
2024-07-03 16:00:00,25.421453,37.97
2024-07-03 17:00:00,17.134026,19.03
2024-07-03 18:00:00,13.248607,23.970001
2024-07-03 19:00:00,9.592677,27.03
2024-07-03 20:00:00,5.259205,16.0
2024-07-03 21:00:00,7.242798,30.97
2024-07-03 22:00:00,2.249928,11.0
2024-07-03 23:00:00,5.480017,30.0
2024-07-04 00:00:00,2.088197,11.03
2024-07-04 01:00:00,5.171803,31.0
2024-07-04 02:00:00,2.8097186,12.969999
2024-07-04 03:00:00,5.2701693,30.03
2024-07-04 04:00:00,2.388983,13.0
2024-07-04 05:00:00,5.6236176,29.0
2024-07-04 06:00:00,5.8723364,18.97
2024-07-04 07:00:00,14.0850315,52.0
2024-07-04 08:00:00,66.973114,50.96
2024-07-04 09:00:00,67.03793,50.07
2024-07-04 10:00:00,94.18374,42.97
2024-07-04 11:00:00,90.58241,46.0
2024-07-04 12:00:00,57.147354,42.0
2024-07-04 13:00:00,71.61709,37.0
2024-07-04 14:00:00,57.51456,34.0
2024-07-04 15:00:00,70.22762,38.0
2024-07-04 16:00:00,21.880356,35.0
2024-07-04 17:00:00,16.160557,34.03
2024-07-04 18:00:00,17.856007,22.0
2024-07-04 19:00:00,6.6531672,29.0
2024-07-04 20:00:00,4.9086475,33.97
2024-07-04 21:00:00,5.471275,35.96
2024-07-04 22:00:00,5.40459,29.07
2024-07-04 23:00:00,1.9991801,12.969999
2024-07-05 00:00:00,2.761497,15.03
2024-07-05 01:00:00,5.108197,26.0
2024-07-05 02:00:00,7.6709833,36.0
2024-07-05 03:00:00,5.170821,29.0
2024-07-05 04:00:00,2.010678,11.0
2024-07-05 05:00:00,3.1930718,14.0
2024-07-05 06:00:00,11.119075,42.97
2024-07-05 07:00:00,17.889475,47.0
2024-07-05 08:00:00,51.37304,48.0
2024-07-05 09:00:00,74.53825,43.0
2024-07-05 10:00:00,58.926277,37.0
2024-07-05 11:00:00,21.759096,44.03
2024-07-05 12:00:00,38.31484,43.97
2024-07-05 13:00:00,29.873787,31.0
2024-07-05 14:00:00,8.4957905,31.0
2024-07-05 15:00:00,25.8965,27.03
2024-07-05 16:00:00,13.166617,15.0
2024-07-05 17:00:00,8.561829,23.0
2024-07-05 18:00:00,4.228421,18.970001
2024-07-05 19:00:00,5.7007675,29.03
2024-07-05 20:00:00,4.097274,21.0
2024-07-05 21:00:00,4.508999,23.0
2024-07-05 22:00:00,5.441678,29.97
2024-07-05 23:00:00,1.879152,11.0
2024-07-06 00:00:00,4.540169,25.03
2024-07-06 01:00:00,3.248197,16.0
2024-07-06 02:00:00,4.211803,25.0
2024-07-06 03:00:00,3.213934,16.970001
2024-07-06 04:00:00,4.59082,24.03
2024-07-06 05:00:00,3.767652,17.0
2024-07-06 06:00:00,8.64581,30.97
2024-07-06 07:00:00,12.38242,30.03
2024-07-06 08:00:00,15.446594,29.0
2024-07-06 09:00:00,19.190285,12.969999
2024-07-06 10:00:00,9.070852,28.029999
2024-07-06 11:00:00,5.972028,15.0
2024-07-06 12:00:00,8.907526,25.0
2024-07-06 13:00:00,4.998405,16.970001
2024-07-06 14:00:00,10.161247,21.029999
2024-07-06 15:00:00,5.1943297,21.0
2024-07-06 16:00:00,11.190281,18.0
2024-07-06 17:00:00,9.4379425,28.970001
2024-07-06 18:00:00,6.1608377,31.0
2024-07-06 19:00:00,7.850126,11.0
2024-07-06 20:00:00,5.411817,32.0
2024-07-06 21:00:00,5.702258,36.03
2024-07-06 22:00:00,5.491695,30.97
2024-07-06 23:00:00,5.31,30.029999
2024-07-07 00:00:00,1.778536,10.0
2024-07-07 01:00:00,5.882482,31.0
2024-07-07 02:00:00,5.32,29.97
2024-07-07 03:00:00,1.739322,10.030001
2024-07-07 04:00:00,3.91,22.0
2024-07-07 05:00:00,3.759,19.97
2024-07-07 06:00:00,8.272564,32.03
2024-07-07 07:00:00,15.347943,31.97
2024-07-07 08:00:00,14.841936,29.03
2024-07-07 09:00:00,11.963819,11.0
2024-07-07 10:00:00,14.025358,30.97
2024-07-07 11:00:00,20.889732,9.030001
2024-07-07 12:00:00,14.298997,32.0
2024-07-07 13:00:00,12.676066,21.0
2024-07-07 14:00:00,8.459492,19.97
2024-07-07 15:00:00,4.9605327,18.03
2024-07-07 16:00:00,20.723385,28.0
2024-07-07 17:00:00,10.5583515,13.0
2024-07-07 18:00:00,13.952881,28.0
2024-07-07 19:00:00,9.254106,12.0
2024-07-07 20:00:00,8.12795,32.97
2024-07-07 21:00:00,2.308988,10.03
2024-07-07 22:00:00,5.8691797,30.97
2024-07-07 23:00:00,2.02782,10.030001
2024-07-08 00:00:00,5.688,30.0
2024-07-08 01:00:00,2.268197,11.97
2024-07-08 02:00:00,4.987803,28.03
2024-07-08 03:00:00,2.517213,14.0
2024-07-08 04:00:00,4.652787,32.0
2024-07-08 05:00:00,3.4331102,18.970001
2024-07-08 06:00:00,10.139077,38.03
2024-07-08 07:00:00,8.10735,23.0
2024-07-08 08:00:00,62.12686,30.97
2024-07-08 09:00:00,71.11943,37.0
2024-07-08 10:00:00,82.72698,13.030001
2024-07-08 11:00:00,63.488773,34.97
2024-07-08 12:00:00,63.059586,37.0
2024-07-08 13:00:00,65.89198,47.0
2024-07-08 14:00:00,44.077065,44.03
2024-07-08 15:00:00,48.77713,30.970001
2024-07-08 16:00:00,7.3506293,33.03
2024-07-08 17:00:00,6.4085474,19.0
2024-07-08 18:00:00,7.2440667,24.0
2024-07-08 19:00:00,4.031947,19.97
2024-07-08 20:00:00,5.694478,34.03
2024-07-08 21:00:00,4.753892,20.970001
2024-07-08 22:00:00,3.00082,16.03
2024-07-08 23:00:00,4.5366797,24.970001
2024-07-09 00:00:00,1.81082,10.03
2024-07-09 01:00:00,5.7081957,31.0
2024-07-09 02:00:00,1.9698031,10.97
2024-07-09 03:00:00,5.811,33.03
2024-07-09 04:00:00,2.089983,10.969999
2024-07-09 05:00:00,5.523877,35.03
2024-07-09 06:00:00,4.903582,14.969999
2024-07-09 07:00:00,8.001219,22.03
2024-07-09 08:00:00,66.93396,22.970001
2024-07-09 09:00:00,77.906204,43.03
2024-07-09 10:00:00,110.395256,37.97
2024-07-09 11:00:00,77.44379,19.029999
2024-07-09 12:00:00,49.515152,28.93
2024-07-09 13:00:00,62.60541,32.07
2024-07-09 14:00:00,52.090767,11.0
2024-07-09 15:00:00,45.294083,28.0
2024-07-09 16:00:00,19.641228,14.969999
2024-07-09 17:00:00,18.081062,10.0
2024-07-09 18:00:00,17.265081,14.030001
2024-07-09 19:00:00,5.2784133,17.0
2024-07-09 20:00:00,6.372414,18.97
2024-07-09 21:00:00,2.380045,11.0
2024-07-09 22:00:00,2.163,12.030001
2024-07-09 23:00:00,5.0706778,31.970001
2024-07-10 00:00:00,5.388322,32.96
2024-07-10 01:00:00,2.009,11.07
2024-07-10 02:00:00,4.312,30.000002
2024-07-10 03:00:00,3.039181,15.0
2024-07-10 04:00:00,3.2508202,20.0
2024-07-10 05:00:00,4.409937,21.0
2024-07-10 06:00:00,5.594,16.0
2024-07-10 07:00:00,15.153904,24.970001
2024-07-10 08:00:00,67.61762,29.03
2024-07-10 09:00:00,65.36009,29.97
2024-07-10 10:00:00,82.84231,12.0
2024-07-10 11:00:00,63.982506,30.03
2024-07-10 12:00:00,46.148876,30.0
2024-07-10 13:00:00,58.224934,31.97
2024-07-10 14:00:00,65.67288,19.03
2024-07-10 15:00:00,30.67882,24.97
2024-07-10 16:00:00,21.49474,16.03
2024-07-10 17:00:00,14.412634,17.0
2024-07-10 18:00:00,17.618626,18.0
2024-07-10 19:00:00,4.4766946,10.0
2024-07-10 20:00:00,3.705936,11.0
2024-07-10 21:00:00,3.3746693,19.0
2024-07-10 22:00:00,3.0857382,18.0
2024-07-10 23:00:00,2.56918,14.969999
2024-07-11 00:00:00,2.06682,12.03
2024-07-11 01:00:00,5.774678,31.0
2024-07-11 02:00:00,4.1793222,24.0
2024-07-11 03:00:00,2.960678,16.970001
2024-07-11 04:00:00,2.718502,15.03
2024-07-11 05:00:00,5.3574834,25.970001
2024-07-11 06:00:00,6.629572,11.0
2024-07-11 07:00:00,19.461971,30.03
2024-07-11 08:00:00,58.63226,10.969999
2024-07-11 09:00:00,43.602863,35.03
2024-07-11 10:00:00,61.125767,24.0
2024-07-11 11:00:00,43.651142,18.970001
2024-07-11 12:00:00,48.619835,30.03
2024-07-11 13:00:00,50.56833,11.0
2024-07-11 14:00:00,57.190407,31.999998
2024-07-11 15:00:00,55.93159,12.0
2024-07-11 16:00:00,21.463324,22.0
2024-07-11 17:00:00,17.644695,19.0
2024-07-11 18:00:00,10.936716,10.969999
2024-07-11 19:00:00,6.8055615,9.03
2024-07-11 20:00:00,6.35047,19.0
2024-07-11 21:00:00,4.0184193,22.0
2024-07-11 22:00:00,2.4962301,12.97
2024-07-11 23:00:00,5.54295,30.029999
2024-07-12 00:00:00,2.70482,15.0
2024-07-12 01:00:00,4.7790003,25.97
2024-07-12 02:00:00,2.149197,11.0
2024-07-12 03:00:00,5.602636,31.0
2024-07-12 04:00:00,2.007364,11.03
2024-07-12 05:00:00,4.973341,25.0
2024-07-12 06:00:00,7.6197367,16.97
2024-07-12 07:00:00,18.284405,22.03
2024-07-12 08:00:00,32.13266,19.0
2024-07-12 09:00:00,46.35669,29.97
2024-07-12 10:00:00,27.131409,10.0
2024-07-12 11:00:00,45.139282,37.0
2024-07-12 12:00:00,35.687225,28.03
2024-07-12 13:00:00,22.890831,16.0
2024-07-12 14:00:00,18.003159,30.0
2024-07-12 15:00:00,3.3236756,12.969999
2024-07-12 16:00:00,5.389809,10.0
2024-07-12 17:00:00,7.6950817,23.029999
2024-07-12 18:00:00,4.9773407,19.0
2024-07-12 19:00:00,3.0762887,10.969999
2024-07-12 20:00:00,7.3377657,31.0
2024-07-12 21:00:00,5.7938147,29.03
2024-07-12 22:00:00,1.529649,10.0
2024-07-12 23:00:00,5.720013,30.970001
2024-07-13 00:00:00,1.9290171,11.03
2024-07-13 01:00:00,3.991803,23.0
2024-07-13 02:00:00,3.3490663,18.0
2024-07-13 03:00:00,2.7408202,16.0
2024-07-13 04:00:00,4.649,25.0
2024-07-13 05:00:00,1.5710001,10.0
2024-07-13 06:00:00,6.330283,31.970001
2024-07-13 07:00:00,6.8055496,24.03
2024-07-13 08:00:00,6.320232,18.0
2024-07-13 09:00:00,12.858019,21.0
2024-07-13 10:00:00,20.397852,21.0
2024-07-13 11:00:00,19.2075,18.0
2024-07-13 12:00:00,14.063537,23.0
2024-07-13 13:00:00,6.0001416,16.0
2024-07-13 14:00:00,17.476168,25.0
2024-07-13 15:00:00,12.895462,10.0
2024-07-13 16:00:00,11.17172,31.0
2024-07-13 17:00:00,6.259394,11.0
2024-07-13 18:00:00,5.2154016,29.97
2024-07-13 19:00:00,5.863453,11.03
2024-07-13 20:00:00,6.0256233,27.0
2024-07-13 21:00:00,3.3514218,14.969999
2024-07-13 22:00:00,4.422,26.029999
2024-07-13 23:00:00,2.910678,15.969999
2024-07-14 00:00:00,3.369322,18.03
2024-07-14 01:00:00,4.3190002,22.97
2024-07-14 02:00:00,2.081,12.030001
2024-07-14 03:00:00,5.480678,30.0
2024-07-14 04:00:00,1.853,10.97
2024-07-14 05:00:00,6.399644,30.03
2024-07-14 06:00:00,6.4555197,11.0
2024-07-14 07:00:00,20.275402,30.0
2024-07-14 08:00:00,21.939491,10.97
2024-07-14 09:00:00,5.4316053,30.03
2024-07-14 10:00:00,4.3176546,11.0
2024-07-14 11:00:00,5.435266,26.0
2024-07-14 12:00:00,22.689524,15.969999
2024-07-14 13:00:00,11.333834,19.03
2024-07-14 14:00:00,12.091632,21.0
2024-07-14 15:00:00,5.9840865,12.0
2024-07-14 16:00:00,3.5671463,17.0
2024-07-14 17:00:00,2.5623565,22.97
2024-07-14 18:00:00,8.31656,19.03
2024-07-14 19:00:00,4.759832,21.97
2024-07-14 20:00:00,3.1195316,16.03
2024-07-14 21:00:00,4.8068676,24.970001
2024-07-14 22:00:00,1.418197,10.0
2024-07-14 23:00:00,5.604148,30.03
2024-07-15 00:00:00,1.948975,11.97
2024-07-15 01:00:00,3.9620008,23.03
2024-07-15 02:00:00,3.2289991,17.970001
2024-07-15 03:00:00,2.841,16.03
2024-07-15 04:00:00,4.508196,24.970001
2024-07-15 05:00:00,1.657441,10.0
2024-07-15 06:00:00,8.640571,31.03
2024-07-15 07:00:00,13.589447,10.97
2024-07-15 08:00:00,38.827118,34.0
2024-07-15 09:00:00,54.476913,21.03
2024-07-15 10:00:00,78.310074,30.97
2024-07-15 11:00:00,77.375565,49.0
2024-07-15 12:00:00,42.56046,49.0
2024-07-15 13:00:00,57.93927,48.03
2024-07-15 14:00:00,42.834896,45.97
2024-07-15 15:00:00,46.46308,33.03
2024-07-15 16:00:00,40.320652,19.0
2024-07-15 17:00:00,21.839882,23.0
2024-07-15 18:00:00,12.132875,15.0
2024-07-15 19:00:00,14.137241,26.970001
2024-07-15 20:00:00,4.387912,10.030001
2024-07-15 21:00:00,6.651963,30.97
2024-07-15 22:00:00,1.900651,11.0
2024-07-15 23:00:00,4.7901692,26.03
2024-07-16 00:00:00,3.02918,15.0
2024-07-16 01:00:00,2.53082,16.0
2024-07-16 02:00:00,4.52537,25.0
2024-07-16 03:00:00,1.74004,10.97
2024-07-16 04:00:00,5.144754,28.03
2024-07-16 05:00:00,2.31969,13.969999
2024-07-16 06:00:00,8.427446,40.0
2024-07-16 07:00:00,13.785553,30.0
2024-07-16 08:00:00,59.04499,30.0
2024-07-16 09:00:00,65.63849,31.03
2024-07-16 10:00:00,70.05216,11.0
2024-07-16 11:00:00,71.5781,32.0
2024-07-16 12:00:00,46.355255,30.970001
2024-07-16 13:00:00,63.070335,33.0
2024-07-16 14:00:00,64.357765,31.0
2024-07-16 15:00:00,50.065277,30.029999
2024-07-16 16:00:00,21.343964,10.97
2024-07-16 17:00:00,22.825674,26.029999
2024-07-16 18:00:00,17.540741,17.970001
2024-07-16 19:00:00,4.2118397,10.030001
2024-07-16 20:00:00,6.4116035,30.97
2024-07-16 21:00:00,2.584022,11.0
2024-07-16 22:00:00,5.4193487,29.03
2024-07-16 23:00:00,2.030678,11.0
2024-07-17 00:00:00,3.569322,21.0
2024-07-17 01:00:00,3.619,23.97
2024-07-17 02:00:00,2.221,13.030001
2024-07-17 03:00:00,5.130678,27.97
2024-07-17 04:00:00,1.926322,10.030001
2024-07-17 05:00:00,5.163,33.0
2024-07-17 06:00:00,5.1493607,14.969999
2024-07-17 07:00:00,15.208345,29.0
2024-07-17 08:00:00,94.288,15.03
2024-07-17 09:00:00,101.33563,38.97
2024-07-17 10:00:00,94.53974,34.03
2024-07-17 11:00:00,73.808624,32.0
2024-07-17 12:00:00,46.911434,33.0
2024-07-17 13:00:00,69.978485,34.0
2024-07-17 14:00:00,49.551056,30.970001
2024-07-17 15:00:00,40.18672,27.03
2024-07-17 16:00:00,12.297742,17.97
2024-07-17 17:00:00,10.043331,35.0
2024-07-17 18:00:00,5.5674257,12.030001
2024-07-17 19:00:00,14.157058,29.0
2024-07-17 20:00:00,5.71269,21.0
2024-07-17 21:00:00,3.5094275,19.0
2024-07-17 22:00:00,3.8808198,21.0
2024-07-17 23:00:00,6.919,19.97
2024-07-18 00:00:00,6.251001,14.030001
2024-07-18 01:00:00,7.808,26.0
2024-07-18 02:00:00,6.590983,10.97
2024-07-18 03:00:00,6.080017,30.03
2024-07-18 04:00:00,6.500831,11.0
2024-07-18 05:00:00,6.4918947,27.0
2024-07-18 06:00:00,8.094062,14.0
2024-07-18 07:00:00,16.65914,30.970001
2024-07-18 08:00:00,55.687702,12.0
2024-07-18 09:00:00,65.27469,12.03
2024-07-18 10:00:00,81.88446,37.0
2024-07-18 11:00:00,71.55138,35.0
2024-07-18 12:00:00,40.657547,33.97
2024-07-18 13:00:00,62.667614,33.989998
2024-07-18 14:00:00,54.12709,26.04
2024-07-18 15:00:00,46.230957,18.0
2024-07-18 16:00:00,36.847855,31.0
2024-07-18 17:00:00,21.71873,10.969999
2024-07-18 18:00:00,17.898527,25.03
2024-07-18 19:00:00,5.4764414,16.970001
2024-07-18 20:00:00,3.916895,18.03
2024-07-18 21:00:00,4.8171587,22.97
2024-07-18 22:00:00,2.10082,13.030001
2024-07-18 23:00:00,5.309181,28.0
2024-07-19 00:00:00,1.998033,10.969999
2024-07-19 01:00:00,4.9027863,27.03
2024-07-19 02:00:00,2.958197,14.0
2024-07-19 03:00:00,4.021804,22.0
2024-07-19 04:00:00,3.53918,19.0
2024-07-19 05:00:00,3.8365207,19.0
2024-07-19 06:00:00,7.9854803,22.0
2024-07-19 07:00:00,17.644323,27.0
2024-07-19 08:00:00,42.24978,14.97
2024-07-19 09:00:00,66.18947,30.0
2024-07-19 10:00:00,47.33149,17.03
2024-07-19 11:00:00,43.205055,33.0
2024-07-19 12:00:00,28.497923,25.0
2024-07-19 13:00:00,26.52771,16.0
2024-07-19 14:00:00,9.396016,10.0
2024-07-19 15:00:00,15.3659935,11.0
2024-07-19 16:00:00,7.099284,17.0
2024-07-19 17:00:00,11.124614,18.0
2024-07-19 18:00:00,6.6314974,13.969999
2024-07-19 19:00:00,6.522159,10.0
2024-07-19 20:00:00,3.166314,9.03
2024-07-19 21:00:00,5.4166107,29.0
2024-07-19 22:00:00,2.2491798,12.969999
2024-07-19 23:00:00,1.98982,10.0
2024-07-20 00:00:00,5.301679,30.0
2024-07-20 01:00:00,3.169322,18.03
2024-07-20 02:00:00,4.3001637,22.97
2024-07-20 03:00:00,2.585599,14.030001
2024-07-20 04:00:00,4.899001,26.0
2024-07-20 05:00:00,1.6046925,9.97
2024-07-20 06:00:00,9.465333,31.03
2024-07-20 07:00:00,14.083611,10.969999
2024-07-20 08:00:00,25.751305,30.0
2024-07-20 09:00:00,18.37486,11.0
2024-07-20 10:00:00,7.3369884,22.03
2024-07-20 11:00:00,7.7644753,16.0
2024-07-20 12:00:00,7.384096,11.97
2024-07-20 13:00:00,7.4382296,10.0
2024-07-20 14:00:00,12.094299,15.030001
2024-07-20 15:00:00,17.121157,16.0
2024-07-20 16:00:00,6.783275,17.0
2024-07-20 17:00:00,8.09297,12.0
2024-07-20 18:00:00,16.09312,10.0
2024-07-20 19:00:00,7.3954277,11.0
2024-07-20 20:00:00,3.3637838,18.0
2024-07-20 21:00:00,2.9820678,16.0
2024-07-20 22:00:00,2.3600001,19.970001
2024-07-20 23:00:00,1.309,10.0
2024-07-21 00:00:00,11.124178,10.030001
2024-07-21 01:00:00,14.241822,14.0
2024-07-21 02:00:00,14.974211,17.0
2024-07-21 03:00:00,14.650281,17.0
2024-07-21 04:00:00,14.2021885,11.969999
2024-07-21 05:00:00,14.35521,11.030001
2024-07-21 06:00:00,14.52903,32.97
2024-07-21 07:00:00,16.149866,29.03
2024-07-21 08:00:00,23.665058,11.969999
2024-07-21 09:00:00,24.980976,18.03
2024-07-21 10:00:00,28.442616,17.0
2024-07-21 11:00:00,20.026392,14.0
2024-07-21 12:00:00,16.219929,10.969999
2024-07-21 13:00:00,14.035496,11.030001
2024-07-21 14:00:00,13.647703,18.0
2024-07-21 15:00:00,11.551544,16.0
2024-07-21 16:00:00,10.92872,15.0
2024-07-21 17:00:00,13.318086,10.97
2024-07-21 18:00:00,15.19426,10.0
2024-07-21 19:00:00,8.152397,12.030001
2024-07-21 20:00:00,5.4904275,16.0
2024-07-21 21:00:00,3.2631547,17.0
2024-07-21 22:00:00,2.409999,15.0
2024-07-21 23:00:00,10.9915,11.969999
2024-07-22 00:00:00,13.811678,10.0
2024-07-22 01:00:00,13.68961,11.030001
2024-07-22 02:00:00,14.544271,16.0
2024-07-22 03:00:00,14.698515,16.0
2024-07-22 04:00:00,13.78459,16.970001
2024-07-22 05:00:00,14.092336,10.0
2024-07-22 06:00:00,15.569445,11.0
2024-07-22 07:00:00,18.482716,40.0
2024-07-22 08:00:00,59.31423,47.0
2024-07-22 09:00:00,64.42819,41.0
2024-07-22 10:00:00,92.43024,29.0
2024-07-22 11:00:00,68.26868,11.030001
2024-07-22 12:00:00,48.408558,35.97
2024-07-22 13:00:00,62.683613,34.0
2024-07-22 14:00:00,51.652374,33.03
2024-07-22 15:00:00,65.24716,10.969999
2024-07-22 16:00:00,36.36993,36.03
2024-07-22 17:00:00,25.659695,15.0
2024-07-22 18:00:00,19.369158,19.0
2024-07-22 19:00:00,13.350714,16.0
2024-07-22 20:00:00,4.85213,9.969999
2024-07-22 21:00:00,20.137625,27.03
2024-07-22 22:00:00,20.53983,15.969999
2024-07-22 23:00:00,19.84017,12.03
2024-07-23 00:00:00,20.749239,27.0
2024-07-23 01:00:00,19.710339,18.970001
2024-07-23 02:00:00,20.112925,11.030001
2024-07-23 03:00:00,20.3975,26.0
2024-07-23 04:00:00,20.53983,14.969999
2024-07-23 05:00:00,19.963144,11.030001
2024-07-23 06:00:00,20.706308,27.0
2024-07-23 07:00:00,25.088097,16.97
2024-07-23 08:00:00,63.311897,30.03
2024-07-23 09:00:00,72.41672,11.0
2024-07-23 10:00:00,100.62774,31.970001
2024-07-23 11:00:00,57.874016,16.03
2024-07-23 12:00:00,51.678043,27.0
2024-07-23 13:00:00,65.814644,32.0
2024-07-23 14:00:00,59.37587,45.97
2024-07-23 15:00:00,53.82579,29.03
2024-07-23 16:00:00,16.161041,10.0
2024-07-23 17:00:00,27.281424,14.0
2024-07-23 18:00:00,17.600882,19.0
2024-07-23 19:00:00,3.8847413,17.0
2024-07-23 20:00:00,3.74865,10.0
2024-07-23 21:00:00,2.476175,12.0
2024-07-23 22:00:00,3.17,18.0
2024-07-23 23:00:00,3.750678,24.0
2024-07-24 00:00:00,2.5293221,17.0
2024-07-24 01:00:00,4.6800003,26.0
2024-07-24 02:00:00,1.9281969,10.969999
2024-07-24 03:00:00,3.501803,20.03
2024-07-24 04:00:00,3.589,20.0
2024-07-24 05:00:00,2.05575,10.97
2024-07-24 06:00:00,7.2979307,23.03
2024-07-24 07:00:00,14.943043,17.0
2024-07-24 08:00:00,54.470478,14.0
2024-07-24 09:00:00,59.101887,41.97
2024-07-24 10:00:00,70.34622,37.03
2024-07-24 11:00:00,68.44342,29.97
2024-07-24 12:00:00,39.351173,11.0
2024-07-24 13:00:00,74.08177,42.0
2024-07-24 14:00:00,48.4623,22.03
2024-07-24 15:00:00,39.014893,19.970001
2024-07-24 16:00:00,26.37787,12.030001
2024-07-24 17:00:00,21.799465,31.0
2024-07-24 18:00:00,11.3315115,10.969999
2024-07-24 19:00:00,4.502877,15.03
2024-07-24 20:00:00,4.5252023,22.0
2024-07-24 21:00:00,2.760834,14.0
2024-07-24 22:00:00,1.528347,10.0
2024-07-24 23:00:00,3.8925,21.0
2024-07-25 00:00:00,0.0,0.0
2024-07-25 01:00:00,0.0,0.0
2024-07-25 02:00:00,0.0,0.97
2024-07-25 03:00:00,0.0,3.03
2024-07-25 04:00:00,6.15,0.0
2024-07-25 05:00:00,5.8534026,1.0
2024-07-25 06:00:00,6.966458,2.0
2024-07-25 07:00:00,13.468959,3.0
2024-07-25 08:00:00,47.28053,2.0
2024-07-25 09:00:00,75.269806,6.9700003
2024-07-25 10:00:00,72.38612,3.03
2024-07-25 11:00:00,51.68151,16.970001
2024-07-25 12:00:00,57.255646,48.0
2024-07-25 13:00:00,66.98879,49.0
2024-07-25 14:00:00,43.6454,48.0
2024-07-25 15:00:00,43.08908,41.0
2024-07-25 16:00:00,23.380665,21.03
2024-07-25 17:00:00,24.359127,20.970001
2024-07-25 18:00:00,9.1326275,10.0
2024-07-25 19:00:00,9.262737,27.029999
2024-07-25 20:00:00,5.1146307,14.969999
2024-07-25 21:00:00,1.9373305,9.030001
2024-07-25 22:00:00,4.2932367,23.0
2024-07-25 23:00:00,3.4491801,18.0
2024-07-26 00:00:00,1.6690171,10.969999
2024-07-26 01:00:00,2.732482,15.03
2024-07-26 02:00:00,3.7498863,22.0
2024-07-26 03:00:00,2.6890001,13.0
2024-07-26 04:00:00,4.843358,10.0
2024-07-26 05:00:00,7.122795,19.0
2024-07-26 06:00:00,11.717041,33.97
2024-07-26 07:00:00,13.752353,49.0
2024-07-26 08:00:00,49.002583,10.0
2024-07-26 09:00:00,57.572205,40.03
2024-07-26 10:00:00,36.80627,34.97
2024-07-26 11:00:00,32.15406,31.0
2024-07-26 12:00:00,14.046465,10.030001
2024-07-26 13:00:00,8.564373,19.0
2024-07-26 14:00:00,13.315056,17.0
2024-07-26 15:00:00,15.680496,14.969999
2024-07-26 16:00:00,21.033878,10.0
2024-07-26 17:00:00,15.264785,11.030001
2024-07-26 18:00:00,6.2387,19.0
2024-07-26 19:00:00,6.5109253,19.0
2024-07-26 20:00:00,4.949521,11.0
2024-07-26 21:00:00,1.867042,10.969999
2024-07-26 22:00:00,3.287705,18.03
2024-07-26 23:00:00,3.39,20.0
2024-07-27 00:00:00,2.1391802,12.969999
2024-07-27 01:00:00,1.761498,10.0
2024-07-27 02:00:00,2.939322,16.03
2024-07-27 03:00:00,3.393606,20.0
2024-07-27 04:00:00,2.519181,13.969999
2024-07-27 05:00:00,1.993015,10.030001
2024-07-27 06:00:00,6.429327,15.0
2024-07-27 07:00:00,14.906073,23.0
2024-07-27 08:00:00,17.82869,15.0
2024-07-27 09:00:00,18.176235,10.0
2024-07-27 10:00:00,18.204636,15.0
2024-07-27 11:00:00,8.919952,20.0
2024-07-27 12:00:00,19.954615,15.97
2024-07-27 13:00:00,13.908943,10.0
2024-07-27 14:00:00,14.425025,21.03
2024-07-27 15:00:00,9.455563,17.0
2024-07-27 16:00:00,2.91875,12.0
2024-07-27 17:00:00,5.807458,10.0
2024-07-27 18:00:00,7.951622,15.0
2024-07-27 19:00:00,5.309897,19.0
2024-07-27 20:00:00,6.3708115,16.97
2024-07-27 21:00:00,2.632828,10.03
2024-07-27 22:00:00,2.041803,11.0
2024-07-27 23:00:00,3.37,19.0
2024-07-28 00:00:00,3.29,18.0
2024-07-28 01:00:00,2.11918,12.0
2024-07-28 02:00:00,1.751498,10.0
2024-07-28 03:00:00,2.379322,14.0
2024-07-28 04:00:00,3.204,18.0
2024-07-28 05:00:00,3.4127088,18.97
2024-07-28 06:00:00,5.340865,10.0
2024-07-28 07:00:00,10.103976,10.0
2024-07-28 08:00:00,23.848976,16.03
2024-07-28 09:00:00,20.286304,18.0
2024-07-28 10:00:00,20.376293,15.969999
2024-07-28 11:00:00,15.898086,10.0
2024-07-28 12:00:00,12.800265,16.03
2024-07-28 13:00:00,15.656466,19.0
2024-07-28 14:00:00,12.914981,17.970001
2024-07-28 15:00:00,10.061595,21.03
2024-07-28 16:00:00,7.8748665,18.970001
2024-07-28 17:00:00,4.6122503,10.030001
2024-07-28 18:00:00,7.5907207,16.0
2024-07-28 19:00:00,4.369095,22.0
2024-07-28 20:00:00,3.339881,11.0
2024-07-28 21:00:00,2.062178,10.0
2024-07-28 22:00:00,2.429322,14.0
2024-07-28 23:00:00,3.21,18.0
2024-07-29 00:00:00,3.12,16.0
2024-07-29 01:00:00,2.0279999,11.969999
2024-07-29 02:00:00,1.7426779,10.0
2024-07-29 03:00:00,2.109322,12.030001
2024-07-29 04:00:00,3.12,16.0
2024-07-29 05:00:00,3.345226,17.0
2024-07-29 06:00:00,6.6325474,13.969999
2024-07-29 07:00:00,17.79088,10.0
2024-07-29 08:00:00,57.278225,10.030001
2024-07-29 09:00:00,62.52152,40.97
2024-07-29 10:00:00,89.4372,42.03
2024-07-29 11:00:00,74.83808,48.0
2024-07-29 12:00:00,54.157623,48.0
2024-07-29 13:00:00,66.583916,47.97
2024-07-29 14:00:00,56.78543,48.0
2024-07-29 15:00:00,52.371117,36.03
2024-07-29 16:00:00,33.432106,10.97
2024-07-29 17:00:00,14.390713,12.03
2024-07-29 18:00:00,13.6645565,18.0
2024-07-29 19:00:00,10.600615,20.0
2024-07-29 20:00:00,3.172131,10.0
2024-07-29 21:00:00,1.786638,10.0
2024-07-29 22:00:00,2.9220002,17.0
2024-07-29 23:00:00,3.0631151,17.0
2024-07-30 00:00:00,2.766716,15.97
2024-07-30 01:00:00,1.599169,10.0
2024-07-30 02:00:00,1.781678,10.030001
2024-07-30 03:00:00,2.739486,15.0
2024-07-30 04:00:00,5.1725,19.0
2024-07-30 05:00:00,6.376275,17.0
2024-07-30 06:00:00,7.309897,11.0
2024-07-30 07:00:00,17.230381,10.969999
2024-07-30 08:00:00,49.902206,12.030001
2024-07-30 09:00:00,49.574493,17.0
2024-07-30 10:00:00,50.22167,18.0
2024-07-30 11:00:00,59.610313,11.969999
2024-07-30 12:00:00,51.182133,10.0
2024-07-30 13:00:00,52.477123,25.03
2024-07-30 14:00:00,47.044533,16.97
2024-07-30 15:00:00,42.928997,10.0
2024-07-30 16:00:00,27.443777,10.0
2024-07-30 17:00:00,12.919032,16.03
2024-07-30 18:00:00,5.358393,16.0
2024-07-30 19:00:00,4.889492,15.0
2024-07-30 20:00:00,3.5462132,12.969999
2024-07-30 21:00:00,2.015928,10.0
2024-07-30 22:00:00,1.5215249,10.0
2024-07-30 23:00:00,2.457797,13.030001
2024-07-31 00:00:00,2.42,16.0
2024-07-31 01:00:00,2.820833,15.0
2024-07-31 02:00:00,2.47,15.0
2024-07-31 03:00:00,2.060678,12.0
2024-07-31 04:00:00,3.058502,10.0
2024-07-31 05:00:00,5.592037,11.0
2024-07-31 06:00:00,5.901029,12.0
2024-07-31 07:00:00,16.86163,15.0
2024-07-31 08:00:00,47.780933,20.0
2024-07-31 09:00:00,57.891685,18.970001
2024-07-31 10:00:00,68.070984,48.0
2024-07-31 11:00:00,68.65184,38.0
2024-07-31 12:00:00,45.369705,11.03
2024-07-31 13:00:00,47.894096,21.0
2024-07-31 14:00:00,48.86656,19.0
2024-07-31 15:00:00,37.019077,11.0
2024-07-31 16:00:00,19.874792,10.0
2024-07-31 17:00:00,21.64225,18.0
2024-07-31 18:00:00,9.526698,16.0
2024-07-31 19:00:00,4.9755464,16.0
2024-07-31 20:00:00,3.6417646,10.0
2024-07-31 21:00:00,1.887392,10.0
2024-07-31 22:00:00,1.541,10.0
2024-07-31 23:00:00,2.560678,15.0
2024-08-01 00:00:00,2.5900002,14.0
2024-08-01 01:00:00,2.43,15.0
2024-08-01 02:00:00,2.802639,15.0
2024-08-01 03:00:00,1.77918,11.0
2024-08-01 04:00:00,1.60982,10.0
2024-08-01 05:00:00,4.960203,10.0
2024-08-01 06:00:00,11.750175,42.97
2024-08-01 07:00:00,19.631239,39.0
2024-08-01 08:00:00,40.420563,31.03
2024-08-01 09:00:00,56.16648,29.97
2024-08-01 10:00:00,53.233006,29.0
2024-08-01 11:00:00,47.206654,10.030001
2024-08-01 12:00:00,51.138954,32.0
2024-08-01 13:00:00,55.091686,29.0
2024-08-01 14:00:00,51.042778,35.97
2024-08-01 15:00:00,40.009846,10.030001
2024-08-01 16:00:00,6.7778454,17.0
2024-08-01 17:00:00,7.0652623,16.0
2024-08-01 18:00:00,5.095437,15.0
2024-08-01 19:00:00,6.5727572,11.0
2024-08-01 20:00:00,3.9092336,10.0
2024-08-01 21:00:00,1.5158793,9.969999
2024-08-01 22:00:00,2.6030002,14.030001
2024-08-01 23:00:00,2.4,14.0
2024-08-02 00:00:00,2.460678,14.0
2024-08-02 01:00:00,2.4,15.0
2024-08-02 02:00:00,2.268178,12.969999
2024-08-02 03:00:00,1.458197,10.0
2024-08-02 04:00:00,2.3326359,11.0
2024-08-02 05:00:00,6.383913,9.03
2024-08-02 06:00:00,8.12388,15.0
2024-08-02 07:00:00,22.712734,14.0
2024-08-02 08:00:00,48.28447,28.0
2024-08-02 09:00:00,50.3356,43.97
2024-08-02 10:00:00,36.182053,41.03
2024-08-02 11:00:00,29.377323,29.97
2024-08-02 12:00:00,16.323816,12.030001
2024-08-02 13:00:00,24.410212,30.970001
2024-08-02 14:00:00,22.856861,10.0
2024-08-02 15:00:00,13.016294,10.03
2024-08-02 16:00:00,6.4435086,16.0
2024-08-02 17:00:00,7.008778,15.0
2024-08-02 18:00:00,4.698509,14.0
2024-08-02 19:00:00,6.438555,13.969999
2024-08-02 20:00:00,2.2263763,10.0
2024-08-02 21:00:00,1.7492692,10.0
2024-08-02 22:00:00,1.589322,9.03
2024-08-02 23:00:00,2.6599998,15.0
2024-08-03 00:00:00,2.24,14.0
2024-08-03 01:00:00,2.53,15.0
2024-08-03 02:00:00,2.3700001,15.0
2024-08-03 03:00:00,2.20918,11.969999
2024-08-03 04:00:00,2.7316532,10.0
2024-08-03 05:00:00,6.7414417,10.0
2024-08-03 06:00:00,5.288958,11.030001
2024-08-03 07:00:00,11.931061,14.0
2024-08-03 08:00:00,20.841114,15.0
2024-08-03 09:00:00,26.683357,14.0
2024-08-03 10:00:00,17.881733,15.0
2024-08-03 11:00:00,3.414436,10.97
2024-08-03 12:00:00,2.9542928,10.03
2024-08-03 13:00:00,8.765246,10.0
2024-08-03 14:00:00,8.1496105,14.0
2024-08-03 15:00:00,3.877606,15.0
2024-08-03 16:00:00,5.8894844,15.0
2024-08-03 17:00:00,5.7744474,14.0
2024-08-03 18:00:00,5.873704,11.97
2024-08-03 19:00:00,5.3838935,10.0
2024-08-03 20:00:00,4.159336,9.03
2024-08-03 21:00:00,2.7463403,15.0
2024-08-03 22:00:00,2.5,14.0
2024-08-03 23:00:00,2.4099998,15.0
2024-08-04 00:00:00,2.539672,14.0
2024-08-04 01:00:00,1.9491799,11.0
2024-08-04 02:00:00,1.5008199,10.0
2024-08-04 03:00:00,1.5696781,9.97
2024-08-04 04:00:00,4.9035,12.030001
2024-08-04 05:00:00,7.23,14.0
2024-08-04 06:00:00,6.9032497,14.0
2024-08-04 07:00:00,8.057997,15.0
2024-08-04 08:00:00,14.0933,14.0
2024-08-04 09:00:00,15.942726,10.969999
2024-08-04 10:00:00,19.692007,10.0
2024-08-04 11:00:00,9.2557535,9.03
2024-08-04 12:00:00,5.1665597,14.0
2024-08-04 13:00:00,9.565443,15.0
2024-08-04 14:00:00,3.0357194,15.0
2024-08-04 15:00:00,9.78858,15.0
2024-08-04 16:00:00,10.963665,12.0
2024-08-04 17:00:00,7.890649,10.0
2024-08-04 18:00:00,6.3247747,10.0
2024-08-04 19:00:00,4.6105084,11.0
2024-08-04 20:00:00,3.9845667,14.0
2024-08-04 21:00:00,2.5395002,15.0
2024-08-04 22:00:00,2.56,14.0
2024-08-04 23:00:00,2.676,15.0
2024-08-05 00:00:00,1.95918,10.969999
2024-08-05 01:00:00,1.760651,10.0
2024-08-05 02:00:00,1.6999154,10.0
2024-08-05 03:00:00,2.139322,12.030001
2024-08-05 04:00:00,2.55,14.0
2024-08-05 05:00:00,2.62,15.0
2024-08-05 06:00:00,7.1170297,15.0
2024-08-05 07:00:00,18.557266,14.969999
2024-08-05 08:00:00,50.02494,10.0
2024-08-05 09:00:00,55.044537,10.0
2024-08-05 10:00:00,82.023834,14.030001
2024-08-05 11:00:00,72.24137,21.0
2024-08-05 12:00:00,49.08263,14.0
2024-08-05 13:00:00,60.732437,10.0
2024-08-05 14:00:00,52.68178,15.0
2024-08-05 15:00:00,49.0069,18.0
2024-08-05 16:00:00,17.17252,16.97
2024-08-05 17:00:00,11.888951,10.0
2024-08-05 18:00:00,6.1312027,10.0
2024-08-05 19:00:00,5.8719063,13.030001
2024-08-05 20:00:00,5.2361555,15.0
2024-08-05 21:00:00,2.64,15.0
2024-08-05 22:00:00,2.3600001,14.0
2024-08-05 23:00:00,2.291525,11.969999
2024-08-06 00:00:00,2.887475,10.0
2024-08-06 01:00:00,6.641678,10.0
2024-08-06 02:00:00,5.699322,12.030001
2024-08-06 03:00:00,6.1725,14.0
2024-08-06 04:00:00,5.8475,15.0
2024-08-06 05:00:00,4.8525,14.0
2024-08-06 06:00:00,7.649088,13.969999
2024-08-06 07:00:00,19.3943,10.0
2024-08-06 08:00:00,63.02672,10.0
2024-08-06 09:00:00,51.930595,11.030001
2024-08-06 10:00:00,66.12891,17.0
2024-08-06 11:00:00,67.68832,20.0
2024-08-06 12:00:00,52.169792,14.97
2024-08-06 13:00:00,51.803616,25.029999
2024-08-06 14:00:00,41.378098,14.969999
2024-08-06 15:00:00,40.05355,10.0
2024-08-06 16:00:00,27.125051,15.030001
2024-08-06 17:00:00,23.121128,16.0
2024-08-06 18:00:00,18.439047,16.0
2024-08-06 19:00:00,7.5579004,11.0
2024-08-06 20:00:00,2.5751348,10.0
2024-08-06 21:00:00,2.0295,12.0
2024-08-06 22:00:00,2.83,17.0
2024-08-06 23:00:00,2.8,16.0
2024-08-07 00:00:00,2.701525,14.969999
2024-08-07 01:00:00,1.640606,10.0
2024-08-07 02:00:00,1.7942681,10.0
2024-08-07 03:00:00,6.2365522,14.030001
2024-08-07 04:00:00,6.26,16.0
2024-08-07 05:00:00,6.5425,19.0
2024-08-07 06:00:00,6.8614845,11.0
2024-08-07 07:00:00,18.130838,10.0
2024-08-07 08:00:00,57.650074,11.0
2024-08-07 09:00:00,60.68434,18.0
2024-08-07 10:00:00,56.835155,18.0
2024-08-07 11:00:00,70.83811,12.0
2024-08-07 12:00:00,34.382168,10.97
2024-08-07 13:00:00,54.71774,15.030001
2024-08-07 14:00:00,42.177418,29.0
2024-08-07 15:00:00,28.289333,14.0
2024-08-07 16:00:00,12.3182745,19.0
2024-08-07 17:00:00,9.1105385,17.0
2024-08-07 18:00:00,2.1671245,11.0
2024-08-07 19:00:00,7.313534,10.0
2024-08-07 20:00:00,4.337008,15.0
2024-08-07 21:00:00,4.728262,18.0
2024-08-07 22:00:00,6.2571697,17.0
2024-08-07 23:00:00,6.449042,10.0
2024-08-08 00:00:00,6.651,10.0
2024-08-08 01:00:00,7.3625,12.0
2024-08-08 02:00:00,6.06,16.0
2024-08-08 03:00:00,5.8375,16.0
2024-08-08 04:00:00,6.240678,15.0
2024-08-08 05:00:00,6.598322,9.97
2024-08-08 06:00:00,5.8166447,10.0
2024-08-08 07:00:00,18.972702,14.030001
2024-08-08 08:00:00,49.13852,22.0
2024-08-08 09:00:00,56.156406,13.0
2024-08-08 10:00:00,59.125805,10.0
2024-08-08 11:00:00,75.963776,14.0
2024-08-08 12:00:00,43.875538,20.0
2024-08-08 13:00:00,60.28656,18.0
2024-08-08 14:00:00,43.285854,10.0
2024-08-08 15:00:00,37.97884,17.0
2024-08-08 16:00:00,24.757801,19.0
2024-08-08 17:00:00,21.432074,15.97
2024-08-08 18:00:00,17.804527,10.0
2024-08-08 19:00:00,4.4469767,11.030001
2024-08-08 20:00:00,4.425916,18.0
2024-08-08 21:00:00,2.947213,17.0
2024-08-08 22:00:00,2.16918,13.0
2024-08-08 23:00:00,1.721498,10.0
2024-08-09 00:00:00,1.739322,10.0
2024-08-09 01:00:00,3.01,16.0
2024-08-09 02:00:00,2.780514,17.0
2024-08-09 03:00:00,2.799,15.969999
2024-08-09 04:00:00,3.1391802,10.0
2024-08-09 05:00:00,6.94444,10.0
2024-08-09 06:00:00,11.594728,40.0
2024-08-09 07:00:00,15.537114,43.03
2024-08-09 08:00:00,57.22615,31.0
2024-08-09 09:00:00,54.646248,29.0
2024-08-09 10:00:00,37.778336,29.0
2024-08-09 11:00:00,34.881817,15.0
2024-08-09 12:00:00,19.29545,28.97
2024-08-09 13:00:00,14.990907,28.03
2024-08-09 14:00:00,24.848103,14.0
2024-08-09 15:00:00,26.824547,17.0
2024-08-09 16:00:00,22.420975,19.0
2024-08-09 17:00:00,26.28584,18.0
2024-08-09 18:00:00,7.2628484,11.0
2024-08-09 19:00:00,4.1372533,10.0
2024-08-09 20:00:00,3.828279,14.0
2024-08-09 21:00:00,3.0028,16.0
2024-08-09 22:00:00,2.66,16.0
2024-08-09 23:00:00,2.3390002,12.969999
2024-08-10 00:00:00,1.71,10.0
2024-08-10 01:00:00,1.561,10.030001
2024-08-10 02:00:00,2.84,17.0
2024-08-10 03:00:00,2.730678,16.0
2024-08-10 04:00:00,2.6799998,16.0
2024-08-10 05:00:00,2.7491798,10.0
2024-08-10 06:00:00,5.9250665,10.0
2024-08-10 07:00:00,7.2648497,12.0
2024-08-10 08:00:00,13.249285,16.0
2024-08-10 09:00:00,21.058172,16.0
2024-08-10 10:00:00,26.271906,15.0
2024-08-10 11:00:00,20.735725,9.97
2024-08-10 12:00:00,8.602796,10.030001
2024-08-10 13:00:00,7.106473,15.0
2024-08-10 14:00:00,12.007284,16.0
2024-08-10 15:00:00,8.116529,17.0
2024-08-10 16:00:00,8.046265,12.0
2024-08-10 17:00:00,10.358276,11.0
2024-08-10 18:00:00,6.218361,12.0
2024-08-10 19:00:00,3.9788988,16.0
2024-08-10 20:00:00,4.0342913,16.0
2024-08-10 21:00:00,2.64918,15.0
2024-08-10 22:00:00,1.721498,10.0
2024-08-10 23:00:00,1.599847,9.97
2024-08-11 00:00:00,2.441,13.030001
2024-08-11 01:00:00,2.65,16.0
2024-08-11 02:00:00,2.83,16.0
2024-08-11 03:00:00,2.430678,13.969999
2024-08-11 04:00:00,1.74,10.0
2024-08-11 05:00:00,5.187458,10.0
2024-08-11 06:00:00,5.4741774,14.030001
2024-08-11 07:00:00,11.318779,16.0
2024-08-11 08:00:00,20.34922,16.0
2024-08-11 09:00:00,15.318549,12.969999
2024-08-11 10:00:00,23.025345,9.030001
2024-08-11 11:00:00,10.5998,11.0
2024-08-11 12:00:00,11.833531,16.0
2024-08-11 13:00:00,3.33175,17.0
2024-08-11 14:00:00,14.501114,15.97
2024-08-11 15:00:00,20.349846,10.0
2024-08-11 16:00:00,13.200761,10.0
2024-08-11 17:00:00,5.722683,14.030001
2024-08-11 18:00:00,5.7865133,16.0
2024-08-11 19:00:00,7.0802326,16.0
2024-08-11 20:00:00,3.1752634,12.969999
2024-08-11 21:00:00,1.73,10.0
2024-08-11 22:00:00,1.739322,10.03
2024-08-11 23:00:00,2.96,16.0
2024-08-12 00:00:00,2.660623,16.0
2024-08-12 01:00:00,2.99,16.0
2024-08-12 02:00:00,2.029831,10.97
2024-08-12 03:00:00,1.609169,10.0
2024-08-12 04:00:00,1.981,11.030001
2024-08-12 05:00:00,3.08,16.0
2024-08-12 06:00:00,7.7052326,28.0
2024-08-12 07:00:00,14.164048,16.0
2024-08-12 08:00:00,61.9861,27.97
2024-08-12 09:00:00,55.894756,40.0
2024-08-12 10:00:00,71.99909,42.0
2024-08-12 11:00:00,65.741455,48.0
2024-08-12 12:00:00,55.542076,48.0
2024-08-12 13:00:00,60.01607,48.0
2024-08-12 14:00:00,52.73967,43.0
2024-08-12 15:00:00,44.76355,22.03
2024-08-12 16:00:00,19.005766,17.970001
2024-08-12 17:00:00,5.0370154,10.0
2024-08-12 18:00:00,5.4848075,10.030001
2024-08-12 19:00:00,2.8196099,18.0
2024-08-12 20:00:00,4.1506486,18.0
2024-08-12 21:00:00,2.320678,13.0
2024-08-12 22:00:00,1.76,10.0
2024-08-12 23:00:00,1.919322,11.0
2024-08-13 00:00:00,2.8,17.0
2024-08-13 01:00:00,2.9,16.0
2024-08-13 02:00:00,2.814435,15.97
2024-08-13 03:00:00,1.73982,10.0
2024-08-13 04:00:00,4.752826,10.0
2024-08-13 05:00:00,5.5118217,13.030001
2024-08-13 06:00:00,7.0819945,28.0
2024-08-13 07:00:00,16.141026,11.0
2024-08-13 08:00:00,73.61091,30.97
2024-08-13 09:00:00,78.28233,11.03
2024-08-13 10:00:00,105.91989,29.0
2024-08-13 11:00:00,87.26866,12.0
2024-08-13 12:00:00,51.11184,26.0
2024-08-13 13:00:00,54.342255,12.969999
2024-08-13 14:00:00,53.22943,31.0
2024-08-13 15:00:00,40.44899,11.03
2024-08-13 16:00:00,25.403038,16.0
2024-08-13 17:00:00,21.426643,18.0
2024-08-13 18:00:00,7.5639277,16.97
2024-08-13 19:00:00,4.8916817,10.0
2024-08-13 20:00:00,2.1281614,10.0
2024-08-13 21:00:00,2.319322,12.030001
2024-08-13 22:00:00,2.76,17.0
2024-08-13 23:00:00,2.56,15.0
2024-08-14 00:00:00,2.640678,15.0
2024-08-14 01:00:00,1.698502,10.0
2024-08-14 02:00:00,1.72,10.0
2024-08-14 03:00:00,3.49332,13.0
2024-08-14 04:00:00,6.4975,16.0
2024-08-14 05:00:00,7.59,16.0
2024-08-14 06:00:00,7.263,18.0
2024-08-14 07:00:00,18.209652,31.0
2024-08-14 08:00:00,57.083443,10.0
2024-08-14 09:00:00,73.366585,22.0
2024-08-14 10:00:00,78.68649,31.0
2024-08-14 11:00:00,64.46347,37.0
2024-08-14 12:00:00,42.85401,10.0
2024-08-14 13:00:00,51.792885,20.0
2024-08-14 14:00:00,45.7343,20.97
2024-08-14 15:00:00,46.035645,28.03
2024-08-14 16:00:00,10.303034,11.969999
2024-08-14 17:00:00,7.6070967,10.0
2024-08-14 18:00:00,7.908275,14.030001
2024-08-14 19:00:00,4.845396,17.0
2024-08-14 20:00:00,6.5892415,16.0
2024-08-14 21:00:00,7.03668,12.969999
2024-08-14 22:00:00,7.121498,10.0
2024-08-14 23:00:00,6.719322,10.030001
2024-08-15 00:00:00,6.8118973,16.0
2024-08-15 01:00:00,7.530603,16.0
2024-08-15 02:00:00,6.802105,16.0
2024-08-15 03:00:00,6.456072,11.0
2024-08-15 04:00:00,6.37,10.0
2024-08-15 05:00:00,7.891822,11.0
2024-08-15 06:00:00,7.290784,16.0
2024-08-15 07:00:00,18.839066,16.0
2024-08-15 08:00:00,61.377106,17.970001
2024-08-15 09:00:00,63.613384,10.0
2024-08-15 10:00:00,80.10399,12.030001
2024-08-15 11:00:00,64.01547,20.0
2024-08-15 12:00:00,44.685905,18.0
2024-08-15 13:00:00,61.043503,10.969999
2024-08-15 14:00:00,48.578148,13.030001
2024-08-15 15:00:00,47.3009,24.0
2024-08-15 16:00:00,26.994396,12.969999
2024-08-15 17:00:00,20.455421,10.0
2024-08-15 18:00:00,13.610349,13.030001
2024-08-15 19:00:00,9.060545,17.0
2024-08-15 20:00:00,3.3236718,16.0
2024-08-15 21:00:00,2.39918,13.0
2024-08-15 22:00:00,1.721498,10.0
2024-08-15 23:00:00,1.419322,9.97
2024-08-16 00:00:00,2.569322,15.03
2024-08-16 01:00:00,2.92,16.0
2024-08-16 02:00:00,3.283529,16.0
2024-08-16 03:00:00,6.847148,12.0
2024-08-16 04:00:00,6.668502,10.0
2024-08-16 05:00:00,6.795566,10.0
2024-08-16 06:00:00,10.414333,16.0
2024-08-16 07:00:00,17.6452,16.0
2024-08-16 08:00:00,42.835724,17.97
2024-08-16 09:00:00,44.643703,13.030001
2024-08-16 10:00:00,31.621098,17.0
2024-08-16 11:00:00,33.374367,24.0
2024-08-16 12:00:00,17.06379,10.969999
2024-08-16 13:00:00,11.882971,11.030001
2024-08-16 14:00:00,12.772873,17.0
2024-08-16 15:00:00,17.815914,16.0
2024-08-16 16:00:00,23.81327,15.0
2024-08-16 17:00:00,29.212336,10.0
2024-08-16 18:00:00,18.188044,12.0
2024-08-16 19:00:00,5.3059998,11.0
2024-08-16 20:00:00,3.3445964,14.0
2024-08-16 21:00:00,2.709999,15.0
2024-08-16 22:00:00,2.54,15.0
2024-08-16 23:00:00,2.779,14.969999
2024-08-17 00:00:00,1.621678,10.0
2024-08-17 01:00:00,1.6099999,10.0
2024-08-17 02:00:00,2.161822,10.030001
2024-08-17 03:00:00,5.68,15.0
2024-08-17 04:00:00,5.99,14.0
2024-08-17 05:00:00,5.869999,14.0
2024-08-17 06:00:00,6.882725,16.0
2024-08-17 07:00:00,9.92701,10.0
2024-08-17 08:00:00,17.52086,10.0
2024-08-17 09:00:00,21.544271,10.0
2024-08-17 10:00:00,24.326138,13.0
2024-08-17 11:00:00,10.327203,14.0
2024-08-17 12:00:00,18.722881,16.0
2024-08-17 13:00:00,9.763154,16.0
2024-08-17 14:00:00,15.802148,11.969999
2024-08-17 15:00:00,7.528567,10.0
2024-08-17 16:00:00,11.397079,10.0
2024-08-17 17:00:00,4.8221946,12.030001
2024-08-17 18:00:00,5.0388575,14.0
2024-08-17 19:00:00,5.4500976,14.0
2024-08-17 20:00:00,3.3926475,15.0
2024-08-17 21:00:00,2.66168,13.969999
2024-08-17 22:00:00,1.729831,10.0
2024-08-17 23:00:00,1.9208469,11.0
2024-08-18 00:00:00,1.479322,11.0
2024-08-18 01:00:00,2.7014918,15.03
2024-08-18 02:00:00,2.44,14.0
2024-08-18 03:00:00,2.6,14.0
2024-08-18 04:00:00,2.6100001,16.0
2024-08-18 05:00:00,4.228178,10.0
2024-08-18 06:00:00,5.984021,10.969999
2024-08-18 07:00:00,6.2055507,10.0
2024-08-18 08:00:00,9.939896,12.030001
2024-08-18 09:00:00,18.319628,15.0
2024-08-18 10:00:00,21.375135,15.0
2024-08-18 11:00:00,20.96482,15.0
2024-08-18 12:00:00,6.8085866,13.0
2024-08-18 13:00:00,11.150672,10.0
2024-08-18 14:00:00,2.156521,10.0
2024-08-18 15:00:00,9.095922,12.0
2024-08-18 16:00:00,5.560115,15.0
2024-08-18 17:00:00,5.719322,16.0
2024-08-18 18:00:00,5.072356,14.0
2024-08-18 19:00:00,7.3494205,13.0
2024-08-18 20:00:00,3.120507,10.0
2024-08-18 21:00:00,1.727167,10.0
2024-08-18 22:00:00,2.211,12.0
2024-08-18 23:00:00,2.320678,14.0
2024-08-19 00:00:00,2.47,14.0
2024-08-19 01:00:00,2.72,16.0
2024-08-19 02:00:00,2.428196,13.0
2024-08-19 03:00:00,1.609831,10.0
2024-08-19 04:00:00,1.930847,10.969999
2024-08-19 05:00:00,4.309322,10.03
2024-08-19 06:00:00,6.0145535,15.0
2024-08-19 07:00:00,16.095163,24.0
2024-08-19 08:00:00,44.12817,10.0
2024-08-19 09:00:00,76.732605,10.0
2024-08-19 10:00:00,89.94225,39.0
2024-08-19 11:00:00,73.55007,10.0
2024-08-19 12:00:00,44.69158,11.0
2024-08-19 13:00:00,69.77191,36.97
2024-08-19 14:00:00,41.15809,12.030001
2024-08-19 15:00:00,37.762604,24.0
2024-08-19 16:00:00,28.5247,13.969999
2024-08-19 17:00:00,19.024345,10.0
2024-08-19 18:00:00,14.682676,13.030001
2024-08-19 19:00:00,7.173954,18.0
2024-08-19 20:00:00,3.4794343,17.0
2024-08-19 21:00:00,2.41918,13.0
2024-08-19 22:00:00,1.711498,10.0
2024-08-19 23:00:00,1.649322,10.0
2024-08-20 00:00:00,2.889,15.0
2024-08-20 01:00:00,2.924,17.0
2024-08-20 02:00:00,2.91,16.0
2024-08-20 03:00:00,2.238197,11.969999
2024-08-20 04:00:00,3.430983,10.0
2024-08-20 05:00:00,5.671353,10.0
2024-08-20 06:00:00,7.251512,31.03
2024-08-20 07:00:00,18.301027,29.0
2024-08-20 08:00:00,53.891212,13.0
2024-08-20 09:00:00,57.26499,21.0
2024-08-20 10:00:00,84.42907,15.0
2024-08-20 11:00:00,79.76323,10.0
2024-08-20 12:00:00,42.512665,12.0
2024-08-20 13:00:00,67.25648,35.97
2024-08-20 14:00:00,44.93097,14.030001
2024-08-20 15:00:00,51.80112,26.97
2024-08-20 16:00:00,26.103401,10.0
2024-08-20 17:00:00,20.24397,10.0
2024-08-20 18:00:00,14.615672,17.03
2024-08-20 19:00:00,6.2032533,17.0
2024-08-20 20:00:00,2.9878044,15.97
2024-08-20 21:00:00,1.738502,10.0
2024-08-20 22:00:00,1.45982,10.030001
2024-08-20 23:00:00,2.6680489,15.0
2024-08-21 00:00:00,2.75,16.0
2024-08-21 01:00:00,4.78,17.0
2024-08-21 02:00:00,7.68918,12.0
2024-08-21 03:00:00,6.38,10.0
2024-08-21 04:00:00,7.0233197,10.0
2024-08-21 05:00:00,6.62,17.0
2024-08-21 06:00:00,7.2720203,26.970001
2024-08-21 07:00:00,16.379007,29.03
2024-08-21 08:00:00,65.32541,12.97
2024-08-21 09:00:00,73.12635,38.0
2024-08-21 10:00:00,79.17031,30.0
2024-08-21 11:00:00,79.8871,29.03
2024-08-21 12:00:00,45.053955,22.0
2024-08-21 13:00:00,58.216705,25.970001
2024-08-21 14:00:00,52.240818,36.0
2024-08-21 15:00:00,21.959682,30.0
2024-08-21 16:00:00,16.032179,17.03
2024-08-21 17:00:00,13.940158,23.94
2024-08-21 18:00:00,15.489264,10.030001
2024-08-21 19:00:00,5.0366626,14.030001
2024-08-21 20:00:00,4.1788306,19.0
2024-08-21 21:00:00,3.079,16.970001
2024-08-21 22:00:00,1.817629,10.0
2024-08-21 23:00:00,1.4618031,9.03
2024-08-22 00:00:00,3.0008192,16.0
2024-08-22 01:00:00,2.80918,17.0
2024-08-22 02:00:00,5.2047462,17.0
2024-08-22 03:00:00,6.735932,10.0
2024-08-22 04:00:00,5.778322,10.969999
2024-08-22 05:00:00,5.0835,12.030001
2024-08-22 06:00:00,6.428178,28.0
2024-08-22 07:00:00,18.297365,9.97
2024-08-22 08:00:00,68.655205,17.03
2024-08-22 09:00:00,62.77014,32.97
2024-08-22 10:00:00,72.43813,28.029999
2024-08-22 11:00:00,60.46326,15.969999
2024-08-22 12:00:00,43.34141,18.03
2024-08-22 13:00:00,68.57699,27.97
2024-08-22 14:00:00,44.950752,10.030001
2024-08-22 15:00:00,50.464725,20.0
2024-08-22 16:00:00,20.466774,21.970001
2024-08-22 17:00:00,13.262773,10.030001
2024-08-22 18:00:00,6.2894,10.0
2024-08-22 19:00:00,3.5956028,16.0
2024-08-22 20:00:00,2.8126028,17.0
2024-08-22 21:00:00,2.910678,19.0
2024-08-22 22:00:00,3.9054089,10.0
2024-08-22 23:00:00,7.770983,10.0
2024-08-23 00:00:00,6.76332,15.0
2024-08-23 01:00:00,7.7799997,16.0
2024-08-23 02:00:00,7.736157,17.0
2024-08-23 03:00:00,7.520523,12.969999
2024-08-23 04:00:00,7.751498,10.0
2024-08-23 05:00:00,7.791822,11.030001
2024-08-23 06:00:00,8.2295,29.970001
2024-08-23 07:00:00,18.311335,10.030001
2024-08-23 08:00:00,40.37586,31.970001
2024-08-23 09:00:00,34.700607,15.03
2024-08-23 10:00:00,33.1771,20.0
2024-08-23 11:00:00,27.457554,16.0
2024-08-23 12:00:00,24.505362,13.0
2024-08-23 13:00:00,12.002369,17.0
2024-08-23 14:00:00,9.930674,23.0
2024-08-23 15:00:00,7.8738184,11.0
2024-08-23 16:00:00,11.841216,19.0
2024-08-23 17:00:00,18.74065,17.0
2024-08-23 18:00:00,2.9241428,13.969999
2024-08-23 19:00:00,3.935495,10.0
2024-08-23 20:00:00,2.6760578,10.030001
2024-08-23 21:00:00,2.88,16.0
2024-08-23 22:00:00,2.88,17.0
2024-08-23 23:00:00,2.770678,16.970001
2024-08-24 00:00:00,1.730678,10.0
2024-08-24 01:00:00,1.5799999,10.0
2024-08-24 02:00:00,2.459322,13.030001
2024-08-24 03:00:00,2.79,17.0
2024-08-24 04:00:00,2.99,17.0
2024-08-24 05:00:00,4.070833,12.969999
2024-08-24 06:00:00,5.6113596,10.030001
2024-08-24 07:00:00,5.192213,10.0
2024-08-24 08:00:00,11.191856,17.0
2024-08-24 09:00:00,17.646393,17.0
2024-08-24 10:00:00,21.375515,15.97
2024-08-24 11:00:00,16.72098,11.0
2024-08-24 12:00:00,14.588004,10.030001
2024-08-24 13:00:00,11.685798,15.0
2024-08-24 14:00:00,19.625845,17.0
2024-08-24 15:00:00,9.893726,16.0
2024-08-24 16:00:00,9.425188,12.0
2024-08-24 17:00:00,5.2597027,10.969999
2024-08-24 18:00:00,3.6550853,10.03
2024-08-24 19:00:00,4.859549,16.0
2024-08-24 20:00:00,2.9497633,17.0
2024-08-24 21:00:00,2.5680318,16.0
2024-08-24 22:00:00,1.753492,10.0
2024-08-24 23:00:00,1.699153,10.969999
2024-08-25 00:00:00,2.181822,11.030001
2024-08-25 01:00:00,2.6100001,17.0
2024-08-25 02:00:00,2.91,16.0
2024-08-25 03:00:00,2.71918,14.0
2024-08-25 04:00:00,6.21,10.0
2024-08-25 05:00:00,6.662345,10.969999
2024-08-25 06:00:00,6.220975,22.03
2024-08-25 07:00:00,8.217475,17.0
2024-08-25 08:00:00,8.878239,10.969999
2024-08-25 09:00:00,15.098009,10.0
2024-08-25 10:00:00,27.461725,14.030001
2024-08-25 11:00:00,31.075989,16.0
2024-08-25 12:00:00,17.544806,17.0
2024-08-25 13:00:00,10.332201,12.0
2024-08-25 14:00:00,12.038246,12.0
2024-08-25 15:00:00,7.657878,17.0
2024-08-25 16:00:00,14.004897,16.0
2024-08-25 17:00:00,5.6435995,15.0
2024-08-25 18:00:00,3.866172,10.0
2024-08-25 19:00:00,3.7328622,10.969999
2024-08-25 20:00:00,2.7848263,13.030001
2024-08-25 21:00:00,2.95,16.0
2024-08-25 22:00:00,2.8500009,16.0
2024-08-25 23:00:00,2.640678,14.0
2024-08-26 00:00:00,1.5985019,10.0
2024-08-26 01:00:00,1.600651,10.0
2024-08-26 02:00:00,2.676169,15.0
2024-08-26 03:00:00,2.8999991,16.0
2024-08-26 04:00:00,2.8,16.0
2024-08-26 05:00:00,4.82918,12.969999
2024-08-26 06:00:00,6.961839,11.03
2024-08-26 07:00:00,14.7207775,31.97
2024-08-26 08:00:00,72.17891,11.0
2024-08-26 09:00:00,65.77742,44.0
2024-08-26 10:00:00,90.91051,32.03
2024-08-26 11:00:00,65.54939,29.97
2024-08-26 12:00:00,54.201675,14.030001
2024-08-26 13:00:00,67.33848,28.0
2024-08-26 14:00:00,32.62174,10.0
2024-08-26 15:00:00,26.749226,20.0
2024-08-26 16:00:00,14.982866,19.0
2024-08-26 17:00:00,17.30954,11.969999
2024-08-26 18:00:00,6.8033695,10.0
2024-08-26 19:00:00,5.176123,14.030001
2024-08-26 20:00:00,3.2447712,16.0
2024-08-26 21:00:00,2.72,16.0
2024-08-26 22:00:00,2.248,13.0
2024-08-26 23:00:00,5.0626783,10.0
2024-08-27 00:00:00,6.42297,10.0
2024-08-27 01:00:00,7.016352,16.0
2024-08-27 02:00:00,6.288657,16.0
2024-08-27 03:00:00,6.683843,16.0
2024-08-27 04:00:00,5.348178,11.969999
2024-08-27 05:00:00,5.518502,10.0
2024-08-27 06:00:00,7.442616,20.03
2024-08-27 07:00:00,16.337177,16.0
2024-08-27 08:00:00,67.86504,14.0
2024-08-27 09:00:00,70.1982,31.0
2024-08-27 10:00:00,77.13827,11.0
2024-08-27 11:00:00,77.06987,28.97
2024-08-27 12:00:00,51.87068,10.03
2024-08-27 13:00:00,56.8201,15.0
2024-08-27 14:00:00,48.104202,19.0
2024-08-27 15:00:00,40.87477,19.970001
2024-08-27 16:00:00,29.02742,13.030001
2024-08-27 17:00:00,23.33783,17.0
2024-08-27 18:00:00,10.20989,17.0
2024-08-27 19:00:00,6.781866,12.0
2024-08-27 20:00:00,1.988752,10.0
2024-08-27 21:00:00,1.950819,11.0
2024-08-27 22:00:00,2.82,16.0
2024-08-27 23:00:00,3.15082,18.0
2024-08-28 00:00:00,2.72274,15.0
2024-08-28 01:00:00,1.9190171,10.0
2024-08-28 02:00:00,6.1697364,10.0
2024-08-28 03:00:00,6.131954,13.0
2024-08-28 04:00:00,6.1925,17.0
2024-08-28 05:00:00,6.1400013,16.0
2024-08-28 06:00:00,7.022636,17.97
2024-08-28 07:00:00,17.967846,29.03
2024-08-28 08:00:00,72.463326,12.0
2024-08-28 09:00:00,63.247005,32.97
2024-08-28 10:00:00,73.65782,20.03
2024-08-28 11:00:00,58.378773,19.0
2024-08-28 12:00:00,47.183685,11.0
2024-08-28 13:00:00,53.159996,24.0
2024-08-28 14:00:00,53.691082,16.0
2024-08-28 15:00:00,42.4217,11.0
2024-08-28 16:00:00,26.157354,18.0
2024-08-28 17:00:00,20.131037,19.0
2024-08-28 18:00:00,9.743777,15.0
2024-08-28 19:00:00,2.7032137,10.0
2024-08-28 20:00:00,1.6058812,9.97
2024-08-28 21:00:00,2.7794921,16.03
2024-08-28 22:00:00,2.72918,17.0
2024-08-28 23:00:00,2.7018042,16.0
2024-08-29 00:00:00,1.820678,10.0
2024-08-29 01:00:00,1.738322,10.0
2024-08-29 02:00:00,3.3235002,12.0
2024-08-29 03:00:00,6.6875,16.0
2024-08-29 04:00:00,6.4025,16.0
2024-08-29 05:00:00,7.1865,16.0
2024-08-29 06:00:00,6.906693,10.0
2024-08-29 07:00:00,14.826176,10.0
2024-08-29 08:00:00,37.00173,12.0
2024-08-29 09:00:00,50.846306,26.0
2024-08-29 10:00:00,60.5355,14.0
2024-08-29 11:00:00,38.48928,10.0
2024-08-29 12:00:00,40.794395,23.0
2024-08-29 13:00:00,44.619736,18.97
2024-08-29 14:00:00,38.748367,10.96
2024-08-29 15:00:00,32.70437,22.07
2024-08-29 16:00:00,28.94721,18.0
2024-08-29 17:00:00,22.563465,10.0
2024-08-29 18:00:00,17.340954,10.0
2024-08-29 19:00:00,14.068436,14.0
2024-08-29 20:00:00,11.715387,18.0
2024-08-29 21:00:00,11.46,16.0
2024-08-29 22:00:00,7.56668,12.0
2024-08-29 23:00:00,7.86,10.0
2024-08-30 00:00:00,7.793023,9.969999
2024-08-30 01:00:00,7.440297,15.030001
2024-08-30 02:00:00,6.9575,16.0
2024-08-30 03:00:00,6.6724997,16.0
2024-08-30 04:00:00,6.96668,12.969999
2024-08-30 05:00:00,6.5406513,10.0
2024-08-30 06:00:00,7.4239187,14.030001
2024-08-30 07:00:00,17.162315,16.0
2024-08-30 08:00:00,57.343987,17.0
2024-08-30 09:00:00,46.247078,14.0
2024-08-30 10:00:00,37.27099,9.969999
2024-08-30 11:00:00,46.20737,42.03
2024-08-30 12:00:00,17.982988,17.0
2024-08-30 13:00:00,21.496181,19.0
2024-08-30 14:00:00,5.5983353,15.0
2024-08-30 15:00:00,11.600995,10.0
2024-08-30 16:00:00,5.477906,17.0
2024-08-30 17:00:00,5.943859,16.0
2024-08-30 18:00:00,4.0166173,16.0
2024-08-30 19:00:00,3.488311,11.0
2024-08-30 20:00:00,1.921639,10.0
2024-08-30 21:00:00,1.79082,11.0
2024-08-30 22:00:00,5.14,27.0
2024-08-30 23:00:00,2.06918,11.969999
2024-08-31 00:00:00,1.709017,9.03
2024-08-31 01:00:00,1.651804,10.0
2024-08-31 02:00:00,2.75,16.0
2024-08-31 03:00:00,2.69213,16.0
2024-08-31 04:00:00,3.199,16.97
2024-08-31 05:00:00,4.630181,10.0
2024-08-31 06:00:00,5.4838123,9.030001
2024-08-31 07:00:00,5.3896017,13.0
2024-08-31 08:00:00,15.706708,16.0
2024-08-31 09:00:00,23.25849,17.0
2024-08-31 10:00:00,23.662426,13.969999
2024-08-31 11:00:00,11.146093,10.03
2024-08-31 12:00:00,3.9686155,10.969999
2024-08-31 13:00:00,4.2743073,14.030001
2024-08-31 14:00:00,5.745492,19.0
2024-08-31 15:00:00,6.744639,16.0
2024-08-31 16:00:00,5.298812,12.0
2024-08-31 17:00:00,5.9627333,11.0
2024-08-31 18:00:00,3.3110285,9.97
2024-08-31 19:00:00,3.23577,15.030001
2024-08-31 20:00:00,2.756524,16.0
2024-08-31 21:00:00,2.620001,17.0
2024-08-31 22:00:00,2.02918,11.0
2024-08-31 23:00:00,1.741498,10.0
2024-09-01 00:00:00,1.799322,10.0
2024-09-01 01:00:00,2.75,16.0
2024-09-01 02:00:00,2.757,16.0
2024-09-01 03:00:00,2.801,15.969999
2024-09-01 04:00:00,1.618181,9.03
2024-09-01 05:00:00,5.71982,10.0
2024-09-01 06:00:00,5.0397253,12.0
2024-09-01 07:00:00,5.7848315,17.0
2024-09-01 08:00:00,15.98962,16.0
2024-09-01 09:00:00,22.56627,12.969999
2024-09-01 10:00:00,26.069084,10.0
2024-09-01 11:00:00,7.551723,9.03
2024-09-01 12:00:00,7.07168,19.0
2024-09-01 13:00:00,7.460881,16.0
2024-09-01 14:00:00,4.1751156,16.0
2024-09-01 15:00:00,6.7295084,11.0
2024-09-01 16:00:00,5.126637,10.969999
2024-09-01 17:00:00,4.5330896,10.03
2024-09-01 18:00:00,6.0360518,16.0
2024-09-01 19:00:00,4.512905,16.0
2024-09-01 20:00:00,2.8482008,16.0
2024-09-01 21:00:00,1.869,10.969999
2024-09-01 22:00:00,1.76018,10.0
2024-09-01 23:00:00,1.70082,10.030001
2024-09-02 00:00:00,2.8700001,18.0
2024-09-02 01:00:00,2.9146118,15.0
2024-09-02 02:00:00,2.85,18.0
2024-09-02 03:00:00,2.090678,11.0
2024-09-02 04:00:00,5.058322,10.0
2024-09-02 05:00:00,5.925746,11.0
2024-09-02 06:00:00,6.882254,30.0
2024-09-02 07:00:00,15.102989,18.0
2024-09-02 08:00:00,57.994957,24.970001
2024-09-02 09:00:00,66.3496,30.0
2024-09-02 10:00:00,91.749344,30.0
2024-09-02 11:00:00,76.05117,11.0
2024-09-02 12:00:00,48.552063,17.03
2024-09-02 13:00:00,56.951954,28.0
2024-09-02 14:00:00,45.934387,10.969999
2024-09-02 15:00:00,55.84486,20.03
2024-09-02 16:00:00,26.046974,20.0
2024-09-02 17:00:00,21.862322,10.0
2024-09-02 18:00:00,9.475457,10.0
2024-09-02 19:00:00,4.338057,15.0
2024-09-02 20:00:00,3.2055721,17.0
2024-09-02 21:00:00,2.89,16.0
2024-09-02 22:00:00,2.109,12.0
2024-09-02 23:00:00,1.741678,10.0
2024-09-03 00:00:00,1.979322,11.0
2024-09-03 01:00:00,2.69,16.0
2024-09-03 02:00:00,5.28,16.0
2024-09-03 03:00:00,6.482373,17.0
2024-09-03 04:00:00,6.4283047,10.0
2024-09-03 05:00:00,6.3983216,10.0
2024-09-03 06:00:00,7.3114276,27.0
2024-09-03 07:00:00,15.604101,12.969999
2024-09-03 08:00:00,54.762115,11.03
2024-09-03 09:00:00,64.523766,36.0
2024-09-03 10:00:00,89.61212,10.969999
2024-09-03 11:00:00,61.45418,10.0
2024-09-03 12:00:00,48.217697,17.03
2024-09-03 13:00:00,63.862793,20.0
2024-09-03 14:00:00,53.644516,13.0
2024-09-03 15:00:00,45.822964,9.97
2024-09-03 16:00:00,16.66087,17.03
2024-09-03 17:00:00,17.203445,17.0
2024-09-03 18:00:00,8.450407,15.0
2024-09-03 19:00:00,2.0654912,10.969999
2024-09-03 20:00:00,1.6800001,10.0
2024-09-03 21:00:00,1.7210001,9.03
2024-09-03 22:00:00,2.52,15.0
2024-09-03 23:00:00,4.0225,14.0
2024-09-04 00:00:00,6.62,15.0
2024-09-04 01:00:00,7.5299997,14.0
2024-09-04 02:00:00,5.6863866,11.969999
2024-09-04 03:00:00,6.64,10.0
2024-09-04 04:00:00,7.11,10.0
2024-09-04 05:00:00,6.243664,10.0
2024-09-04 06:00:00,7.709836,14.030001
2024-09-04 07:00:00,16.685686,15.0
2024-09-04 08:00:00,55.460876,14.0
2024-09-04 09:00:00,66.24275,27.970001
2024-09-04 10:00:00,80.19396,33.0
2024-09-04 11:00:00,64.6367,10.0
2024-09-04 12:00:00,41.59992,11.030001
2024-09-04 13:00:00,69.54405,16.0
2024-09-04 14:00:00,48.81872,21.0
2024-09-04 15:00:00,51.51543,12.969999
2024-09-04 16:00:00,23.663795,10.0
2024-09-04 17:00:00,16.763397,13.030001
2024-09-04 18:00:00,7.4392543,16.0
2024-09-04 19:00:00,2.7777963,15.0
2024-09-04 20:00:00,2.7110171,15.0
2024-09-04 21:00:00,1.90918,10.969999
2024-09-04 22:00:00,1.71982,10.0
2024-09-04 23:00:00,1.640858,10.0
2024-09-05 00:00:00,2.681822,11.030001
2024-09-05 01:00:00,7.100287,14.0
2024-09-05 02:00:00,6.580743,14.0
2024-09-05 03:00:00,6.688971,14.0
2024-09-05 04:00:00,6.65,14.0
2024-09-05 05:00:00,6.499,11.969999
2024-09-05 06:00:00,7.565475,11.0
2024-09-05 07:00:00,29.039679,31.0
2024-09-05 08:00:00,63.845493,11.0
2024-09-05 09:00:00,58.35355,32.03
2024-09-05 10:00:00,79.804306,17.0
2024-09-05 11:00:00,77.04412,23.0
2024-09-05 12:00:00,48.00021,10.97
2024-09-05 13:00:00,57.686584,15.030001
2024-09-05 14:00:00,44.52882,17.0
2024-09-05 15:00:00,42.147858,17.0
2024-09-05 16:00:00,26.038137,11.0
2024-09-05 17:00:00,18.176798,10.0
2024-09-05 18:00:00,7.9906588,11.0
2024-09-05 19:00:00,3.5820045,15.0
2024-09-05 20:00:00,2.45945,14.0
2024-09-05 21:00:00,2.35,14.0
2024-09-05 22:00:00,2.522,14.0
2024-09-05 23:00:00,2.030678,12.0
2024-09-06 00:00:00,1.807355,10.97
2024-09-06 01:00:00,7.46,11.0
2024-09-06 02:00:00,7.124303,9.030001
2024-09-06 03:00:00,6.9674997,14.0
2024-09-06 04:00:00,6.5547457,14.0
2024-09-06 05:00:00,6.8352537,15.999999
2024-09-06 06:00:00,9.10155,23.970001
2024-09-06 07:00:00,28.451244,10.030001
2024-09-06 08:00:00,43.813828,30.97
2024-09-06 09:00:00,57.199615,12.03
2024-09-06 10:00:00,40.5795,30.97
2024-09-06 11:00:00,47.28974,10.0
2024-09-06 12:00:00,36.75497,17.029999
2024-09-06 13:00:00,32.482025,20.0
2024-09-06 14:00:00,17.197266,16.0
2024-09-06 15:00:00,9.771364,12.0
2024-09-06 16:00:00,6.1379113,15.0
2024-09-06 17:00:00,5.6542096,10.97
2024-09-06 18:00:00,3.1645293,11.030001
2024-09-06 19:00:00,3.5003,14.0
2024-09-06 20:00:00,2.23,18.0
2024-09-06 21:00:00,2.52,14.0
2024-09-06 22:00:00,2.19,18.0
2024-09-06 23:00:00,2.31918,15.969999
2024-09-07 00:00:00,1.4990001,16.960001
2024-09-07 01:00:00,5.3326797,15.04
2024-09-07 02:00:00,7.559676,10.0
2024-09-07 03:00:00,7.1611443,13.030001
2024-09-07 04:00:00,7.35,15.0
2024-09-07 05:00:00,6.62,23.0
2024-09-07 06:00:00,7.39668,16.0
2024-09-07 07:00:00,8.679648,11.969999
2024-09-07 08:00:00,8.252485,14.030001
2024-09-07 09:00:00,22.352333,17.0
2024-09-07 10:00:00,25.48134,16.0
2024-09-07 11:00:00,17.689173,14.969999
2024-09-07 12:00:00,6.1903954,11.0
2024-09-07 13:00:00,11.231672,10.0
2024-09-07 14:00:00,11.014642,9.030001
2024-09-07 15:00:00,7.9771414,14.0
2024-09-07 16:00:00,10.553259,14.0
2024-09-07 17:00:00,10.642234,15.0
2024-09-07 18:00:00,4.9935713,14.0
2024-09-07 19:00:00,3.222894,13.969999
2024-09-07 20:00:00,1.560678,10.0
2024-09-07 21:00:00,1.9000001,10.0
2024-09-07 22:00:00,1.54,10.030001
2024-09-07 23:00:00,2.17,12.0
2024-09-08 00:00:00,2.288197,14.0
2024-09-08 01:00:00,4.0525,14.0
2024-09-08 02:00:00,8.497219,22.0
2024-09-08 03:00:00,7.438169,11.0
2024-09-08 04:00:00,7.242,16.0
2024-09-08 05:00:00,6.6325,22.0
2024-09-08 06:00:00,7.2265,14.969999
2024-09-08 07:00:00,7.2740583,10.030001
2024-09-08 08:00:00,12.430207,19.0
2024-09-08 09:00:00,21.604338,17.0
2024-09-08 10:00:00,24.469685,16.0
2024-09-08 11:00:00,17.581633,10.0
2024-09-08 12:00:00,5.8464127,10.97
2024-09-08 13:00:00,10.76008,12.030001
2024-09-08 14:00:00,10.264459,16.0
2024-09-08 15:00:00,7.9176054,14.0
2024-09-08 16:00:00,6.003977,15.0
2024-09-08 17:00:00,5.8849363,12.969999
2024-09-08 18:00:00,5.6124945,10.0
2024-09-08 19:00:00,2.4259963,10.0
2024-09-08 20:00:00,1.789322,11.030001
2024-09-08 21:00:00,2.609,14.0
2024-09-08 22:00:00,2.22,15.0
2024-09-08 23:00:00,2.58,15.0
2024-09-09 00:00:00,2.4499998,15.0
2024-09-09 01:00:00,4.97668,11.0
2024-09-09 02:00:00,8.161498,10.0
2024-09-09 03:00:00,7.728322,10.0
2024-09-09 04:00:00,7.231,18.0
2024-09-09 05:00:00,7.4025,22.0
2024-09-09 06:00:00,7.078178,14.0
2024-09-09 07:00:00,19.889822,12.97
2024-09-09 08:00:00,50.922417,22.03
2024-09-09 09:00:00,67.423965,26.970001
2024-09-09 10:00:00,84.01859,11.030001
2024-09-09 11:00:00,65.22723,36.0
2024-09-09 12:00:00,46.790764,12.97
2024-09-09 13:00:00,67.8084,35.03
2024-09-09 14:00:00,46.94066,11.0
2024-09-09 15:00:00,39.834484,18.0
2024-09-09 16:00:00,21.377579,24.0
2024-09-09 17:00:00,9.265935,13.0
2024-09-09 18:00:00,4.9189053,12.969999
2024-09-09 19:00:00,2.3924499,13.030001
2024-09-09 20:00:00,3.26,21.0
2024-09-09 21:00:00,3.38,19.0
2024-09-09 22:00:00,3.668197,12.0
2024-09-09 23:00:00,6.792481,10.969999
2024-09-10 00:00:00,6.161822,17.03
2024-09-10 01:00:00,6.12,20.0
2024-09-10 02:00:00,6.572924,13.0
2024-09-10 03:00:00,5.903756,10.97
2024-09-10 04:00:00,6.4408197,18.03
2024-09-10 05:00:00,5.66,21.0
2024-09-10 06:00:00,6.45,10.969999
2024-09-10 07:00:00,30.008295,25.03
2024-09-10 08:00:00,65.84073,13.969999
2024-09-10 09:00:00,61.179962,15.030001
2024-09-10 10:00:00,81.10562,24.0
2024-09-10 11:00:00,92.2362,10.0
2024-09-10 12:00:00,44.91523,24.999998
2024-09-10 13:00:00,69.36063,17.970001
2024-09-10 14:00:00,49.55889,10.0
2024-09-10 15:00:00,39.064137,31.0
2024-09-10 16:00:00,13.056374,10.030001
2024-09-10 17:00:00,5.1006203,11.0
2024-09-10 18:00:00,5.14715,20.0
2024-09-10 19:00:00,6.488536,20.970001
2024-09-10 20:00:00,5.8091526,11.03
2024-09-10 21:00:00,6.49267,15.0
2024-09-10 22:00:00,6.59,19.0
2024-09-10 23:00:00,6.135697,19.97
2024-09-11 00:00:00,5.910983,11.030001
2024-09-11 01:00:00,5.81082,10.0
2024-09-11 02:00:00,6.0425,21.0
2024-09-11 03:00:00,6.188178,28.97
2024-09-11 04:00:00,6.428322,16.0
2024-09-11 05:00:00,5.788377,12.0
2024-09-11 06:00:00,6.01541,18.03
2024-09-11 07:00:00,19.618488,22.0
2024-09-11 08:00:00,55.353485,17.970001
2024-09-11 09:00:00,62.774742,14.030001
2024-09-11 10:00:00,63.118828,22.0
2024-09-11 11:00:00,67.66701,22.0
2024-09-11 12:00:00,36.66655,16.0
2024-09-11 13:00:00,60.271996,31.0
2024-09-11 14:00:00,48.881622,11.0
2024-09-11 15:00:00,46.00962,52.97
2024-09-11 16:00:00,15.153219,14.03
2024-09-11 17:00:00,13.479666,12.0
2024-09-11 18:00:00,7.302449,30.0
2024-09-11 19:00:00,3.793911,19.0
2024-09-11 20:00:00,2.020678,12.0
2024-09-11 21:00:00,1.868305,10.97
2024-09-11 22:00:00,2.7984748,17.03
2024-09-11 23:00:00,3.561695,21.0
2024-09-12 00:00:00,5.850678,12.0
2024-09-12 01:00:00,5.96,10.0
2024-09-12 02:00:00,5.959322,16.0
2024-09-12 03:00:00,5.372787,23.0
2024-09-12 04:00:00,7.108893,15.969999
2024-09-12 05:00:00,6.156517,10.0
2024-09-12 06:00:00,5.99655,15.030001
2024-09-12 07:00:00,20.237709,19.0
2024-09-12 08:00:00,51.390144,14.969999
2024-09-12 09:00:00,47.882675,16.03
2024-09-12 10:00:00,68.19292,22.0
2024-09-12 11:00:00,53.496265,11.0
2024-09-12 12:00:00,46.710854,31.0
2024-09-12 13:00:00,51.09713,14.0
2024-09-12 14:00:00,48.137352,21.0
2024-09-12 15:00:00,37.38177,17.970001
2024-09-12 16:00:00,14.399398,16.03
2024-09-12 17:00:00,16.119097,18.0
2024-09-12 18:00:00,5.442127,13.969999
2024-09-12 19:00:00,2.6577387,10.0
2024-09-12 20:00:00,5.470975,16.03
2024-09-12 21:00:00,7.72,20.0
2024-09-12 22:00:00,7.728178,13.0
2024-09-12 23:00:00,8.239492,10.0
2024-09-13 00:00:00,7.34233,17.0
2024-09-13 01:00:00,6.9275,20.0
2024-09-13 02:00:00,7.2305655,12.969999
2024-09-13 03:00:00,6.06,10.030001
2024-09-13 04:00:00,7.2243223,18.0
2024-09-13 05:00:00,6.745001,20.0
2024-09-13 06:00:00,8.13918,11.969999
2024-09-13 07:00:00,17.685356,10.03
2024-09-13 08:00:00,52.574497,27.97
2024-09-13 09:00:00,41.018906,10.0
2024-09-13 10:00:00,38.986954,12.030001
2024-09-13 11:00:00,41.033722,31.970001
2024-09-13 12:00:00,24.34032,12.030001
2024-09-13 13:00:00,14.498041,21.0
2024-09-13 14:00:00,18.01949,16.970001
2024-09-13 15:00:00,6.2157545,10.0
2024-09-13 16:00:00,3.8937194,15.030001
2024-09-13 17:00:00,4.3919663,20.0
2024-09-13 18:00:00,4.2558975,14.0
2024-09-13 19:00:00,1.859372,10.0
2024-09-13 20:00:00,3.19,18.0
2024-09-13 21:00:00,3.860001,20.0
2024-09-13 22:00:00,2.260678,12.0
2024-09-13 23:00:00,1.589322,9.97
2024-09-14 00:00:00,3.709492,19.03
2024-09-14 01:00:00,4.078,20.0
2024-09-14 02:00:00,1.958,10.969999
2024-09-14 03:00:00,2.132,11.030001
2024-09-14 04:00:00,4.38,23.0
2024-09-14 05:00:00,2.920164,14.0
2024-09-14 06:00:00,3.3096669,10.0
2024-09-14 07:00:00,6.3542743,18.0
2024-09-14 08:00:00,13.629389,24.97
2024-09-14 09:00:00,19.574778,10.0
2024-09-14 10:00:00,24.590559,13.030001
2024-09-14 11:00:00,9.8485365,21.0
2024-09-14 12:00:00,7.721397,14.0
2024-09-14 13:00:00,7.0217185,12.0
2024-09-14 14:00:00,7.385234,19.0
2024-09-14 15:00:00,3.3083513,21.97
2024-09-14 16:00:00,2.536988,10.0
2024-09-14 17:00:00,3.2665935,10.03
2024-09-14 18:00:00,4.9365087,24.0
2024-09-14 19:00:00,4.008052,17.0
2024-09-14 20:00:00,2.059153,10.0
2024-09-14 21:00:00,2.710847,15.0
2024-09-14 22:00:00,4.110001,22.0
2024-09-14 23:00:00,2.449831,12.969999
2024-09-15 00:00:00,1.587546,9.0
2024-09-15 01:00:00,4.2626243,23.03
2024-09-15 02:00:00,2.9906778,16.0
2024-09-15 03:00:00,1.8275189,9.969999
2024-09-15 04:00:00,3.331803,17.03
2024-09-15 05:00:00,4.0306787,21.0
2024-09-15 06:00:00,2.880678,10.0
2024-09-15 07:00:00,5.7745824,14.0
2024-09-15 08:00:00,14.176475,22.0
2024-09-15 09:00:00,24.093561,13.969999
2024-09-15 10:00:00,23.30225,9.030001
2024-09-15 11:00:00,5.530675,17.0
2024-09-15 12:00:00,1.619955,18.0
2024-09-15 13:00:00,4.656746,15.0
2024-09-15 14:00:00,3.6873891,10.0
2024-09-15 15:00:00,6.304311,10.0
2024-09-15 16:00:00,4.3136168,17.0
2024-09-15 17:00:00,6.360263,16.0
2024-09-15 18:00:00,5.3765717,15.97
2024-09-15 19:00:00,1.7691823,10.0
2024-09-15 20:00:00,1.660678,10.0
2024-09-15 21:00:00,2.718322,15.03
2024-09-15 22:00:00,3.2,18.0
2024-09-15 23:00:00,2.740678,14.969999
2024-09-16 00:00:00,1.938322,10.0
2024-09-16 01:00:00,1.961,11.030001
2024-09-16 02:00:00,3.4,19.0
2024-09-16 03:00:00,3.2380319,18.0
2024-09-16 04:00:00,3.35918,10.0
2024-09-16 05:00:00,5.396066,9.97
2024-09-16 06:00:00,6.097254,17.03
2024-09-16 07:00:00,18.365295,21.0
2024-09-16 08:00:00,66.08107,14.97
2024-09-16 09:00:00,73.633606,13.030001
2024-09-16 10:00:00,67.76736,42.97
2024-09-16 11:00:00,57.62439,60.0
2024-09-16 12:00:00,48.411903,50.0
2024-09-16 13:00:00,53.403503,51.0
2024-09-16 14:00:00,41.333706,47.03
2024-09-16 15:00:00,41.195213,47.0
2024-09-16 16:00:00,29.127655,47.97
2024-09-16 17:00:00,27.42583,47.0
2024-09-16 18:00:00,13.596401,47.0
2024-09-16 19:00:00,11.661347,47.0
2024-09-16 20:00:00,11.999376,57.0
2024-09-16 21:00:00,6.683132,51.0
2024-09-16 22:00:00,6.1868687,49.0
2024-09-16 23:00:00,6.033131,52.0
2024-09-17 00:00:00,6.480847,54.96
2024-09-17 01:00:00,6.360847,81.04
2024-09-17 02:00:00,6.8113875,49.03
2024-09-17 03:00:00,5.546624,44.97
2024-09-17 04:00:00,6.675265,59.0
2024-09-17 05:00:00,6.477407,41.0
2024-09-17 06:00:00,6.767508,45.0
2024-09-17 07:00:00,13.081057,47.0
2024-09-17 08:00:00,30.319687,51.0
2024-09-17 09:00:00,40.96095,47.0
2024-09-17 10:00:00,61.409172,47.0
2024-09-17 11:00:00,52.1071,47.0
2024-09-17 12:00:00,52.73343,47.03
2024-09-17 13:00:00,51.398254,47.97
2024-09-17 14:00:00,47.40596,48.0
2024-09-17 15:00:00,41.73837,49.0
2024-09-17 16:00:00,24.866123,51.0
2024-09-17 17:00:00,13.095831,40.03
2024-09-17 18:00:00,5.6127253,32.97
2024-09-17 19:00:00,7.113579,39.03
2024-09-17 20:00:00,6.276311,38.97
2024-09-17 21:00:00,6.77,41.0
2024-09-17 22:00:00,5.497855,36.0
2024-09-17 23:00:00,6.268968,31.0
2024-09-18 00:00:00,5.69711,34.03
2024-09-18 01:00:00,6.550348,36.97
2024-09-18 02:00:00,6.097407,39.03
2024-09-18 03:00:00,5.83,38.97
2024-09-18 04:00:00,5.83323,36.0
2024-09-18 05:00:00,6.020984,32.03
2024-09-18 06:00:00,8.524143,41.97
2024-09-18 07:00:00,11.438619,47.0
2024-09-18 08:00:00,30.916262,45.0
2024-09-18 09:00:00,51.67818,43.0
2024-09-18 10:00:00,73.988556,45.0
2024-09-18 11:00:00,58.649773,47.03
2024-09-18 12:00:00,34.755478,45.97
2024-09-18 13:00:00,45.518272,39.0
2024-09-18 14:00:00,49.69275,39.03
2024-09-18 15:00:00,46.161926,36.97
2024-09-18 16:00:00,26.42608,36.0
2024-09-18 17:00:00,21.455503,36.0
2024-09-18 18:00:00,11.580912,35.0
2024-09-18 19:00:00,9.026473,38.03
2024-09-18 20:00:00,9.249017,39.97
2024-09-18 21:00:00,8.395129,38.03
2024-09-18 22:00:00,6.463724,32.0
2024-09-18 23:00:00,4.918836,28.0
2024-09-19 00:00:00,5.191678,28.97
2024-09-19 01:00:00,5.04,28.0
2024-09-19 02:00:00,5.179152,28.03
2024-09-19 03:00:00,5.440848,29.0
2024-09-19 04:00:00,5.578503,29.0
2024-09-19 05:00:00,5.241499,29.0
2024-09-19 06:00:00,9.490677,40.0
2024-09-19 07:00:00,12.426886,45.97
2024-09-19 08:00:00,62.875122,46.03
2024-09-19 09:00:00,62.617146,43.97
2024-09-19 10:00:00,78.839294,45.0
2024-09-19 11:00:00,63.237175,49.0
2024-09-19 12:00:00,46.05047,39.0
2024-09-19 13:00:00,53.289272,36.0
2024-09-19 14:00:00,45.350777,35.03
2024-09-19 15:00:00,31.626453,35.97
2024-09-19 16:00:00,16.537933,35.0
2024-09-19 17:00:00,12.305045,34.0
2024-09-19 18:00:00,7.315519,28.03
2024-09-19 19:00:00,7.814594,35.97
2024-09-19 20:00:00,6.320983,31.03
2024-09-19 21:00:00,7.708016,32.97
2024-09-19 22:00:00,8.293834,30.0
2024-09-19 23:00:00,8.658347,29.0
2024-09-20 00:00:00,9.164099,11.0
2024-09-20 01:00:00,8.023934,33.03
2024-09-20 02:00:00,8.76464,34.0
2024-09-20 03:00:00,8.512173,29.970001
2024-09-20 04:00:00,7.936653,28.03
2024-09-20 05:00:00,8.5821085,33.0
2024-09-20 06:00:00,10.034213,17.97
2024-09-20 07:00:00,12.348336,48.0
2024-09-20 08:00:00,14.921542,46.0
2024-09-20 09:00:00,21.776102,41.0
2024-09-20 10:00:00,28.574783,35.03
2024-09-20 11:00:00,15.696064,31.0
2024-09-20 12:00:00,10.994073,30.970001
2024-09-20 13:00:00,9.3312235,35.03
2024-09-20 14:00:00,8.971682,25.0
2024-09-20 15:00:00,8.868042,26.0
2024-09-20 16:00:00,9.207566,19.929998
2024-09-20 17:00:00,6.8986,44.0
2024-09-20 18:00:00,3.575397,17.07
2024-09-20 19:00:00,9.56066,41.0
2024-09-20 20:00:00,8.907623,46.97
2024-09-20 21:00:00,8.48144,38.0
2024-09-20 22:00:00,7.185058,33.03
2024-09-20 23:00:00,5.008664,30.0
2024-09-21 00:00:00,5.464413,29.0
2024-09-21 01:00:00,6.336102,31.0
2024-09-21 02:00:00,6.0541387,31.97
2024-09-21 03:00:00,7.2712994,35.0
2024-09-21 04:00:00,7.171906,34.0
2024-09-21 05:00:00,6.830847,33.0
2024-09-21 06:00:00,10.528394,47.0
2024-09-21 07:00:00,12.699625,51.0
2024-09-21 08:00:00,16.396133,46.03
2024-09-21 09:00:00,24.47513,39.0
2024-09-21 10:00:00,14.588499,34.0
2024-09-21 11:00:00,11.936112,30.97
2024-09-21 12:00:00,10.194429,10.0
2024-09-21 13:00:00,10.310224,21.03
2024-09-21 14:00:00,10.141603,19.0
2024-09-21 15:00:00,9.088296,10.969999
2024-09-21 16:00:00,9.488507,29.029999
2024-09-21 17:00:00,8.8403425,13.0
2024-09-21 18:00:00,6.819415,29.97
2024-09-21 19:00:00,6.006266,30.0
2024-09-21 20:00:00,7.989154,36.0
2024-09-21 21:00:00,9.291462,40.0
2024-09-21 22:00:00,6.776705,33.03
2024-09-21 23:00:00,5.388213,29.0
2024-09-22 00:00:00,6.140983,31.0
2024-09-22 01:00:00,6.580786,34.97
2024-09-22 02:00:00,6.94,33.0
2024-09-22 03:00:00,6.908305,35.03
2024-09-22 04:00:00,7.866974,35.97
2024-09-22 05:00:00,8.168737,37.0
2024-09-22 06:00:00,10.964,44.0
2024-09-22 07:00:00,12.926462,49.0
2024-09-22 08:00:00,16.97771,48.03
2024-09-22 09:00:00,24.234283,41.97
2024-09-22 10:00:00,24.213024,35.03
2024-09-22 11:00:00,12.566427,30.97
2024-09-22 12:00:00,11.420061,11.030001
2024-09-22 13:00:00,11.412944,24.0
2024-09-22 14:00:00,10.505689,16.0
2024-09-22 15:00:00,10.174489,14.0
2024-09-22 16:00:00,10.028927,30.0
2024-09-22 17:00:00,10.150045,13.0
2024-09-22 18:00:00,7.495761,30.970001
2024-09-22 19:00:00,6.2216654,31.03
2024-09-22 20:00:00,6.436262,32.0
2024-09-22 21:00:00,10.689636,45.97
2024-09-22 22:00:00,7.41678,35.0
2024-09-22 23:00:00,5.469152,31.0
2024-09-23 00:00:00,6.03,30.03
2024-09-23 01:00:00,6.32717,32.0
2024-09-23 02:00:00,7.320288,34.0
2024-09-23 03:00:00,7.730212,35.97
2024-09-23 04:00:00,10.774405,37.03
2024-09-23 05:00:00,10.582357,38.0
2024-09-23 06:00:00,11.513114,43.97
2024-09-23 07:00:00,24.53163,48.0
2024-09-23 08:00:00,54.845848,48.0
2024-09-23 09:00:00,61.298775,48.0
2024-09-23 10:00:00,74.591,48.0
2024-09-23 11:00:00,80.54416,47.03
2024-09-23 12:00:00,52.14252,42.0
2024-09-23 13:00:00,60.82169,40.0
2024-09-23 14:00:00,39.837967,18.0
2024-09-23 15:00:00,41.387123,23.97
2024-09-23 16:00:00,15.644096,11.0
2024-09-23 17:00:00,12.06538,23.029999
2024-09-23 18:00:00,11.354169,22.0
2024-09-23 19:00:00,12.440537,22.0
2024-09-23 20:00:00,11.99828,25.97
2024-09-23 21:00:00,11.925704,38.0
2024-09-23 22:00:00,12.314196,35.03
2024-09-23 23:00:00,12.574322,27.0
2024-09-24 00:00:00,12.88418,14.0
2024-09-24 01:00:00,11.610651,31.0
2024-09-24 02:00:00,11.780848,29.97
2024-09-24 03:00:00,12.626314,27.03
2024-09-24 04:00:00,11.779008,14.97
2024-09-24 05:00:00,12.384679,31.03
2024-09-24 06:00:00,12.365183,39.97
2024-09-24 07:00:00,27.545183,42.03
2024-09-24 08:00:00,74.05017,44.0
2024-09-24 09:00:00,75.73184,32.97
2024-09-24 10:00:00,87.60705,45.0
2024-09-24 11:00:00,82.36821,48.03
2024-09-24 12:00:00,49.090965,36.97
2024-09-24 13:00:00,74.26216,35.0
2024-09-24 14:00:00,61.84147,41.0
2024-09-24 15:00:00,51.613266,32.0
2024-09-24 16:00:00,18.736002,38.03
2024-09-24 17:00:00,9.562189,32.0
2024-09-24 18:00:00,12.299452,30.0
2024-09-24 19:00:00,11.482491,34.97
2024-09-24 20:00:00,12.0883045,30.0
2024-09-24 21:00:00,11.659982,31.029999
2024-09-24 22:00:00,11.2016945,31.0
2024-09-24 23:00:00,11.499822,30.0
2024-09-25 00:00:00,12.3445,17.0
2024-09-25 01:00:00,10.724713,26.0
2024-09-25 02:00:00,10.856088,34.0
2024-09-25 03:00:00,11.374699,32.97
2024-09-25 04:00:00,11.07118,30.03
2024-09-25 05:00:00,11.1081505,33.97
2024-09-25 06:00:00,12.45853,43.0
2024-09-25 07:00:00,24.382296,49.0
2024-09-25 08:00:00,71.30495,72.0
2024-09-25 09:00:00,89.333084,52.0
2024-09-25 10:00:00,102.26094,55.0
2024-09-25 11:00:00,86.98715,51.0
2024-09-25 12:00:00,58.356476,58.0
2024-09-25 13:00:00,71.06729,48.03
2024-09-25 14:00:00,63.745396,48.97
2024-09-25 15:00:00,63.792934,49.03
2024-09-25 16:00:00,18.598991,51.97
2024-09-25 17:00:00,20.713024,51.03
2024-09-25 18:00:00,13.803535,55.97
2024-09-25 19:00:00,12.277106,49.0
2024-09-25 20:00:00,12.450001,49.0
2024-09-25 21:00:00,12.436492,49.0
2024-09-25 22:00:00,10.968592,44.0
2024-09-25 23:00:00,8.797406,39.0
2024-09-26 00:00:00,9.040001,39.0
2024-09-26 01:00:00,8.572592,39.0
2024-09-26 02:00:00,8.311695,37.03
2024-09-26 03:00:00,10.088942,36.0
2024-09-26 04:00:00,11.221516,35.0
2024-09-26 05:00:00,11.180983,34.0
2024-09-26 06:00:00,12.048648,43.0
2024-09-26 07:00:00,28.190632,49.97
2024-09-26 08:00:00,58.49195,49.0
2024-09-26 09:00:00,74.73561,51.0
2024-09-26 10:00:00,93.60065,48.0
2024-09-26 11:00:00,91.630974,50.0
2024-09-26 12:00:00,69.40978,49.0
2024-09-26 13:00:00,78.07442,48.0
2024-09-26 14:00:00,48.08814,48.0
2024-09-26 15:00:00,50.906662,48.0
2024-09-26 16:00:00,23.459213,48.0
2024-09-26 17:00:00,19.078453,48.0
2024-09-26 18:00:00,13.484117,48.0
2024-09-26 19:00:00,12.03955,48.0
2024-09-26 20:00:00,11.91964,48.0
2024-09-26 21:00:00,11.863356,50.0
2024-09-26 22:00:00,9.728433,41.03
2024-09-26 23:00:00,7.128348,34.97
2024-09-27 00:00:00,6.362364,32.03
2024-09-27 01:00:00,5.9775,31.97
2024-09-27 02:00:00,8.010136,37.03
2024-09-27 03:00:00,11.109363,35.97
2024-09-27 04:00:00,11.41123,34.03
2024-09-27 05:00:00,11.39977,34.97
2024-09-27 06:00:00,12.768499,43.0
2024-09-27 07:00:00,25.55698,48.03
2024-09-27 08:00:00,45.710197,49.0
2024-09-27 09:00:00,43.25354,48.97
2024-09-27 10:00:00,41.111095,49.0
2024-09-27 11:00:00,39.70201,48.0
2024-09-27 12:00:00,24.84697,49.0
2024-09-27 13:00:00,19.410812,48.0
2024-09-27 14:00:00,19.696953,48.0
2024-09-27 15:00:00,21.225729,48.0
2024-09-27 16:00:00,16.808,48.0
2024-09-27 17:00:00,15.029259,48.0
2024-09-27 18:00:00,12.898701,47.03
2024-09-27 19:00:00,12.257005,47.97
2024-09-27 20:00:00,11.973306,48.0
2024-09-27 21:00:00,12.109946,48.0
2024-09-27 22:00:00,12.015764,48.0
2024-09-27 23:00:00,12.2209835,47.03
2024-09-28 00:00:00,12.431517,48.0
2024-09-28 01:00:00,12.3575,47.97
2024-09-28 02:00:00,12.22,48.0
2024-09-28 03:00:00,12.542123,48.0
2024-09-28 04:00:00,12.297501,48.0
2024-09-28 05:00:00,12.400376,48.0
2024-09-28 06:00:00,12.493131,51.0
2024-09-28 07:00:00,12.751749,50.0
2024-09-28 08:00:00,17.101242,52.0
2024-09-28 09:00:00,20.340107,52.0
2024-09-28 10:00:00,21.182299,49.03
2024-09-28 11:00:00,35.639076,50.97
2024-09-28 12:00:00,21.527376,48.0
2024-09-28 13:00:00,23.817955,47.0
2024-09-28 14:00:00,10.624087,51.0
2024-09-28 15:00:00,21.37698,50.0
2024-09-28 16:00:00,14.947256,53.0
2024-09-28 17:00:00,15.133176,49.03
2024-09-28 18:00:00,13.502116,47.97
2024-09-28 19:00:00,12.3703785,48.0
2024-09-28 20:00:00,12.073979,49.0
2024-09-28 21:00:00,12.198521,49.0
2024-09-28 22:00:00,12.4175,49.03
2024-09-28 23:00:00,11.583131,48.97
2024-09-29 00:00:00,11.136869,49.03
2024-09-29 01:00:00,11.770623,46.97
2024-09-29 02:00:00,11.48036,48.0
2024-09-29 03:00:00,12.112148,47.03
2024-09-29 04:00:00,11.537853,50.97
2024-09-29 05:00:00,11.524647,53.0
2024-09-29 06:00:00,11.2443695,51.96
2024-09-29 07:00:00,11.149431,63.0
2024-09-29 08:00:00,12.919975,65.04
2024-09-29 09:00:00,15.735495,57.03
2024-09-29 10:00:00,23.450148,59.0
2024-09-29 11:00:00,24.199778,61.97
2024-09-29 12:00:00,18.686113,46.0
2024-09-29 13:00:00,12.454685,45.0
2024-09-29 14:00:00,11.219562,46.03
2024-09-29 15:00:00,9.294288,42.0
2024-09-29 16:00:00,14.0686865,42.97
2024-09-29 17:00:00,11.413775,46.03
2024-09-29 18:00:00,10.840323,46.97
2024-09-29 19:00:00,11.466492,47.0
2024-09-29 20:00:00,11.86,49.0
2024-09-29 21:00:00,11.691,48.0
2024-09-29 22:00:00,11.45,48.0
2024-09-29 23:00:00,10.809377,56.0
2024-09-30 00:00:00,11.523131,46.03
2024-09-30 01:00:00,11.506493,46.97
2024-09-30 02:00:00,11.37,58.0
2024-09-30 03:00:00,11.85136,89.9
2024-09-30 04:00:00,11.542996,80.1
2024-09-30 05:00:00,12.029999,55.96
2024-09-30 06:00:00,11.75,61.04
2024-09-30 07:00:00,15.545148,62.0
2024-09-30 08:00:00,40.725445,77.96
2024-09-30 09:00:00,82.56797,68.04
2024-09-30 10:00:00,93.64468,66.0
2024-09-30 11:00:00,80.52123,56.0
2024-09-30 12:00:00,48.597923,56.0
2024-09-30 13:00:00,77.91223,55.03
2024-09-30 14:00:00,56.841034,50.0
2024-09-30 15:00:00,47.735718,53.0
2024-09-30 16:00:00,27.820164,48.97
2024-09-30 17:00:00,19.469612,50.0
2024-09-30 18:00:00,12.474844,48.03
2024-09-30 19:00:00,11.800362,48.97
2024-09-30 20:00:00,11.767741,50.0
2024-09-30 21:00:00,9.785255,49.0
2024-09-30 22:00:00,9.4125,48.0
2024-09-30 23:00:00,8.864143,45.0
2024-10-01 00:00:00,9.143356,46.0
2024-10-01 01:00:00,8.959999,46.0
2024-10-01 02:00:00,8.937005,46.0
2024-10-01 03:00:00,9.353842,45.0
2024-10-01 04:00:00,9.436158,46.0
2024-10-01 05:00:00,8.9,46.0
2024-10-01 06:00:00,10.202996,53.96
2024-10-01 07:00:00,15.372005,60.04
2024-10-01 08:00:00,55.90623,62.03
2024-10-01 09:00:00,69.98147,62.97
2024-10-01 10:00:00,94.84772,65.0
2024-10-01 11:00:00,85.32359,65.93
2024-10-01 12:00:00,54.781086,65.07
2024-10-01 13:00:00,83.85628,68.0
2024-10-01 14:00:00,54.769497,68.93
2024-10-01 15:00:00,53.581383,67.1
2024-10-01 16:00:00,17.388226,68.93
2024-10-01 17:00:00,12.928585,69.04
2024-10-01 18:00:00,11.957775,66.93
2024-10-01 19:00:00,11.659361,64.07
2024-10-01 20:00:00,11.51964,66.03
2024-10-01 21:00:00,11.670361,65.97
2024-10-01 22:00:00,11.7,62.0
2024-10-01 23:00:00,11.679639,53.0
2024-10-02 00:00:00,11.713356,54.0
2024-10-02 01:00:00,11.6825,55.03
2024-10-02 02:00:00,11.5883465,54.97
2024-10-02 03:00:00,11.695796,50.0
2024-10-02 04:00:00,11.703355,54.0
2024-10-02 05:00:00,10.046644,50.0
2024-10-02 06:00:00,9.863356,62.96
2024-10-02 07:00:00,15.239504,63.04
2024-10-02 08:00:00,60.10325,68.0
2024-10-02 09:00:00,70.444695,65.03
2024-10-02 10:00:00,87.515884,66.93
2024-10-02 11:00:00,73.519554,65.04
2024-10-02 12:00:00,48.860477,65.03
2024-10-02 13:00:00,73.86007,65.97
2024-10-02 14:00:00,47.548016,62.0
2024-10-02 15:00:00,38.403397,62.0
2024-10-02 16:00:00,29.086885,61.03
2024-10-02 17:00:00,17.975704,58.97
2024-10-02 18:00:00,13.107442,55.0
2024-10-02 19:00:00,11.939016,58.0
2024-10-02 20:00:00,9.99,59.0
2024-10-02 21:00:00,8.61,61.0
2024-10-02 22:00:00,9.840001,57.0
2024-10-02 23:00:00,8.609999,55.96
2024-10-03 00:00:00,8.960984,56.04
2024-10-03 01:00:00,8.928638,58.0
2024-10-03 02:00:00,8.5377445,58.0
2024-10-03 03:00:00,8.882256,58.0
2024-10-03 04:00:00,8.951001,61.0
2024-10-03 05:00:00,9.252508,59.0
2024-10-03 06:00:00,9.246868,64.03
2024-10-03 07:00:00,8.758623,68.93
2024-10-03 08:00:00,9.718174,66.07
2024-10-03 09:00:00,14.612599,69.97
2024-10-03 10:00:00,27.764637,67.96
2024-10-03 11:00:00,30.770973,61.04
2024-10-03 12:00:00,23.407856,55.0
2024-10-03 13:00:00,21.278568,51.0
2024-10-03 14:00:00,19.765417,51.03
2024-10-03 15:00:00,21.367031,48.97
2024-10-03 16:00:00,19.494072,48.0
2024-10-03 17:00:00,12.854437,48.0
2024-10-03 18:00:00,8.068666,48.96
2024-10-03 19:00:00,8.71,50.07
2024-10-03 20:00:00,8.68,57.97
2024-10-03 21:00:00,8.82,60.0
2024-10-03 22:00:00,9.126644,56.0
2024-10-03 23:00:00,8.980361,53.0
2024-10-04 00:00:00,8.54114,61.0
2024-10-04 01:00:00,8.9075,60.96
2024-10-04 02:00:00,8.313591,60.04
2024-10-04 03:00:00,9.566296,61.0
2024-10-04 04:00:00,8.6113615,60.03
2024-10-04 05:00:00,9.512148,62.9
2024-10-04 06:00:00,9.24,64.07
2024-10-04 07:00:00,9.880475,68.0
2024-10-04 08:00:00,11.159277,69.0
2024-10-04 09:00:00,13.385171,68.0
2024-10-04 10:00:00,21.210386,68.0
2024-10-04 11:00:00,21.234701,63.0
2024-10-04 12:00:00,16.437906,57.96
2024-10-04 13:00:00,24.176224,52.04
2024-10-04 14:00:00,22.791569,48.03
2024-10-04 15:00:00,16.597445,47.97
2024-10-04 16:00:00,15.737198,46.0
2024-10-04 17:00:00,9.284537,47.0
2024-10-04 18:00:00,5.9834695,47.0
2024-10-04 19:00:00,6.580984,51.0
2024-10-04 20:00:00,7.098639,55.0
2024-10-04 21:00:00,6.1,63.96
2024-10-04 22:00:00,7.390999,59.04
2024-10-04 23:00:00,7.533356,57.93
2024-10-05 00:00:00,6.227005,59.07
2024-10-05 01:00:00,7.44,61.0
2024-10-05 02:00:00,6.843583,61.0
2024-10-05 03:00:00,6.836418,63.0
2024-10-05 04:00:00,6.559639,62.03
2024-10-05 05:00:00,7.332508,64.97
2024-10-05 06:00:00,7.480847,65.96
2024-10-05 07:00:00,7.0409026,67.04
2024-10-05 08:00:00,6.7185454,70.0
2024-10-05 09:00:00,13.490764,67.96
2024-10-05 10:00:00,21.820011,67.04
2024-10-05 11:00:00,26.100544,62.0
2024-10-05 12:00:00,20.643717,53.03
2024-10-05 13:00:00,17.737999,51.0
2024-10-05 14:00:00,26.679365,46.97
2024-10-05 15:00:00,9.800674,46.0
2024-10-05 16:00:00,12.99222,49.0
2024-10-05 17:00:00,11.369944,47.0
2024-10-05 18:00:00,7.129076,49.0
2024-10-05 19:00:00,6.7829947,49.0
2024-10-05 20:00:00,7.139152,54.96
2024-10-05 21:00:00,6.6468687,62.97
2024-10-05 22:00:00,6.9839783,53.07
2024-10-05 23:00:00,6.566021,57.0
2024-10-06 00:00:00,7.34,62.0
2024-10-06 01:00:00,7.659623,60.03
2024-10-06 02:00:00,6.32,60.97
2024-10-06 03:00:00,6.961001,61.96
2024-10-06 04:00:00,7.2790003,61.04
2024-10-06 05:00:00,6.511,62.0
2024-10-06 06:00:00,7.203355,66.0
2024-10-06 07:00:00,7.362069,67.96
2024-10-06 08:00:00,6.9624367,68.04
2024-10-06 09:00:00,13.719664,69.0
2024-10-06 10:00:00,21.329386,66.93
2024-10-06 11:00:00,26.934284,61.07
2024-10-06 12:00:00,19.864008,49.0
2024-10-06 13:00:00,20.802595,51.0
2024-10-06 14:00:00,16.331425,48.03
2024-10-06 15:00:00,13.375772,48.97
2024-10-06 16:00:00,22.042143,47.0
2024-10-06 17:00:00,8.056795,48.0
2024-10-06 18:00:00,7.286824,50.0
2024-10-06 19:00:00,7.053131,53.0
2024-10-06 20:00:00,6.74,59.0
2024-10-06 21:00:00,6.86,60.03
2024-10-06 22:00:00,7.0564923,54.97
2024-10-06 23:00:00,7.083509,57.0
2024-10-07 00:00:00,6.866491,59.0
2024-10-07 01:00:00,7.322032,58.0
2024-10-07 02:00:00,7.6414766,57.03
2024-10-07 03:00:00,6.57,58.0
2024-10-07 04:00:00,6.8568687,58.93
2024-10-07 05:00:00,7.6200013,58.04
2024-10-07 06:00:00,7.8796234,63.0
2024-10-07 07:00:00,13.091,68.0
2024-10-07 08:00:00,66.29053,72.93
2024-10-07 09:00:00,82.768295,71.07
2024-10-07 10:00:00,92.40223,73.0
2024-10-07 11:00:00,74.894325,72.0
2024-10-07 12:00:00,45.506554,73.93
2024-10-07 13:00:00,59.801434,72.07
2024-10-07 14:00:00,47.65443,67.96
2024-10-07 15:00:00,41.127144,65.04
2024-10-07 16:00:00,17.948357,62.96
2024-10-07 17:00:00,17.468418,61.04
2024-10-07 18:00:00,12.75949,57.96
2024-10-07 19:00:00,12.100848,61.04
2024-10-07 20:00:00,12.150312,63.0
2024-10-07 21:00:00,8.86571,64.03
2024-10-07 22:00:00,7.6706233,57.97
2024-10-07 23:00:00,7.063356,57.0
2024-10-08 00:00:00,7.05,57.0
2024-10-08 01:00:00,7.617005,58.03
2024-10-08 02:00:00,7.236,57.97
2024-10-08 03:00:00,7.013638,58.0
2024-10-08 04:00:00,7.1325083,53.0
2024-10-08 05:00:00,7.657853,53.0
2024-10-08 06:00:00,7.5029945,55.03
2024-10-08 07:00:00,13.92,70.97
2024-10-08 08:00:00,44.998432,73.0
2024-10-08 09:00:00,72.85336,69.0
2024-10-08 10:00:00,102.54861,69.0
2024-10-08 11:00:00,82.62625,69.0
2024-10-08 12:00:00,56.06131,66.0
2024-10-08 13:00:00,59.89825,63.0
2024-10-08 14:00:00,47.820213,60.03
2024-10-08 15:00:00,48.335888,57.97
2024-10-08 16:00:00,22.10602,59.03
2024-10-08 17:00:00,15.629068,50.97
2024-10-08 18:00:00,12.431944,53.0
2024-10-08 19:00:00,11.937005,50.03
2024-10-08 20:00:00,11.082995,52.97
2024-10-08 21:00:00,6.3860207,57.0
2024-10-08 22:00:00,6.093979,51.0
2024-10-08 23:00:00,5.516644,48.0
2024-10-09 00:00:00,5.65969,46.03
2024-10-09 01:00:00,6.113666,47.0
2024-10-09 02:00:00,6.423195,51.97
2024-10-09 03:00:00,5.795957,58.0
2024-10-09 04:00:00,5.530847,48.0
2024-10-09 05:00:00,5.816021,50.0
2024-10-09 06:00:00,5.800984,58.93
2024-10-09 07:00:00,12.222995,63.07
2024-10-09 08:00:00,54.193825,65.96
2024-10-09 09:00:00,75.946075,64.07
2024-10-09 10:00:00,90.37339,65.93
2024-10-09 11:00:00,73.84659,64.97
2024-10-09 12:00:00,48.43382,61.07
2024-10-09 13:00:00,71.25637,54.96
2024-10-09 14:00:00,52.000786,54.04
2024-10-09 15:00:00,38.264458,55.0
2024-10-09 16:00:00,18.755919,62.0
2024-10-09 17:00:00,15.686817,56.0
2024-10-09 18:00:00,12.251287,55.0
2024-10-09 19:00:00,12.426869,52.0
2024-10-09 20:00:00,12.2,56.0
2024-10-09 21:00:00,7.253978,52.0
2024-10-09 22:00:00,6.5860214,53.0
2024-10-09 23:00:00,5.653131,48.03
2024-10-10 00:00:00,5.426492,48.97
2024-10-10 01:00:00,6.810377,48.03
2024-10-10 02:00:00,6.5904217,48.97
2024-10-10 03:00:00,5.822598,49.0
2024-10-10 04:00:00,5.936868,48.03
2024-10-10 05:00:00,5.94,48.97
2024-10-10 06:00:00,5.843131,59.93
2024-10-10 07:00:00,14.956867,64.07
2024-10-10 08:00:00,45.013206,65.0
2024-10-10 09:00:00,80.8499,70.03
2024-10-10 10:00:00,83.058334,81.0
2024-10-10 11:00:00,57.115257,65.97
2024-10-10 12:00:00,47.19908,62.03
2024-10-10 13:00:00,62.47046,65.97
2024-10-10 14:00:00,42.717995,65.96
2024-10-10 15:00:00,47.307034,66.04
2024-10-10 16:00:00,24.189598,63.0
2024-10-10 17:00:00,16.05357,60.0
2024-10-10 18:00:00,12.854965,62.0
2024-10-10 19:00:00,12.386869,62.0
2024-10-10 20:00:00,12.413979,64.0
2024-10-10 21:00:00,12.239152,65.96
2024-10-10 22:00:00,12.38,59.04
2024-10-10 23:00:00,9.687852,60.0
2024-10-11 00:00:00,6.242148,62.0
2024-10-11 01:00:00,5.936492,59.0
2024-10-11 02:00:00,5.687235,61.03
2024-10-11 03:00:00,6.223142,59.97
2024-10-11 04:00:00,5.983131,63.0
2024-10-11 05:00:00,6.306869,62.0
2024-10-11 06:00:00,8.71,66.03
2024-10-11 07:00:00,14.899623,71.97
2024-10-11 08:00:00,32.33154,71.0
2024-10-11 09:00:00,52.420033,74.03
2024-10-11 10:00:00,39.79573,72.0
2024-10-11 11:00:00,55.99929,70.97
2024-10-11 12:00:00,36.93038,71.0
2024-10-11 13:00:00,39.46448,68.96
2024-10-11 14:00:00,26.879242,61.04
2024-10-11 15:00:00,21.051344,58.96
2024-10-11 16:00:00,13.996132,55.07
2024-10-11 17:00:00,5.8081107,58.97
2024-10-11 18:00:00,5.6017466,57.03
2024-10-11 19:00:00,5.936021,57.97
2024-10-11 20:00:00,5.999623,61.03
2024-10-11 21:00:00,6.160376,62.97
2024-10-11 22:00:00,5.939623,56.03
2024-10-11 23:00:00,6.240378,57.969997
2024-10-12 00:00:00,6.040623,61.03
2024-10-12 01:00:00,5.753356,60.93
2024-10-12 02:00:00,5.609153,58.04
2024-10-12 03:00:00,6.386491,60.03
2024-10-12 04:00:00,5.6503773,60.97
2024-10-12 05:00:00,5.66,61.96
2024-10-12 06:00:00,6.1031313,66.0
2024-10-12 07:00:00,5.848343,67.0
2024-10-12 08:00:00,5.808839,69.04
2024-10-12 09:00:00,8.346119,69.0
2024-10-12 10:00:00,17.859123,68.0
2024-10-12 11:00:00,22.488678,65.0
2024-10-12 12:00:00,18.450798,55.0
2024-10-12 13:00:00,22.168182,50.0
2024-10-12 14:00:00,20.2486,47.0
2024-10-12 15:00:00,18.525347,48.96
2024-10-12 16:00:00,7.2689867,49.04
2024-10-12 17:00:00,10.155627,50.0
2024-10-12 18:00:00,9.27875,54.0
2024-10-12 19:00:00,5.612508,61.0
2024-10-12 20:00:00,6.030848,60.0
2024-10-12 21:00:00,5.8756437,61.96
2024-10-12 22:00:00,5.694356,56.0
2024-10-12 23:00:00,6.286022,51.04
2024-10-13 00:00:00,5.813978,51.0
2024-10-13 01:00:00,5.1956453,63.0
2024-10-13 02:00:00,6.25719,57.03
2024-10-13 03:00:00,6.20417,58.97
2024-10-13 04:00:00,6.528639,58.0
2024-10-13 05:00:00,5.42,59.0
2024-10-13 06:00:00,5.62,64.93
2024-10-13 07:00:00,5.9635077,66.07
2024-10-13 08:00:00,5.7839923,68.0
2024-10-13 09:00:00,8.072139,68.0
2024-10-13 10:00:00,17.85075,67.03
2024-10-13 11:00:00,29.789295,63.969997
2024-10-13 12:00:00,17.081348,59.0
2024-10-13 13:00:00,20.006798,49.03
2024-10-13 14:00:00,17.424295,51.93
2024-10-13 15:00:00,17.862993,51.04
2024-10-13 16:00:00,14.674635,48.0
2024-10-13 17:00:00,6.545671,52.96
2024-10-13 18:00:00,5.748376,53.07
2024-10-13 19:00:00,6.633456,58.93
2024-10-13 20:00:00,5.586544,60.07
2024-10-13 21:00:00,6.283131,61.97
2024-10-13 22:00:00,5.64,56.96
2024-10-13 23:00:00,5.746869,52.04
2024-10-14 00:00:00,6.300623,52.0
2024-10-14 01:00:00,5.118999,60.0
2024-10-14 02:00:00,6.293508,54.96
2024-10-14 03:00:00,6.17,51.04
2024-10-14 04:00:00,5.9874916,53.03
2024-10-14 05:00:00,6.1693773,52.97
2024-10-14 06:00:00,6.3531313,64.0
2024-10-14 07:00:00,13.196492,68.03
2024-10-14 08:00:00,44.291214,72.9
2024-10-14 09:00:00,76.239334,72.0
2024-10-14 10:00:00,93.6957,73.07
2024-10-14 11:00:00,65.86772,71.0
2024-10-14 12:00:00,47.53812,73.03
2024-10-14 13:00:00,63.185818,71.9
2024-10-14 14:00:00,40.75634,70.07
2024-10-14 15:00:00,45.118004,71.93
2024-10-14 16:00:00,22.126776,73.07
2024-10-14 17:00:00,15.576712,69.03
2024-10-14 18:00:00,12.592213,68.97
2024-10-14 19:00:00,12.139999,68.96
2024-10-14 20:00:00,10.399152,68.04
2024-10-14 21:00:00,6.186491,69.96
2024-10-14 22:00:00,6.060377,70.07
2024-10-14 23:00:00,6.373978,71.9
2024-10-15 00:00:00,5.539154,70.07
2024-10-15 01:00:00,6.4300003,71.0
2024-10-15 02:00:00,5.435104,74.96
2024-10-15 03:00:00,5.9913883,71.04
2024-10-15 04:00:00,5.75,73.96
2024-10-15 05:00:00,6.544356,74.04
2024-10-15 06:00:00,6.725645,74.0
2024-10-15 07:00:00,12.703508,74.93
2024-10-15 08:00:00,45.566414,76.03
2024-10-15 09:00:00,62.227074,80.0
2024-10-15 10:00:00,72.63867,77.0
2024-10-15 11:00:00,62.480515,80.0
2024-10-15 12:00:00,48.85826,76.97
2024-10-15 13:00:00,57.327126,76.07
2024-10-15 14:00:00,40.82104,73.0
2024-10-15 15:00:00,34.381447,74.96
2024-10-15 16:00:00,24.195938,71.97
2024-10-15 17:00:00,15.4412365,71.07
2024-10-15 18:00:00,12.395304,70.0
2024-10-15 19:00:00,12.319675,72.03
2024-10-15 20:00:00,12.35,70.97
2024-10-15 21:00:00,7.2700005,71.0
2024-10-15 22:00:00,6.02,74.0
2024-10-15 23:00:00,7.1200004,71.0
2024-10-16 00:00:00,5.96,72.0
2024-10-16 01:00:00,6.01,73.0
2024-10-16 02:00:00,5.766491,73.96
2024-10-16 03:00:00,5.964356,74.0
2024-10-16 04:00:00,5.959153,72.04
2024-10-16 05:00:00,5.980848,72.0
2024-10-16 06:00:00,8.846644,73.0
2024-10-16 07:00:00,14.727999,74.0
2024-10-16 08:00:00,62.683914,75.03
2024-10-16 09:00:00,71.029495,73.97
2024-10-16 10:00:00,101.40811,74.0
2024-10-16 11:00:00,81.56249,72.0
2024-10-16 12:00:00,49.110817,71.96
2024-10-16 13:00:00,71.45703,72.04
2024-10-16 14:00:00,48.386616,69.0
2024-10-16 15:00:00,53.633137,72.0
2024-10-16 16:00:00,20.910343,68.03
2024-10-16 17:00:00,14.528287,71.97
2024-10-16 18:00:00,11.898381,67.96
2024-10-16 19:00:00,11.897005,66.0
2024-10-16 20:00:00,10.742995,67.04
2024-10-16 21:00:00,6.34,69.0
2024-10-16 22:00:00,5.7200003,63.0
2024-10-16 23:00:00,5.979153,56.0
2024-10-17 00:00:00,6.7,57.0
2024-10-17 01:00:00,5.53,59.96
2024-10-17 02:00:00,5.806868,61.04
2024-10-17 03:00:00,6.4,62.0
2024-10-17 04:00:00,5.203131,61.0
2024-10-17 05:00:00,5.77,61.96
2024-10-17 06:00:00,9.95,66.04
2024-10-17 07:00:00,14.6264925,73.0
2024-10-17 08:00:00,70.774185,74.0
2024-10-17 09:00:00,68.40065,75.0
2024-10-17 10:00:00,96.468925,73.0
2024-10-17 11:00:00,78.53923,76.0
2024-10-17 12:00:00,60.55824,71.03
2024-10-17 13:00:00,74.926155,69.0
2024-10-17 14:00:00,50.809994,64.0
2024-10-17 15:00:00,43.042023,61.0
2024-10-17 16:00:00,15.509495,62.969997
2024-10-17 17:00:00,12.658535,60.03
2024-10-17 18:00:00,12.286823,59.93
2024-10-17 19:00:00,12.099,58.04
2024-10-17 20:00:00,12.123508,60.0
2024-10-17 21:00:00,12.197852,59.0
2024-10-17 22:00:00,8.219017,56.0
2024-10-17 23:00:00,5.889623,48.03
2024-10-18 00:00:00,7.533508,47.97
2024-10-18 01:00:00,5.73,47.03
2024-10-18 02:00:00,6.237037,47.0
2024-10-18 03:00:00,6.5129623,46.97
2024-10-18 04:00:00,5.456491,47.0
2024-10-18 05:00:00,5.65,47.0
2024-10-18 06:00:00,11.053507,52.0
2024-10-18 07:00:00,12.859999,68.96
2024-10-18 08:00:00,39.83687,65.97
2024-10-18 09:00:00,75.94016,66.03
2024-10-18 10:00:00,51.329094,64.04
2024-10-18 11:00:00,38.91422,62.0
2024-10-18 12:00:00,19.937319,48.03
2024-10-18 13:00:00,8.719415,19.93
2024-10-18 14:00:00,9.684683,20.07
2024-10-18 15:00:00,11.848032,26.93
2024-10-18 16:00:00,7.911787,27.07
2024-10-18 17:00:00,2.4610615,23.0
2024-10-18 18:00:00,0.0,25.0
2024-10-18 19:00:00,0.0,26.97
2024-10-18 20:00:00,1.35,30.0
2024-10-18 21:00:00,5.8325,28.03
2024-10-18 22:00:00,5.4,28.93
2024-10-18 23:00:00,5.7,28.04
2024-10-19 00:00:00,5.4,25.03
2024-10-19 01:00:00,5.7,28.93
2024-10-19 02:00:00,5.824079,27.07
2024-10-19 03:00:00,5.578167,26.0
2024-10-19 04:00:00,5.097754,29.0
2024-10-19 05:00:00,5.55,25.0
2024-10-19 06:00:00,4.8175,31.93
2024-10-19 07:00:00,6.5825,31.04
2024-10-19 08:00:00,5.5377116,29.029999
2024-10-19 09:00:00,8.361449,33.0
2024-10-19 10:00:00,4.3786926,32.0
2024-10-19 11:00:00,4.69228,32.0
2024-10-19 12:00:00,13.834425,31.0
2024-10-19 13:00:00,9.1098,31.97
2024-10-19 14:00:00,9.705324,29.03
2024-10-19 15:00:00,1.7065678,29.0
2024-10-19 16:00:00,0.8779962,29.97
2024-10-19 17:00:00,1.782787,30.96
2024-10-19 18:00:00,5.6997128,30.07
2024-10-19 19:00:00,6.1675,29.0
2024-10-19 20:00:00,6.1325,30.0
2024-10-19 21:00:00,5.8675003,30.0
2024-10-19 22:00:00,5.3824997,28.970001
2024-10-19 23:00:00,5.1,26.96
2024-10-20 00:00:00,5.85,25.07
2024-10-20 01:00:00,5.55,25.0
2024-10-20 02:00:00,5.66103,28.970001
2024-10-20 03:00:00,5.606471,29.03
2024-10-20 04:00:00,4.8,26.0
2024-10-20 05:00:00,5.85,28.0
2024-10-20 06:00:00,5.4,30.970001
2024-10-20 07:00:00,4.95,32.03
2024-10-20 08:00:00,6.323384,32.0
2024-10-20 09:00:00,7.5644255,33.0
2024-10-20 10:00:00,9.848465,32.0
2024-10-20 11:00:00,13.147029,32.0
2024-10-20 12:00:00,14.637903,30.0
2024-10-20 13:00:00,14.851488,30.0
2024-10-20 14:00:00,9.288025,29.0
2024-10-20 15:00:00,6.734198,30.93
2024-10-20 16:00:00,4.557063,29.04
2024-10-20 17:00:00,1.25705,28.03
2024-10-20 18:00:00,0.0,30.0
2024-10-20 19:00:00,0.0,28.0
2024-10-20 20:00:00,0.0,31.93
2024-10-20 21:00:00,1.5,30.04
2024-10-20 22:00:00,6.1675,27.03
2024-10-20 23:00:00,5.232787,22.0
2024-10-21 00:00:00,6.167213,22.0
2024-10-21 01:00:00,5.832787,23.0
2024-10-21 02:00:00,5.999713,21.97
2024-10-21 03:00:00,6.45,22.03
2024-10-21 04:00:00,5.100287,22.0
2024-10-21 05:00:00,5.8672132,21.97
2024-10-21 06:00:00,5.4,28.03
2024-10-21 07:00:00,23.33,31.0
2024-10-21 08:00:00,69.32972,32.0
2024-10-21 09:00:00,91.90957,32.0
2024-10-21 10:00:00,112.12331,33.0
2024-10-21 11:00:00,85.50304,33.0
2024-10-21 12:00:00,54.543327,39.9
2024-10-21 13:00:00,83.736275,75.03
2024-10-21 14:00:00,58.40776,72.0
2024-10-21 15:00:00,55.94969,70.04
2024-10-21 16:00:00,16.171583,65.0
2024-10-21 17:00:00,12.915438,60.0
2024-10-21 18:00:00,11.911362,59.0
2024-10-21 19:00:00,12.042995,57.0
2024-10-21 20:00:00,12.057005,59.0
2024-10-21 21:00:00,11.759016,60.0
2024-10-21 22:00:00,5.743979,52.03
2024-10-21 23:00:00,6.01,51.97
2024-10-22 00:00:00,5.8599997,47.0
2024-10-22 01:00:00,5.7,48.0
2024-10-22 02:00:00,6.029152,46.03
2024-10-22 03:00:00,6.2674913,48.97
2024-10-22 04:00:00,5.850361,48.0
2024-10-22 05:00:00,5.112995,47.0
2024-10-22 06:00:00,6.287005,56.03
2024-10-22 07:00:00,12.599639,63.97
2024-10-22 08:00:00,40.106457,68.96
2024-10-22 09:00:00,64.85607,63.07
2024-10-22 10:00:00,84.35101,31.0
2024-10-22 11:00:00,66.04549,71.0
2024-10-22 12:00:00,49.077236,82.97
2024-10-22 13:00:00,71.10318,71.03
2024-10-22 14:00:00,51.4658,106.97
2024-10-22 15:00:00,62.55413,70.0
2024-10-22 16:00:00,32.84634,64.96
2024-10-22 17:00:00,14.976893,59.04
2024-10-22 18:00:00,13.085267,58.03
2024-10-22 19:00:00,12.311377,62.0
2024-10-22 20:00:00,12.453131,60.0
2024-10-22 21:00:00,12.450001,61.93
2024-10-22 22:00:00,12.286492,53.04
2024-10-22 23:00:00,12.319,46.03
2024-10-23 00:00:00,12.471,47.97
2024-10-23 01:00:00,12.503508,50.0
2024-10-23 02:00:00,12.355492,53.0
2024-10-23 03:00:00,10.463661,59.0
2024-10-23 04:00:00,6.6977158,58.0
2024-10-23 05:00:00,6.109623,62.0
2024-10-23 06:00:00,7.7790003,83.0
2024-10-23 07:00:00,13.460393,84.96
2024-10-23 08:00:00,60.847515,88.04
2024-10-23 09:00:00,72.59578,86.0
2024-10-23 10:00:00,87.357994,86.03
2024-10-23 11:00:00,71.57578,95.93
2024-10-23 12:00:00,45.77569,81.04
2024-10-23 13:00:00,67.46682,72.0
2024-10-23 14:00:00,40.097374,67.0
2024-10-23 15:00:00,49.27405,72.0
2024-10-23 16:00:00,22.729311,69.0
2024-10-23 17:00:00,14.790305,61.03
2024-10-23 18:00:00,12.562157,68.93
2024-10-23 19:00:00,11.21,71.04
2024-10-23 20:00:00,5.726869,73.0
2024-10-23 21:00:00,6.063131,74.96
2024-10-23 22:00:00,7.129153,64.04
2024-10-23 23:00:00,5.65,53.0
2024-10-24 00:00:00,5.616339,54.96
2024-10-24 01:00:00,6.524508,58.04
2024-10-24 02:00:00,5.7078195,54.0
2024-10-24 03:00:00,5.657559,59.96
2024-10-24 04:00:00,6.993661,57.04
2024-10-24 05:00:00,7.027716,58.0
2024-10-24 06:00:00,6.5699997,82.0
2024-10-24 07:00:00,12.1022835,88.93
2024-10-24 08:00:00,12.175339,83.1
2024-10-24 09:00:00,10.114064,70.0
2024-10-24 10:00:00,13.825679,66.97
2024-10-24 11:00:00,20.494583,59.0
2024-10-24 12:00:00,23.706034,79.03
2024-10-24 13:00:00,26.369795,62.97
2024-10-24 14:00:00,21.502382,58.0
2024-10-24 15:00:00,17.780823,57.0
2024-10-24 16:00:00,15.454329,57.0
2024-10-24 17:00:00,7.537369,55.0
2024-10-24 18:00:00,7.601284,57.03
2024-10-24 19:00:00,8.026732,61.97
2024-10-24 20:00:00,7.604115,71.0
2024-10-24 21:00:00,7.726492,69.0
2024-10-24 22:00:00,8.113508,61.0
2024-10-24 23:00:00,7.906492,54.03
2024-10-25 00:00:00,7.610377,57.97
2024-10-25 01:00:00,7.469623,63.0
2024-10-25 02:00:00,7.159393,60.0
2024-10-25 03:00:00,8.184114,60.0
2024-10-25 04:00:00,7.44,60.96
2024-10-25 05:00:00,8.175885,56.04
2024-10-25 06:00:00,10.564116,77.96
2024-10-25 07:00:00,13.7622795,83.97
2024-10-25 08:00:00,32.1171,87.0
2024-10-25 09:00:00,43.22394,82.07
2024-10-25 10:00:00,43.447105,79.0
2024-10-25 11:00:00,36.65983,76.0
2024-10-25 12:00:00,28.30168,64.03
2024-10-25 13:00:00,21.306347,52.97
2024-10-25 14:00:00,16.554802,49.0
2024-10-25 15:00:00,14.699943,49.0
2024-10-25 16:00:00,12.254392,48.0
2024-10-25 17:00:00,6.056879,47.0
2024-10-25 18:00:00,7.13682,49.0
2024-10-25 19:00:00,5.3568687,51.0
2024-10-25 20:00:00,6.109016,48.0
2024-10-25 21:00:00,6.69,49.0
2024-10-25 22:00:00,5.954115,48.0
2024-10-25 23:00:00,6.516869,48.0
2024-10-26 00:00:00,5.819623,47.0
2024-10-26 01:00:00,6.880377,47.03
2024-10-26 02:00:00,5.382284,47.97
2024-10-26 03:00:00,5.667716,47.0
2024-10-26 04:00:00,6.423131,47.03
2024-10-26 05:00:00,6.425492,47.97
2024-10-26 06:00:00,6.061377,47.03
2024-10-26 07:00:00,6.1122837,53.97
2024-10-26 08:00:00,6.551405,58.0
2024-10-26 09:00:00,5.995504,61.0
2024-10-26 10:00:00,11.241972,59.0
2024-10-26 11:00:00,14.904527,50.03
2024-10-26 12:00:00,17.819792,47.97
2024-10-26 13:00:00,12.70188,46.0
2024-10-26 14:00:00,11.102066,41.0
2024-10-26 15:00:00,15.506005,41.0
2024-10-26 16:00:00,9.415047,43.0
2024-10-26 17:00:00,6.790739,48.0
2024-10-26 18:00:00,6.024336,50.0
2024-10-26 19:00:00,6.12,51.0
2024-10-26 20:00:00,6.417339,52.0
2024-10-26 21:00:00,5.820377,55.96
2024-10-26 22:00:00,5.5396233,51.07
2024-10-26 23:00:00,6.640377,48.97
2024-10-27 00:00:00,6.209016,48.0
2024-10-27 01:00:00,5.763607,48.0
2024-10-27 02:00:00,5.6355476,48.03
2024-10-27 03:00:00,5.297716,48.0
2024-10-27 04:00:00,5.912623,51.0
2024-10-27 05:00:00,7.286393,50.0
2024-10-27 06:00:00,5.460984,56.96
2024-10-27 07:00:00,5.953131,67.04
2024-10-27 08:00:00,6.45615,56.96
2024-10-27 09:00:00,5.7115707,58.04
2024-10-27 10:00:00,6.0150943,62.03
2024-10-27 11:00:00,8.626259,59.0
2024-10-27 12:00:00,22.482866,55.97
2024-10-27 13:00:00,20.78517,49.0
2024-10-27 14:00:00,9.811405,49.0
2024-10-27 15:00:00,4.244918,48.0
2024-10-27 16:00:00,6.1717935,50.0
2024-10-27 17:00:00,6.3690157,55.03
2024-10-27 18:00:00,6.020984,67.97
2024-10-27 19:00:00,5.2896233,68.0
2024-10-27 20:00:00,6.3235083,70.0
2024-10-27 21:00:00,4.976492,72.96
2024-10-27 22:00:00,5.7790003,64.0
2024-10-27 23:00:00,6.741377,59.0
2024-10-28 00:00:00,5.359016,60.04
2024-10-28 01:00:00,5.73,59.0
2024-10-28 02:00:00,5.767697,61.0
2024-10-28 03:00:00,5.976418,56.96
2024-10-28 04:00:00,5.296492,56.04
2024-10-28 05:00:00,6.790377,58.03
2024-10-28 06:00:00,6.603131,67.97
2024-10-28 07:00:00,13.28044,79.0
2024-10-28 08:00:00,27.451443,85.0
2024-10-28 09:00:00,46.42887,75.0
2024-10-28 10:00:00,80.2906,103.0
2024-10-28 11:00:00,86.61125,96.0
2024-10-28 12:00:00,51.2505,82.93
2024-10-28 13:00:00,62.008114,74.07
2024-10-28 14:00:00,43.791092,72.96
2024-10-28 15:00:00,32.71458,76.04
2024-10-28 16:00:00,14.260912,74.0
2024-10-28 17:00:00,12.689492,69.0
2024-10-28 18:00:00,12.687,65.0
2024-10-28 19:00:00,12.73,66.0
2024-10-28 20:00:00,12.660377,64.0
2024-10-28 21:00:00,12.633131,64.0
2024-10-28 22:00:00,6.705492,58.0
2024-10-28 23:00:00,6.850393,52.0
2024-10-29 00:00:00,6.894115,54.03
2024-10-29 01:00:00,5.385885,52.97
2024-10-29 02:00:00,6.166518,54.0
2024-10-29 03:00:00,6.406637,55.0
2024-10-29 04:00:00,5.52,55.0
2024-10-29 05:00:00,6.630847,56.0
2024-10-29 06:00:00,10.769154,69.0
2024-10-29 07:00:00,12.540847,77.03
2024-10-29 08:00:00,33.482594,70.97
2024-10-29 09:00:00,71.93287,76.93
2024-10-29 10:00:00,101.56816,74.07
2024-10-29 11:00:00,87.18919,69.96
2024-10-29 12:00:00,55.602623,69.07
2024-10-29 13:00:00,66.29303,72.97
2024-10-29 14:00:00,57.46042,74.0
2024-10-29 15:00:00,48.080765,73.0
2024-10-29 16:00:00,13.500909,74.0
2024-10-29 17:00:00,12.628623,65.0
2024-10-29 18:00:00,12.614508,63.0
2024-10-29 19:00:00,12.576869,64.0
2024-10-29 20:00:00,12.738623,65.93
2024-10-29 21:00:00,12.801377,66.03
2024-10-29 22:00:00,11.549999,56.04
2024-10-29 23:00:00,7.483131,52.0
2024-10-30 00:00:00,6.59,54.0
2024-10-30 01:00:00,6.7354918,54.0
2024-10-30 02:00:00,7.01,54.03
2024-10-30 03:00:00,6.154833,54.0
2024-10-30 04:00:00,6.599675,54.97
2024-10-30 05:00:00,6.625885,55.03
2024-10-30 06:00:00,7.354115,73.93
2024-10-30 07:00:00,13.152807,81.04
2024-10-30 08:00:00,53.369537,77.0
2024-10-30 09:00:00,75.9827,75.0
2024-10-30 10:00:00,89.71244,75.96
2024-10-30 11:00:00,75.0497,73.0
2024-10-30 12:00:00,40.73919,70.04
2024-10-30 13:00:00,67.868225,74.03
2024-10-30 14:00:00,54.299744,73.97
2024-10-30 15:00:00,49.804115,73.0
2024-10-30 16:00:00,18.954922,74.0
2024-10-30 17:00:00,15.982661,66.0
2024-10-30 18:00:00,13.2973385,71.96
2024-10-30 19:00:00,12.7426605,73.04
2024-10-30 20:00:00,12.7767315,73.0
2024-10-30 21:00:00,12.4309845,75.0
2024-10-30 22:00:00,12.4,70.0
2024-10-30 23:00:00,12.449017,61.0
2024-10-31 00:00:00,12.454115,61.0
2024-10-31 01:00:00,12.536869,60.0
2024-10-31 02:00:00,8.539016,60.96
2024-10-31 03:00:00,6.2309837,61.04
2024-10-31 04:00:00,6.6586227,62.0
2024-10-31 05:00:00,6.530393,60.0
2024-10-31 06:00:00,6.1,82.0
2024-10-31 07:00:00,7.700738,79.0
2024-10-31 08:00:00,6.6697655,78.96
2024-10-31 09:00:00,7.7040606,77.04
2024-10-31 10:00:00,5.1920123,73.0
2024-10-31 11:00:00,11.44495,74.03
2024-10-31 12:00:00,16.742018,75.93
2024-10-31 13:00:00,14.186235,74.04
2024-10-31 14:00:00,6.0099897,73.0
2024-10-31 15:00:00,6.5835133,74.93
2024-10-31 16:00:00,6.473365,73.07
2024-10-31 17:00:00,6.45,71.0
2024-10-31 18:00:00,6.425885,70.0
2024-10-31 19:00:00,10.6,69.03
2024-10-31 20:00:00,12.584115,70.97
2024-10-31 21:00:00,11.786492,71.0
2024-10-31 22:00:00,8.392661,62.0
2024-10-31 23:00:00,6.396339,55.0
2024-11-01 00:00:00,5.794508,60.0
2024-11-01 01:00:00,6.8458853,59.03
2024-11-01 02:00:00,6.407697,59.0
2024-11-01 03:00:00,6.68291,60.97
2024-11-01 04:00:00,5.889393,59.0
2024-11-01 05:00:00,6.68,59.0
2024-11-01 06:00:00,6.424115,72.96
2024-11-01 07:00:00,7.775885,84.0
2024-11-01 08:00:00,7.036548,76.04
2024-11-01 09:00:00,6.781752,77.0
2024-11-01 10:00:00,6.8798847,74.0
2024-11-01 11:00:00,5.6959295,73.03
2024-11-01 12:00:00,6.277754,74.97
2024-11-01 13:00:00,7.752373,73.0
2024-11-01 14:00:00,6.7918,73.93
2024-11-01 15:00:00,6.0013213,72.07
2024-11-01 16:00:00,6.264917,68.93
2024-11-01 17:00:00,6.680393,69.07
2024-11-01 18:00:00,6.249607,69.0
2024-11-01 19:00:00,6.41,70.0
2024-11-01 20:00:00,7.0410004,72.03
2024-11-01 21:00:00,6.103508,72.97
2024-11-01 22:00:00,5.806869,70.0
2024-11-01 23:00:00,6.568623,70.0
2024-11-02 00:00:00,5.550393,70.0
2024-11-02 01:00:00,6.209607,75.93
2024-11-02 02:00:00,5.958368,71.1
2024-11-02 03:00:00,5.931632,71.9
2024-11-02 04:00:00,5.641,71.07
2024-11-02 05:00:00,5.83,70.96
2024-11-02 06:00:00,5.499393,100.0
2024-11-02 07:00:00,6.515432,88.04
2024-11-02 08:00:00,6.761985,102.93
2024-11-02 09:00:00,8.200164,86.1
2024-11-02 10:00:00,14.240831,75.0
2024-11-02 11:00:00,22.686218,68.97
2024-11-02 12:00:00,21.275648,64.0
2024-11-02 13:00:00,19.869621,61.96
2024-11-02 14:00:00,17.837051,60.04
2024-11-02 15:00:00,13.412492,60.03
2024-11-02 16:00:00,5.717954,64.93
2024-11-02 17:00:00,5.429153,77.04
2024-11-02 18:00:00,5.586732,92.0
2024-11-02 19:00:00,5.6,98.93
2024-11-02 20:00:00,5.754115,91.0
2024-11-02 21:00:00,6.375492,96.03
2024-11-02 22:00:00,5.594508,84.04
2024-11-02 23:00:00,5.8991528,75.96
2024-11-03 00:00:00,6.09,86.04
2024-11-03 01:00:00,5.336732,90.93
2024-11-03 02:00:00,6.0778418,78.03
2024-11-03 03:00:00,6.166274,80.04
2024-11-03 04:00:00,5.746492,75.0
2024-11-03 05:00:00,5.413,80.03
2024-11-03 06:00:00,5.730877,86.97
2024-11-03 07:00:00,6.231398,98.93
2024-11-03 08:00:00,6.178959,82.03
2024-11-03 09:00:00,6.7723446,83.04
2024-11-03 10:00:00,5.3622627,80.0
2024-11-03 11:00:00,10.518106,78.0
2024-11-03 12:00:00,12.838203,74.0
2024-11-03 13:00:00,12.060948,71.03
2024-11-03 14:00:00,10.361948,69.0
2024-11-03 15:00:00,6.3498497,65.97
2024-11-03 16:00:00,6.1265516,70.96
2024-11-03 17:00:00,5.84,76.04
2024-11-03 18:00:00,7.49,75.0
2024-11-03 19:00:00,10.826492,74.0
2024-11-03 20:00:00,6.643508,77.0
2024-11-03 21:00:00,5.849153,79.96
2024-11-03 22:00:00,6.856339,67.04
2024-11-03 23:00:00,5.710393,63.0
2024-11-04 00:00:00,6.450984,72.0
2024-11-04 01:00:00,6.172623,65.0
2024-11-04 02:00:00,5.7905083,66.0
2024-11-04 03:00:00,6.946869,65.03
2024-11-04 04:00:00,5.8900003,65.97
2024-11-04 05:00:00,5.62,65.0
2024-11-04 06:00:00,6.793131,78.0
2024-11-04 07:00:00,13.01925,88.96
2024-11-04 08:00:00,41.691833,103.04
2024-11-04 09:00:00,78.77374,88.03
2024-11-04 10:00:00,105.86155,88.97
2024-11-04 11:00:00,81.655495,88.03
2024-11-04 12:00:00,56.728233,85.97
2024-11-04 13:00:00,83.6532,80.96
2024-11-04 14:00:00,57.053787,79.0
2024-11-04 15:00:00,58.731857,92.0
2024-11-04 16:00:00,13.364538,83.04
2024-11-04 17:00:00,12.753661,78.0
2024-11-04 18:00:00,12.517339,76.0
2024-11-04 19:00:00,12.839393,78.0
2024-11-04 20:00:00,12.530984,76.03
2024-11-04 21:00:00,12.613131,76.97
2024-11-04 22:00:00,5.825885,74.0
2024-11-04 23:00:00,5.719607,66.0
2024-11-05 00:00:00,5.370393,68.96
2024-11-05 01:00:00,5.804115,67.04
2024-11-05 02:00:00,6.26,69.0
2024-11-05 03:00:00,5.650325,72.0
2024-11-05 04:00:00,6.085167,69.0
2024-11-05 05:00:00,5.621377,71.0
2024-11-05 06:00:00,5.919016,92.0
2024-11-05 07:00:00,12.960984,90.96
2024-11-05 08:00:00,44.653717,114.97
2024-11-05 09:00:00,70.9744,105.07
2024-11-05 10:00:00,80.62042,90.96
2024-11-05 11:00:00,74.302635,97.0
2024-11-05 12:00:00,46.177994,87.04
2024-11-05 13:00:00,72.48278,88.96
2024-11-05 14:00:00,62.105667,84.04
2024-11-05 15:00:00,55.224724,86.0
2024-11-05 16:00:00,14.537986,74.0
2024-11-05 17:00:00,12.649675,71.93
2024-11-05 18:00:00,12.51,69.1
2024-11-05 19:00:00,12.53,65.97
2024-11-05 20:00:00,12.540001,70.96
2024-11-05 21:00:00,12.669153,76.04
2024-11-05 22:00:00,9.296732,59.96
2024-11-05 23:00:00,4.7641153,48.04
2024-11-06 00:00:00,6.746492,69.0
2024-11-06 01:00:00,2.378593,47.03
2024-11-06 02:00:00,10.05765,72.97
2024-11-06 03:00:00,5.646418,66.03
2024-11-06 04:00:00,5.850339,62.97
2024-11-06 05:00:00,4.296393,60.0
2024-11-06 06:00:00,3.940607,76.93
2024-11-06 07:00:00,19.712877,86.07
2024-11-06 08:00:00,62.865013,95.9
2024-11-06 09:00:00,65.46693,89.1
2024-11-06 10:00:00,105.73011,96.03
2024-11-06 11:00:00,87.5224,92.93
2024-11-06 12:00:00,45.892433,83.04
2024-11-06 13:00:00,83.95444,131.95999
2024-11-06 14:00:00,68.257744,129.97
2024-11-06 15:00:00,61.550293,126.07
2024-11-06 16:00:00,18.500261,99.96
2024-11-06 17:00:00,12.956869,103.07
2024-11-06 18:00:00,12.52,98.0
2024-11-06 19:00:00,12.848623,110.97
2024-11-06 20:00:00,12.703661,101.0
2024-11-06 21:00:00,12.670847,107.03
2024-11-06 22:00:00,7.529153,85.97
2024-11-06 23:00:00,5.440847,89.93
2024-11-07 00:00:00,6.016492,82.07
2024-11-07 01:00:00,6.2990003,93.0
2024-11-07 02:00:00,6.31,78.0
2024-11-07 03:00:00,5.431377,92.03
2024-11-07 04:00:00,6.319623,80.0
2024-11-07 05:00:00,6.1735077,93.899994
2024-11-07 06:00:00,6.74,109.03
2024-11-07 07:00:00,13.545885,127.97
2024-11-07 08:00:00,60.510597,140.0
2024-11-07 09:00:00,76.600105,110.100006
2024-11-07 10:00:00,97.14722,121.97
2024-11-07 11:00:00,75.15285,117.0
2024-11-07 12:00:00,55.641357,115.96
2024-11-07 13:00:00,76.67732,122.0
2024-11-07 14:00:00,55.50981,128.0
2024-11-07 15:00:00,42.818783,110.0
2024-11-07 16:00:00,14.093734,110.07
2024-11-07 17:00:00,12.712284,99.93
2024-11-07 18:00:00,12.816732,111.94
2024-11-07 19:00:00,12.704115,96.1
2024-11-07 20:00:00,12.580325,99.0
2024-11-07 21:00:00,12.006167,105.0
2024-11-07 22:00:00,6.443508,81.0
2024-11-07 23:00:00,6.266869,76.0
2024-11-08 00:00:00,6.298623,90.0
2024-11-08 01:00:00,6.131377,78.96
2024-11-08 02:00:00,6.028121,92.04
2024-11-08 03:00:00,5.491765,80.03
2024-11-08 04:00:00,5.969016,88.9
2024-11-08 05:00:00,7.9209843,82.03
2024-11-08 06:00:00,7.0186234,113.04
2024-11-08 07:00:00,13.480392,118.96
2024-11-08 08:00:00,27.897415,114.04
2024-11-08 09:00:00,46.21724,129.93
2024-11-08 10:00:00,50.147465,128.03
2024-11-08 11:00:00,42.383495,106.04
2024-11-08 12:00:00,18.78819,92.93
2024-11-08 13:00:00,15.869795,96.03
2024-11-08 14:00:00,14.759026,91.97
2024-11-08 15:00:00,13.646866,92.07
2024-11-08 16:00:00,12.68425,92.0
2024-11-08 17:00:00,12.790984,105.96
2024-11-08 18:00:00,10.082284,87.04
2024-11-08 19:00:00,5.427716,97.96
2024-11-08 20:00:00,6.63,102.0
2024-11-08 21:00:00,5.749016,93.04
2024-11-08 22:00:00,5.443268,96.96
2024-11-08 23:00:00,7.236339,77.0
2024-11-09 00:00:00,5.894508,88.04
2024-11-09 01:00:00,5.5958853,80.0
2024-11-09 02:00:00,5.743268,90.0
2024-11-09 03:00:00,6.1800003,91.93
2024-11-09 04:00:00,5.7,82.03
2024-11-09 05:00:00,5.5573387,88.07
2024-11-09 06:00:00,6.7926607,102.93
2024-11-09 07:00:00,6.35,107.0
2024-11-09 08:00:00,5.194318,97.97
2024-11-09 09:00:00,6.4906235,104.07
2024-11-09 10:00:00,5.797699,101.96
2024-11-09 11:00:00,5.3366737,102.04
2024-11-09 12:00:00,6.625445,100.96
2024-11-09 13:00:00,5.5015135,105.04
2024-11-09 14:00:00,4.867894,93.93
2024-11-09 15:00:00,10.99552,114.03
2024-11-09 16:00:00,10.36,93.04
2024-11-09 17:00:00,5.233607,111.0
2024-11-09 18:00:00,6.326393,94.93
2024-11-09 19:00:00,6.610607,113.07
2024-11-09 20:00:00,5.3129997,96.0
2024-11-09 21:00:00,5.707,111.96
2024-11-09 22:00:00,6.330377,80.04
2024-11-09 23:00:00,5.438623,88.0
2024-11-10 00:00:00,6.16,82.0
2024-11-10 01:00:00,7.050393,94.93
2024-11-10 02:00:00,5.583268,82.1
2024-11-10 03:00:00,5.696732,93.97
2024-11-10 04:00:00,5.699607,89.96
2024-11-10 05:00:00,5.8645077,90.97
2024-11-10 06:00:00,6.155492,109.03
2024-11-10 07:00:00,5.873661,96.04
2024-11-10 08:00:00,6.076666,122.96
2024-11-10 09:00:00,6.1755095,100.0
2024-11-10 10:00:00,5.543266,114.0
2024-11-10 11:00:00,6.174254,91.0
2024-11-10 12:00:00,5.686628,91.04
2024-11-10 13:00:00,5.516488,95.03
2024-11-10 14:00:00,5.8171816,97.0
2024-11-10 15:00:00,5.851948,103.93
2024-11-10 16:00:00,5.3602953,93.0
2024-11-10 17:00:00,5.943268,99.0
2024-11-10 18:00:00,6.986339,94.0
2024-11-10 19:00:00,5.943661,101.0
2024-11-10 20:00:00,5.347716,103.0
2024-11-10 21:00:00,6.6831307,95.0
2024-11-10 22:00:00,5.445492,81.07
2024-11-10 23:00:00,5.45,84.97
2024-11-11 00:00:00,6.69366,80.03
2024-11-11 01:00:00,6.687716,84.97
2024-11-11 02:00:00,5.522205,80.0
2024-11-11 03:00:00,6.236811,80.0
2024-11-11 04:00:00,5.784115,79.0
2024-11-11 05:00:00,5.5,87.96
2024-11-11 06:00:00,6.83,106.04
2024-11-11 07:00:00,13.698385,122.93
2024-11-11 08:00:00,49.551464,139.97
2024-11-11 09:00:00,73.50392,117.0
2024-11-11 10:00:00,102.84315,181.06
2024-11-11 11:00:00,93.1369,106.0
2024-11-11 12:00:00,50.811646,106.97
2024-11-11 13:00:00,83.68808,118.03
2024-11-11 14:00:00,60.858067,119.97
2024-11-11 15:00:00,54.473717,115.03
2024-11-11 16:00:00,14.243333,111.07
2024-11-11 17:00:00,12.574508,100.93
2024-11-11 18:00:00,12.699153,88.07
2024-11-11 19:00:00,12.646732,110.93
2024-11-11 20:00:00,12.670984,91.04
2024-11-11 21:00:00,10.899015,92.0
2024-11-11 22:00:00,6.270607,84.93
2024-11-11 23:00:00,5.6993933,81.07
2024-11-12 00:00:00,5.819607,78.93
2024-11-12 01:00:00,6.404508,76.07
2024-11-12 02:00:00,6.026,88.93
2024-11-12 03:00:00,5.959885,76.0
2024-11-12 04:00:00,6.150607,87.07
2024-11-12 05:00:00,5.129393,77.93
2024-11-12 06:00:00,6.17,119.07
2024-11-12 07:00:00,13.680984,113.93
2024-11-12 08:00:00,56.909405,148.0
2024-11-12 09:00:00,74.793915,115.03
2024-11-12 10:00:00,88.31975,104.97
2024-11-12 11:00:00,102.343025,115.03
2024-11-12 12:00:00,56.28475,107.04
2024-11-12 13:00:00,89.16973,112.93
2024-11-12 14:00:00,60.476814,118.0
2024-11-12 15:00:00,60.059025,115.07
2024-11-12 16:00:00,17.3308,102.96
2024-11-12 17:00:00,12.506868,101.0
2024-11-12 18:00:00,12.513131,97.07
2024-11-12 19:00:00,12.386869,107.97
2024-11-12 20:00:00,12.523131,114.03
2024-11-12 21:00:00,11.805885,95.93
2024-11-12 22:00:00,5.264115,91.0
2024-11-12 23:00:00,5.96,77.0
2024-11-13 00:00:00,5.795885,92.04
2024-11-13 01:00:00,6.04,83.93
2024-11-13 02:00:00,6.078401,92.07
2024-11-13 03:00:00,5.742583,98.0
2024-11-13 04:00:00,5.659623,87.93
2024-11-13 05:00:00,5.9635077,92.07
2024-11-13 06:00:00,6.25,120.96
2024-11-13 07:00:00,13.279153,119.97
2024-11-13 08:00:00,64.0784,138.03
2024-11-13 09:00:00,79.265945,129.0
2024-11-13 10:00:00,99.184364,117.0
2024-11-13 11:00:00,104.12453,98.97
2024-11-13 12:00:00,61.52285,98.1
2024-11-13 13:00:00,100.227974,101.93
2024-11-13 14:00:00,69.1358,105.97
2024-11-13 15:00:00,49.792953,103.07
2024-11-13 16:00:00,19.545364,94.93
2024-11-13 17:00:00,13.998878,83.03
2024-11-13 18:00:00,12.792284,86.04
2024-11-13 19:00:00,12.777339,87.96
2024-11-13 20:00:00,12.812661,85.04
2024-11-13 21:00:00,12.770847,87.0
2024-11-13 22:00:00,12.72,74.0
2024-11-13 23:00:00,12.71,67.0
2024-11-14 00:00:00,12.706492,71.0
2024-11-14 01:00:00,12.580378,72.0
2024-11-14 02:00:00,10.912284,74.0
2024-11-14 03:00:00,9.1,73.0
2024-11-14 04:00:00,8.05,76.0
2024-11-14 05:00:00,9.776732,81.03
2024-11-14 06:00:00,8.523268,111.87
2024-11-14 07:00:00,14.280847,112.06
2024-11-14 08:00:00,56.96901,148.97
2024-11-14 09:00:00,84.53257,113.0
2024-11-14 10:00:00,80.75511,105.07
2024-11-14 11:00:00,77.194084,114.0
2024-11-14 12:00:00,60.582024,106.0
2024-11-14 13:00:00,74.176285,99.03
2024-11-14 14:00:00,69.68995,90.97
2024-11-14 15:00:00,53.61912,111.0
2024-11-14 16:00:00,13.612706,94.0
2024-11-14 17:00:00,12.8,94.0
2024-11-14 18:00:00,12.823268,107.93
2024-11-14 19:00:00,12.6477165,102.07
2024-11-14 20:00:00,12.610001,121.96
2024-11-14 21:00:00,10.52,108.0
2024-11-14 22:00:00,5.5122843,91.07
2024-11-14 23:00:00,5.447339,89.93
2024-11-15 00:00:00,5.873508,80.04
2024-11-15 01:00:00,5.706869,94.0
2024-11-15 02:00:00,5.6927543,98.0
2024-11-15 03:00:00,6.440377,80.0
2024-11-15 04:00:00,5.540847,89.03
2024-11-15 05:00:00,6.079477,75.97
2024-11-15 06:00:00,8.318828,113.96
2024-11-15 07:00:00,12.923347,104.0
2024-11-15 08:00:00,41.13544,112.04
2024-11-15 09:00:00,52.398525,97.0
2024-11-15 10:00:00,43.6258,84.0
2024-11-15 11:00:00,27.620667,102.93
2024-11-15 12:00:00,11.043088,60.07
2024-11-15 13:00:00,6.630148,66.03
2024-11-15 14:00:00,5.192995,68.0
2024-11-15 15:00:00,6.016122,62.93
2024-11-15 16:00:00,6.0587583,59.07
2024-11-15 17:00:00,15.565001,64.0
2024-11-15 18:00:00,15.6175,64.97
2024-11-15 19:00:00,10.2175,67.96
2024-11-15 20:00:00,5.2325,67.0
2024-11-15 21:00:00,5.4,68.04
2024-11-15 22:00:00,5.85,44.03
2024-11-15 23:00:00,4.8175,48.93
2024-11-16 00:00:00,5.1,53.07
2024-11-16 01:00:00,5.234746,54.0
2024-11-16 02:00:00,5.1151404,58.0
2024-11-16 03:00:00,5.1,52.0
2024-11-16 04:00:00,5.2325,52.0
2024-11-16 05:00:00,5.4175,54.0
2024-11-16 06:00:00,5.1,73.97
2024-11-16 07:00:00,4.8,74.96
2024-11-16 08:00:00,5.743557,67.04
2024-11-16 09:00:00,5.4124713,74.96
2024-11-16 10:00:00,5.964304,69.0
2024-11-16 11:00:00,5.692629,68.97
2024-11-16 12:00:00,5.0005903,71.07
2024-11-16 13:00:00,5.094122,68.96
2024-11-16 14:00:00,5.784708,73.04
2024-11-16 15:00:00,5.341,68.96
2024-11-16 16:00:00,6.3,82.0
2024-11-16 17:00:00,5.4175,79.0
2024-11-16 18:00:00,5.1,72.0
2024-11-16 19:00:00,5.0825,73.07
2024-11-16 20:00:00,4.95,75.0
2024-11-16 21:00:00,5.7,74.97
2024-11-16 22:00:00,5.4175,58.0
2024-11-16 23:00:00,4.8,57.03
2024-11-17 00:00:00,5.5327873,59.97
2024-11-17 01:00:00,4.9497128,65.0
2024-11-17 02:00:00,4.7610292,61.03
2024-11-17 03:00:00,5.1564713,71.93
2024-11-17 04:00:00,5.6825,64.07
2024-11-17 05:00:00,4.6675,64.0
2024-11-17 06:00:00,5.2325,98.93
2024-11-17 07:00:00,5.1175003,85.0
2024-11-17 08:00:00,5.3650618,95.0
2024-11-17 09:00:00,6.188978,94.04
2024-11-17 10:00:00,9.220366,73.96
2024-11-17 11:00:00,2.3908775,80.04
2024-11-17 12:00:00,2.7190704,77.93
2024-11-17 13:00:00,4.6422477,91.07
2024-11-17 14:00:00,5.0801406,82.96
2024-11-17 15:00:00,4.332975,86.0
2024-11-17 16:00:00,5.3429747,86.0
2024-11-17 17:00:00,5.3824997,97.0
2024-11-17 18:00:00,4.5175,93.0
2024-11-17 19:00:00,4.9325,101.0
2024-11-17 20:00:00,5.1175,100.0
2024-11-17 21:00:00,4.782787,97.04
2024-11-17 22:00:00,5.101959,72.03
2024-11-17 23:00:00,5.397754,78.9
2024-11-18 00:00:00,4.650287,86.07
2024-11-18 01:00:00,4.517213,77.96
2024-11-18 02:00:00,5.2325,79.0
2024-11-18 03:00:00,4.65,77.04
2024-11-18 04:00:00,4.9522457,86.0
2024-11-18 05:00:00,5.115254,79.03
2024-11-18 06:00:00,5.4,108.93
2024-11-18 07:00:00,21.380001,119.0
2024-11-18 08:00:00,89.70504,143.0
2024-11-18 09:00:00,89.354294,131.0
2024-11-18 10:00:00,97.754,137.97
2024-11-18 11:00:00,91.86245,146.03
2024-11-18 12:00:00,54.83317,136.0
2024-11-18 13:00:00,71.90512,150.94
2024-11-18 14:00:00,56.503654,166.06
2024-11-18 15:00:00,60.444878,164.0
2024-11-18 16:00:00,15.954623,148.97
2024-11-18 17:00:00,12.480377,125.03
2024-11-18 18:00:00,12.763131,126.97
2024-11-18 19:00:00,12.459153,126.0
2024-11-18 20:00:00,12.646339,139.0
2024-11-18 21:00:00,12.544508,134.07
2024-11-18 22:00:00,12.955492,107.03
2024-11-18 23:00:00,6.771,114.9
2024-11-19 00:00:00,5.4490004,112.07
2024-11-19 01:00:00,6.210393,114.0
2024-11-19 02:00:00,4.9809837,103.96
2024-11-19 03:00:00,5.873131,98.04
2024-11-19 04:00:00,5.855492,109.93
2024-11-19 05:00:00,6.141377,111.03
2024-11-19 06:00:00,6.169016,140.97
2024-11-19 07:00:00,12.734116,157.0
2024-11-19 08:00:00,54.223026,172.0
2024-11-19 09:00:00,70.87799,160.03
2024-11-19 10:00:00,96.777466,173.97
2024-11-19 11:00:00,75.9569,160.03
2024-11-19 12:00:00,50.27885,160.97
2024-11-19 13:00:00,71.72327,171.0
2024-11-19 14:00:00,58.11165,159.0
2024-11-19 15:00:00,47.16298,153.0
2024-11-19 16:00:00,14.514848,144.0
2024-11-19 17:00:00,12.783268,130.0
2024-11-19 18:00:00,12.477339,137.97
2024-11-19 19:00:00,12.829393,141.03
2024-11-19 20:00:00,12.734115,129.07
2024-11-19 21:00:00,12.826869,142.93
2024-11-19 22:00:00,12.719016,113.07
2024-11-19 23:00:00,12.74,102.96
2024-11-20 00:00:00,5.844115,118.97
2024-11-20 01:00:00,6.156492,121.03
2024-11-20 02:00:00,6.2462945,130.0
2024-11-20 03:00:00,6.0171013,128.97
2024-11-20 04:00:00,6.2358847,124.03
2024-11-20 05:00:00,6.4,132.0
2024-11-20 06:00:00,7.290984,151.97
2024-11-20 07:00:00,13.684784,163.0
2024-11-20 08:00:00,58.248444,180.0
2024-11-20 09:00:00,69.11511,176.0
2024-11-20 10:00:00,98.255745,168.0
2024-11-20 11:00:00,67.315056,176.03
2024-11-20 12:00:00,50.651085,161.97
2024-11-20 13:00:00,78.919495,169.0
2024-11-20 14:00:00,62.687424,177.97
2024-11-20 15:00:00,60.288918,179.03
2024-11-20 16:00:00,14.416185,165.0
2024-11-20 17:00:00,12.57,150.03
2024-11-20 18:00:00,12.564115,148.0
2024-11-20 19:00:00,12.725885,149.0
2024-11-20 20:00:00,12.58,153.97
2024-11-20 21:00:00,12.784115,155.03
2024-11-20 22:00:00,12.725885,130.07
2024-11-20 23:00:00,6.620607,141.97
2024-11-21 00:00:00,7.330377,136.93
2024-11-21 01:00:00,6.099016,145.03
2024-11-21 02:00:00,5.58235,133.97
2024-11-21 03:00:00,6.548634,130.0
2024-11-21 04:00:00,5.79,127.0
2024-11-21 05:00:00,6.668623,127.0
2024-11-21 06:00:00,7.771377,158.03
2024-11-21 07:00:00,14.303131,167.97
2024-11-21 08:00:00,63.567993,178.03
2024-11-21 09:00:00,84.66246,174.97
2024-11-21 10:00:00,87.635605,167.0
2024-11-21 11:00:00,90.66374,173.0
2024-11-21 12:00:00,46.92472,165.0
2024-11-21 13:00:00,88.01955,162.0
2024-11-21 14:00:00,62.228596,163.0
2024-11-21 15:00:00,58.55966,155.03
2024-11-21 16:00:00,14.866888,150.0
2024-11-21 17:00:00,12.440001,136.0
2024-11-21 18:00:00,12.44,138.97
2024-11-21 19:00:00,12.47,136.03
2024-11-21 20:00:00,12.330849,137.97
2024-11-21 21:00:00,12.349152,139.0
2024-11-21 22:00:00,12.5154915,119.0
2024-11-21 23:00:00,12.5245075,124.0
2024-11-22 00:00:00,12.5568695,122.0
2024-11-22 01:00:00,9.5896225,125.03
2024-11-22 02:00:00,7.053508,129.0
2024-11-22 03:00:00,7.045492,135.97
2024-11-22 04:00:00,8.080393,133.03
2024-11-22 05:00:00,8.100607,131.04001
2024-11-22 06:00:00,8.98,149.93
2024-11-22 07:00:00,13.579,164.0
2024-11-22 08:00:00,49.90831,171.0
2024-11-22 09:00:00,65.636505,166.03
2024-11-22 10:00:00,47.204617,164.97
2024-11-22 11:00:00,45.29,162.0
2024-11-22 12:00:00,24.919369,161.0
2024-11-22 13:00:00,17.659622,149.03
2024-11-22 14:00:00,13.763508,151.97
2024-11-22 15:00:00,12.809153,133.03
2024-11-22 16:00:00,12.726732,143.04001
2024-11-22 17:00:00,12.83,149.95999
2024-11-22 18:00:00,12.67,139.0
2024-11-22 19:00:00,12.719999,142.0
2024-11-22 20:00:00,12.879607,145.0
2024-11-22 21:00:00,12.641,151.97
2024-11-22 22:00:00,12.752661,126.03
2024-11-22 23:00:00,12.4377165,126.97
2024-11-23 00:00:00,11.692284,117.03
2024-11-23 01:00:00,10.487716,114.0
2024-11-23 02:00:00,12.01,119.0
2024-11-23 03:00:00,11.579016,109.0
2024-11-23 04:00:00,11.824115,102.94
2024-11-23 05:00:00,11.886869,123.100006
2024-11-23 06:00:00,12.179016,143.93
2024-11-23 07:00:00,12.043268,140.03
2024-11-23 08:00:00,11.9,143.07
2024-11-23 09:00:00,11.746733,139.9
2024-11-23 10:00:00,11.924817,132.03
2024-11-23 11:00:00,12.280206,121.0
2024-11-23 12:00:00,12.402563,131.0
2024-11-23 13:00:00,12.943529,128.97
2024-11-23 14:00:00,12.654621,125.0
2024-11-23 15:00:00,12.448865,132.07
2024-11-23 16:00:00,12.139153,141.93
2024-11-23 17:00:00,12.146732,137.03
2024-11-23 18:00:00,12.254115,130.94
2024-11-23 19:00:00,12.0968685,136.09999
2024-11-23 20:00:00,12.213456,145.95999
2024-11-23 21:00:00,15.208828,136.0
2024-11-23 22:00:00,15.327339,105.0
2024-11-23 23:00:00,14.280376,109.97
2024-11-24 00:00:00,14.573131,114.07
2024-11-24 01:00:00,14.095885,97.93
2024-11-24 02:00:00,14.540607,107.07
2024-11-24 03:00:00,15.093508,114.93
2024-11-24 04:00:00,13.905885,92.07
2024-11-24 05:00:00,14.944115,108.03
2024-11-24 06:00:00,16.705885,123.93
2024-11-24 07:00:00,15.020985,117.0
2024-11-24 08:00:00,15.099017,113.0
2024-11-24 09:00:00,14.513327,109.04
2024-11-24 10:00:00,14.907476,99.9
2024-11-24 11:00:00,18.886395,105.06
2024-11-24 12:00:00,21.836098,90.04
2024-11-24 13:00:00,19.799982,94.0
2024-11-24 14:00:00,17.063662,92.96
2024-11-24 15:00:00,13.657649,89.0
2024-11-24 16:00:00,12.084729,98.0
2024-11-24 17:00:00,12.226338,91.04
2024-11-24 18:00:00,12.19,95.0
2024-11-24 19:00:00,12.231,89.03
2024-11-24 20:00:00,12.222661,93.97
2024-11-24 21:00:00,12.220339,89.96
2024-11-24 22:00:00,13.430508,76.04
2024-11-24 23:00:00,14.71,63.03
2024-11-25 00:00:00,13.940001,66.97
2024-11-25 01:00:00,13.8,65.96
2024-11-25 02:00:00,14.686379,65.0
2024-11-25 03:00:00,14.84,64.04
2024-11-25 04:00:00,14.08,64.0
2024-11-25 05:00:00,15.283508,64.0
2024-11-25 06:00:00,16.449154,89.93
2024-11-25 07:00:00,30.534233,103.07
2024-11-25 08:00:00,75.10527,101.96
2024-11-25 09:00:00,79.28812,96.0
2024-11-25 10:00:00,95.534454,93.0
2024-11-25 11:00:00,93.9127,92.97
2024-11-25 12:00:00,59.62426,90.03
2024-11-25 13:00:00,87.89427,96.0
2024-11-25 14:00:00,72.91686,85.0
2024-11-25 15:00:00,56.995667,95.04
2024-11-25 16:00:00,15.308877,94.0
2024-11-25 17:00:00,12.639016,82.96
2024-11-25 18:00:00,12.65,90.04
2024-11-25 19:00:00,12.630607,86.03
2024-11-25 20:00:00,12.51,93.869995
2024-11-25 21:00:00,12.699393,92.06
2024-11-25 22:00:00,12.883607,76.07
2024-11-25 23:00:00,12.579661,70.97
2024-11-26 00:00:00,12.456732,77.0
2024-11-26 01:00:00,12.294115,78.0
2024-11-26 02:00:00,12.309999,77.03
2024-11-26 03:00:00,12.016869,76.0
2024-11-26 04:00:00,11.899623,80.97
2024-11-26 05:00:00,12.183508,82.96
2024-11-26 06:00:00,11.976869,109.0
2024-11-26 07:00:00,14.608623,135.04001
2024-11-26 08:00:00,58.665985,153.93
2024-11-26 09:00:00,81.02636,147.0
2024-11-26 10:00:00,93.036804,121.07
2024-11-26 11:00:00,74.96639,115.96
2024-11-26 12:00:00,51.66628,117.04
2024-11-26 13:00:00,61.81482,112.9
2024-11-26 14:00:00,55.23651,137.03
2024-11-26 15:00:00,49.883186,114.03
2024-11-26 16:00:00,14.7191515,98.04
2024-11-26 17:00:00,12.583267,88.93
2024-11-26 18:00:00,12.720847,106.03
2024-11-26 19:00:00,12.56,113.0
2024-11-26 20:00:00,12.569153,105.0
2024-11-26 21:00:00,12.600847,109.0
2024-11-26 22:00:00,12.639153,82.04
2024-11-26 23:00:00,12.41,85.03
2024-11-27 00:00:00,11.990847,92.9
2024-11-27 01:00:00,11.736492,82.0
2024-11-27 02:00:00,12.003508,96.03
2024-11-27 03:00:00,12.009153,86.04
2024-11-27 04:00:00,11.827716,84.0
2024-11-27 05:00:00,11.419016,83.0
2024-11-27 06:00:00,12.309607,135.93001
2024-11-27 07:00:00,15.150393,143.0
2024-11-27 08:00:00,72.62953,163.03
2024-11-27 09:00:00,86.092384,160.97
2024-11-27 10:00:00,106.4547,154.0
2024-11-27 11:00:00,79.34386,151.0
2024-11-27 12:00:00,53.611652,142.03
2024-11-27 13:00:00,65.826065,134.0
2024-11-27 14:00:00,50.561447,134.0
2024-11-27 15:00:00,44.322193,129.04
2024-11-27 16:00:00,15.736516,123.96
2024-11-27 17:00:00,12.514115,104.97
2024-11-27 18:00:00,12.499492,116.03
2024-11-27 19:00:00,12.607377,114.0
2024-11-27 20:00:00,13.3,101.04
2024-11-27 21:00:00,18.371124,115.93
2024-11-27 22:00:00,14.657893,84.07
2024-11-27 23:00:00,12.754115,73.0
2024-11-28 00:00:00,12.65,91.0
2024-11-28 01:00:00,12.645885,80.0
2024-11-28 02:00:00,12.509607,94.0
2024-11-28 03:00:00,12.690393,80.0
2024-11-28 04:00:00,12.314116,95.0
2024-11-28 05:00:00,12.075492,93.93
2024-11-28 06:00:00,11.61,128.0
2024-11-28 07:00:00,14.174164,133.03
2024-11-28 08:00:00,63.695587,157.97
2024-11-28 09:00:00,73.7131,149.03
2024-11-28 10:00:00,91.79188,141.97
2024-11-28 11:00:00,78.80661,153.0
2024-11-28 12:00:00,53.65333,129.07
2024-11-28 13:00:00,62.93615,136.03
2024-11-28 14:00:00,46.137646,119.9
2024-11-28 15:00:00,36.970448,128.0
2024-11-28 16:00:00,15.608661,129.0
2024-11-28 17:00:00,12.866339,111.0
2024-11-28 18:00:00,12.591,106.97
2024-11-28 19:00:00,12.539392,121.1
2024-11-28 20:00:00,12.480984,114.96
2024-11-28 21:00:00,12.7996235,112.0
2024-11-28 22:00:00,12.659393,101.04
2024-11-28 23:00:00,12.533268,83.93
2024-11-29 00:00:00,11.950847,92.07
2024-11-29 01:00:00,11.839153,90.0
2024-11-29 02:00:00,12.007492,92.0
2024-11-29 03:00:00,12.112395,105.03
2024-11-29 04:00:00,12.617716,102.97
2024-11-29 05:00:00,12.609016,114.0
2024-11-29 06:00:00,12.809607,139.93
2024-11-29 07:00:00,13.091377,157.0
2024-11-29 08:00:00,32.09278,164.0
2024-11-29 09:00:00,47.153847,159.0
2024-11-29 10:00:00,43.56852,144.03
2024-11-29 11:00:00,32.03267,132.04001
2024-11-29 12:00:00,24.139456,123.93
2024-11-29 13:00:00,22.70576,131.03
2024-11-29 14:00:00,18.578842,108.0
2024-11-29 15:00:00,13.969727,98.04
2024-11-29 16:00:00,11.647058,115.0
2024-11-29 17:00:00,10.289623,121.0
2024-11-29 18:00:00,11.980377,128.95999
2024-11-29 19:00:00,12.139016,126.97
2024-11-29 20:00:00,12.949607,124.0
2024-11-29 21:00:00,12.78,127.03
2024-11-29 22:00:00,11.994509,104.97
2024-11-29 23:00:00,11.716492,110.0
2024-11-30 00:00:00,11.859,103.07
2024-11-30 01:00:00,12.004508,101.96
2024-11-30 02:00:00,11.836868,105.97
2024-11-30 03:00:00,12.003325,108.03
2024-11-30 04:00:00,11.675692,108.04
2024-11-30 05:00:00,11.964115,116.93
2024-11-30 06:00:00,11.876869,140.03
2024-11-30 07:00:00,11.92,137.0
2024-11-30 08:00:00,12.301348,137.0
2024-11-30 09:00:00,13.843534,132.0
2024-11-30 10:00:00,15.846181,121.04
2024-11-30 11:00:00,23.63611,112.0
2024-11-30 12:00:00,23.7728,92.96
2024-11-30 13:00:00,22.284279,97.0
2024-11-30 14:00:00,17.952944,96.04
2024-11-30 15:00:00,14.05934,104.03
2024-11-30 16:00:00,13.014606,111.93
2024-11-30 17:00:00,25.3785,107.97
2024-11-30 18:00:00,24.46968,109.07
2024-11-30 19:00:00,24.619713,106.0
2024-11-30 20:00:00,23.16636,112.96
2024-11-30 21:00:00,23.804623,112.0
2024-11-30 22:00:00,24.16653,84.94
2024-11-30 23:00:00,21.359985,91.06
2024-12-01 00:00:00,22.963484,95.0
2024-12-01 01:00:00,22.973131,96.04
2024-12-01 02:00:00,22.244991,93.0
2024-12-01 03:00:00,12.618,100.0
2024-12-01 04:00:00,12.754508,107.93
2024-12-01 05:00:00,12.496869,105.03
2024-12-01 06:00:00,12.569623,140.97
2024-12-01 07:00:00,12.662661,134.07
2024-12-01 08:00:00,12.770847,128.95999
2024-12-01 09:00:00,13.285042,124.97
2024-12-01 10:00:00,15.310839,110.0
2024-12-01 11:00:00,20.381908,87.07
2024-12-01 12:00:00,21.403692,98.0
2024-12-01 13:00:00,18.817825,80.96
2024-12-01 14:00:00,17.153086,98.0
2024-12-01 15:00:00,13.792152,82.07
2024-12-01 16:00:00,12.694275,113.93
2024-12-01 17:00:00,14.887992,111.97
2024-12-01 18:00:00,24.501663,105.07
2024-12-01 19:00:00,24.058336,115.96001
2024-12-01 20:00:00,24.02445,105.94
2024-12-01 21:00:00,23.779211,111.06
2024-12-01 22:00:00,23.634232,92.04
2024-12-01 23:00:00,20.97,84.93
2024-12-02 00:00:00,23.326614,87.03
2024-12-02 01:00:00,21.090612,82.04
2024-12-02 02:00:00,21.398952,75.0
2024-12-02 03:00:00,12.6537075,95.0
2024-12-02 04:00:00,12.543268,94.0
2024-12-02 05:00:00,12.676339,99.93
2024-12-02 06:00:00,12.514507,116.03
2024-12-02 07:00:00,13.585885,132.0
2024-12-02 08:00:00,70.28961,144.04001
2024-12-02 09:00:00,65.17233,114.96
2024-12-02 10:00:00,87.02985,124.97
2024-12-02 11:00:00,75.48713,115.03
2024-12-02 12:00:00,54.5114,127.0
2024-12-02 13:00:00,79.07241,107.94
2024-12-02 14:00:00,54.49174,105.1
2024-12-02 15:00:00,47.401634,126.96
2024-12-02 16:00:00,17.045986,86.04
2024-12-02 17:00:00,12.651516,89.93
2024-12-02 18:00:00,12.528107,85.07
2024-12-02 19:00:00,12.553508,91.9
2024-12-02 20:00:00,12.549999,94.03
2024-12-02 21:00:00,12.536492,92.03
2024-12-02 22:00:00,12.7003765,73.07
2024-12-02 23:00:00,12.668623,77.93
2024-12-03 00:00:00,12.714508,74.04
2024-12-03 01:00:00,12.585492,76.0
2024-12-03 02:00:00,12.614765,74.93
2024-12-03 03:00:00,12.536499,76.07
2024-12-03 04:00:00,12.083131,75.0
2024-12-03 05:00:00,2.599492,50.96
2024-12-03 06:00:00,0.0,92.04
2024-12-03 07:00:00,17.48,113.96
2024-12-03 08:00:00,88.47177,79.07
2024-12-03 09:00:00,72.38846,100.83
2024-12-03 10:00:00,104.21511,174.07
2024-12-03 11:00:00,79.43525,134.07
2024-12-03 12:00:00,55.376694,113.93
2024-12-03 13:00:00,71.02596,140.07
2024-12-03 14:00:00,56.967648,113.0
2024-12-03 15:00:00,53.43179,124.93
2024-12-03 16:00:00,15.127107,112.07
2024-12-03 17:00:00,12.73,114.0
2024-12-03 18:00:00,12.611377,105.93
2024-12-03 19:00:00,12.629016,101.0
2024-12-03 20:00:00,12.630983,114.0
2024-12-03 21:00:00,12.809999,111.07
2024-12-03 22:00:00,12.802624,94.96
2024-12-03 23:00:00,12.220508,83.04
2024-12-04 00:00:00,12.015492,84.03
2024-12-04 01:00:00,12.023661,87.0
2024-12-04 02:00:00,11.924967,89.97
2024-12-04 03:00:00,11.58588,90.0
2024-12-04 04:00:00,11.926492,93.03
2024-12-04 05:00:00,12.119392,91.9
2024-12-04 06:00:00,12.143268,122.0
2024-12-04 07:00:00,12.816732,144.0
2024-12-04 08:00:00,70.182495,156.0
2024-12-04 09:00:00,92.70252,155.03
2024-12-04 10:00:00,94.48605,154.0
2024-12-04 11:00:00,97.9337,163.0
2024-12-04 12:00:00,61.77745,121.97
2024-12-04 13:00:00,81.65206,138.0
2024-12-04 14:00:00,71.69872,122.1
2024-12-04 15:00:00,54.58238,129.9
2024-12-04 16:00:00,17.024393,100.0
2024-12-04 17:00:00,12.490984,106.03
2024-12-04 18:00:00,12.809999,94.0
2024-12-04 19:00:00,12.51,116.04
2024-12-04 20:00:00,12.65,93.96
2024-12-04 21:00:00,12.5,108.04
2024-12-04 22:00:00,12.703131,86.96
2024-12-04 23:00:00,13.065886,86.04
2024-12-05 00:00:00,12.760984,90.93
2024-12-05 01:00:00,12.312284,88.07
2024-12-05 02:00:00,11.976339,81.0
2024-12-05 03:00:00,11.62,84.0
2024-12-05 04:00:00,11.9845085,90.0
2024-12-05 05:00:00,11.71,92.93
2024-12-05 06:00:00,11.715885,129.0
2024-12-05 07:00:00,13.48,147.0
2024-12-05 08:00:00,54.411915,146.0
2024-12-05 09:00:00,64.6126,154.0
2024-12-05 10:00:00,82.55505,144.0
2024-12-05 11:00:00,82.1661,157.03
2024-12-05 12:00:00,57.031765,143.0
2024-12-05 13:00:00,70.00406,150.0
2024-12-05 14:00:00,32.87032,130.0
2024-12-05 15:00:00,45.34874,137.04001
2024-12-05 16:00:00,13.657877,127.9
2024-12-05 17:00:00,12.2996235,123.1
2024-12-05 18:00:00,12.263833,103.93
2024-12-05 19:00:00,12.236544,123.0
2024-12-05 20:00:00,12.37,119.07
2024-12-05 21:00:00,12.32,115.96
2024-12-05 22:00:00,12.149623,93.04
2024-12-05 23:00:00,11.673508,95.93
2024-12-06 00:00:00,11.366869,89.07
2024-12-06 01:00:00,11.51,88.03
2024-12-06 02:00:00,11.535624,89.93
2024-12-06 03:00:00,11.43536,83.9
2024-12-06 04:00:00,11.42964,89.17
2024-12-06 05:00:00,11.302509,94.97
2024-12-06 06:00:00,11.73,126.96
2024-12-06 07:00:00,16.340353,133.0
2024-12-06 08:00:00,56.08925,148.04001
2024-12-06 09:00:00,67.59848,147.93
2024-12-06 10:00:00,50.197437,123.07
2024-12-06 11:00:00,36.282867,121.93
2024-12-06 12:00:00,14.92705,102.07
2024-12-06 13:00:00,14.706335,109.93
2024-12-06 14:00:00,13.263762,110.1
2024-12-06 15:00:00,12.435703,106.93
2024-12-06 16:00:00,12.300623,100.07
2024-12-06 17:00:00,12.18,108.97
2024-12-06 18:00:00,11.599,101.96
2024-12-06 19:00:00,11.780001,105.0
2024-12-06 20:00:00,11.753509,109.04
2024-12-06 21:00:00,10.559999,91.96
2024-12-06 22:00:00,11.47687,86.04
2024-12-06 23:00:00,11.66069,82.96
2024-12-07 00:00:00,11.612441,81.04
2024-12-07 01:00:00,11.466869,85.0
2024-12-07 02:00:00,11.521366,81.0
2024-12-07 03:00:00,11.538634,86.96
2024-12-07 04:00:00,11.42,86.04
2024-12-07 05:00:00,10.6931305,82.0
2024-12-07 06:00:00,11.66,118.96
2024-12-07 07:00:00,11.616869,108.0
2024-12-07 08:00:00,10.899623,103.04
2024-12-07 09:00:00,11.658225,120.0
2024-12-07 10:00:00,12.451186,113.96
2024-12-07 11:00:00,12.7704735,99.04
2024-12-07 12:00:00,12.593456,112.96
2024-12-07 13:00:00,12.919589,100.0
2024-12-07 14:00:00,11.883289,115.0
2024-12-07 15:00:00,11.71373,95.97
2024-12-07 16:00:00,11.333978,111.07
2024-12-07 17:00:00,11.446021,107.0
2024-12-07 18:00:00,11.399623,108.0
2024-12-07 19:00:00,11.583507,109.93
2024-12-07 20:00:00,11.576869,101.03
2024-12-07 21:00:00,11.59,115.0
2024-12-07 22:00:00,11.2839775,79.04
2024-12-07 23:00:00,11.985037,85.0
2024-12-08 00:00:00,11.99,79.0
2024-12-08 01:00:00,11.853268,87.96
2024-12-08 02:00:00,11.826339,85.0
2024-12-08 03:00:00,11.969999,83.97
2024-12-08 04:00:00,11.793661,86.07
2024-12-08 05:00:00,11.98634,80.0
2024-12-08 06:00:00,11.840393,107.96
2024-12-08 07:00:00,11.84,112.97
2024-12-08 08:00:00,12.127128,99.03
2024-12-08 09:00:00,12.459732,108.0
2024-12-08 10:00:00,13.196203,92.0
2024-12-08 11:00:00,13.6352,98.97
2024-12-08 12:00:00,13.700316,110.0
2024-12-08 13:00:00,14.724523,92.07
2024-12-08 14:00:00,12.5455475,109.96
2024-12-08 15:00:00,12.06258,97.0
2024-12-08 16:00:00,12.083268,100.0
2024-12-08 17:00:00,11.98634,100.07
2024-12-08 18:00:00,12.0245075,96.97
2024-12-08 19:00:00,12.046869,102.96
2024-12-08 20:00:00,11.59,100.04
2024-12-08 21:00:00,11.922284,93.93
2024-12-08 22:00:00,11.636732,90.1
2024-12-08 23:00:00,11.964115,84.97
2024-12-09 00:00:00,11.825885,84.03
2024-12-09 01:00:00,11.974115,82.93
2024-12-09 02:00:00,11.7654915,90.04
2024-12-09 03:00:00,11.790393,88.0
2024-12-09 04:00:00,11.93,86.96
2024-12-09 05:00:00,11.804115,79.07
2024-12-09 06:00:00,12.086869,123.97
2024-12-09 07:00:00,14.940164,139.93
2024-12-09 08:00:00,76.144615,160.0
2024-12-09 09:00:00,74.00459,160.0
2024-12-09 10:00:00,98.407135,193.0
2024-12-09 11:00:00,88.78821,171.0
2024-12-09 12:00:00,54.766594,160.0
2024-12-09 13:00:00,77.242134,165.0
2024-12-09 14:00:00,61.846474,156.0
2024-12-09 15:00:00,53.177555,151.03
2024-12-09 16:00:00,14.291123,116.97
2024-12-09 17:00:00,12.591377,115.03
2024-12-09 18:00:00,12.618623,101.97
2024-12-09 19:00:00,12.793661,109.03
2024-12-09 20:00:00,12.656732,116.0
2024-12-09 21:00:00,12.660606,114.0
2024-12-09 22:00:00,12.823508,96.04
2024-12-09 23:00:00,12.035492,90.0
2024-12-10 00:00:00,11.841377,88.0
2024-12-10 01:00:00,11.42,90.96
2024-12-10 02:00:00,11.82,86.04
2024-12-10 03:00:00,11.683131,88.0
2024-12-10 04:00:00,11.856869,90.0
2024-12-10 05:00:00,11.968623,88.0
2024-12-10 06:00:00,11.834508,123.93
2024-12-10 07:00:00,13.369153,139.0
2024-12-10 08:00:00,57.98271,167.0
2024-12-10 09:00:00,71.75468,164.0
2024-12-10 10:00:00,88.7823,159.0
2024-12-10 11:00:00,79.71977,160.03
2024-12-10 12:00:00,52.159565,162.97
2024-12-10 13:00:00,62.016506,168.0
2024-12-10 14:00:00,47.260838,159.03
2024-12-10 15:00:00,45.527905,153.97
2024-12-10 16:00:00,15.059114,148.0
2024-12-10 17:00:00,12.739153,118.0
2024-12-10 18:00:00,12.437339,131.0
2024-12-10 19:00:00,12.383509,128.0
2024-12-10 20:00:00,12.466492,123.03
2024-12-10 21:00:00,12.34,131.04
2024-12-10 22:00:00,12.63,94.93
2024-12-10 23:00:00,11.880377,95.1
2024-12-11 00:00:00,11.593456,95.97
2024-12-11 01:00:00,11.729675,96.0
2024-12-11 02:00:00,11.6144285,96.93
2024-12-11 03:00:00,11.702438,98.03
2024-12-11 04:00:00,11.873131,97.04
2024-12-11 05:00:00,11.300848,105.0
2024-12-11 06:00:00,12.035645,146.93
2024-12-11 07:00:00,21.901253,154.94
2024-12-11 08:00:00,45.00814,166.06
2024-12-11 09:00:00,55.300636,166.0
2024-12-11 10:00:00,69.853836,172.0
2024-12-11 11:00:00,72.531235,177.0
2024-12-11 12:00:00,50.79081,167.0
2024-12-11 13:00:00,70.161224,174.0
2024-12-11 14:00:00,60.239807,162.03
2024-12-11 15:00:00,68.06611,153.97
2024-12-11 16:00:00,16.31884,142.03
2024-12-11 17:00:00,12.530394,143.0
2024-12-11 18:00:00,12.510984,139.0
2024-12-11 19:00:00,12.5290165,136.97
2024-12-11 20:00:00,12.694115,126.03
2024-12-11 21:00:00,12.690325,142.0
2024-12-11 22:00:00,12.398828,98.0
2024-12-11 23:00:00,12.607716,98.04
2024-12-12 00:00:00,12.5290165,96.93
2024-12-12 01:00:00,12.810607,96.03
2024-12-12 02:00:00,12.522661,93.0
2024-12-12 03:00:00,12.517339,93.0
2024-12-12 04:00:00,12.653508,97.04
2024-12-12 05:00:00,12.52,92.93
2024-12-12 06:00:00,12.820194,135.03
2024-12-12 07:00:00,17.838192,147.0
2024-12-12 08:00:00,61.7875,149.0
2024-12-12 09:00:00,73.0309,146.0
2024-12-12 10:00:00,97.89945,137.0
2024-12-12 11:00:00,59.534676,152.0
2024-12-12 12:00:00,48.62678,147.0
2024-12-12 13:00:00,66.460144,147.97
2024-12-12 14:00:00,60.162704,147.03
2024-12-12 15:00:00,49.250454,146.0
2024-12-12 16:00:00,24.124,145.97
2024-12-12 17:00:00,18.053877,114.07
2024-12-12 18:00:00,16.130001,123.96
2024-12-12 19:00:00,16.166515,128.97
2024-12-12 20:00:00,16.062107,116.03
2024-12-12 21:00:00,15.938877,112.0
2024-12-12 22:00:00,15.399623,94.04
2024-12-12 23:00:00,15.253833,90.96
2024-12-13 00:00:00,14.976543,96.04
2024-12-13 01:00:00,14.983131,87.96
2024-12-13 02:00:00,14.387992,109.0
2024-12-13 03:00:00,14.322008,109.07
2024-12-13 04:00:00,15.925885,111.9
2024-12-13 05:00:00,15.469607,108.07
2024-12-13 06:00:00,17.690393,148.93
2024-12-13 07:00:00,36.270985,160.0
2024-12-13 08:00:00,67.49362,164.03
2024-12-13 09:00:00,81.54822,170.0
2024-12-13 10:00:00,69.65718,167.97
2024-12-13 11:00:00,51.000896,155.03
2024-12-13 12:00:00,24.124695,147.97
2024-12-13 13:00:00,17.507084,145.03
2024-12-13 14:00:00,15.897663,133.97
2024-12-13 15:00:00,15.873414,128.03
2024-12-13 16:00:00,17.436869,131.0
2024-12-13 17:00:00,15.799016,127.97
2024-12-13 18:00:00,16.362787,129.03
2024-12-13 19:00:00,16.227821,125.97
2024-12-13 20:00:00,15.726008,133.03
2024-12-13 21:00:00,15.283992,127.97
2024-12-13 22:00:00,15.780376,104.07
2024-12-13 23:00:00,14.623131,94.0
2024-12-14 00:00:00,14.74,111.93
2024-12-14 01:00:00,15.03,108.07
2024-12-14 02:00:00,14.705885,111.96
2024-12-14 03:00:00,14.690001,107.04
2024-12-14 04:00:00,14.294115,112.0
2024-12-14 05:00:00,13.515885,109.96
2024-12-14 06:00:00,12.560607,140.97
2024-12-14 07:00:00,16.243834,140.03
2024-12-14 08:00:00,16.629675,141.0
2024-12-14 09:00:00,15.703816,139.0
2024-12-14 10:00:00,15.475949,134.97
2024-12-14 11:00:00,15.583435,130.1
2024-12-14 12:00:00,15.943021,138.93001
2024-12-14 13:00:00,15.994204,131.0
2024-12-14 14:00:00,15.786189,120.0
2024-12-14 15:00:00,15.1282425,117.04
2024-12-14 16:00:00,16.840607,114.0
2024-12-14 17:00:00,15.813508,109.93
2024-12-14 18:00:00,16.125885,119.07
2024-12-14 19:00:00,15.980984,133.03
2024-12-14 20:00:00,16.139015,134.9
2024-12-14 21:00:00,15.664115,123.07
2024-12-14 22:00:00,15.999153,94.0
2024-12-14 23:00:00,14.350662,97.93
2024-12-15 00:00:00,14.69607,100.0
2024-12-15 01:00:00,15.139606,98.1
2024-12-15 02:00:00,14.603661,98.97
2024-12-15 03:00:00,14.217339,109.93
2024-12-15 04:00:00,15.249001,93.0
2024-12-15 05:00:00,13.0,92.03
2024-12-15 06:00:00,12.761377,139.0
2024-12-15 07:00:00,15.248623,132.04001
2024-12-15 08:00:00,17.11366,115.0
2024-12-15 09:00:00,15.86356,117.96
2024-12-15 10:00:00,15.0944,105.0
2024-12-15 11:00:00,15.603178,103.04
2024-12-15 12:00:00,14.767694,91.0
2024-12-15 13:00:00,14.379321,104.0
2024-12-15 14:00:00,14.555259,92.0
2024-12-15 15:00:00,14.407152,95.0
2024-12-15 16:00:00,15.3764925,94.03
2024-12-15 17:00:00,15.973509,90.97
2024-12-15 18:00:00,15.816869,87.0
2024-12-15 19:00:00,15.810984,82.96
2024-12-15 20:00:00,16.7513,90.04
2024-12-15 21:00:00,15.609232,79.0
2024-12-15 22:00:00,15.478107,74.0
2024-12-15 23:00:00,15.042662,70.0
2024-12-16 00:00:00,14.870848,66.0
2024-12-16 01:00:00,14.429153,64.0
2024-12-16 02:00:00,15.607339,70.0
2024-12-16 03:00:00,14.592661,66.0
2024-12-16 04:00:00,14.896339,63.03
2024-12-16 05:00:00,12.930393,63.97
2024-12-16 06:00:00,12.61,95.0
2024-12-16 07:00:00,35.869343,90.96
2024-12-16 08:00:00,67.31566,107.04
2024-12-16 09:00:00,81.77393,106.93
2024-12-16 10:00:00,102.48942,112.0
2024-12-16 11:00:00,84.009384,149.03
2024-12-16 12:00:00,65.897316,99.0
2024-12-16 13:00:00,77.80675,99.07
2024-12-16 14:00:00,62.524975,98.97
2024-12-16 15:00:00,53.753708,98.0
2024-12-16 16:00:00,21.231869,96.96
2024-12-16 17:00:00,17.573132,88.04
2024-12-16 18:00:00,15.765884,100.93
2024-12-16 19:00:00,15.760984,100.07
2024-12-16 20:00:00,16.669622,93.0
2024-12-16 21:00:00,16.336008,96.96
2024-12-16 22:00:00,15.332993,80.0
2024-12-16 23:00:00,15.093661,69.04
2024-12-17 00:00:00,14.366732,75.0
2024-12-17 01:00:00,14.53,74.0
2024-12-17 02:00:00,15.280607,73.0
2024-12-17 03:00:00,14.673508,74.0
2024-12-17 04:00:00,14.816492,75.0
2024-12-17 05:00:00,13.179393,73.0
2024-12-17 06:00:00,12.507892,114.03
2024-12-17 07:00:00,33.477715,94.87
2024-12-17 08:00:00,75.469475,107.1
2024-12-17 09:00:00,77.4428,94.96
2024-12-17 10:00:00,110.721176,98.07
2024-12-17 11:00:00,96.97795,99.97
2024-12-17 12:00:00,76.75078,81.03
2024-12-17 13:00:00,83.9615,108.93
2024-12-17 14:00:00,55.359795,99.04
2024-12-17 15:00:00,40.046894,98.0
2024-12-17 16:00:00,16.0275,100.0
2024-12-17 17:00:00,15.100607,90.0
2024-12-17 18:00:00,12.429393,82.93
2024-12-17 19:00:00,12.530984,94.07
2024-12-17 20:00:00,12.659623,103.0
2024-12-17 21:00:00,12.642661,99.96
2024-12-17 22:00:00,12.457339,81.04
2024-12-17 23:00:00,12.46,76.96
2024-12-18 00:00:00,12.490377,77.04
2024-12-18 01:00:00,12.159018,82.96
2024-12-18 02:00:00,11.779685,79.0
2024-12-18 03:00:00,11.434429,80.07
2024-12-18 04:00:00,12.206869,84.93
2024-12-18 05:00:00,12.793131,78.0
2024-12-18 06:00:00,12.639492,102.97
2024-12-18 07:00:00,18.33918,117.03
2024-12-18 08:00:00,70.84032,113.97
2024-12-18 09:00:00,68.92311,108.0
2024-12-18 10:00:00,104.25112,123.03
2024-12-18 11:00:00,59.091396,107.04
2024-12-18 12:00:00,46.53261,103.93
2024-12-18 13:00:00,57.851315,108.07
2024-12-18 14:00:00,48.56047,108.93
2024-12-18 15:00:00,50.29491,107.0
2024-12-18 16:00:00,32.32199,87.07
2024-12-18 17:00:00,35.659348,83.93
2024-12-18 18:00:00,31.751,78.07
2024-12-18 19:00:00,21.963509,77.0
2024-12-18 20:00:00,21.485886,77.03
2024-12-18 21:00:00,22.381615,78.97
2024-12-18 22:00:00,17.049152,70.0
2024-12-18 23:00:00,15.847339,63.0
2024-12-19 00:00:00,14.470377,63.0
2024-12-19 01:00:00,14.9,64.0
2024-12-19 02:00:00,14.918236,66.96
2024-12-19 03:00:00,12.664896,68.04
2024-12-19 04:00:00,12.38,72.0
2024-12-19 05:00:00,12.389999,74.96
2024-12-19 06:00:00,12.626869,108.04
2024-12-19 07:00:00,13.109623,98.0
2024-12-19 08:00:00,41.8515,109.9
2024-12-19 09:00:00,51.97367,114.06
2024-12-19 10:00:00,72.00729,108.97
2024-12-19 11:00:00,47.273632,108.03
2024-12-19 12:00:00,43.493645,131.0
2024-12-19 13:00:00,40.92009,129.0
2024-12-19 14:00:00,35.65438,117.97
2024-12-19 15:00:00,25.7554,119.07
2024-12-19 16:00:00,13.781377,114.93
2024-12-19 17:00:00,12.548623,114.0
2024-12-19 18:00:00,12.61,116.03
2024-12-19 19:00:00,12.704508,130.0
2024-12-19 20:00:00,12.54,116.97
2024-12-19 21:00:00,12.696492,118.03
2024-12-19 22:00:00,12.52,89.04
2024-12-19 23:00:00,12.639,89.0
2024-12-20 00:00:00,12.020393,94.96
2024-12-20 01:00:00,11.91,90.04
2024-12-20 02:00:00,11.949607,90.0
2024-12-20 03:00:00,11.853661,91.0
2024-12-20 04:00:00,12.116732,92.96
2024-12-20 05:00:00,12.0,87.04
2024-12-20 06:00:00,12.120607,139.93
2024-12-20 07:00:00,14.942661,153.03
2024-12-20 08:00:00,35.010113,151.97
2024-12-20 09:00:00,32.638474,142.0
2024-12-20 10:00:00,40.38802,149.0
2024-12-20 11:00:00,24.401768,153.0
2024-12-20 12:00:00,21.736118,104.0
2024-12-20 13:00:00,18.281307,106.96
2024-12-20 14:00:00,16.710665,119.07
2024-12-20 15:00:00,12.703797,106.07
2024-12-20 16:00:00,12.420607,106.0
2024-12-20 17:00:00,12.753508,102.9
2024-12-20 18:00:00,12.605885,90.07
2024-12-20 19:00:00,22.314606,94.96
2024-12-20 20:00:00,21.8075,85.04
2024-12-20 21:00:00,23.534508,95.0
2024-12-20 22:00:00,21.9075,85.0
2024-12-20 23:00:00,20.620325,78.0
2024-12-21 00:00:00,20.823574,74.0
2024-12-21 01:00:00,18.601986,81.96
2024-12-21 02:00:00,15.001065,81.04
2024-12-21 03:00:00,12.838935,85.0
2024-12-21 04:00:00,12.504115,96.96
2024-12-21 05:00:00,12.539153,86.0
2024-12-21 06:00:00,12.357339,113.04
2024-12-21 07:00:00,12.62,115.96
2024-12-21 08:00:00,12.49,116.0
2024-12-21 09:00:00,12.386465,102.04
2024-12-21 10:00:00,13.470308,102.0
2024-12-21 11:00:00,14.3207655,93.0
2024-12-21 12:00:00,13.270471,98.0
2024-12-21 13:00:00,13.076338,91.93
2024-12-21 14:00:00,12.787457,100.07
2024-12-21 15:00:00,11.700073,98.0
2024-12-21 16:00:00,12.356869,100.96
2024-12-21 17:00:00,15.306243,88.04
2024-12-21 18:00:00,25.328756,77.0
2024-12-21 19:00:00,32.510574,80.0
2024-12-21 20:00:00,32.35256,79.93
2024-12-21 21:00:00,32.92,79.1
2024-12-21 22:00:00,32.58023,67.97
2024-12-21 23:00:00,30.366262,56.0
2024-12-22 00:00:00,25.128164,68.96
2024-12-22 01:00:00,23.753693,72.04
2024-12-22 02:00:00,26.669426,69.03
2024-12-22 03:00:00,12.443981,79.899994
2024-12-22 04:00:00,12.403979,92.03
2024-12-22 05:00:00,12.095644,82.97
2024-12-22 06:00:00,12.4103775,141.03
2024-12-22 07:00:00,12.389999,139.97
2024-12-22 08:00:00,12.26,137.03
2024-12-22 09:00:00,12.1927,125.97
2024-12-22 10:00:00,12.262918,118.03
2024-12-22 11:00:00,14.186331,128.97
2024-12-22 12:00:00,14.2642,96.1
2024-12-22 13:00:00,13.872181,105.9
2024-12-22 14:00:00,12.670102,112.07
2024-12-22 15:00:00,11.966785,110.93
2024-12-22 16:00:00,11.690325,112.0
2024-12-22 17:00:00,11.886168,115.03
2024-12-22 18:00:00,10.87,133.97
2024-12-22 19:00:00,11.433508,131.03
2024-12-22 20:00:00,11.89,122.07
2024-12-22 21:00:00,11.626869,120.87
2024-12-22 22:00:00,11.769016,96.1
2024-12-22 23:00:00,11.8,105.0
2024-12-23 00:00:00,11.510984,102.96
2024-12-23 01:00:00,11.788623,85.04
2024-12-23 02:00:00,11.548628,99.96
2024-12-23 03:00:00,11.775249,96.0
2024-12-23 04:00:00,11.8875,92.04
2024-12-23 05:00:00,11.338623,82.96
2024-12-23 06:00:00,11.641,129.97
2024-12-23 07:00:00,11.643508,125.0
2024-12-23 08:00:00,11.725885,121.03
2024-12-23 09:00:00,12.688418,120.97
2024-12-23 10:00:00,14.644032,118.07
2024-12-23 11:00:00,14.132528,105.0
2024-12-23 12:00:00,20.611559,99.93
2024-12-23 13:00:00,18.447376,103.03
2024-12-23 14:00:00,16.386633,94.04
2024-12-23 15:00:00,12.701708,108.96
2024-12-23 16:00:00,11.91205,117.97
2024-12-23 17:00:00,11.923267,123.97
2024-12-23 18:00:00,11.296732,131.06
2024-12-23 19:00:00,11.953268,124.07
2024-12-23 20:00:00,12.137716,120.93
2024-12-23 21:00:00,12.129016,128.0
2024-12-23 22:00:00,12.054115,99.04
2024-12-23 23:00:00,11.825885,101.0
2024-12-24 00:00:00,11.860984,115.9
2024-12-24 01:00:00,11.893131,112.1
2024-12-24 02:00:00,11.776869,115.96
2024-12-24 03:00:00,12.059016,104.0
2024-12-24 04:00:00,11.793607,121.97
2024-12-24 05:00:00,11.809661,113.03
2024-12-24 06:00:00,12.266731,144.97
2024-12-24 07:00:00,11.943268,151.03
2024-12-24 08:00:00,11.546732,141.97
2024-12-24 09:00:00,13.253386,149.03
2024-12-24 10:00:00,15.022917,135.0
2024-12-24 11:00:00,16.288767,134.0
2024-12-24 12:00:00,15.862551,102.97
2024-12-24 13:00:00,14.804647,96.97
2024-12-24 14:00:00,13.226506,112.1
2024-12-24 15:00:00,12.520752,100.0
2024-12-24 16:00:00,11.930847,118.93
2024-12-24 17:00:00,11.8,104.07
2024-12-24 18:00:00,11.646869,100.96
2024-12-24 19:00:00,10.439623,109.04
2024-12-24 20:00:00,12.04,110.96
2024-12-24 21:00:00,11.773508,99.97
2024-12-24 22:00:00,11.64,89.07
2024-12-24 23:00:00,11.769154,86.0
2024-12-25 00:00:00,11.936338,82.0
2024-12-25 01:00:00,11.6413765,82.0
2024-12-25 02:00:00,11.66,89.96
2024-12-25 03:00:00,11.503131,86.0
2024-12-25 04:00:00,11.65,76.07
2024-12-25 05:00:00,11.699152,88.0
2024-12-25 06:00:00,11.010847,120.0
2024-12-25 07:00:00,11.49,113.9
2024-12-25 08:00:00,12.136869,114.03
2024-12-25 09:00:00,12.119047,112.97
2024-12-25 10:00:00,13.346264,97.07
2024-12-25 11:00:00,13.644682,103.93
2024-12-25 12:00:00,13.950071,94.0
2024-12-25 13:00:00,13.106644,105.0
2024-12-25 14:00:00,13.134503,89.1
2024-12-25 15:00:00,12.09967,105.93
2024-12-25 16:00:00,11.759,85.0
2024-12-25 17:00:00,11.74,94.04
2024-12-25 18:00:00,12.161,86.0
2024-12-25 19:00:00,11.023,84.03
2024-12-25 20:00:00,11.717,96.899994
2024-12-25 21:00:00,11.783508,85.0
2024-12-25 22:00:00,11.519153,83.1
2024-12-25 23:00:00,11.450847,71.9
2024-12-26 00:00:00,11.915885,70.07
2024-12-26 01:00:00,11.920607,72.03
2024-12-26 02:00:00,11.617519,74.97
2024-12-26 03:00:00,11.6014805,74.0
2024-12-26 04:00:00,11.6310005,72.96
2024-12-26 05:00:00,11.210377,74.04
2024-12-26 06:00:00,11.49,96.96
2024-12-26 07:00:00,11.908623,114.0
2024-12-26 08:00:00,11.841001,98.04
2024-12-26 09:00:00,11.720408,108.0
2024-12-26 10:00:00,12.474193,97.96
2024-12-26 11:00:00,12.993721,104.0
2024-12-26 12:00:00,13.31311,102.97
2024-12-26 13:00:00,13.016127,92.07
2024-12-26 14:00:00,12.347034,96.96
2024-12-26 15:00:00,11.971194,104.04
2024-12-26 16:00:00,12.190001,104.0
2024-12-26 17:00:00,11.74444,90.0
2024-12-26 18:00:00,11.886544,95.0
2024-12-26 19:00:00,11.263131,85.0
2024-12-26 20:00:00,12.036869,101.96
2024-12-26 21:00:00,11.732285,100.97
2024-12-26 22:00:00,11.716339,74.03
2024-12-26 23:00:00,12.310393,75.07
2024-12-27 00:00:00,11.760607,71.97
2024-12-27 01:00:00,11.92,81.0
2024-12-27 02:00:00,11.920377,80.93
2024-12-27 03:00:00,11.799016,76.03
2024-12-27 04:00:00,11.749607,84.04
2024-12-27 05:00:00,11.871,77.03
2024-12-27 06:00:00,12.150377,87.93
2024-12-27 07:00:00,11.722284,87.97
2024-12-27 08:00:00,11.896732,90.07
2024-12-27 09:00:00,12.873084,89.0
2024-12-27 10:00:00,13.879353,94.03
2024-12-27 11:00:00,13.530241,88.97
2024-12-27 12:00:00,14.889094,92.9
2024-12-27 13:00:00,13.945756,89.1
2024-12-27 14:00:00,13.406069,92.93
2024-12-27 15:00:00,12.367811,90.07
2024-12-27 16:00:00,11.948624,88.96
2024-12-27 17:00:00,12.061377,94.0
2024-12-27 18:00:00,12.098623,88.04
2024-12-27 19:00:00,12.094833,90.0
2024-12-27 20:00:00,11.968828,94.9
2024-12-27 21:00:00,11.816732,90.1
2024-12-27 22:00:00,12.284115,90.96
2024-12-27 23:00:00,11.756492,91.07
2024-12-28 00:00:00,11.803508,94.97
2024-12-28 01:00:00,11.926869,91.0
2024-12-28 02:00:00,11.968623,90.93
2024-12-28 03:00:00,11.834508,93.1
2024-12-28 04:00:00,11.836869,89.0
2024-12-28 05:00:00,11.6931305,91.93
2024-12-28 06:00:00,12.076492,94.04
2024-12-28 07:00:00,12.010377,90.0
2024-12-28 08:00:00,11.809999,96.0
2024-12-28 09:00:00,12.23511,90.0
2024-12-28 10:00:00,13.317327,95.9
2024-12-28 11:00:00,13.855616,91.1
2024-12-28 12:00:00,13.999533,90.0
2024-12-28 13:00:00,13.8635435,96.0
2024-12-28 14:00:00,13.26345,91.0
2024-12-28 15:00:00,12.591812,93.9
2024-12-28 16:00:00,11.768569,92.130005
2024-12-28 17:00:00,11.973131,90.97
2024-12-28 18:00:00,12.826869,95.9
2024-12-28 19:00:00,12.422623,91.1
2024-12-28 20:00:00,24.1795,90.0
2024-12-28 21:00:00,23.975754,93.96
2024-12-28 22:00:00,24.537754,91.04
2024-12-28 23:00:00,23.316868,89.0
2024-12-29 00:00:00,23.173742,94.0
2024-12-29 01:00:00,22.84588,89.0
2024-12-29 02:00:00,23.9175,94.96
2024-12-29 03:00:00,12.57,89.04
2024-12-29 04:00:00,12.68,96.9
2024-12-29 05:00:00,12.499393,92.130005
2024-12-29 06:00:00,12.480984,94.9
2024-12-29 07:00:00,12.613131,96.07
2024-12-29 08:00:00,12.496492,93.0
2024-12-29 09:00:00,12.08884,94.93
2024-12-29 10:00:00,12.909433,96.07
2024-12-29 11:00:00,13.3444805,92.0
2024-12-29 12:00:00,13.196406,95.86
2024-12-29 13:00:00,12.952792,96.07
2024-12-29 14:00:00,13.119029,183.03
2024-12-29 15:00:00,12.61537,128.04001
2024-12-29 16:00:00,12.686869,125.03
2024-12-29 17:00:00,12.188623,116.93
2024-12-29 18:00:00,11.971376,107.04
2024-12-29 19:00:00,11.809999,113.0
2024-12-29 20:00:00,12.238623,108.93
2024-12-29 21:00:00,12.091377,105.07
2024-12-29 22:00:00,11.809623,86.93
2024-12-29 23:00:00,12.073508,80.03
2024-12-30 00:00:00,11.796869,89.04
2024-12-30 01:00:00,11.809015,87.0
2024-12-30 02:00:00,11.669607,83.0
2024-12-30 03:00:00,11.830393,92.96
2024-12-30 04:00:00,11.890607,78.04
2024-12-30 05:00:00,11.633508,90.96
2024-12-30 06:00:00,11.955492,111.04
2024-12-30 07:00:00,11.8145075,123.96
2024-12-30 08:00:00,11.625885,106.0
2024-12-30 09:00:00,12.286972,117.04
2024-12-30 10:00:00,13.270239,102.0
2024-12-30 11:00:00,13.526806,109.96
2024-12-30 12:00:00,13.033036,97.04
2024-12-30 13:00:00,12.732019,114.0
2024-12-30 14:00:00,12.538988,97.03
2024-12-30 15:00:00,12.00617,111.93
2024-12-30 16:00:00,12.0199995,104.0
2024-12-30 17:00:00,11.58,105.07
2024-12-30 18:00:00,11.753268,91.9
2024-12-30 19:00:00,11.889999,106.07
2024-12-30 20:00:00,11.766339,88.0
2024-12-30 21:00:00,12.04,108.96
2024-12-30 22:00:00,12.11,78.04
2024-12-30 23:00:00,11.964,79.96
2024-12-31 00:00:00,11.660508,78.04
2024-12-31 01:00:00,11.965492,84.93
2024-12-31 02:00:00,11.824508,82.0
2024-12-31 03:00:00,11.906492,83.07
2024-12-31 04:00:00,11.909393,82.93
2024-12-31 05:00:00,11.91,84.0
2024-12-31 06:00:00,11.483268,107.03
2024-12-31 07:00:00,12.126732,126.0
2024-12-31 08:00:00,11.930607,108.0
2024-12-31 09:00:00,12.180453,112.0
2024-12-31 10:00:00,12.701759,98.0
2024-12-31 11:00:00,12.402739,109.07
2024-12-31 12:00:00,12.5836315,103.93
2024-12-31 13:00:00,12.602053,119.97
2024-12-31 14:00:00,12.046406,101.07
2024-12-31 15:00:00,11.931637,126.96
2024-12-31 16:00:00,12.099016,114.97
2024-12-31 17:00:00,11.783268,114.0
2024-12-31 18:00:00,12.0267315,114.0
2024-12-31 19:00:00,12.194115,110.03
2024-12-31 20:00:00,11.726492,110.07
2024-12-31 21:00:00,12.12,117.93
2024-12-31 22:00:00,11.380377,82.04
2024-12-31 23:00:00,12.73,87.96
