"MUC_6891d0803fab:00000001-255-255:PV Erzeugung_Aktuelle erzeugte Leistung",W
Zeit,Wert,Orginalwert
"01.01.2024 00:00",0.000,
"01.01.2024 00:15",0.000,
"01.01.2024 00:30",0.000,
"01.01.2024 00:45",0.000,
"01.01.2024 01:00",0.000,
"01.01.2024 01:15",0.000,
"01.01.2024 01:30",0.000,
"01.01.2024 01:45",0.000,
"01.01.2024 02:00",0.000,
"01.01.2024 02:15",0.000,
"01.01.2024 02:30",0.000,
"01.01.2024 02:45",0.000,
"01.01.2024 03:00",0.000,
"01.01.2024 03:15",0.000,
"01.01.2024 03:30",0.000,
"01.01.2024 03:45",0.000,
"01.01.2024 04:00",0.000,
"01.01.2024 04:15",0.000,
"01.01.2024 04:30",0.000,
"01.01.2024 04:45",0.000,
"01.01.2024 05:00",0.000,
"01.01.2024 05:15",0.000,
"01.01.2024 05:30",0.000,
"01.01.2024 05:45",0.000,
"01.01.2024 06:00",0.000,
"01.01.2024 06:15",0.000,
"01.01.2024 06:30",0.000,
"01.01.2024 06:45",0.000,
"01.01.2024 07:00",0.000,
"01.01.2024 07:15",0.000,
"01.01.2024 07:30",0.000,
"01.01.2024 07:45",0.000,
"01.01.2024 08:00",0.000,
"01.01.2024 08:15",0.000,
"01.01.2024 08:30",0.000,
"01.01.2024 08:45",0.000,
"01.01.2024 09:00",0.000,
"01.01.2024 09:15",185.100,
"01.01.2024 09:30",435.016,
"01.01.2024 09:45",493.900,
"01.01.2024 10:00",785.902,
"01.01.2024 10:15",749.900,
"01.01.2024 10:30",1417.000,
"01.01.2024 10:45",1245.918,
"01.01.2024 11:00",1970.900,
"01.01.2024 11:15",1844.900,
"01.01.2024 11:30",1091.656,
"01.01.2024 11:45",1517.066,
"01.01.2024 12:00",2297.000,
"01.01.2024 12:15",4826.800,
"01.01.2024 12:30",3971.754,
"01.01.2024 12:45",1882.100,
"01.01.2024 13:00",2506.424,
"01.01.2024 13:15",2013.119,
"01.01.2024 13:30",1028.100,
"01.01.2024 13:45",1586.300,
"01.01.2024 14:00",1489.180,
"01.01.2024 14:15",4241.900,
"01.01.2024 14:30",2976.729,
"01.01.2024 14:45",1252.100,
"01.01.2024 15:00",347.902,
"01.01.2024 15:15",553.100,
"01.01.2024 15:30",121.400,
"01.01.2024 15:45",0.000,
"01.01.2024 16:00",0.000,
"01.01.2024 16:15",0.000,
"01.01.2024 16:30",0.000,
"01.01.2024 16:45",0.000,
"01.01.2024 17:00",0.000,
"01.01.2024 17:15",0.000,
"01.01.2024 17:30",0.000,
"01.01.2024 17:45",0.000,
"01.01.2024 18:00",0.000,
"01.01.2024 18:15",0.000,
"01.01.2024 18:30",0.000,
"01.01.2024 18:45",0.000,
"01.01.2024 19:00",0.000,
"01.01.2024 19:15",0.000,
"01.01.2024 19:30",0.000,
"01.01.2024 19:45",0.000,
"01.01.2024 20:00",0.000,
"01.01.2024 20:15",0.000,
"01.01.2024 20:30",0.000,
"01.01.2024 20:45",0.000,
"01.01.2024 21:00",0.000,
"01.01.2024 21:15",0.000,
"01.01.2024 21:30",0.000,
"01.01.2024 21:45",0.000,
"01.01.2024 22:00",0.000,
"01.01.2024 22:15",0.000,
"01.01.2024 22:30",0.000,
"01.01.2024 22:45",0.000,
"01.01.2024 23:00",0.000,
"01.01.2024 23:15",0.000,
"01.01.2024 23:30",0.000,
"01.01.2024 23:45",0.000,
"02.01.2024 00:00",0.000,
"02.01.2024 00:15",0.000,
"02.01.2024 00:30",0.000,
"02.01.2024 00:45",0.000,
"02.01.2024 01:00",0.000,
"02.01.2024 01:15",0.000,
"02.01.2024 01:30",0.000,
"02.01.2024 01:45",0.000,
"02.01.2024 02:00",0.000,
"02.01.2024 02:15",0.000,
"02.01.2024 02:30",0.000,
"02.01.2024 02:45",0.000,
"02.01.2024 03:00",0.000,
"02.01.2024 03:15",0.000,
"02.01.2024 03:30",0.000,
"02.01.2024 03:45",0.000,
"02.01.2024 04:00",0.000,
"02.01.2024 04:15",0.000,
"02.01.2024 04:30",0.000,
"02.01.2024 04:45",0.000,
"02.01.2024 05:00",0.000,
"02.01.2024 05:15",0.000,
"02.01.2024 05:30",0.000,
"02.01.2024 05:45",0.000,
"02.01.2024 06:00",0.000,
"02.01.2024 06:15",0.000,
"02.01.2024 06:30",0.000,
"02.01.2024 06:45",0.000,
"02.01.2024 07:00",0.000,
"02.01.2024 07:15",0.000,
"02.01.2024 07:30",0.000,
"02.01.2024 07:45",0.000,
"02.01.2024 08:00",0.000,
"02.01.2024 08:15",0.000,
"02.01.2024 08:30",0.000,
"02.01.2024 08:45",0.000,
"02.01.2024 09:00",0.000,
"02.01.2024 09:15",0.000,
"02.01.2024 09:30",388.100,
"02.01.2024 09:45",398.700,
"02.01.2024 10:00",338.200,
"02.01.2024 10:15",898.000,
"02.01.2024 10:30",1939.700,
"02.01.2024 10:45",2123.458,
"02.01.2024 11:00",2459.000,
"02.01.2024 11:15",2819.700,
"02.01.2024 11:30",2144.627,
"02.01.2024 11:45",1363.000,
"02.01.2024 12:00",1087.000,
"02.01.2024 12:15",1620.898,
"02.01.2024 12:30",2246.000,
"02.01.2024 12:45",2983.197,
"02.01.2024 13:00",2120.344,
"02.01.2024 13:15",1626.100,
"02.01.2024 13:30",2404.000,
"02.01.2024 13:45",2365.000,
"02.01.2024 14:00",2767.475,
"02.01.2024 14:15",1286.000,
"02.01.2024 14:30",776.885,
"02.01.2024 14:45",1102.984,
"02.01.2024 15:00",716.915,
"02.01.2024 15:15",483.900,
"02.01.2024 15:30",422.100,
"02.01.2024 15:45",0.000,
"02.01.2024 16:00",0.000,
"02.01.2024 16:15",0.000,
"02.01.2024 16:30",0.000,
"02.01.2024 16:45",0.000,
"02.01.2024 17:00",0.000,
"02.01.2024 17:15",0.000,
"02.01.2024 17:30",0.000,
"02.01.2024 17:45",0.000,
"02.01.2024 18:00",0.000,
"02.01.2024 18:15",0.000,
"02.01.2024 18:30",0.000,
"02.01.2024 18:45",0.000,
"02.01.2024 19:00",0.000,
"02.01.2024 19:15",0.000,
"02.01.2024 19:30",0.000,
"02.01.2024 19:45",0.000,
"02.01.2024 20:00",0.000,
"02.01.2024 20:15",0.000,
"02.01.2024 20:30",0.000,
"02.01.2024 20:45",0.000,
"02.01.2024 21:00",0.000,
"02.01.2024 21:15",0.000,
"02.01.2024 21:30",0.000,
"02.01.2024 21:45",0.000,
"02.01.2024 22:00",0.000,
"02.01.2024 22:15",0.000,
"02.01.2024 22:30",0.000,
"02.01.2024 22:45",0.000,
"02.01.2024 23:00",0.000,
"02.01.2024 23:15",0.000,
"02.01.2024 23:30",0.000,
"02.01.2024 23:45",0.000,
"03.01.2024 00:00",0.000,
"03.01.2024 00:15",0.000,
"03.01.2024 00:30",0.000,
"03.01.2024 00:45",0.000,
"03.01.2024 01:00",0.000,
"03.01.2024 01:15",0.000,
"03.01.2024 01:30",0.000,
"03.01.2024 01:45",0.000,
"03.01.2024 02:00",0.000,
"03.01.2024 02:15",0.000,
"03.01.2024 02:30",0.000,
"03.01.2024 02:45",0.000,
"03.01.2024 03:00",0.000,
"03.01.2024 03:15",0.000,
"03.01.2024 03:30",0.000,
"03.01.2024 03:45",0.000,
"03.01.2024 04:00",0.000,
"03.01.2024 04:15",0.000,
"03.01.2024 04:30",0.000,
"03.01.2024 04:45",0.000,
"03.01.2024 05:00",0.000,
"03.01.2024 05:15",0.000,
"03.01.2024 05:30",0.000,
"03.01.2024 05:45",0.000,
"03.01.2024 06:00",0.000,
"03.01.2024 06:15",0.000,
"03.01.2024 06:30",0.000,
"03.01.2024 06:45",0.000,
"03.01.2024 07:00",0.000,
"03.01.2024 07:15",0.000,
"03.01.2024 07:30",0.000,
"03.01.2024 07:45",0.000,
"03.01.2024 08:00",0.000,
"03.01.2024 08:15",0.000,
"03.01.2024 08:30",0.000,
"03.01.2024 08:45",0.000,
"03.01.2024 09:00",0.000,
"03.01.2024 09:15",0.000,
"03.01.2024 09:30",195.131,
"03.01.2024 09:45",204.100,
"03.01.2024 10:00",235.000,
"03.01.2024 10:15",450.000,
"03.01.2024 10:30",717.441,
"03.01.2024 10:45",346.000,
"03.01.2024 11:00",271.000,
"03.01.2024 11:15",486.831,
"03.01.2024 11:30",984.033,
"03.01.2024 11:45",1723.803,
"03.01.2024 12:00",1511.180,
"03.01.2024 12:15",2923.200,
"03.01.2024 12:30",3849.136,
"03.01.2024 12:45",1344.900,
"03.01.2024 13:00",3248.000,
"03.01.2024 13:15",1825.390,
"03.01.2024 13:30",3227.356,
"03.01.2024 13:45",3155.000,
"03.01.2024 14:00",5547.100,
"03.01.2024 14:15",5831.200,
"03.01.2024 14:30",2003.881,
"03.01.2024 14:45",1648.949,
"03.01.2024 15:00",2668.295,
"03.01.2024 15:15",1410.898,
"03.01.2024 15:30",226.754,
"03.01.2024 15:45",0.000,
"03.01.2024 16:00",0.000,
"03.01.2024 16:15",0.000,
"03.01.2024 16:30",0.000,
"03.01.2024 16:45",0.000,
"03.01.2024 17:00",0.000,
"03.01.2024 17:15",0.000,
"03.01.2024 17:30",0.000,
"03.01.2024 17:45",0.000,
"03.01.2024 18:00",0.000,
"03.01.2024 18:15",0.000,
"03.01.2024 18:30",0.000,
"03.01.2024 18:45",0.000,
"03.01.2024 19:00",0.000,
"03.01.2024 19:15",0.000,
"03.01.2024 19:30",0.000,
"03.01.2024 19:45",0.000,
"03.01.2024 20:00",0.000,
"03.01.2024 20:15",0.000,
"03.01.2024 20:30",0.000,
"03.01.2024 20:45",0.000,
"03.01.2024 21:00",0.000,
"03.01.2024 21:15",0.000,
"03.01.2024 21:30",0.000,
"03.01.2024 21:45",0.000,
"03.01.2024 22:00",0.000,
"03.01.2024 22:15",0.000,
"03.01.2024 22:30",0.000,
"03.01.2024 22:45",0.000,
"03.01.2024 23:00",0.000,
"03.01.2024 23:15",0.000,
"03.01.2024 23:30",0.000,
"03.01.2024 23:45",0.000,
"04.01.2024 00:00",0.000,
"04.01.2024 00:15",0.000,
"04.01.2024 00:30",0.000,
"04.01.2024 00:45",0.000,
"04.01.2024 01:00",0.000,
"04.01.2024 01:15",0.000,
"04.01.2024 01:30",0.000,
"04.01.2024 01:45",0.000,
"04.01.2024 02:00",0.000,
"04.01.2024 02:15",0.000,
"04.01.2024 02:30",0.000,
"04.01.2024 02:45",0.000,
"04.01.2024 03:00",0.000,
"04.01.2024 03:15",0.000,
"04.01.2024 03:30",0.000,
"04.01.2024 03:45",0.000,
"04.01.2024 04:00",0.000,
"04.01.2024 04:15",0.000,
"04.01.2024 04:30",0.000,
"04.01.2024 04:45",0.000,
"04.01.2024 05:00",0.000,
"04.01.2024 05:15",0.000,
"04.01.2024 05:30",-0.818,
"04.01.2024 05:45",0.000,
"04.01.2024 06:00",0.000,
"04.01.2024 06:15",0.000,
"04.01.2024 06:30",0.000,
"04.01.2024 06:45",0.000,
"04.01.2024 07:00",0.000,
"04.01.2024 07:15",0.000,
"04.01.2024 07:30",0.000,
"04.01.2024 07:45",0.000,
"04.01.2024 08:00",0.000,
"04.01.2024 08:15",0.000,
"04.01.2024 08:30",0.000,
"04.01.2024 08:45",0.000,
"04.01.2024 09:00",0.000,
"04.01.2024 09:15",137.000,
"04.01.2024 09:30",128.237,
"04.01.2024 09:45",227.000,
"04.01.2024 10:00",267.983,
"04.01.2024 10:15",935.237,
"04.01.2024 10:30",1049.200,
"04.01.2024 10:45",726.639,
"04.01.2024 11:00",802.000,
"04.01.2024 11:15",511.085,
"04.01.2024 11:30",686.000,
"04.01.2024 11:45",684.700,
"04.01.2024 12:00",944.100,
"04.01.2024 12:15",973.800,
"04.01.2024 12:30",1114.000,
"04.01.2024 12:45",837.000,
"04.01.2024 13:00",765.000,
"04.01.2024 13:15",1109.000,
"04.01.2024 13:30",682.000,
"04.01.2024 13:45",707.967,
"04.01.2024 14:00",896.100,
"04.01.2024 14:15",658.000,
"04.01.2024 14:30",344.542,
"04.01.2024 14:45",459.700,
"04.01.2024 15:00",271.033,
"04.01.2024 15:15",69.951,
"04.01.2024 15:30",0.000,
"04.01.2024 15:45",0.000,
"04.01.2024 16:00",0.000,
"04.01.2024 16:15",0.000,
"04.01.2024 16:30",0.000,
"04.01.2024 16:45",0.000,
"04.01.2024 17:00",0.000,
"04.01.2024 17:15",0.000,
"04.01.2024 17:30",0.000,
"04.01.2024 17:45",0.000,
"04.01.2024 18:00",0.000,
"04.01.2024 18:15",0.000,
"04.01.2024 18:30",0.000,
"04.01.2024 18:45",0.000,
"04.01.2024 19:00",0.000,
"04.01.2024 19:15",0.000,
"04.01.2024 19:30",0.000,
"04.01.2024 19:45",0.000,
"04.01.2024 20:00",0.000,
"04.01.2024 20:15",0.000,
"04.01.2024 20:30",0.000,
"04.01.2024 20:45",0.000,
"04.01.2024 21:00",0.000,
"04.01.2024 21:15",0.000,
"04.01.2024 21:30",0.000,
"04.01.2024 21:45",0.000,
"04.01.2024 22:00",0.000,
"04.01.2024 22:15",0.000,
"04.01.2024 22:30",0.000,
"04.01.2024 22:45",0.000,
"04.01.2024 23:00",0.000,
"04.01.2024 23:15",0.000,
"04.01.2024 23:30",0.000,
"04.01.2024 23:45",0.000,
"05.01.2024 00:00",0.000,
"05.01.2024 00:15",0.000,
"05.01.2024 00:30",0.000,
"05.01.2024 00:45",0.000,
"05.01.2024 01:00",0.000,
"05.01.2024 01:15",0.000,
"05.01.2024 01:30",0.000,
"05.01.2024 01:45",0.000,
"05.01.2024 02:00",0.000,
"05.01.2024 02:15",0.000,
"05.01.2024 02:30",0.000,
"05.01.2024 02:45",0.000,
"05.01.2024 03:00",0.000,
"05.01.2024 03:15",0.000,
"05.01.2024 03:30",0.000,
"05.01.2024 03:45",0.000,
"05.01.2024 04:00",0.000,
"05.01.2024 04:15",0.000,
"05.01.2024 04:30",0.000,
"05.01.2024 04:45",0.000,
"05.01.2024 05:00",0.000,
"05.01.2024 05:15",0.000,
"05.01.2024 05:30",0.000,
"05.01.2024 05:45",0.000,
"05.01.2024 06:00",0.000,
"05.01.2024 06:15",0.000,
"05.01.2024 06:30",0.000,
"05.01.2024 06:45",0.000,
"05.01.2024 07:00",0.000,
"05.01.2024 07:15",0.000,
"05.01.2024 07:30",0.000,
"05.01.2024 07:45",0.000,
"05.01.2024 08:00",0.000,
"05.01.2024 08:15",0.000,
"05.01.2024 08:30",0.000,
"05.01.2024 08:45",0.000,
"05.01.2024 09:00",0.000,
"05.01.2024 09:15",0.000,
"05.01.2024 09:30",234.200,
"05.01.2024 09:45",286.900,
"05.01.2024 10:00",187.373,
"05.01.2024 10:15",603.900,
"05.01.2024 10:30",701.831,
"05.01.2024 10:45",1207.695,
"05.01.2024 11:00",779.800,
"05.01.2024 11:15",337.831,
"05.01.2024 11:30",375.100,
"05.01.2024 11:45",335.900,
"05.01.2024 12:00",423.800,
"05.01.2024 12:15",990.197,
"05.01.2024 12:30",881.100,
"05.01.2024 12:45",1233.000,
"05.01.2024 13:00",659.390,
"05.01.2024 13:15",765.900,
"05.01.2024 13:30",578.967,
"05.01.2024 13:45",371.098,
"05.01.2024 14:00",525.200,
"05.01.2024 14:15",933.967,
"05.01.2024 14:30",264.200,
"05.01.2024 14:45",107.803,
"05.01.2024 15:00",0.000,
"05.01.2024 15:15",0.000,
"05.01.2024 15:30",0.000,
"05.01.2024 15:45",0.000,
"05.01.2024 16:00",0.000,
"05.01.2024 16:15",0.000,
"05.01.2024 16:30",0.000,
"05.01.2024 16:45",0.000,
"05.01.2024 17:00",0.000,
"05.01.2024 17:15",0.000,
"05.01.2024 17:30",0.000,
"05.01.2024 17:45",0.000,
"05.01.2024 18:00",0.000,
"05.01.2024 18:15",0.000,
"05.01.2024 18:30",0.000,
"05.01.2024 18:45",0.000,
"05.01.2024 19:00",0.000,
"05.01.2024 19:15",0.000,
"05.01.2024 19:30",0.000,
"05.01.2024 19:45",0.000,
"05.01.2024 20:00",0.000,
"05.01.2024 20:15",0.000,
"05.01.2024 20:30",0.000,
"05.01.2024 20:45",0.000,
"05.01.2024 21:00",0.000,
"05.01.2024 21:15",0.000,
"05.01.2024 21:30",0.000,
"05.01.2024 21:45",0.000,
"05.01.2024 22:00",0.000,
"05.01.2024 22:15",0.000,
"05.01.2024 22:30",0.000,
"05.01.2024 22:45",0.000,
"05.01.2024 23:00",0.000,
"05.01.2024 23:15",0.000,
"05.01.2024 23:30",0.000,
"05.01.2024 23:45",0.000,
"06.01.2024 00:00",0.000,
"06.01.2024 00:15",0.000,
"06.01.2024 00:30",0.000,
"06.01.2024 00:45",0.000,
"06.01.2024 01:00",0.000,
"06.01.2024 01:15",0.000,
"06.01.2024 01:30",0.000,
"06.01.2024 01:45",0.000,
"06.01.2024 02:00",0.000,
"06.01.2024 02:15",0.000,
"06.01.2024 02:30",0.000,
"06.01.2024 02:45",0.000,
"06.01.2024 03:00",0.000,
"06.01.2024 03:15",0.000,
"06.01.2024 03:30",0.000,
"06.01.2024 03:45",0.000,
"06.01.2024 04:00",0.000,
"06.01.2024 04:15",0.000,
"06.01.2024 04:30",0.000,
"06.01.2024 04:45",0.000,
"06.01.2024 05:00",0.000,
"06.01.2024 05:15",0.000,
"06.01.2024 05:30",0.000,
"06.01.2024 05:45",0.000,
"06.01.2024 06:00",0.000,
"06.01.2024 06:15",0.000,
"06.01.2024 06:30",0.000,
"06.01.2024 06:45",0.000,
"06.01.2024 07:00",0.000,
"06.01.2024 07:15",0.000,
"06.01.2024 07:30",0.000,
"06.01.2024 07:45",0.000,
"06.01.2024 08:00",0.000,
"06.01.2024 08:15",0.000,
"06.01.2024 08:30",0.000,
"06.01.2024 08:45",0.000,
"06.01.2024 09:00",0.000,
"06.01.2024 09:15",0.000,
"06.01.2024 09:30",0.000,
"06.01.2024 09:45",0.000,
"06.01.2024 10:00",0.000,
"06.01.2024 10:15",87.000,
"06.01.2024 10:30",98.000,
"06.01.2024 10:45",106.000,
"06.01.2024 11:00",116.100,
"06.01.2024 11:15",126.000,
"06.01.2024 11:30",146.000,
"06.01.2024 11:45",126.300,
"06.01.2024 12:00",106.200,
"06.01.2024 12:15",107.100,
"06.01.2024 12:30",126.000,
"06.01.2024 12:45",117.000,
"06.01.2024 13:00",126.000,
"06.01.2024 13:15",120.400,
"06.01.2024 13:30",107.800,
"06.01.2024 13:45",95.400,
"06.01.2024 14:00",98.678,
"06.01.2024 14:15",0.000,
"06.01.2024 14:30",0.000,
"06.01.2024 14:45",0.000,
"06.01.2024 15:00",0.000,
"06.01.2024 15:15",0.000,
"06.01.2024 15:30",0.000,
"06.01.2024 15:45",0.000,
"06.01.2024 16:00",0.000,
"06.01.2024 16:15",0.000,
"06.01.2024 16:30",0.000,
"06.01.2024 16:45",0.000,
"06.01.2024 17:00",0.000,
"06.01.2024 17:15",0.000,
"06.01.2024 17:30",0.000,
"06.01.2024 17:45",0.000,
"06.01.2024 18:00",0.000,
"06.01.2024 18:15",0.000,
"06.01.2024 18:30",0.000,
"06.01.2024 18:45",0.000,
"06.01.2024 19:00",0.000,
"06.01.2024 19:15",0.000,
"06.01.2024 19:30",0.000,
"06.01.2024 19:45",0.000,
"06.01.2024 20:00",0.000,
"06.01.2024 20:15",0.000,
"06.01.2024 20:30",0.000,
"06.01.2024 20:45",0.000,
"06.01.2024 21:00",0.000,
"06.01.2024 21:15",0.000,
"06.01.2024 21:30",0.000,
"06.01.2024 21:45",0.000,
"06.01.2024 22:00",0.000,
"06.01.2024 22:15",0.000,
"06.01.2024 22:30",0.000,
"06.01.2024 22:45",0.000,
"06.01.2024 23:00",0.000,
"06.01.2024 23:15",0.000,
"06.01.2024 23:30",0.000,
"06.01.2024 23:45",0.000,
"07.01.2024 00:00",0.000,
"07.01.2024 00:15",0.000,
"07.01.2024 00:30",0.000,
"07.01.2024 00:45",0.000,
"07.01.2024 01:00",0.000,
"07.01.2024 01:15",0.000,
"07.01.2024 01:30",0.000,
"07.01.2024 01:45",0.000,
"07.01.2024 02:00",0.000,
"07.01.2024 02:15",0.000,
"07.01.2024 02:30",0.000,
"07.01.2024 02:45",0.000,
"07.01.2024 03:00",0.000,
"07.01.2024 03:15",0.000,
"07.01.2024 03:30",0.000,
"07.01.2024 03:45",0.000,
"07.01.2024 04:00",0.000,
"07.01.2024 04:15",0.000,
"07.01.2024 04:30",0.000,
"07.01.2024 04:45",0.000,
"07.01.2024 05:00",0.000,
"07.01.2024 05:15",0.000,
"07.01.2024 05:30",0.000,
"07.01.2024 05:45",0.000,
"07.01.2024 06:00",0.000,
"07.01.2024 06:15",0.000,
"07.01.2024 06:30",0.000,
"07.01.2024 06:45",0.000,
"07.01.2024 07:00",0.000,
"07.01.2024 07:15",0.000,
"07.01.2024 07:30",0.000,
"07.01.2024 07:45",0.000,
"07.01.2024 08:00",0.000,
"07.01.2024 08:15",0.000,
"07.01.2024 08:30",0.000,
"07.01.2024 08:45",0.000,
"07.01.2024 09:00",0.000,
"07.01.2024 09:15",0.000,
"07.01.2024 09:30",0.000,
"07.01.2024 09:45",0.000,
"07.01.2024 10:00",0.000,
"07.01.2024 10:15",0.000,
"07.01.2024 10:30",258.770,
"07.01.2024 10:45",306.016,
"07.01.2024 11:00",316.169,
"07.01.2024 11:15",336.000,
"07.01.2024 11:30",416.000,
"07.01.2024 11:45",446.000,
"07.01.2024 12:00",438.100,
"07.01.2024 12:15",464.900,
"07.01.2024 12:30",456.085,
"07.01.2024 12:45",447.000,
"07.01.2024 13:00",468.900,
"07.01.2024 13:15",540.900,
"07.01.2024 13:30",275.100,
"07.01.2024 13:45",96.000,
"07.01.2024 14:00",6.900,
"07.01.2024 14:15",374.000,
"07.01.2024 14:30",96.475,
"07.01.2024 14:45",144.033,
"07.01.2024 15:00",128.000,
"07.01.2024 15:15",0.000,
"07.01.2024 15:30",0.000,
"07.01.2024 15:45",0.000,
"07.01.2024 16:00",0.000,
"07.01.2024 16:15",0.000,
"07.01.2024 16:30",0.000,
"07.01.2024 16:45",0.000,
"07.01.2024 17:00",0.000,
"07.01.2024 17:15",0.000,
"07.01.2024 17:30",0.000,
"07.01.2024 17:45",0.000,
"07.01.2024 18:00",0.000,
"07.01.2024 18:15",0.000,
"07.01.2024 18:30",0.000,
"07.01.2024 18:45",0.000,
"07.01.2024 19:00",0.000,
"07.01.2024 19:15",0.000,
"07.01.2024 19:30",0.000,
"07.01.2024 19:45",0.000,
"07.01.2024 20:00",0.000,
"07.01.2024 20:15",0.000,
"07.01.2024 20:30",0.000,
"07.01.2024 20:45",0.000,
"07.01.2024 21:00",0.000,
"07.01.2024 21:15",0.000,
"07.01.2024 21:30",0.000,
"07.01.2024 21:45",0.000,
"07.01.2024 22:00",0.000,
"07.01.2024 22:15",0.000,
"07.01.2024 22:30",0.000,
"07.01.2024 22:45",0.000,
"07.01.2024 23:00",0.000,
"07.01.2024 23:15",0.000,
"07.01.2024 23:30",0.000,
"07.01.2024 23:45",0.000,
"08.01.2024 00:00",0.000,
"08.01.2024 00:15",0.000,
"08.01.2024 00:30",0.000,
"08.01.2024 00:45",0.000,
"08.01.2024 01:00",0.000,
"08.01.2024 01:15",0.000,
"08.01.2024 01:30",0.000,
"08.01.2024 01:45",0.000,
"08.01.2024 02:00",0.000,
"08.01.2024 02:15",0.000,
"08.01.2024 02:30",0.000,
"08.01.2024 02:45",0.000,
"08.01.2024 03:00",0.000,
"08.01.2024 03:15",0.000,
"08.01.2024 03:30",0.000,
"08.01.2024 03:45",0.000,
"08.01.2024 04:00",0.000,
"08.01.2024 04:15",0.000,
"08.01.2024 04:30",0.000,
"08.01.2024 04:45",0.000,
"08.01.2024 05:00",0.000,
"08.01.2024 05:15",0.000,
"08.01.2024 05:30",0.000,
"08.01.2024 05:45",0.000,
"08.01.2024 06:00",0.000,
"08.01.2024 06:15",0.000,
"08.01.2024 06:30",0.000,
"08.01.2024 06:45",0.000,
"08.01.2024 07:00",0.000,
"08.01.2024 07:15",0.000,
"08.01.2024 07:30",0.000,
"08.01.2024 07:45",0.000,
"08.01.2024 08:00",0.000,
"08.01.2024 08:15",0.000,
"08.01.2024 08:30",0.000,
"08.01.2024 08:45",0.000,
"08.01.2024 09:00",0.000,
"08.01.2024 09:15",0.000,
"08.01.2024 09:30",0.000,
"08.01.2024 09:45",0.000,
"08.01.2024 10:00",95.322,
"08.01.2024 10:15",137.100,
"08.01.2024 10:30",217.000,
"08.01.2024 10:45",315.100,
"08.01.2024 11:00",342.000,
"08.01.2024 11:15",722.900,
"08.01.2024 11:30",1028.610,
"08.01.2024 11:45",640.100,
"08.01.2024 12:00",206.754,
"08.01.2024 12:15",367.200,
"08.01.2024 12:30",552.164,
"08.01.2024 12:45",685.000,
"08.01.2024 13:00",559.100,
"08.01.2024 13:15",625.000,
"08.01.2024 13:30",443.885,
"08.01.2024 13:45",437.900,
"08.01.2024 14:00",330.085,
"08.01.2024 14:15",481.068,
"08.01.2024 14:30",163.200,
"08.01.2024 14:45",110.246,
"08.01.2024 15:00",187.200,
"08.01.2024 15:15",0.000,
"08.01.2024 15:30",0.000,
"08.01.2024 15:45",0.000,
"08.01.2024 16:00",0.000,
"08.01.2024 16:15",0.000,
"08.01.2024 16:30",0.000,
"08.01.2024 16:45",0.000,
"08.01.2024 17:00",0.000,
"08.01.2024 17:15",0.000,
"08.01.2024 17:30",0.000,
"08.01.2024 17:45",0.000,
"08.01.2024 18:00",0.000,
"08.01.2024 18:15",0.000,
"08.01.2024 18:30",0.000,
"08.01.2024 18:45",0.000,
"08.01.2024 19:00",0.000,
"08.01.2024 19:15",0.000,
"08.01.2024 19:30",0.000,
"08.01.2024 19:45",0.000,
"08.01.2024 20:00",0.000,
"08.01.2024 20:15",0.000,
"08.01.2024 20:30",0.000,
"08.01.2024 20:45",0.000,
"08.01.2024 21:00",0.000,
"08.01.2024 21:15",0.000,
"08.01.2024 21:30",0.000,
"08.01.2024 21:45",0.000,
"08.01.2024 22:00",0.000,
"08.01.2024 22:15",0.000,
"08.01.2024 22:30",0.000,
"08.01.2024 22:45",0.000,
"08.01.2024 23:00",0.000,
"08.01.2024 23:15",0.000,
"08.01.2024 23:30",0.000,
"08.01.2024 23:45",0.000,
"09.01.2024 00:00",0.000,
"09.01.2024 00:15",0.000,
"09.01.2024 00:30",0.000,
"09.01.2024 00:45",0.000,
"09.01.2024 01:00",0.000,
"09.01.2024 01:15",0.000,
"09.01.2024 01:30",0.000,
"09.01.2024 01:45",0.000,
"09.01.2024 02:00",0.000,
"09.01.2024 02:15",0.000,
"09.01.2024 02:30",0.000,
"09.01.2024 02:45",0.000,
"09.01.2024 03:00",0.000,
"09.01.2024 03:15",0.000,
"09.01.2024 03:30",0.000,
"09.01.2024 03:45",0.000,
"09.01.2024 04:00",0.000,
"09.01.2024 04:15",0.000,
"09.01.2024 04:30",0.000,
"09.01.2024 04:45",0.000,
"09.01.2024 05:00",0.000,
"09.01.2024 05:15",0.000,
"09.01.2024 05:30",0.000,
"09.01.2024 05:45",0.000,
"09.01.2024 06:00",0.000,
"09.01.2024 06:15",0.000,
"09.01.2024 06:30",0.000,
"09.01.2024 06:45",0.000,
"09.01.2024 07:00",0.000,
"09.01.2024 07:15",0.000,
"09.01.2024 07:30",0.000,
"09.01.2024 07:45",0.000,
"09.01.2024 08:00",0.000,
"09.01.2024 08:15",0.000,
"09.01.2024 08:30",0.000,
"09.01.2024 08:45",0.000,
"09.01.2024 09:00",0.000,
"09.01.2024 09:15",0.000,
"09.01.2024 09:30",156.100,
"09.01.2024 09:45",286.305,
"09.01.2024 10:00",366.115,
"09.01.2024 10:15",428.000,
"09.01.2024 10:30",488.847,
"09.01.2024 10:45",606.000,
"09.01.2024 11:00",620.407,
"09.01.2024 11:15",735.169,
"09.01.2024 11:30",788.700,
"09.01.2024 11:45",815.932,
"09.01.2024 12:00",806.295,
"09.01.2024 12:15",786.900,
"09.01.2024 12:30",806.000,
"09.01.2024 12:45",757.000,
"09.01.2024 13:00",727.000,
"09.01.2024 13:15",676.847,
"09.01.2024 13:30",628.000,
"09.01.2024 13:45",536.847,
"09.01.2024 14:00",477.900,
"09.01.2024 14:15",369.100,
"09.01.2024 14:30",363.475,
"09.01.2024 14:45",296.100,
"09.01.2024 15:00",236.000,
"09.01.2024 15:15",138.900,
"09.01.2024 15:30",10.847,
"09.01.2024 15:45",0.000,
"09.01.2024 16:00",0.000,
"09.01.2024 16:15",0.000,
"09.01.2024 16:30",0.000,
"09.01.2024 16:45",0.000,
"09.01.2024 17:00",0.000,
"09.01.2024 17:15",0.000,
"09.01.2024 17:30",0.000,
"09.01.2024 17:45",0.000,
"09.01.2024 18:00",0.000,
"09.01.2024 18:15",0.000,
"09.01.2024 18:30",0.000,
"09.01.2024 18:45",0.000,
"09.01.2024 19:00",0.000,
"09.01.2024 19:15",0.000,
"09.01.2024 19:30",0.000,
"09.01.2024 19:45",0.000,
"09.01.2024 20:00",0.000,
"09.01.2024 20:15",0.000,
"09.01.2024 20:30",0.000,
"09.01.2024 20:45",0.000,
"09.01.2024 21:00",0.000,
"09.01.2024 21:15",0.000,
"09.01.2024 21:30",0.000,
"09.01.2024 21:45",0.000,
"09.01.2024 22:00",0.000,
"09.01.2024 22:15",0.000,
"09.01.2024 22:30",0.000,
"09.01.2024 22:45",0.000,
"09.01.2024 23:00",0.000,
"09.01.2024 23:15",0.000,
"09.01.2024 23:30",0.000,
"09.01.2024 23:45",0.000,
"10.01.2024 00:00",0.000,
"10.01.2024 00:15",0.000,
"10.01.2024 00:30",0.000,
"10.01.2024 00:45",0.000,
"10.01.2024 01:00",0.000,
"10.01.2024 01:15",0.000,
"10.01.2024 01:30",0.000,
"10.01.2024 01:45",0.000,
"10.01.2024 02:00",0.000,
"10.01.2024 02:15",0.000,
"10.01.2024 02:30",0.000,
"10.01.2024 02:45",0.000,
"10.01.2024 03:00",0.000,
"10.01.2024 03:15",0.000,
"10.01.2024 03:30",0.000,
"10.01.2024 03:45",0.000,
"10.01.2024 04:00",0.000,
"10.01.2024 04:15",0.000,
"10.01.2024 04:30",0.000,
"10.01.2024 04:45",0.000,
"10.01.2024 05:00",0.000,
"10.01.2024 05:15",0.000,
"10.01.2024 05:30",0.000,
"10.01.2024 05:45",0.000,
"10.01.2024 06:00",0.000,
"10.01.2024 06:15",0.000,
"10.01.2024 06:30",0.000,
"10.01.2024 06:45",0.000,
"10.01.2024 07:00",0.000,
"10.01.2024 07:15",0.000,
"10.01.2024 07:30",0.000,
"10.01.2024 07:45",0.000,
"10.01.2024 08:00",0.000,
"10.01.2024 08:15",0.000,
"10.01.2024 08:30",0.000,
"10.01.2024 08:45",0.000,
"10.01.2024 09:00",0.000,
"10.01.2024 09:15",0.000,
"10.01.2024 09:30",88.000,
"10.01.2024 09:45",146.900,
"10.01.2024 10:00",226.100,
"10.01.2024 10:15",339.000,
"10.01.2024 10:30",386.800,
"10.01.2024 10:45",417.068,
"10.01.2024 11:00",538.153,
"10.01.2024 11:15",505.237,
"10.01.2024 11:30",668.900,
"10.01.2024 11:45",655.100,
"10.01.2024 12:00",684.100,
"10.01.2024 12:15",645.000,
"10.01.2024 12:30",654.000,
"10.01.2024 12:45",684.237,
"10.01.2024 13:00",868.787,
"10.01.2024 13:15",885.100,
"10.01.2024 13:30",677.100,
"10.01.2024 13:45",686.115,
"10.01.2024 14:00",495.115,
"10.01.2024 14:15",355.900,
"10.01.2024 14:30",319.000,
"10.01.2024 14:45",208.100,
"10.01.2024 15:00",177.017,
"10.01.2024 15:15",106.984,
"10.01.2024 15:30",8.700,
"10.01.2024 15:45",0.000,
"10.01.2024 16:00",0.000,
"10.01.2024 16:15",0.000,
"10.01.2024 16:30",0.000,
"10.01.2024 16:45",0.000,
"10.01.2024 17:00",0.000,
"10.01.2024 17:15",0.000,
"10.01.2024 17:30",0.000,
"10.01.2024 17:45",0.000,
"10.01.2024 18:00",0.000,
"10.01.2024 18:15",0.000,
"10.01.2024 18:30",0.000,
"10.01.2024 18:45",0.000,
"10.01.2024 19:00",0.000,
"10.01.2024 19:15",0.000,
"10.01.2024 19:30",0.000,
"10.01.2024 19:45",0.000,
"10.01.2024 20:00",0.000,
"10.01.2024 20:15",0.000,
"10.01.2024 20:30",0.000,
"10.01.2024 20:45",0.000,
"10.01.2024 21:00",0.000,
"10.01.2024 21:15",0.000,
"10.01.2024 21:30",0.000,
"10.01.2024 21:45",0.000,
"10.01.2024 22:00",0.000,
"10.01.2024 22:15",0.000,
"10.01.2024 22:30",0.000,
"10.01.2024 22:45",0.000,
"10.01.2024 23:00",0.000,
"10.01.2024 23:15",0.000,
"10.01.2024 23:30",0.000,
"10.01.2024 23:45",0.000,
"11.01.2024 00:00",0.000,
"11.01.2024 00:15",0.000,
"11.01.2024 00:30",0.000,
"11.01.2024 00:45",0.000,
"11.01.2024 01:00",0.000,
"11.01.2024 01:15",0.000,
"11.01.2024 01:30",0.000,
"11.01.2024 01:45",0.000,
"11.01.2024 02:00",0.000,
"11.01.2024 02:15",0.000,
"11.01.2024 02:30",0.000,
"11.01.2024 02:45",0.000,
"11.01.2024 03:00",0.000,
"11.01.2024 03:15",0.000,
"11.01.2024 03:30",0.000,
"11.01.2024 03:45",0.000,
"11.01.2024 04:00",0.000,
"11.01.2024 04:15",0.000,
"11.01.2024 04:30",0.000,
"11.01.2024 04:45",0.000,
"11.01.2024 05:00",0.000,
"11.01.2024 05:15",0.000,
"11.01.2024 05:30",0.000,
"11.01.2024 05:45",0.000,
"11.01.2024 06:00",0.000,
"11.01.2024 06:15",0.000,
"11.01.2024 06:30",0.000,
"11.01.2024 06:45",0.000,
"11.01.2024 07:00",0.000,
"11.01.2024 07:15",0.000,
"11.01.2024 07:30",0.000,
"11.01.2024 07:45",0.000,
"11.01.2024 08:00",0.000,
"11.01.2024 08:15",0.000,
"11.01.2024 08:30",0.000,
"11.01.2024 08:45",0.000,
"11.01.2024 09:00",0.000,
"11.01.2024 09:15",0.000,
"11.01.2024 09:30",0.000,
"11.01.2024 09:45",79.000,
"11.01.2024 10:00",120.000,
"11.01.2024 10:15",187.900,
"11.01.2024 10:30",286.000,
"11.01.2024 10:45",377.200,
"11.01.2024 11:00",570.000,
"11.01.2024 11:15",362.169,
"11.01.2024 11:30",299.754,
"11.01.2024 11:45",784.700,
"11.01.2024 12:00",1050.305,
"11.01.2024 12:15",1235.100,
"11.01.2024 12:30",1681.200,
"11.01.2024 12:45",2570.300,
"11.01.2024 13:00",1780.443,
"11.01.2024 13:15",1895.100,
"11.01.2024 13:30",2299.100,
"11.01.2024 13:45",2355.237,
"11.01.2024 14:00",2352.153,
"11.01.2024 14:15",2046.000,
"11.01.2024 14:30",1622.885,
"11.01.2024 14:45",959.800,
"11.01.2024 15:00",1246.000,
"11.01.2024 15:15",915.220,
"11.01.2024 15:30",697.000,
"11.01.2024 15:45",330.900,
"11.01.2024 16:00",150.373,
"11.01.2024 16:15",0.000,
"11.01.2024 16:30",0.000,
"11.01.2024 16:45",0.000,
"11.01.2024 17:00",0.000,
"11.01.2024 17:15",0.000,
"11.01.2024 17:30",0.000,
"11.01.2024 17:45",0.000,
"11.01.2024 18:00",0.000,
"11.01.2024 18:15",0.000,
"11.01.2024 18:30",0.000,
"11.01.2024 18:45",0.000,
"11.01.2024 19:00",0.000,
"11.01.2024 19:15",0.000,
"11.01.2024 19:30",0.000,
"11.01.2024 19:45",0.000,
"11.01.2024 20:00",0.000,
"11.01.2024 20:15",0.000,
"11.01.2024 20:30",0.000,
"11.01.2024 20:45",0.000,
"11.01.2024 21:00",0.000,
"11.01.2024 21:15",0.000,
"11.01.2024 21:30",0.000,
"11.01.2024 21:45",0.000,
"11.01.2024 22:00",0.000,
"11.01.2024 22:15",0.000,
"11.01.2024 22:30",0.000,
"11.01.2024 22:45",0.000,
"11.01.2024 23:00",0.000,
"11.01.2024 23:15",0.000,
"11.01.2024 23:30",0.000,
"11.01.2024 23:45",0.000,
"12.01.2024 00:00",0.000,
"12.01.2024 00:15",0.000,
"12.01.2024 00:30",0.000,
"12.01.2024 00:45",0.000,
"12.01.2024 01:00",0.000,
"12.01.2024 01:15",0.000,
"12.01.2024 01:30",0.000,
"12.01.2024 01:45",0.000,
"12.01.2024 02:00",0.000,
"12.01.2024 02:15",0.000,
"12.01.2024 02:30",0.000,
"12.01.2024 02:45",0.000,
"12.01.2024 03:00",0.000,
"12.01.2024 03:15",0.000,
"12.01.2024 03:30",0.000,
"12.01.2024 03:45",0.000,
"12.01.2024 04:00",0.000,
"12.01.2024 04:15",0.000,
"12.01.2024 04:30",0.000,
"12.01.2024 04:45",0.000,
"12.01.2024 05:00",0.000,
"12.01.2024 05:15",0.000,
"12.01.2024 05:30",0.000,
"12.01.2024 05:45",0.000,
"12.01.2024 06:00",0.000,
"12.01.2024 06:15",0.000,
"12.01.2024 06:30",0.000,
"12.01.2024 06:45",0.000,
"12.01.2024 07:00",0.000,
"12.01.2024 07:15",0.000,
"12.01.2024 07:30",0.000,
"12.01.2024 07:45",0.000,
"12.01.2024 08:00",0.000,
"12.01.2024 08:15",0.000,
"12.01.2024 08:30",0.000,
"12.01.2024 08:45",0.000,
"12.01.2024 09:00",105.200,
"12.01.2024 09:15",167.900,
"12.01.2024 09:30",442.000,
"12.01.2024 09:45",689.115,
"12.01.2024 10:00",719.492,
"12.01.2024 10:15",1117.085,
"12.01.2024 10:30",1282.000,
"12.01.2024 10:45",1608.100,
"12.01.2024 11:00",1032.900,
"12.01.2024 11:15",1570.300,
"12.01.2024 11:30",3150.100,
"12.01.2024 11:45",3350.000,
"12.01.2024 12:00",3711.000,
"12.01.2024 12:15",4548.900,
"12.01.2024 12:30",5137.900,
"12.01.2024 12:45",7059.300,
"12.01.2024 13:00",5222.542,
"12.01.2024 13:15",5803.800,
"12.01.2024 13:30",6176.000,
"12.01.2024 13:45",4905.180,
"12.01.2024 14:00",4584.000,
"12.01.2024 14:15",3320.800,
"12.01.2024 14:30",5051.000,
"12.01.2024 14:45",3691.000,
"12.01.2024 15:00",3002.900,
"12.01.2024 15:15",2415.902,
"12.01.2024 15:30",1744.623,
"12.01.2024 15:45",1013.814,
"12.01.2024 16:00",585.213,
"12.01.2024 16:15",188.100,
"12.01.2024 16:30",0.000,
"12.01.2024 16:45",0.000,
"12.01.2024 17:00",0.000,
"12.01.2024 17:15",0.000,
"12.01.2024 17:30",0.000,
"12.01.2024 17:45",0.000,
"12.01.2024 18:00",0.000,
"12.01.2024 18:15",0.000,
"12.01.2024 18:30",0.000,
"12.01.2024 18:45",0.000,
"12.01.2024 19:00",0.000,
"12.01.2024 19:15",0.000,
"12.01.2024 19:30",0.000,
"12.01.2024 19:45",0.000,
"12.01.2024 20:00",0.000,
"12.01.2024 20:15",0.000,
"12.01.2024 20:30",0.000,
"12.01.2024 20:45",0.000,
"12.01.2024 21:00",0.000,
"12.01.2024 21:15",0.000,
"12.01.2024 21:30",0.000,
"12.01.2024 21:45",0.000,
"12.01.2024 22:00",0.000,
"12.01.2024 22:15",0.000,
"12.01.2024 22:30",0.000,
"12.01.2024 22:45",0.000,
"12.01.2024 23:00",0.000,
"12.01.2024 23:15",0.000,
"12.01.2024 23:30",0.000,
"12.01.2024 23:45",0.000,
"13.01.2024 00:00",0.000,
"13.01.2024 00:15",0.000,
"13.01.2024 00:30",0.000,
"13.01.2024 00:45",0.000,
"13.01.2024 01:00",0.000,
"13.01.2024 01:15",0.000,
"13.01.2024 01:30",0.000,
"13.01.2024 01:45",0.000,
"13.01.2024 02:00",0.000,
"13.01.2024 02:15",0.000,
"13.01.2024 02:30",0.000,
"13.01.2024 02:45",0.000,
"13.01.2024 03:00",0.000,
"13.01.2024 03:15",0.000,
"13.01.2024 03:30",0.000,
"13.01.2024 03:45",0.000,
"13.01.2024 04:00",0.000,
"13.01.2024 04:15",0.000,
"13.01.2024 04:30",0.000,
"13.01.2024 04:45",0.000,
"13.01.2024 05:00",0.000,
"13.01.2024 05:15",0.000,
"13.01.2024 05:30",0.000,
"13.01.2024 05:45",0.000,
"13.01.2024 06:00",0.000,
"13.01.2024 06:15",0.000,
"13.01.2024 06:30",0.000,
"13.01.2024 06:45",0.000,
"13.01.2024 07:00",0.000,
"13.01.2024 07:15",0.000,
"13.01.2024 07:30",0.000,
"13.01.2024 07:45",0.000,
"13.01.2024 08:00",0.000,
"13.01.2024 08:15",0.000,
"13.01.2024 08:30",0.000,
"13.01.2024 08:45",0.000,
"13.01.2024 09:00",0.000,
"13.01.2024 09:15",206.153,
"13.01.2024 09:30",951.410,
"13.01.2024 09:45",760.918,
"13.01.2024 10:00",1154.000,
"13.01.2024 10:15",1713.000,
"13.01.2024 10:30",2118.200,
"13.01.2024 10:45",3924.000,
"13.01.2024 11:00",2152.000,
"13.01.2024 11:15",3179.200,
"13.01.2024 11:30",4203.900,
"13.01.2024 11:45",3214.390,
"13.01.2024 12:00",2487.220,
"13.01.2024 12:15",1283.100,
"13.01.2024 12:30",3011.900,
"13.01.2024 12:45",2790.576,
"13.01.2024 13:00",2247.100,
"13.01.2024 13:15",6136.900,
"13.01.2024 13:30",6106.000,
"13.01.2024 13:45",5766.100,
"13.01.2024 14:00",4840.576,
"13.01.2024 14:15",6698.800,
"13.01.2024 14:30",5297.900,
"13.01.2024 14:45",4425.200,
"13.01.2024 15:00",4080.934,
"13.01.2024 15:15",1880.797,
"13.01.2024 15:30",1697.847,
"13.01.2024 15:45",768.847,
"13.01.2024 16:00",354.300,
"13.01.2024 16:15",0.000,
"13.01.2024 16:30",0.000,
"13.01.2024 16:45",0.000,
"13.01.2024 17:00",0.000,
"13.01.2024 17:15",0.000,
"13.01.2024 17:30",0.000,
"13.01.2024 17:45",0.000,
"13.01.2024 18:00",0.000,
"13.01.2024 18:15",0.000,
"13.01.2024 18:30",0.000,
"13.01.2024 18:45",0.000,
"13.01.2024 19:00",0.000,
"13.01.2024 19:15",0.000,
"13.01.2024 19:30",0.000,
"13.01.2024 19:45",0.000,
"13.01.2024 20:00",0.000,
"13.01.2024 20:15",0.000,
"13.01.2024 20:30",0.000,
"13.01.2024 20:45",0.000,
"13.01.2024 21:00",0.000,
"13.01.2024 21:15",0.000,
"13.01.2024 21:30",0.000,
"13.01.2024 21:45",0.000,
"13.01.2024 22:00",0.000,
"13.01.2024 22:15",0.000,
"13.01.2024 22:30",0.000,
"13.01.2024 22:45",0.000,
"13.01.2024 23:00",0.000,
"13.01.2024 23:15",0.000,
"13.01.2024 23:30",0.000,
"13.01.2024 23:45",0.000,
"14.01.2024 00:00",0.000,
"14.01.2024 00:15",0.000,
"14.01.2024 00:30",0.000,
"14.01.2024 00:45",0.000,
"14.01.2024 01:00",0.000,
"14.01.2024 01:15",0.000,
"14.01.2024 01:30",0.000,
"14.01.2024 01:45",0.000,
"14.01.2024 02:00",0.000,
"14.01.2024 02:15",0.000,
"14.01.2024 02:30",0.000,
"14.01.2024 02:45",0.000,
"14.01.2024 03:00",0.000,
"14.01.2024 03:15",0.000,
"14.01.2024 03:30",0.000,
"14.01.2024 03:45",0.000,
"14.01.2024 04:00",0.000,
"14.01.2024 04:15",0.000,
"14.01.2024 04:30",0.000,
"14.01.2024 04:45",0.000,
"14.01.2024 05:00",0.000,
"14.01.2024 05:15",0.000,
"14.01.2024 05:30",0.000,
"14.01.2024 05:45",0.000,
"14.01.2024 06:00",0.000,
"14.01.2024 06:15",0.000,
"14.01.2024 06:30",0.000,
"14.01.2024 06:45",0.000,
"14.01.2024 07:00",0.000,
"14.01.2024 07:15",0.000,
"14.01.2024 07:30",0.000,
"14.01.2024 07:45",0.000,
"14.01.2024 08:00",0.000,
"14.01.2024 08:15",0.000,
"14.01.2024 08:30",0.000,
"14.01.2024 08:45",185.458,
"14.01.2024 09:00",1044.900,
"14.01.2024 09:15",841.000,
"14.01.2024 09:30",1539.700,
"14.01.2024 09:45",2429.400,
"14.01.2024 10:00",3418.271,
"14.01.2024 10:15",4177.200,
"14.01.2024 10:30",3122.900,
"14.01.2024 10:45",9316.864,
"14.01.2024 11:00",12666.820,
"14.01.2024 11:15",12486.100,
"14.01.2024 11:30",4295.900,
"14.01.2024 11:45",4508.230,
"14.01.2024 12:00",4942.000,
"14.01.2024 12:15",7490.000,
"14.01.2024 12:30",6976.100,
"14.01.2024 12:45",7488.900,
"14.01.2024 13:00",6458.932,
"14.01.2024 13:15",9009.100,
"14.01.2024 13:30",12511.000,
"14.01.2024 13:45",2861.847,
"14.01.2024 14:00",10370.000,
"14.01.2024 14:15",12363.197,
"14.01.2024 14:30",7360.492,
"14.01.2024 14:45",10265.831,
"14.01.2024 15:00",4741.800,
"14.01.2024 15:15",2085.508,
"14.01.2024 15:30",3699.800,
"14.01.2024 15:45",1035.100,
"14.01.2024 16:00",743.100,
"14.01.2024 16:15",268.100,
"14.01.2024 16:30",0.000,
"14.01.2024 16:45",0.000,
"14.01.2024 17:00",0.000,
"14.01.2024 17:15",0.000,
"14.01.2024 17:30",0.000,
"14.01.2024 17:45",0.000,
"14.01.2024 18:00",0.000,
"14.01.2024 18:15",0.000,
"14.01.2024 18:30",0.000,
"14.01.2024 18:45",0.000,
"14.01.2024 19:00",0.000,
"14.01.2024 19:15",0.000,
"14.01.2024 19:30",0.000,
"14.01.2024 19:45",0.000,
"14.01.2024 20:00",0.000,
"14.01.2024 20:15",0.000,
"14.01.2024 20:30",0.000,
"14.01.2024 20:45",0.000,
"14.01.2024 21:00",0.000,
"14.01.2024 21:15",0.000,
"14.01.2024 21:30",0.000,
"14.01.2024 21:45",0.000,
"14.01.2024 22:00",0.000,
"14.01.2024 22:15",0.000,
"14.01.2024 22:30",0.000,
"14.01.2024 22:45",0.000,
"14.01.2024 23:00",0.000,
"14.01.2024 23:15",0.000,
"14.01.2024 23:30",0.000,
"14.01.2024 23:45",0.000,
"15.01.2024 00:00",0.000,
"15.01.2024 00:15",0.000,
"15.01.2024 00:30",0.000,
"15.01.2024 00:45",0.000,
"15.01.2024 01:00",0.000,
"15.01.2024 01:15",0.000,
"15.01.2024 01:30",0.000,
"15.01.2024 01:45",0.000,
"15.01.2024 02:00",0.000,
"15.01.2024 02:15",0.000,
"15.01.2024 02:30",0.000,
"15.01.2024 02:45",0.000,
"15.01.2024 03:00",0.000,
"15.01.2024 03:15",0.000,
"15.01.2024 03:30",0.000,
"15.01.2024 03:45",0.000,
"15.01.2024 04:00",0.000,
"15.01.2024 04:15",0.000,
"15.01.2024 04:30",0.000,
"15.01.2024 04:45",0.000,
"15.01.2024 05:00",0.000,
"15.01.2024 05:15",0.000,
"15.01.2024 05:30",0.000,
"15.01.2024 05:45",0.000,
"15.01.2024 06:00",0.000,
"15.01.2024 06:15",0.000,
"15.01.2024 06:30",0.000,
"15.01.2024 06:45",0.000,
"15.01.2024 07:00",0.000,
"15.01.2024 07:15",0.000,
"15.01.2024 07:30",0.000,
"15.01.2024 07:45",0.000,
"15.01.2024 08:00",0.000,
"15.01.2024 08:15",0.000,
"15.01.2024 08:30",0.000,
"15.01.2024 08:45",463.300,
"15.01.2024 09:00",1120.000,
"15.01.2024 09:15",2027.803,
"15.01.2024 09:30",3555.836,
"15.01.2024 09:45",3256.085,
"15.01.2024 10:00",3154.100,
"15.01.2024 10:15",4345.000,
"15.01.2024 10:30",4894.900,
"15.01.2024 10:45",6104.000,
"15.01.2024 11:00",5365.000,
"15.01.2024 11:15",6184.000,
"15.01.2024 11:30",6545.100,
"15.01.2024 11:45",6732.000,
"15.01.2024 12:00",6183.700,
"15.01.2024 12:15",10681.738,
"15.01.2024 12:30",7336.900,
"15.01.2024 12:45",12845.100,
"15.01.2024 13:00",11184.542,
"15.01.2024 13:15",13024.559,
"15.01.2024 13:30",14321.100,
"15.01.2024 13:45",9945.000,
"15.01.2024 14:00",10082.800,
"15.01.2024 14:15",6600.000,
"15.01.2024 14:30",6236.100,
"15.01.2024 14:45",8099.607,
"15.01.2024 15:00",7640.800,
"15.01.2024 15:15",3475.000,
"15.01.2024 15:30",2221.900,
"15.01.2024 15:45",896.085,
"15.01.2024 16:00",516.100,
"15.01.2024 16:15",238.000,
"15.01.2024 16:30",0.000,
"15.01.2024 16:45",0.000,
"15.01.2024 17:00",0.000,
"15.01.2024 17:15",0.000,
"15.01.2024 17:30",0.000,
"15.01.2024 17:45",0.000,
"15.01.2024 18:00",0.000,
"15.01.2024 18:15",0.000,
"15.01.2024 18:30",0.000,
"15.01.2024 18:45",0.000,
"15.01.2024 19:00",0.000,
"15.01.2024 19:15",0.000,
"15.01.2024 19:30",0.000,
"15.01.2024 19:45",0.000,
"15.01.2024 20:00",0.000,
"15.01.2024 20:15",0.000,
"15.01.2024 20:30",0.000,
"15.01.2024 20:45",0.000,
"15.01.2024 21:00",0.000,
"15.01.2024 21:15",0.000,
"15.01.2024 21:30",0.000,
"15.01.2024 21:45",0.000,
"15.01.2024 22:00",0.000,
"15.01.2024 22:15",0.000,
"15.01.2024 22:30",0.000,
"15.01.2024 22:45",0.000,
"15.01.2024 23:00",0.000,
"15.01.2024 23:15",0.000,
"15.01.2024 23:30",0.000,
"15.01.2024 23:45",0.000,
"16.01.2024 00:00",0.000,
"16.01.2024 00:15",0.000,
"16.01.2024 00:30",0.000,
"16.01.2024 00:45",0.000,
"16.01.2024 01:00",0.000,
"16.01.2024 01:15",0.000,
"16.01.2024 01:30",0.000,
"16.01.2024 01:45",0.000,
"16.01.2024 02:00",0.000,
"16.01.2024 02:15",0.000,
"16.01.2024 02:30",0.000,
"16.01.2024 02:45",0.000,
"16.01.2024 03:00",0.000,
"16.01.2024 03:15",0.000,
"16.01.2024 03:30",0.000,
"16.01.2024 03:45",0.000,
"16.01.2024 04:00",0.000,
"16.01.2024 04:15",0.000,
"16.01.2024 04:30",0.000,
"16.01.2024 04:45",0.000,
"16.01.2024 05:00",0.000,
"16.01.2024 05:15",0.000,
"16.01.2024 05:30",0.000,
"16.01.2024 05:45",0.000,
"16.01.2024 06:00",0.000,
"16.01.2024 06:15",0.000,
"16.01.2024 06:30",0.000,
"16.01.2024 06:45",0.000,
"16.01.2024 07:00",0.000,
"16.01.2024 07:15",0.000,
"16.01.2024 07:30",0.000,
"16.01.2024 07:45",0.000,
"16.01.2024 08:00",0.000,
"16.01.2024 08:15",0.000,
"16.01.2024 08:30",0.000,
"16.01.2024 08:45",0.000,
"16.01.2024 09:00",0.000,
"16.01.2024 09:15",0.000,
"16.01.2024 09:30",0.000,
"16.01.2024 09:45",167.000,
"16.01.2024 10:00",196.153,
"16.01.2024 10:15",408.800,
"16.01.2024 10:30",623.800,
"16.01.2024 10:45",646.902,
"16.01.2024 11:00",768.949,
"16.01.2024 11:15",819.900,
"16.01.2024 11:30",963.000,
"16.01.2024 11:45",1114.300,
"16.01.2024 12:00",1069.100,
"16.01.2024 12:15",1186.000,
"16.01.2024 12:30",1122.100,
"16.01.2024 12:45",952.721,
"16.01.2024 13:00",713.169,
"16.01.2024 13:15",985.000,
"16.01.2024 13:30",1074.458,
"16.01.2024 13:45",585.300,
"16.01.2024 14:00",823.000,
"16.01.2024 14:15",657.000,
"16.01.2024 14:30",749.000,
"16.01.2024 14:45",577.164,
"16.01.2024 15:00",470.148,
"16.01.2024 15:15",217.000,
"16.01.2024 15:30",11.500,
"16.01.2024 15:45",0.000,
"16.01.2024 16:00",0.000,
"16.01.2024 16:15",0.000,
"16.01.2024 16:30",0.000,
"16.01.2024 16:45",0.000,
"16.01.2024 17:00",0.000,
"16.01.2024 17:15",0.000,
"16.01.2024 17:30",0.000,
"16.01.2024 17:45",0.000,
"16.01.2024 18:00",0.000,
"16.01.2024 18:15",0.000,
"16.01.2024 18:30",0.000,
"16.01.2024 18:45",0.000,
"16.01.2024 19:00",0.000,
"16.01.2024 19:15",0.000,
"16.01.2024 19:30",0.000,
"16.01.2024 19:45",0.000,
"16.01.2024 20:00",0.000,
"16.01.2024 20:15",0.000,
"16.01.2024 20:30",0.000,
"16.01.2024 20:45",0.000,
"16.01.2024 21:00",0.000,
"16.01.2024 21:15",0.000,
"16.01.2024 21:30",0.000,
"16.01.2024 21:45",0.000,
"16.01.2024 22:00",0.000,
"16.01.2024 22:15",0.000,
"16.01.2024 22:30",0.000,
"16.01.2024 22:45",0.000,
"16.01.2024 23:00",0.000,
"16.01.2024 23:15",0.000,
"16.01.2024 23:30",0.000,
"16.01.2024 23:45",0.000,
"17.01.2024 00:00",0.000,
"17.01.2024 00:15",0.000,
"17.01.2024 00:30",0.000,
"17.01.2024 00:45",0.000,
"17.01.2024 01:00",0.000,
"17.01.2024 01:15",0.000,
"17.01.2024 01:30",0.000,
"17.01.2024 01:45",0.000,
"17.01.2024 02:00",0.000,
"17.01.2024 02:15",0.000,
"17.01.2024 02:30",0.000,
"17.01.2024 02:45",0.000,
"17.01.2024 03:00",0.000,
"17.01.2024 03:15",0.000,
"17.01.2024 03:30",0.000,
"17.01.2024 03:45",0.000,
"17.01.2024 04:00",0.000,
"17.01.2024 04:15",0.000,
"17.01.2024 04:30",0.000,
"17.01.2024 04:45",0.000,
"17.01.2024 05:00",0.000,
"17.01.2024 05:15",0.000,
"17.01.2024 05:30",0.000,
"17.01.2024 05:45",0.000,
"17.01.2024 06:00",0.000,
"17.01.2024 06:15",0.000,
"17.01.2024 06:30",0.000,
"17.01.2024 06:45",0.000,
"17.01.2024 07:00",0.000,
"17.01.2024 07:15",0.000,
"17.01.2024 07:30",0.000,
"17.01.2024 07:45",0.000,
"17.01.2024 08:00",0.000,
"17.01.2024 08:15",0.000,
"17.01.2024 08:30",0.000,
"17.01.2024 08:45",0.000,
"17.01.2024 09:00",0.000,
"17.01.2024 09:15",0.000,
"17.01.2024 09:30",0.000,
"17.01.2024 09:45",0.000,
"17.01.2024 10:00",0.000,
"17.01.2024 10:15",0.000,
"17.01.2024 10:30",0.000,
"17.01.2024 10:45",0.000,
"17.01.2024 11:00",0.000,
"17.01.2024 11:15",0.000,
"17.01.2024 11:30",178.000,
"17.01.2024 11:45",165.915,
"17.01.2024 12:00",205.100,
"17.01.2024 12:15",175.000,
"17.01.2024 12:30",105.200,
"17.01.2024 12:45",0.000,
"17.01.2024 13:00",0.000,
"17.01.2024 13:15",0.000,
"17.01.2024 13:30",0.000,
"17.01.2024 13:45",0.000,
"17.01.2024 14:00",0.000,
"17.01.2024 14:15",0.000,
"17.01.2024 14:30",0.000,
"17.01.2024 14:45",0.000,
"17.01.2024 15:00",0.000,
"17.01.2024 15:15",0.000,
"17.01.2024 15:30",0.000,
"17.01.2024 15:45",0.000,
"17.01.2024 16:00",0.000,
"17.01.2024 16:15",0.000,
"17.01.2024 16:30",0.000,
"17.01.2024 16:45",0.000,
"17.01.2024 17:00",0.000,
"17.01.2024 17:15",0.000,
"17.01.2024 17:30",0.000,
"17.01.2024 17:45",0.000,
"17.01.2024 18:00",0.000,
"17.01.2024 18:15",0.000,
"17.01.2024 18:30",0.000,
"17.01.2024 18:45",0.000,
"17.01.2024 19:00",0.000,
"17.01.2024 19:15",0.000,
"17.01.2024 19:30",0.000,
"17.01.2024 19:45",0.000,
"17.01.2024 20:00",0.000,
"17.01.2024 20:15",0.000,
"17.01.2024 20:30",0.000,
"17.01.2024 20:45",0.000,
"17.01.2024 21:00",0.000,
"17.01.2024 21:15",0.000,
"17.01.2024 21:30",0.000,
"17.01.2024 21:45",0.000,
"17.01.2024 22:00",0.000,
"17.01.2024 22:15",0.000,
"17.01.2024 22:30",0.000,
"17.01.2024 22:45",0.000,
"17.01.2024 23:00",0.000,
"17.01.2024 23:15",0.000,
"17.01.2024 23:30",0.000,
"17.01.2024 23:45",0.000,
"18.01.2024 00:00",0.000,
"18.01.2024 00:15",0.000,
"18.01.2024 00:30",0.000,
"18.01.2024 00:45",0.000,
"18.01.2024 01:00",0.000,
"18.01.2024 01:15",0.000,
"18.01.2024 01:30",0.000,
"18.01.2024 01:45",0.000,
"18.01.2024 02:00",0.000,
"18.01.2024 02:15",0.000,
"18.01.2024 02:30",0.000,
"18.01.2024 02:45",0.000,
"18.01.2024 03:00",0.000,
"18.01.2024 03:15",0.000,
"18.01.2024 03:30",0.000,
"18.01.2024 03:45",0.000,
"18.01.2024 04:00",0.000,
"18.01.2024 04:15",0.000,
"18.01.2024 04:30",0.000,
"18.01.2024 04:45",0.000,
"18.01.2024 05:00",0.000,
"18.01.2024 05:15",0.000,
"18.01.2024 05:30",0.000,
"18.01.2024 05:45",0.000,
"18.01.2024 06:00",0.000,
"18.01.2024 06:15",0.000,
"18.01.2024 06:30",0.000,
"18.01.2024 06:45",0.000,
"18.01.2024 07:00",0.000,
"18.01.2024 07:15",0.000,
"18.01.2024 07:30",0.000,
"18.01.2024 07:45",0.000,
"18.01.2024 08:00",0.000,
"18.01.2024 08:15",0.000,
"18.01.2024 08:30",0.000,
"18.01.2024 08:45",0.000,
"18.01.2024 09:00",0.000,
"18.01.2024 09:15",0.000,
"18.01.2024 09:30",0.000,
"18.01.2024 09:45",108.787,
"18.01.2024 10:00",0.000,
"18.01.2024 10:15",133.200,
"18.01.2024 10:30",166.900,
"18.01.2024 10:45",265.220,
"18.01.2024 11:00",307.000,
"18.01.2024 11:15",356.900,
"18.01.2024 11:30",395.902,
"18.01.2024 11:45",426.000,
"18.01.2024 12:00",436.100,
"18.01.2024 12:15",476.100,
"18.01.2024 12:30",462.300,
"18.01.2024 12:45",486.000,
"18.01.2024 13:00",458.984,
"18.01.2024 13:15",442.100,
"18.01.2024 13:30",258.000,
"18.01.2024 13:45",407.900,
"18.01.2024 14:00",375.033,
"18.01.2024 14:15",328.000,
"18.01.2024 14:30",268.000,
"18.01.2024 14:45",225.847,
"18.01.2024 15:00",181.900,
"18.01.2024 15:15",69.000,
"18.01.2024 15:30",0.000,
"18.01.2024 15:45",0.000,
"18.01.2024 16:00",0.000,
"18.01.2024 16:15",0.000,
"18.01.2024 16:30",0.000,
"18.01.2024 16:45",0.000,
"18.01.2024 17:00",0.000,
"18.01.2024 17:15",0.000,
"18.01.2024 17:30",0.000,
"18.01.2024 17:45",0.000,
"18.01.2024 18:00",0.000,
"18.01.2024 18:15",0.000,
"18.01.2024 18:30",0.000,
"18.01.2024 18:45",0.000,
"18.01.2024 19:00",0.000,
"18.01.2024 19:15",0.000,
"18.01.2024 19:30",0.000,
"18.01.2024 19:45",0.000,
"18.01.2024 20:00",0.000,
"18.01.2024 20:15",0.000,
"18.01.2024 20:30",0.000,
"18.01.2024 20:45",0.000,
"18.01.2024 21:00",0.000,
"18.01.2024 21:15",0.000,
"18.01.2024 21:30",0.000,
"18.01.2024 21:45",0.000,
"18.01.2024 22:00",0.000,
"18.01.2024 22:15",0.000,
"18.01.2024 22:30",0.000,
"18.01.2024 22:45",0.000,
"18.01.2024 23:00",0.000,
"18.01.2024 23:15",0.000,
"18.01.2024 23:30",0.000,
"18.01.2024 23:45",0.000,
"19.01.2024 00:00",0.000,
"19.01.2024 00:15",0.000,
"19.01.2024 00:30",0.000,
"19.01.2024 00:45",0.000,
"19.01.2024 01:00",0.000,
"19.01.2024 01:15",0.000,
"19.01.2024 01:30",0.000,
"19.01.2024 01:45",0.000,
"19.01.2024 02:00",0.000,
"19.01.2024 02:15",0.000,
"19.01.2024 02:30",0.000,
"19.01.2024 02:45",0.000,
"19.01.2024 03:00",0.000,
"19.01.2024 03:15",0.000,
"19.01.2024 03:30",0.000,
"19.01.2024 03:45",0.000,
"19.01.2024 04:00",0.000,
"19.01.2024 04:15",0.000,
"19.01.2024 04:30",0.000,
"19.01.2024 04:45",0.000,
"19.01.2024 05:00",0.000,
"19.01.2024 05:15",0.000,
"19.01.2024 05:30",0.000,
"19.01.2024 05:45",0.000,
"19.01.2024 06:00",0.000,
"19.01.2024 06:15",0.000,
"19.01.2024 06:30",0.000,
"19.01.2024 06:45",0.000,
"19.01.2024 07:00",0.000,
"19.01.2024 07:15",0.000,
"19.01.2024 07:30",0.000,
"19.01.2024 07:45",0.000,
"19.01.2024 08:00",0.000,
"19.01.2024 08:15",0.000,
"19.01.2024 08:30",0.000,
"19.01.2024 08:45",0.000,
"19.01.2024 09:00",0.000,
"19.01.2024 09:15",0.000,
"19.01.2024 09:30",0.000,
"19.01.2024 09:45",0.000,
"19.01.2024 10:00",0.000,
"19.01.2024 10:15",0.000,
"19.01.2024 10:30",108.712,
"19.01.2024 10:45",0.000,
"19.01.2024 11:00",150.000,
"19.01.2024 11:15",0.000,
"19.01.2024 11:30",0.000,
"19.01.2024 11:45",0.000,
"19.01.2024 12:00",128.136,
"19.01.2024 12:15",118.000,
"19.01.2024 12:30",139.852,
"19.01.2024 12:45",164.900,
"19.01.2024 13:00",0.000,
"19.01.2024 13:15",169.000,
"19.01.2024 13:30",319.153,
"19.01.2024 13:45",184.424,
"19.01.2024 14:00",541.153,
"19.01.2024 14:15",126.900,
"19.01.2024 14:30",0.000,
"19.01.2024 14:45",290.800,
"19.01.2024 15:00",166.000,
"19.01.2024 15:15",0.000,
"19.01.2024 15:30",0.000,
"19.01.2024 15:45",19.984,
"19.01.2024 16:00",0.000,
"19.01.2024 16:15",0.000,
"19.01.2024 16:30",0.000,
"19.01.2024 16:45",0.000,
"19.01.2024 17:00",0.000,
"19.01.2024 17:15",0.000,
"19.01.2024 17:30",0.000,
"19.01.2024 17:45",0.000,
"19.01.2024 18:00",0.000,
"19.01.2024 18:15",0.000,
"19.01.2024 18:30",0.000,
"19.01.2024 18:45",0.000,
"19.01.2024 19:00",0.000,
"19.01.2024 19:15",0.000,
"19.01.2024 19:30",0.000,
"19.01.2024 19:45",0.000,
"19.01.2024 20:00",0.000,
"19.01.2024 20:15",0.000,
"19.01.2024 20:30",0.000,
"19.01.2024 20:45",0.000,
"19.01.2024 21:00",0.000,
"19.01.2024 21:15",0.000,
"19.01.2024 21:30",0.000,
"19.01.2024 21:45",0.000,
"19.01.2024 22:00",0.000,
"19.01.2024 22:15",0.000,
"19.01.2024 22:30",0.000,
"19.01.2024 22:45",0.000,
"19.01.2024 23:00",0.000,
"19.01.2024 23:15",0.000,
"19.01.2024 23:30",0.000,
"19.01.2024 23:45",0.000,
"20.01.2024 00:00",0.000,
"20.01.2024 00:15",0.000,
"20.01.2024 00:30",0.000,
"20.01.2024 00:45",0.000,
"20.01.2024 01:00",0.000,
"20.01.2024 01:15",0.000,
"20.01.2024 01:30",0.000,
"20.01.2024 01:45",0.000,
"20.01.2024 02:00",0.000,
"20.01.2024 02:15",0.000,
"20.01.2024 02:30",0.000,
"20.01.2024 02:45",0.000,
"20.01.2024 03:00",0.000,
"20.01.2024 03:15",0.000,
"20.01.2024 03:30",0.000,
"20.01.2024 03:45",0.000,
"20.01.2024 04:00",0.000,
"20.01.2024 04:15",0.000,
"20.01.2024 04:30",0.000,
"20.01.2024 04:45",0.000,
"20.01.2024 05:00",0.000,
"20.01.2024 05:15",0.000,
"20.01.2024 05:30",0.000,
"20.01.2024 05:45",0.000,
"20.01.2024 06:00",0.000,
"20.01.2024 06:15",0.000,
"20.01.2024 06:30",0.000,
"20.01.2024 06:45",0.000,
"20.01.2024 07:00",0.000,
"20.01.2024 07:15",0.000,
"20.01.2024 07:30",0.000,
"20.01.2024 07:45",0.000,
"20.01.2024 08:00",0.000,
"20.01.2024 08:15",0.000,
"20.01.2024 08:30",0.000,
"20.01.2024 08:45",0.000,
"20.01.2024 09:00",443.458,
"20.01.2024 09:15",1509.100,
"20.01.2024 09:30",3020.590,
"20.01.2024 09:45",1799.000,
"20.01.2024 10:00",1794.983,
"20.01.2024 10:15",4836.000,
"20.01.2024 10:30",6228.000,
"20.01.2024 10:45",4977.000,
"20.01.2024 11:00",3812.557,
"20.01.2024 11:15",2756.102,
"20.01.2024 11:30",6532.000,
"20.01.2024 11:45",7618.000,
"20.01.2024 12:00",6678.465,
"20.01.2024 12:15",7238.000,
"20.01.2024 12:30",5515.763,
"20.01.2024 12:45",8565.000,
"20.01.2024 13:00",8420.000,
"20.01.2024 13:15",10271.000,
"20.01.2024 13:30",7410.900,
"20.01.2024 13:45",13737.900,
"20.01.2024 14:00",9558.712,
"20.01.2024 14:15",6136.262,
"20.01.2024 14:30",5324.852,
"20.01.2024 14:45",2977.900,
"20.01.2024 15:00",5812.000,
"20.01.2024 15:15",8691.000,
"20.01.2024 15:30",2992.900,
"20.01.2024 15:45",1459.424,
"20.01.2024 16:00",1135.593,
"20.01.2024 16:15",218.900,
"20.01.2024 16:30",0.000,
"20.01.2024 16:45",0.000,
"20.01.2024 17:00",0.000,
"20.01.2024 17:15",0.000,
"20.01.2024 17:30",0.000,
"20.01.2024 17:45",0.000,
"20.01.2024 18:00",0.000,
"20.01.2024 18:15",0.000,
"20.01.2024 18:30",0.000,
"20.01.2024 18:45",0.000,
"20.01.2024 19:00",0.000,
"20.01.2024 19:15",0.000,
"20.01.2024 19:30",0.000,
"20.01.2024 19:45",0.000,
"20.01.2024 20:00",0.000,
"20.01.2024 20:15",0.000,
"20.01.2024 20:30",0.000,
"20.01.2024 20:45",0.000,
"20.01.2024 21:00",0.000,
"20.01.2024 21:15",0.000,
"20.01.2024 21:30",0.000,
"20.01.2024 21:45",0.000,
"20.01.2024 22:00",0.000,
"20.01.2024 22:15",0.000,
"20.01.2024 22:30",0.000,
"20.01.2024 22:45",0.000,
"20.01.2024 23:00",0.000,
"20.01.2024 23:15",0.000,
"20.01.2024 23:30",0.000,
"20.01.2024 23:45",0.000,
"21.01.2024 00:00",0.000,
"21.01.2024 00:15",0.000,
"21.01.2024 00:30",0.000,
"21.01.2024 00:45",0.000,
"21.01.2024 01:00",0.000,
"21.01.2024 01:15",0.000,
"21.01.2024 01:30",0.000,
"21.01.2024 01:45",0.000,
"21.01.2024 02:00",0.000,
"21.01.2024 02:15",0.000,
"21.01.2024 02:30",0.000,
"21.01.2024 02:45",0.000,
"21.01.2024 03:00",0.000,
"21.01.2024 03:15",0.000,
"21.01.2024 03:30",0.000,
"21.01.2024 03:45",0.000,
"21.01.2024 04:00",0.000,
"21.01.2024 04:15",0.000,
"21.01.2024 04:30",0.000,
"21.01.2024 04:45",0.000,
"21.01.2024 05:00",0.000,
"21.01.2024 05:15",0.000,
"21.01.2024 05:30",0.000,
"21.01.2024 05:45",0.000,
"21.01.2024 06:00",0.000,
"21.01.2024 06:15",0.000,
"21.01.2024 06:30",0.000,
"21.01.2024 06:45",0.000,
"21.01.2024 07:00",0.000,
"21.01.2024 07:15",0.000,
"21.01.2024 07:30",0.000,
"21.01.2024 07:45",0.000,
"21.01.2024 08:00",0.000,
"21.01.2024 08:15",0.000,
"21.01.2024 08:30",0.000,
"21.01.2024 08:45",134.542,
"21.01.2024 09:00",397.984,
"21.01.2024 09:15",629.000,
"21.01.2024 09:30",1717.800,
"21.01.2024 09:45",1087.458,
"21.01.2024 10:00",1093.100,
"21.01.2024 10:15",2068.525,
"21.01.2024 10:30",1913.542,
"21.01.2024 10:45",2131.100,
"21.01.2024 11:00",2039.000,
"21.01.2024 11:15",3584.200,
"21.01.2024 11:30",2430.000,
"21.01.2024 11:45",4781.100,
"21.01.2024 12:00",5560.000,
"21.01.2024 12:15",4249.000,
"21.01.2024 12:30",3010.900,
"21.01.2024 12:45",1655.000,
"21.01.2024 13:00",6819.525,
"21.01.2024 13:15",4110.918,
"21.01.2024 13:30",2891.000,
"21.01.2024 13:45",2685.918,
"21.01.2024 14:00",1598.200,
"21.01.2024 14:15",1892.000,
"21.01.2024 14:30",942.900,
"21.01.2024 14:45",869.100,
"21.01.2024 15:00",759.000,
"21.01.2024 15:15",475.900,
"21.01.2024 15:30",312.700,
"21.01.2024 15:45",342.237,
"21.01.2024 16:00",222.984,
"21.01.2024 16:15",0.000,
"21.01.2024 16:30",0.000,
"21.01.2024 16:45",0.000,
"21.01.2024 17:00",0.000,
"21.01.2024 17:15",0.000,
"21.01.2024 17:30",0.000,
"21.01.2024 17:45",0.000,
"21.01.2024 18:00",0.000,
"21.01.2024 18:15",0.000,
"21.01.2024 18:30",0.000,
"21.01.2024 18:45",0.000,
"21.01.2024 19:00",0.000,
"21.01.2024 19:15",0.000,
"21.01.2024 19:30",0.000,
"21.01.2024 19:45",0.000,
"21.01.2024 20:00",0.000,
"21.01.2024 20:15",0.000,
"21.01.2024 20:30",0.000,
"21.01.2024 20:45",0.000,
"21.01.2024 21:00",0.000,
"21.01.2024 21:15",0.000,
"21.01.2024 21:30",0.000,
"21.01.2024 21:45",0.000,
"21.01.2024 22:00",0.000,
"21.01.2024 22:15",0.000,
"21.01.2024 22:30",0.000,
"21.01.2024 22:45",0.000,
"21.01.2024 23:00",0.000,
"21.01.2024 23:15",0.000,
"21.01.2024 23:30",0.000,
"21.01.2024 23:45",0.000,
"22.01.2024 00:00",0.000,
"22.01.2024 00:15",0.000,
"22.01.2024 00:30",0.000,
"22.01.2024 00:45",0.000,
"22.01.2024 01:00",0.000,
"22.01.2024 01:15",0.000,
"22.01.2024 01:30",0.000,
"22.01.2024 01:45",0.000,
"22.01.2024 02:00",0.000,
"22.01.2024 02:15",0.000,
"22.01.2024 02:30",0.000,
"22.01.2024 02:45",-0.450,
"22.01.2024 03:00",0.000,
"22.01.2024 03:15",0.000,
"22.01.2024 03:30",0.000,
"22.01.2024 03:45",0.000,
"22.01.2024 04:00",0.000,
"22.01.2024 04:15",0.000,
"22.01.2024 04:30",0.000,
"22.01.2024 04:45",0.000,
"22.01.2024 05:00",0.000,
"22.01.2024 05:15",0.000,
"22.01.2024 05:30",0.000,
"22.01.2024 05:45",0.000,
"22.01.2024 06:00",0.000,
"22.01.2024 06:15",0.000,
"22.01.2024 06:30",0.000,
"22.01.2024 06:45",0.000,
"22.01.2024 07:00",0.000,
"22.01.2024 07:15",0.000,
"22.01.2024 07:30",0.000,
"22.01.2024 07:45",0.000,
"22.01.2024 08:00",0.000,
"22.01.2024 08:15",0.000,
"22.01.2024 08:30",0.000,
"22.01.2024 08:45",0.000,
"22.01.2024 09:00",0.000,
"22.01.2024 09:15",0.000,
"22.01.2024 09:30",683.000,
"22.01.2024 09:45",170.700,
"22.01.2024 10:00",2447.000,
"22.01.2024 10:15",1434.220,
"22.01.2024 10:30",4090.754,
"22.01.2024 10:45",4931.100,
"22.01.2024 11:00",5441.000,
"22.01.2024 11:15",3224.559,
"22.01.2024 11:30",7126.393,
"22.01.2024 11:45",2745.180,
"22.01.2024 12:00",14045.900,
"22.01.2024 12:15",14410.754,
"22.01.2024 12:30",14394.100,
"22.01.2024 12:45",13859.900,
"22.01.2024 13:00",13696.100,
"22.01.2024 13:15",13197.102,
"22.01.2024 13:30",12488.000,
"22.01.2024 13:45",12751.100,
"22.01.2024 14:00",11211.000,
"22.01.2024 14:15",10112.000,
"22.01.2024 14:30",7309.100,
"22.01.2024 14:45",2916.700,
"22.01.2024 15:00",3106.000,
"22.01.2024 15:15",3364.590,
"22.01.2024 15:30",4424.000,
"22.01.2024 15:45",1823.900,
"22.01.2024 16:00",2142.721,
"22.01.2024 16:15",1240.800,
"22.01.2024 16:30",338.300,
"22.01.2024 16:45",0.000,
"22.01.2024 17:00",0.000,
"22.01.2024 17:15",0.000,
"22.01.2024 17:30",0.000,
"22.01.2024 17:45",0.000,
"22.01.2024 18:00",0.000,
"22.01.2024 18:15",0.000,
"22.01.2024 18:30",0.000,
"22.01.2024 18:45",0.000,
"22.01.2024 19:00",0.000,
"22.01.2024 19:15",0.000,
"22.01.2024 19:30",0.000,
"22.01.2024 19:45",0.000,
"22.01.2024 20:00",0.000,
"22.01.2024 20:15",0.000,
"22.01.2024 20:30",0.000,
"22.01.2024 20:45",0.000,
"22.01.2024 21:00",0.000,
"22.01.2024 21:15",0.000,
"22.01.2024 21:30",0.000,
"22.01.2024 21:45",0.000,
"22.01.2024 22:00",0.000,
"22.01.2024 22:15",0.000,
"22.01.2024 22:30",0.000,
"22.01.2024 22:45",0.000,
"22.01.2024 23:00",0.000,
"22.01.2024 23:15",0.000,
"22.01.2024 23:30",0.000,
"22.01.2024 23:45",0.000,
"23.01.2024 00:00",0.000,
"23.01.2024 00:15",0.000,
"23.01.2024 00:30",0.000,
"23.01.2024 00:45",0.000,
"23.01.2024 01:00",0.000,
"23.01.2024 01:15",0.000,
"23.01.2024 01:30",0.000,
"23.01.2024 01:45",0.000,
"23.01.2024 02:00",0.000,
"23.01.2024 02:15",0.000,
"23.01.2024 02:30",0.000,
"23.01.2024 02:45",0.000,
"23.01.2024 03:00",0.000,
"23.01.2024 03:15",0.000,
"23.01.2024 03:30",0.000,
"23.01.2024 03:45",0.000,
"23.01.2024 04:00",0.000,
"23.01.2024 04:15",0.000,
"23.01.2024 04:30",0.000,
"23.01.2024 04:45",0.000,
"23.01.2024 05:00",0.000,
"23.01.2024 05:15",0.000,
"23.01.2024 05:30",0.000,
"23.01.2024 05:45",0.000,
"23.01.2024 06:00",0.000,
"23.01.2024 06:15",0.000,
"23.01.2024 06:30",0.000,
"23.01.2024 06:45",0.000,
"23.01.2024 07:00",0.000,
"23.01.2024 07:15",0.000,
"23.01.2024 07:30",0.000,
"23.01.2024 07:45",0.000,
"23.01.2024 08:00",0.000,
"23.01.2024 08:15",0.000,
"23.01.2024 08:30",280.900,
"23.01.2024 08:45",136.153,
"23.01.2024 09:00",804.000,
"23.01.2024 09:15",1127.000,
"23.01.2024 09:30",3205.200,
"23.01.2024 09:45",5318.900,
"23.01.2024 10:00",2902.672,
"23.01.2024 10:15",2560.885,
"23.01.2024 10:30",6922.000,
"23.01.2024 10:45",8403.000,
"23.01.2024 11:00",4070.000,
"23.01.2024 11:15",9859.000,
"23.01.2024 11:30",12462.200,
"23.01.2024 11:45",14251.678,
"23.01.2024 12:00",11101.900,
"23.01.2024 12:15",8331.000,
"23.01.2024 12:30",15099.100,
"23.01.2024 12:45",11484.458,
"23.01.2024 13:00",12387.328,
"23.01.2024 13:15",11422.377,
"23.01.2024 13:30",14647.373,
"23.01.2024 13:45",9066.508,
"23.01.2024 14:00",8466.200,
"23.01.2024 14:15",6602.000,
"23.01.2024 14:30",5658.000,
"23.01.2024 14:45",5327.847,
"23.01.2024 15:00",2078.200,
"23.01.2024 15:15",1995.754,
"23.01.2024 15:30",1765.153,
"23.01.2024 15:45",884.900,
"23.01.2024 16:00",569.852,
"23.01.2024 16:15",562.695,
"23.01.2024 16:30",140.000,
"23.01.2024 16:45",0.000,
"23.01.2024 17:00",0.000,
"23.01.2024 17:15",0.000,
"23.01.2024 17:30",0.000,
"23.01.2024 17:45",0.000,
"23.01.2024 18:00",0.000,
"23.01.2024 18:15",0.000,
"23.01.2024 18:30",0.000,
"23.01.2024 18:45",0.000,
"23.01.2024 19:00",0.000,
"23.01.2024 19:15",0.000,
"23.01.2024 19:30",0.000,
"23.01.2024 19:45",0.000,
"23.01.2024 20:00",0.000,
"23.01.2024 20:15",0.000,
"23.01.2024 20:30",0.000,
"23.01.2024 20:45",0.000,
"23.01.2024 21:00",0.000,
"23.01.2024 21:15",0.000,
"23.01.2024 21:30",0.000,
"23.01.2024 21:45",0.000,
"23.01.2024 22:00",0.000,
"23.01.2024 22:15",0.000,
"23.01.2024 22:30",0.000,
"23.01.2024 22:45",0.000,
"23.01.2024 23:00",0.000,
"23.01.2024 23:15",0.000,
"23.01.2024 23:30",0.000,
"23.01.2024 23:45",0.000,
"24.01.2024 00:00",0.000,
"24.01.2024 00:15",0.000,
"24.01.2024 00:30",0.000,
"24.01.2024 00:45",0.000,
"24.01.2024 01:00",0.000,
"24.01.2024 01:15",0.000,
"24.01.2024 01:30",0.000,
"24.01.2024 01:45",0.000,
"24.01.2024 02:00",0.000,
"24.01.2024 02:15",0.000,
"24.01.2024 02:30",0.000,
"24.01.2024 02:45",-0.455,
"24.01.2024 03:00",0.000,
"24.01.2024 03:15",0.000,
"24.01.2024 03:30",0.000,
"24.01.2024 03:45",0.000,
"24.01.2024 04:00",0.000,
"24.01.2024 04:15",0.000,
"24.01.2024 04:30",0.000,
"24.01.2024 04:45",0.000,
"24.01.2024 05:00",0.000,
"24.01.2024 05:15",0.000,
"24.01.2024 05:30",0.000,
"24.01.2024 05:45",0.000,
"24.01.2024 06:00",0.000,
"24.01.2024 06:15",0.000,
"24.01.2024 06:30",0.000,
"24.01.2024 06:45",0.000,
"24.01.2024 07:00",0.000,
"24.01.2024 07:15",0.000,
"24.01.2024 07:30",0.000,
"24.01.2024 07:45",0.000,
"24.01.2024 08:00",0.000,
"24.01.2024 08:15",0.000,
"24.01.2024 08:30",0.000,
"24.01.2024 08:45",166.016,
"24.01.2024 09:00",223.049,
"24.01.2024 09:15",1003.900,
"24.01.2024 09:30",1430.136,
"24.01.2024 09:45",1813.000,
"24.01.2024 10:00",1392.100,
"24.01.2024 10:15",1188.100,
"24.01.2024 10:30",1879.559,
"24.01.2024 10:45",3515.712,
"24.01.2024 11:00",2670.600,
"24.01.2024 11:15",1884.623,
"24.01.2024 11:30",2775.328,
"24.01.2024 11:45",3347.100,
"24.01.2024 12:00",1875.100,
"24.01.2024 12:15",2016.700,
"24.01.2024 12:30",1565.984,
"24.01.2024 12:45",1306.066,
"24.01.2024 13:00",1146.136,
"24.01.2024 13:15",2118.000,
"24.01.2024 13:30",2007.000,
"24.01.2024 13:45",3253.475,
"24.01.2024 14:00",2021.574,
"24.01.2024 14:15",4491.820,
"24.01.2024 14:30",2309.712,
"24.01.2024 14:45",1464.900,
"24.01.2024 15:00",3469.900,
"24.01.2024 15:15",1998.000,
"24.01.2024 15:30",1733.525,
"24.01.2024 15:45",1417.800,
"24.01.2024 16:00",1019.900,
"24.01.2024 16:15",200.100,
"24.01.2024 16:30",336.574,
"24.01.2024 16:45",0.000,
"24.01.2024 17:00",0.000,
"24.01.2024 17:15",0.000,
"24.01.2024 17:30",0.000,
"24.01.2024 17:45",0.000,
"24.01.2024 18:00",0.000,
"24.01.2024 18:15",0.000,
"24.01.2024 18:30",0.000,
"24.01.2024 18:45",0.000,
"24.01.2024 19:00",0.000,
"24.01.2024 19:15",0.000,
"24.01.2024 19:30",0.000,
"24.01.2024 19:45",0.000,
"24.01.2024 20:00",0.000,
"24.01.2024 20:15",0.000,
"24.01.2024 20:30",0.000,
"24.01.2024 20:45",0.000,
"24.01.2024 21:00",0.000,
"24.01.2024 21:15",0.000,
"24.01.2024 21:30",0.000,
"24.01.2024 21:45",0.000,
"24.01.2024 22:00",0.000,
"24.01.2024 22:15",0.000,
"24.01.2024 22:30",0.000,
"24.01.2024 22:45",0.000,
"24.01.2024 23:00",0.000,
"24.01.2024 23:15",0.000,
"24.01.2024 23:30",0.000,
"24.01.2024 23:45",0.000,
"25.01.2024 00:00",0.000,
"25.01.2024 00:15",0.000,
"25.01.2024 00:30",0.000,
"25.01.2024 00:45",0.000,
"25.01.2024 01:00",0.000,
"25.01.2024 01:15",0.000,
"25.01.2024 01:30",0.000,
"25.01.2024 01:45",0.000,
"25.01.2024 02:00",0.000,
"25.01.2024 02:15",0.000,
"25.01.2024 02:30",0.000,
"25.01.2024 02:45",0.000,
"25.01.2024 03:00",0.000,
"25.01.2024 03:15",0.000,
"25.01.2024 03:30",0.000,
"25.01.2024 03:45",0.000,
"25.01.2024 04:00",0.000,
"25.01.2024 04:15",0.000,
"25.01.2024 04:30",0.000,
"25.01.2024 04:45",0.000,
"25.01.2024 05:00",0.000,
"25.01.2024 05:15",0.000,
"25.01.2024 05:30",0.000,
"25.01.2024 05:45",0.000,
"25.01.2024 06:00",0.000,
"25.01.2024 06:15",0.000,
"25.01.2024 06:30",0.000,
"25.01.2024 06:45",0.000,
"25.01.2024 07:00",0.000,
"25.01.2024 07:15",0.000,
"25.01.2024 07:30",0.000,
"25.01.2024 07:45",0.000,
"25.01.2024 08:00",0.000,
"25.01.2024 08:15",0.000,
"25.01.2024 08:30",139.500,
"25.01.2024 08:45",484.100,
"25.01.2024 09:00",1611.800,
"25.01.2024 09:15",2063.400,
"25.01.2024 09:30",3075.279,
"25.01.2024 09:45",4558.230,
"25.01.2024 10:00",6681.900,
"25.01.2024 10:15",7880.984,
"25.01.2024 10:30",5785.900,
"25.01.2024 10:45",7106.000,
"25.01.2024 11:00",7381.000,
"25.01.2024 11:15",8856.068,
"25.01.2024 11:30",12570.000,
"25.01.2024 11:45",10527.000,
"25.01.2024 12:00",7711.082,
"25.01.2024 12:15",5222.610,
"25.01.2024 12:30",6032.000,
"25.01.2024 12:45",4476.800,
"25.01.2024 13:00",4058.200,
"25.01.2024 13:15",5645.508,
"25.01.2024 13:30",4986.508,
"25.01.2024 13:45",4471.900,
"25.01.2024 14:00",5092.200,
"25.01.2024 14:15",3338.102,
"25.01.2024 14:30",5820.800,
"25.01.2024 14:45",2999.900,
"25.01.2024 15:00",2332.100,
"25.01.2024 15:15",4912.000,
"25.01.2024 15:30",5522.082,
"25.01.2024 15:45",3840.900,
"25.01.2024 16:00",1885.339,
"25.01.2024 16:15",1563.869,
"25.01.2024 16:30",308.100,
"25.01.2024 16:45",0.000,
"25.01.2024 17:00",0.000,
"25.01.2024 17:15",0.000,
"25.01.2024 17:30",0.000,
"25.01.2024 17:45",0.000,
"25.01.2024 18:00",0.000,
"25.01.2024 18:15",0.000,
"25.01.2024 18:30",0.000,
"25.01.2024 18:45",0.000,
"25.01.2024 19:00",0.000,
"25.01.2024 19:15",0.000,
"25.01.2024 19:30",0.000,
"25.01.2024 19:45",0.000,
"25.01.2024 20:00",0.000,
"25.01.2024 20:15",0.000,
"25.01.2024 20:30",0.000,
"25.01.2024 20:45",0.000,
"25.01.2024 21:00",0.000,
"25.01.2024 21:15",0.000,
"25.01.2024 21:30",0.000,
"25.01.2024 21:45",0.000,
"25.01.2024 22:00",0.000,
"25.01.2024 22:15",0.000,
"25.01.2024 22:30",0.000,
"25.01.2024 22:45",0.000,
"25.01.2024 23:00",0.000,
"25.01.2024 23:15",0.000,
"25.01.2024 23:30",0.000,
"25.01.2024 23:45",0.000,
"26.01.2024 00:00",0.000,
"26.01.2024 00:15",0.000,
"26.01.2024 00:30",0.000,
"26.01.2024 00:45",0.000,
"26.01.2024 01:00",0.000,
"26.01.2024 01:15",0.000,
"26.01.2024 01:30",0.000,
"26.01.2024 01:45",0.000,
"26.01.2024 02:00",0.000,
"26.01.2024 02:15",0.000,
"26.01.2024 02:30",0.000,
"26.01.2024 02:45",0.000,
"26.01.2024 03:00",0.000,
"26.01.2024 03:15",0.000,
"26.01.2024 03:30",0.000,
"26.01.2024 03:45",0.000,
"26.01.2024 04:00",0.000,
"26.01.2024 04:15",0.000,
"26.01.2024 04:30",0.000,
"26.01.2024 04:45",0.000,
"26.01.2024 05:00",0.000,
"26.01.2024 05:15",0.000,
"26.01.2024 05:30",0.000,
"26.01.2024 05:45",0.000,
"26.01.2024 06:00",0.000,
"26.01.2024 06:15",0.000,
"26.01.2024 06:30",0.000,
"26.01.2024 06:45",0.000,
"26.01.2024 07:00",0.000,
"26.01.2024 07:15",0.000,
"26.01.2024 07:30",0.000,
"26.01.2024 07:45",0.000,
"26.01.2024 08:00",0.000,
"26.01.2024 08:15",0.000,
"26.01.2024 08:30",0.000,
"26.01.2024 08:45",0.000,
"26.01.2024 09:00",0.000,
"26.01.2024 09:15",0.000,
"26.01.2024 09:30",0.000,
"26.01.2024 09:45",0.000,
"26.01.2024 10:00",91.100,
"26.01.2024 10:15",287.800,
"26.01.2024 10:30",151.836,
"26.01.2024 10:45",278.800,
"26.01.2024 11:00",528.441,
"26.01.2024 11:15",416.000,
"26.01.2024 11:30",1447.100,
"26.01.2024 11:45",2652.000,
"26.01.2024 12:00",1829.169,
"26.01.2024 12:15",2467.000,
"26.01.2024 12:30",6183.934,
"26.01.2024 12:45",1818.000,
"26.01.2024 13:00",1118.000,
"26.01.2024 13:15",1966.100,
"26.01.2024 13:30",3216.000,
"26.01.2024 13:45",3621.100,
"26.01.2024 14:00",5161.000,
"26.01.2024 14:15",4077.300,
"26.01.2024 14:30",2643.800,
"26.01.2024 14:45",4839.915,
"26.01.2024 15:00",4536.900,
"26.01.2024 15:15",3808.100,
"26.01.2024 15:30",7746.000,
"26.01.2024 15:45",2317.712,
"26.01.2024 16:00",2172.900,
"26.01.2024 16:15",1452.700,
"26.01.2024 16:30",586.915,
"26.01.2024 16:45",157.180,
"26.01.2024 17:00",0.000,
"26.01.2024 17:15",0.000,
"26.01.2024 17:30",0.000,
"26.01.2024 17:45",0.000,
"26.01.2024 18:00",0.000,
"26.01.2024 18:15",0.000,
"26.01.2024 18:30",0.000,
"26.01.2024 18:45",0.000,
"26.01.2024 19:00",0.000,
"26.01.2024 19:15",0.000,
"26.01.2024 19:30",0.000,
"26.01.2024 19:45",0.000,
"26.01.2024 20:00",0.000,
"26.01.2024 20:15",0.000,
"26.01.2024 20:30",0.000,
"26.01.2024 20:45",0.000,
"26.01.2024 21:00",0.000,
"26.01.2024 21:15",0.000,
"26.01.2024 21:30",0.000,
"26.01.2024 21:45",0.000,
"26.01.2024 22:00",0.000,
"26.01.2024 22:15",0.000,
"26.01.2024 22:30",0.000,
"26.01.2024 22:45",0.000,
"26.01.2024 23:00",0.000,
"26.01.2024 23:15",0.000,
"26.01.2024 23:30",0.000,
"26.01.2024 23:45",0.000,
"27.01.2024 00:00",0.000,
"27.01.2024 00:15",0.000,
"27.01.2024 00:30",0.000,
"27.01.2024 00:45",0.000,
"27.01.2024 01:00",0.000,
"27.01.2024 01:15",0.000,
"27.01.2024 01:30",0.000,
"27.01.2024 01:45",0.000,
"27.01.2024 02:00",0.000,
"27.01.2024 02:15",0.000,
"27.01.2024 02:30",0.000,
"27.01.2024 02:45",0.000,
"27.01.2024 03:00",0.000,
"27.01.2024 03:15",0.000,
"27.01.2024 03:30",0.000,
"27.01.2024 03:45",0.000,
"27.01.2024 04:00",0.000,
"27.01.2024 04:15",0.000,
"27.01.2024 04:30",0.000,
"27.01.2024 04:45",0.000,
"27.01.2024 05:00",0.000,
"27.01.2024 05:15",0.000,
"27.01.2024 05:30",0.000,
"27.01.2024 05:45",0.000,
"27.01.2024 06:00",0.000,
"27.01.2024 06:15",0.000,
"27.01.2024 06:30",0.000,
"27.01.2024 06:45",0.000,
"27.01.2024 07:00",0.000,
"27.01.2024 07:15",0.000,
"27.01.2024 07:30",0.000,
"27.01.2024 07:45",0.000,
"27.01.2024 08:00",0.000,
"27.01.2024 08:15",194.000,
"27.01.2024 08:30",731.100,
"27.01.2024 08:45",1362.610,
"27.01.2024 09:00",2079.800,
"27.01.2024 09:15",2240.525,
"27.01.2024 09:30",3470.100,
"27.01.2024 09:45",6031.492,
"27.01.2024 10:00",7354.000,
"27.01.2024 10:15",6482.100,
"27.01.2024 10:30",7437.169,
"27.01.2024 10:45",6701.246,
"27.01.2024 11:00",11818.000,
"27.01.2024 11:15",7975.000,
"27.01.2024 11:30",11293.000,
"27.01.2024 11:45",5516.000,
"27.01.2024 12:00",12137.000,
"27.01.2024 12:15",10124.000,
"27.01.2024 12:30",15768.100,
"27.01.2024 12:45",18047.738,
"27.01.2024 13:00",11647.900,
"27.01.2024 13:15",10594.508,
"27.01.2024 13:30",5091.271,
"27.01.2024 13:45",2316.100,
"27.01.2024 14:00",5291.902,
"27.01.2024 14:15",5576.426,
"27.01.2024 14:30",3770.100,
"27.01.2024 14:45",3727.000,
"27.01.2024 15:00",3917.000,
"27.01.2024 15:15",3427.000,
"27.01.2024 15:30",2384.100,
"27.01.2024 15:45",2371.836,
"27.01.2024 16:00",1664.100,
"27.01.2024 16:15",706.700,
"27.01.2024 16:30",384.000,
"27.01.2024 16:45",89.780,
"27.01.2024 17:00",0.000,
"27.01.2024 17:15",0.000,
"27.01.2024 17:30",0.000,
"27.01.2024 17:45",0.000,
"27.01.2024 18:00",0.000,
"27.01.2024 18:15",0.000,
"27.01.2024 18:30",0.000,
"27.01.2024 18:45",0.000,
"27.01.2024 19:00",0.000,
"27.01.2024 19:15",0.000,
"27.01.2024 19:30",0.000,
"27.01.2024 19:45",0.000,
"27.01.2024 20:00",0.000,
"27.01.2024 20:15",0.000,
"27.01.2024 20:30",0.000,
"27.01.2024 20:45",0.000,
"27.01.2024 21:00",0.000,
"27.01.2024 21:15",0.000,
"27.01.2024 21:30",0.000,
"27.01.2024 21:45",0.000,
"27.01.2024 22:00",0.000,
"27.01.2024 22:15",0.000,
"27.01.2024 22:30",0.000,
"27.01.2024 22:45",0.000,
"27.01.2024 23:00",0.000,
"27.01.2024 23:15",0.000,
"27.01.2024 23:30",0.000,
"27.01.2024 23:45",0.000,
"28.01.2024 00:00",0.000,
"28.01.2024 00:15",0.000,
"28.01.2024 00:30",0.000,
"28.01.2024 00:45",0.000,
"28.01.2024 01:00",0.000,
"28.01.2024 01:15",0.000,
"28.01.2024 01:30",0.000,
"28.01.2024 01:45",0.000,
"28.01.2024 02:00",0.000,
"28.01.2024 02:15",0.000,
"28.01.2024 02:30",0.000,
"28.01.2024 02:45",0.000,
"28.01.2024 03:00",0.000,
"28.01.2024 03:15",0.000,
"28.01.2024 03:30",0.000,
"28.01.2024 03:45",0.000,
"28.01.2024 04:00",0.000,
"28.01.2024 04:15",0.000,
"28.01.2024 04:30",0.000,
"28.01.2024 04:45",0.000,
"28.01.2024 05:00",0.000,
"28.01.2024 05:15",0.000,
"28.01.2024 05:30",0.000,
"28.01.2024 05:45",0.000,
"28.01.2024 06:00",0.000,
"28.01.2024 06:15",0.000,
"28.01.2024 06:30",0.000,
"28.01.2024 06:45",0.000,
"28.01.2024 07:00",0.000,
"28.01.2024 07:15",0.000,
"28.01.2024 07:30",0.000,
"28.01.2024 07:45",0.000,
"28.01.2024 08:00",0.000,
"28.01.2024 08:15",138.700,
"28.01.2024 08:30",631.763,
"28.01.2024 08:45",893.300,
"28.01.2024 09:00",1101.100,
"28.01.2024 09:15",1451.847,
"28.01.2024 09:30",3943.100,
"28.01.2024 09:45",6114.814,
"28.01.2024 10:00",8167.593,
"28.01.2024 10:15",9945.237,
"28.01.2024 10:30",11083.100,
"28.01.2024 10:45",12857.800,
"28.01.2024 11:00",12880.820,
"28.01.2024 11:15",15141.016,
"28.01.2024 11:30",15670.237,
"28.01.2024 11:45",15849.049,
"28.01.2024 12:00",13032.800,
"28.01.2024 12:15",13420.100,
"28.01.2024 12:30",13773.000,
"28.01.2024 12:45",15013.000,
"28.01.2024 13:00",17715.000,
"28.01.2024 13:15",16747.932,
"28.01.2024 13:30",18265.800,
"28.01.2024 13:45",17655.900,
"28.01.2024 14:00",14910.246,
"28.01.2024 14:15",10695.344,
"28.01.2024 14:30",8509.900,
"28.01.2024 14:45",8213.639,
"28.01.2024 15:00",8358.049,
"28.01.2024 15:15",8040.932,
"28.01.2024 15:30",7149.000,
"28.01.2024 15:45",5797.900,
"28.01.2024 16:00",2783.814,
"28.01.2024 16:15",1177.000,
"28.01.2024 16:30",708.542,
"28.01.2024 16:45",278.000,
"28.01.2024 17:00",0.000,
"28.01.2024 17:15",0.000,
"28.01.2024 17:30",0.000,
"28.01.2024 17:45",0.000,
"28.01.2024 18:00",0.000,
"28.01.2024 18:15",0.000,
"28.01.2024 18:30",0.000,
"28.01.2024 18:45",0.000,
"28.01.2024 19:00",0.000,
"28.01.2024 19:15",0.000,
"28.01.2024 19:30",0.000,
"28.01.2024 19:45",0.000,
"28.01.2024 20:00",0.000,
"28.01.2024 20:15",0.000,
"28.01.2024 20:30",0.000,
"28.01.2024 20:45",0.000,
"28.01.2024 21:00",0.000,
"28.01.2024 21:15",0.000,
"28.01.2024 21:30",0.000,
"28.01.2024 21:45",0.000,
"28.01.2024 22:00",0.000,
"28.01.2024 22:15",0.000,
"28.01.2024 22:30",0.000,
"28.01.2024 22:45",0.000,
"28.01.2024 23:00",0.000,
"28.01.2024 23:15",0.000,
"28.01.2024 23:30",0.000,
"28.01.2024 23:45",0.000,
"29.01.2024 00:00",0.000,
"29.01.2024 00:15",0.000,
"29.01.2024 00:30",0.000,
"29.01.2024 00:45",0.000,
"29.01.2024 01:00",0.000,
"29.01.2024 01:15",0.000,
"29.01.2024 01:30",0.000,
"29.01.2024 01:45",0.000,
"29.01.2024 02:00",0.000,
"29.01.2024 02:15",0.000,
"29.01.2024 02:30",0.000,
"29.01.2024 02:45",0.000,
"29.01.2024 03:00",0.000,
"29.01.2024 03:15",0.000,
"29.01.2024 03:30",0.000,
"29.01.2024 03:45",0.000,
"29.01.2024 04:00",0.000,
"29.01.2024 04:15",0.000,
"29.01.2024 04:30",0.000,
"29.01.2024 04:45",0.000,
"29.01.2024 05:00",0.000,
"29.01.2024 05:15",0.000,
"29.01.2024 05:30",0.000,
"29.01.2024 05:45",0.000,
"29.01.2024 06:00",0.000,
"29.01.2024 06:15",0.000,
"29.01.2024 06:30",0.000,
"29.01.2024 06:45",0.000,
"29.01.2024 07:00",0.000,
"29.01.2024 07:15",0.000,
"29.01.2024 07:30",0.000,
"29.01.2024 07:45",0.000,
"29.01.2024 08:00",0.000,
"29.01.2024 08:15",138.000,
"29.01.2024 08:30",493.900,
"29.01.2024 08:45",1262.100,
"29.01.2024 09:00",2263.393,
"29.01.2024 09:15",3356.000,
"29.01.2024 09:30",4930.000,
"29.01.2024 09:45",7230.000,
"29.01.2024 10:00",9183.800,
"29.01.2024 10:15",9457.847,
"29.01.2024 10:30",8170.831,
"29.01.2024 10:45",10234.200,
"29.01.2024 11:00",12779.900,
"29.01.2024 11:15",13789.900,
"29.01.2024 11:30",14758.100,
"29.01.2024 11:45",15778.966,
"29.01.2024 12:00",14837.475,
"29.01.2024 12:15",17618.000,
"29.01.2024 12:30",9696.967,
"29.01.2024 12:45",19572.787,
"29.01.2024 13:00",19637.900,
"29.01.2024 13:15",16224.100,
"29.01.2024 13:30",10573.000,
"29.01.2024 13:45",13298.034,
"29.01.2024 14:00",10988.705,
"29.01.2024 14:15",8571.169,
"29.01.2024 14:30",9934.000,
"29.01.2024 14:45",7131.000,
"29.01.2024 15:00",5578.900,
"29.01.2024 15:15",4886.000,
"29.01.2024 15:30",4135.492,
"29.01.2024 15:45",3635.000,
"29.01.2024 16:00",1701.820,
"29.01.2024 16:15",833.300,
"29.01.2024 16:30",161.672,
"29.01.2024 16:45",0.000,
"29.01.2024 17:00",0.000,
"29.01.2024 17:15",0.000,
"29.01.2024 17:30",0.000,
"29.01.2024 17:45",0.000,
"29.01.2024 18:00",0.000,
"29.01.2024 18:15",0.000,
"29.01.2024 18:30",0.000,
"29.01.2024 18:45",0.000,
"29.01.2024 19:00",0.000,
"29.01.2024 19:15",0.000,
"29.01.2024 19:30",0.000,
"29.01.2024 19:45",0.000,
"29.01.2024 20:00",0.000,
"29.01.2024 20:15",0.000,
"29.01.2024 20:30",0.000,
"29.01.2024 20:45",0.000,
"29.01.2024 21:00",0.000,
"29.01.2024 21:15",0.000,
"29.01.2024 21:30",0.000,
"29.01.2024 21:45",0.000,
"29.01.2024 22:00",0.000,
"29.01.2024 22:15",0.000,
"29.01.2024 22:30",0.000,
"29.01.2024 22:45",0.000,
"29.01.2024 23:00",0.000,
"29.01.2024 23:15",0.000,
"29.01.2024 23:30",0.000,
"29.01.2024 23:45",0.000,
"30.01.2024 00:00",0.000,
"30.01.2024 00:15",0.000,
"30.01.2024 00:30",0.000,
"30.01.2024 00:45",0.000,
"30.01.2024 01:00",0.000,
"30.01.2024 01:15",0.000,
"30.01.2024 01:30",0.000,
"30.01.2024 01:45",0.000,
"30.01.2024 02:00",0.000,
"30.01.2024 02:15",0.000,
"30.01.2024 02:30",0.000,
"30.01.2024 02:45",0.000,
"30.01.2024 03:00",0.000,
"30.01.2024 03:15",0.000,
"30.01.2024 03:30",0.000,
"30.01.2024 03:45",0.000,
"30.01.2024 04:00",0.000,
"30.01.2024 04:15",0.000,
"30.01.2024 04:30",0.000,
"30.01.2024 04:45",0.000,
"30.01.2024 05:00",0.000,
"30.01.2024 05:15",0.000,
"30.01.2024 05:30",0.000,
"30.01.2024 05:45",0.000,
"30.01.2024 06:00",0.000,
"30.01.2024 06:15",0.000,
"30.01.2024 06:30",0.000,
"30.01.2024 06:45",0.000,
"30.01.2024 07:00",0.000,
"30.01.2024 07:15",0.000,
"30.01.2024 07:30",0.000,
"30.01.2024 07:45",0.000,
"30.01.2024 08:00",0.000,
"30.01.2024 08:15",0.000,
"30.01.2024 08:30",335.300,
"30.01.2024 08:45",1033.066,
"30.01.2024 09:00",1561.066,
"30.01.2024 09:15",2429.100,
"30.01.2024 09:30",2861.831,
"30.01.2024 09:45",3477.900,
"30.01.2024 10:00",4443.593,
"30.01.2024 10:15",5351.847,
"30.01.2024 10:30",5310.100,
"30.01.2024 10:45",6252.100,
"30.01.2024 11:00",7451.763,
"30.01.2024 11:15",7282.951,
"30.01.2024 11:30",5629.492,
"30.01.2024 11:45",3769.900,
"30.01.2024 12:00",2943.803,
"30.01.2024 12:15",2954.000,
"30.01.2024 12:30",3820.000,
"30.01.2024 12:45",3584.000,
"30.01.2024 13:00",3785.831,
"30.01.2024 13:15",5568.787,
"30.01.2024 13:30",2411.000,
"30.01.2024 13:45",1955.339,
"30.01.2024 14:00",1501.000,
"30.01.2024 14:15",1380.100,
"30.01.2024 14:30",2639.100,
"30.01.2024 14:45",2157.000,
"30.01.2024 15:00",2921.000,
"30.01.2024 15:15",1510.852,
"30.01.2024 15:30",1806.254,
"30.01.2024 15:45",442.000,
"30.01.2024 16:00",86.800,
"30.01.2024 16:15",111.148,
"30.01.2024 16:30",0.000,
"30.01.2024 16:45",0.000,
"30.01.2024 17:00",0.000,
"30.01.2024 17:15",0.000,
"30.01.2024 17:30",0.000,
"30.01.2024 17:45",0.000,
"30.01.2024 18:00",0.000,
"30.01.2024 18:15",0.000,
"30.01.2024 18:30",0.000,
"30.01.2024 18:45",0.000,
"30.01.2024 19:00",0.000,
"30.01.2024 19:15",0.000,
"30.01.2024 19:30",0.000,
"30.01.2024 19:45",0.000,
"30.01.2024 20:00",0.000,
"30.01.2024 20:15",0.000,
"30.01.2024 20:30",0.000,
"30.01.2024 20:45",0.000,
"30.01.2024 21:00",0.000,
"30.01.2024 21:15",0.000,
"30.01.2024 21:30",0.000,
"30.01.2024 21:45",0.000,
"30.01.2024 22:00",0.000,
"30.01.2024 22:15",0.000,
"30.01.2024 22:30",0.000,
"30.01.2024 22:45",0.000,
"30.01.2024 23:00",0.000,
"30.01.2024 23:15",0.000,
"30.01.2024 23:30",0.000,
"30.01.2024 23:45",0.000,
"31.01.2024 00:00",0.000,
"31.01.2024 00:15",0.000,
"31.01.2024 00:30",0.000,
"31.01.2024 00:45",0.000,
"31.01.2024 01:00",0.000,
"31.01.2024 01:15",0.000,
"31.01.2024 01:30",0.000,
"31.01.2024 01:45",0.000,
"31.01.2024 02:00",0.000,
"31.01.2024 02:15",0.000,
"31.01.2024 02:30",0.000,
"31.01.2024 02:45",0.000,
"31.01.2024 03:00",0.000,
"31.01.2024 03:15",0.000,
"31.01.2024 03:30",0.000,
"31.01.2024 03:45",0.000,
"31.01.2024 04:00",0.000,
"31.01.2024 04:15",0.000,
"31.01.2024 04:30",0.000,
"31.01.2024 04:45",0.000,
"31.01.2024 05:00",0.000,
"31.01.2024 05:15",0.000,
"31.01.2024 05:30",0.000,
"31.01.2024 05:45",0.000,
"31.01.2024 06:00",0.000,
"31.01.2024 06:15",0.000,
"31.01.2024 06:30",0.000,
"31.01.2024 06:45",0.000,
"31.01.2024 07:00",0.000,
"31.01.2024 07:15",0.000,
"31.01.2024 07:30",0.000,
"31.01.2024 07:45",0.000,
"31.01.2024 08:00",0.000,
"31.01.2024 08:15",207.169,
"31.01.2024 08:30",677.610,
"31.01.2024 08:45",1000.754,
"31.01.2024 09:00",1540.153,
"31.01.2024 09:15",2971.100,
"31.01.2024 09:30",4540.508,
"31.01.2024 09:45",3274.787,
"31.01.2024 10:00",9431.800,
"31.01.2024 10:15",11409.000,
"31.01.2024 10:30",7090.900,
"31.01.2024 10:45",8961.000,
"31.01.2024 11:00",6553.721,
"31.01.2024 11:15",7115.900,
"31.01.2024 11:30",5539.000,
"31.01.2024 11:45",8113.119,
"31.01.2024 12:00",5130.800,
"31.01.2024 12:15",4906.508,
"31.01.2024 12:30",6263.900,
"31.01.2024 12:45",4547.000,
"31.01.2024 13:00",6182.000,
"31.01.2024 13:15",7684.288,
"31.01.2024 13:30",5680.426,
"31.01.2024 13:45",4754.200,
"31.01.2024 14:00",2921.200,
"31.01.2024 14:15",2771.000,
"31.01.2024 14:30",2453.900,
"31.01.2024 14:45",2928.393,
"31.01.2024 15:00",1967.068,
"31.01.2024 15:15",1917.100,
"31.01.2024 15:30",872.017,
"31.01.2024 15:45",901.085,
"31.01.2024 16:00",1777.525,
"31.01.2024 16:15",905.100,
"31.01.2024 16:30",289.100,
"31.01.2024 16:45",0.000,
"31.01.2024 17:00",0.000,
"31.01.2024 17:15",0.000,
"31.01.2024 17:30",0.000,
"31.01.2024 17:45",0.000,
"31.01.2024 18:00",0.000,
"31.01.2024 18:15",0.000,
"31.01.2024 18:30",0.000,
"31.01.2024 18:45",0.000,
"31.01.2024 19:00",0.000,
"31.01.2024 19:15",0.000,
"31.01.2024 19:30",0.000,
"31.01.2024 19:45",0.000,
"31.01.2024 20:00",0.000,
"31.01.2024 20:15",0.000,
"31.01.2024 20:30",0.000,
"31.01.2024 20:45",0.000,
"31.01.2024 21:00",0.000,
"31.01.2024 21:15",0.000,
"31.01.2024 21:30",0.000,
"31.01.2024 21:45",0.000,
"31.01.2024 22:00",0.000,
"31.01.2024 22:15",0.000,
"31.01.2024 22:30",0.000,
"31.01.2024 22:45",0.000,
"31.01.2024 23:00",0.000,
"31.01.2024 23:15",0.000,
"31.01.2024 23:30",0.000,
"31.01.2024 23:45",0.000,
"01.02.2024 00:00",0.000,
"01.02.2024 00:15",0.000,
"01.02.2024 00:30",0.000,
"01.02.2024 00:45",0.000,
"01.02.2024 01:00",0.000,
"01.02.2024 01:15",0.000,
"01.02.2024 01:30",0.000,
"01.02.2024 01:45",0.000,
"01.02.2024 02:00",0.000,
"01.02.2024 02:15",0.000,
"01.02.2024 02:30",0.000,
"01.02.2024 02:45",-0.450,
"01.02.2024 03:00",0.000,
"01.02.2024 03:15",0.000,
"01.02.2024 03:30",0.000,
"01.02.2024 03:45",0.000,
"01.02.2024 04:00",0.000,
"01.02.2024 04:15",0.000,
"01.02.2024 04:30",0.000,
"01.02.2024 04:45",0.000,
"01.02.2024 05:00",0.000,
"01.02.2024 05:15",0.000,
"01.02.2024 05:30",0.000,
"01.02.2024 05:45",0.000,
"01.02.2024 06:00",0.000,
"01.02.2024 06:15",0.000,
"01.02.2024 06:30",0.000,
"01.02.2024 06:45",0.000,
"01.02.2024 07:00",0.000,
"01.02.2024 07:15",0.000,
"01.02.2024 07:30",0.000,
"01.02.2024 07:45",0.000,
"01.02.2024 08:00",0.000,
"01.02.2024 08:15",196.100,
"01.02.2024 08:30",684.458,
"01.02.2024 08:45",1389.900,
"01.02.2024 09:00",1973.200,
"01.02.2024 09:15",3115.898,
"01.02.2024 09:30",4470.828,
"01.02.2024 09:45",6507.000,
"01.02.2024 10:00",7733.900,
"01.02.2024 10:15",9421.678,
"01.02.2024 10:30",10647.000,
"01.02.2024 10:45",12111.900,
"01.02.2024 11:00",13363.900,
"01.02.2024 11:15",14616.700,
"01.02.2024 11:30",15190.000,
"01.02.2024 11:45",14127.200,
"01.02.2024 12:00",16849.220,
"01.02.2024 12:15",17297.000,
"01.02.2024 12:30",17484.100,
"01.02.2024 12:45",18314.051,
"01.02.2024 13:00",19136.000,
"01.02.2024 13:15",18075.100,
"01.02.2024 13:30",17432.900,
"01.02.2024 13:45",15038.000,
"01.02.2024 14:00",14503.000,
"01.02.2024 14:15",8550.508,
"01.02.2024 14:30",17853.000,
"01.02.2024 14:45",15508.712,
"01.02.2024 15:00",6210.000,
"01.02.2024 15:15",6406.407,
"01.02.2024 15:30",4929.700,
"01.02.2024 15:45",7146.900,
"01.02.2024 16:00",2355.900,
"01.02.2024 16:15",1869.100,
"01.02.2024 16:30",2140.729,
"01.02.2024 16:45",839.100,
"01.02.2024 17:00",0.000,
"01.02.2024 17:15",0.000,
"01.02.2024 17:30",0.000,
"01.02.2024 17:45",0.000,
"01.02.2024 18:00",0.000,
"01.02.2024 18:15",0.000,
"01.02.2024 18:30",0.000,
"01.02.2024 18:45",0.000,
"01.02.2024 19:00",0.000,
"01.02.2024 19:15",0.000,
"01.02.2024 19:30",0.000,
"01.02.2024 19:45",0.000,
"01.02.2024 20:00",0.000,
"01.02.2024 20:15",0.000,
"01.02.2024 20:30",0.000,
"01.02.2024 20:45",0.000,
"01.02.2024 21:00",0.000,
"01.02.2024 21:15",0.000,
"01.02.2024 21:30",0.000,
"01.02.2024 21:45",0.000,
"01.02.2024 22:00",0.000,
"01.02.2024 22:15",0.000,
"01.02.2024 22:30",0.000,
"01.02.2024 22:45",0.000,
"01.02.2024 23:00",0.000,
"01.02.2024 23:15",0.000,
"01.02.2024 23:30",0.000,
"01.02.2024 23:45",0.000,
"02.02.2024 00:00",0.000,
"02.02.2024 00:15",0.000,
"02.02.2024 00:30",0.000,
"02.02.2024 00:45",0.000,
"02.02.2024 01:00",0.000,
"02.02.2024 01:15",0.000,
"02.02.2024 01:30",0.000,
"02.02.2024 01:45",0.000,
"02.02.2024 02:00",0.000,
"02.02.2024 02:15",0.000,
"02.02.2024 02:30",0.000,
"02.02.2024 02:45",0.000,
"02.02.2024 03:00",0.000,
"02.02.2024 03:15",0.000,
"02.02.2024 03:30",0.000,
"02.02.2024 03:45",0.000,
"02.02.2024 04:00",0.000,
"02.02.2024 04:15",0.000,
"02.02.2024 04:30",0.000,
"02.02.2024 04:45",0.000,
"02.02.2024 05:00",0.000,
"02.02.2024 05:15",0.000,
"02.02.2024 05:30",0.000,
"02.02.2024 05:45",0.000,
"02.02.2024 06:00",0.000,
"02.02.2024 06:15",0.000,
"02.02.2024 06:30",0.000,
"02.02.2024 06:45",0.000,
"02.02.2024 07:00",0.000,
"02.02.2024 07:15",0.000,
"02.02.2024 07:30",0.000,
"02.02.2024 07:45",0.000,
"02.02.2024 08:00",0.000,
"02.02.2024 08:15",0.000,
"02.02.2024 08:30",177.300,
"02.02.2024 08:45",318.951,
"02.02.2024 09:00",248.339,
"02.02.2024 09:15",592.900,
"02.02.2024 09:30",707.525,
"02.02.2024 09:45",830.000,
"02.02.2024 10:00",1349.200,
"02.02.2024 10:15",1928.119,
"02.02.2024 10:30",2042.100,
"02.02.2024 10:45",1691.100,
"02.02.2024 11:00",2103.900,
"02.02.2024 11:15",2360.576,
"02.02.2024 11:30",2325.644,
"02.02.2024 11:45",2063.574,
"02.02.2024 12:00",2327.951,
"02.02.2024 12:15",3005.000,
"02.02.2024 12:30",2441.900,
"02.02.2024 12:45",2050.800,
"02.02.2024 13:00",1699.049,
"02.02.2024 13:15",1432.800,
"02.02.2024 13:30",1631.800,
"02.02.2024 13:45",1057.820,
"02.02.2024 14:00",863.100,
"02.02.2024 14:15",747.000,
"02.02.2024 14:30",988.729,
"02.02.2024 14:45",820.100,
"02.02.2024 15:00",340.153,
"02.02.2024 15:15",648.900,
"02.02.2024 15:30",332.763,
"02.02.2024 15:45",276.169,
"02.02.2024 16:00",141.390,
"02.02.2024 16:15",95.869,
"02.02.2024 16:30",0.000,
"02.02.2024 16:45",0.000,
"02.02.2024 17:00",0.000,
"02.02.2024 17:15",0.000,
"02.02.2024 17:30",0.000,
"02.02.2024 17:45",0.000,
"02.02.2024 18:00",0.000,
"02.02.2024 18:15",0.000,
"02.02.2024 18:30",0.000,
"02.02.2024 18:45",0.000,
"02.02.2024 19:00",0.000,
"02.02.2024 19:15",0.000,
"02.02.2024 19:30",0.000,
"02.02.2024 19:45",0.000,
"02.02.2024 20:00",0.000,
"02.02.2024 20:15",0.000,
"02.02.2024 20:30",0.000,
"02.02.2024 20:45",0.000,
"02.02.2024 21:00",0.000,
"02.02.2024 21:15",0.000,
"02.02.2024 21:30",0.000,
"02.02.2024 21:45",0.000,
"02.02.2024 22:00",0.000,
"02.02.2024 22:15",0.000,
"02.02.2024 22:30",0.000,
"02.02.2024 22:45",0.000,
"02.02.2024 23:00",0.000,
"02.02.2024 23:15",0.000,
"02.02.2024 23:30",0.000,
"02.02.2024 23:45",0.000,
"03.02.2024 00:00",0.000,
"03.02.2024 00:15",0.000,
"03.02.2024 00:30",0.000,
"03.02.2024 00:45",0.000,
"03.02.2024 01:00",0.000,
"03.02.2024 01:15",0.000,
"03.02.2024 01:30",0.000,
"03.02.2024 01:45",0.000,
"03.02.2024 02:00",0.000,
"03.02.2024 02:15",0.000,
"03.02.2024 02:30",0.000,
"03.02.2024 02:45",-0.454,
"03.02.2024 03:00",0.000,
"03.02.2024 03:15",0.000,
"03.02.2024 03:30",0.000,
"03.02.2024 03:45",0.000,
"03.02.2024 04:00",0.000,
"03.02.2024 04:15",0.000,
"03.02.2024 04:30",0.000,
"03.02.2024 04:45",0.000,
"03.02.2024 05:00",0.000,
"03.02.2024 05:15",0.000,
"03.02.2024 05:30",0.000,
"03.02.2024 05:45",0.000,
"03.02.2024 06:00",0.000,
"03.02.2024 06:15",0.000,
"03.02.2024 06:30",0.000,
"03.02.2024 06:45",0.000,
"03.02.2024 07:00",0.000,
"03.02.2024 07:15",0.000,
"03.02.2024 07:30",0.000,
"03.02.2024 07:45",0.000,
"03.02.2024 08:00",0.000,
"03.02.2024 08:15",0.000,
"03.02.2024 08:30",341.900,
"03.02.2024 08:45",1331.661,
"03.02.2024 09:00",1897.200,
"03.02.2024 09:15",2885.000,
"03.02.2024 09:30",2530.100,
"03.02.2024 09:45",3672.885,
"03.02.2024 10:00",6574.390,
"03.02.2024 10:15",5703.000,
"03.02.2024 10:30",4616.900,
"03.02.2024 10:45",7000.100,
"03.02.2024 11:00",3956.000,
"03.02.2024 11:15",17408.780,
"03.02.2024 11:30",20805.900,
"03.02.2024 11:45",21115.000,
"03.02.2024 12:00",13402.100,
"03.02.2024 12:15",13656.300,
"03.02.2024 12:30",9745.900,
"03.02.2024 12:45",11763.000,
"03.02.2024 13:00",13626.200,
"03.02.2024 13:15",21640.800,
"03.02.2024 13:30",8863.000,
"03.02.2024 13:45",17156.000,
"03.02.2024 14:00",15857.557,
"03.02.2024 14:15",6898.000,
"03.02.2024 14:30",9725.672,
"03.02.2024 14:45",12734.000,
"03.02.2024 15:00",4625.100,
"03.02.2024 15:15",3249.203,
"03.02.2024 15:30",3641.800,
"03.02.2024 15:45",2244.672,
"03.02.2024 16:00",2545.098,
"03.02.2024 16:15",1085.200,
"03.02.2024 16:30",834.100,
"03.02.2024 16:45",319.951,
"03.02.2024 17:00",71.852,
"03.02.2024 17:15",0.000,
"03.02.2024 17:30",0.000,
"03.02.2024 17:45",0.000,
"03.02.2024 18:00",0.000,
"03.02.2024 18:15",0.000,
"03.02.2024 18:30",0.000,
"03.02.2024 18:45",0.000,
"03.02.2024 19:00",0.000,
"03.02.2024 19:15",0.000,
"03.02.2024 19:30",0.000,
"03.02.2024 19:45",0.000,
"03.02.2024 20:00",0.000,
"03.02.2024 20:15",0.000,
"03.02.2024 20:30",0.000,
"03.02.2024 20:45",0.000,
"03.02.2024 21:00",0.000,
"03.02.2024 21:15",0.000,
"03.02.2024 21:30",0.000,
"03.02.2024 21:45",0.000,
"03.02.2024 22:00",0.000,
"03.02.2024 22:15",0.000,
"03.02.2024 22:30",0.000,
"03.02.2024 22:45",0.000,
"03.02.2024 23:00",0.000,
"03.02.2024 23:15",0.000,
"03.02.2024 23:30",0.000,
"03.02.2024 23:45",0.000,
"04.02.2024 00:00",0.000,
"04.02.2024 00:15",0.000,
"04.02.2024 00:30",0.000,
"04.02.2024 00:45",0.000,
"04.02.2024 01:00",0.000,
"04.02.2024 01:15",0.000,
"04.02.2024 01:30",0.000,
"04.02.2024 01:45",0.000,
"04.02.2024 02:00",0.000,
"04.02.2024 02:15",0.000,
"04.02.2024 02:30",0.000,
"04.02.2024 02:45",0.000,
"04.02.2024 03:00",0.000,
"04.02.2024 03:15",0.000,
"04.02.2024 03:30",0.000,
"04.02.2024 03:45",0.000,
"04.02.2024 04:00",0.000,
"04.02.2024 04:15",0.000,
"04.02.2024 04:30",0.000,
"04.02.2024 04:45",0.000,
"04.02.2024 05:00",0.000,
"04.02.2024 05:15",0.000,
"04.02.2024 05:30",0.000,
"04.02.2024 05:45",0.000,
"04.02.2024 06:00",0.000,
"04.02.2024 06:15",0.000,
"04.02.2024 06:30",0.000,
"04.02.2024 06:45",0.000,
"04.02.2024 07:00",0.000,
"04.02.2024 07:15",0.000,
"04.02.2024 07:30",0.000,
"04.02.2024 07:45",0.000,
"04.02.2024 08:00",0.000,
"04.02.2024 08:15",0.000,
"04.02.2024 08:30",553.000,
"04.02.2024 08:45",944.373,
"04.02.2024 09:00",1260.000,
"04.02.2024 09:15",2001.400,
"04.02.2024 09:30",3370.900,
"04.02.2024 09:45",3031.900,
"04.02.2024 10:00",4990.098,
"04.02.2024 10:15",5601.000,
"04.02.2024 10:30",5637.492,
"04.02.2024 10:45",5179.115,
"04.02.2024 11:00",5016.000,
"04.02.2024 11:15",5697.100,
"04.02.2024 11:30",7404.607,
"04.02.2024 11:45",4695.082,
"04.02.2024 12:00",5819.426,
"04.02.2024 12:15",5775.836,
"04.02.2024 12:30",5464.100,
"04.02.2024 12:45",3389.197,
"04.02.2024 13:00",4003.448,
"04.02.2024 13:15",3298.000,
"04.02.2024 13:30",3467.424,
"04.02.2024 13:45",4505.115,
"04.02.2024 14:00",4120.000,
"04.02.2024 14:15",3821.000,
"04.02.2024 14:30",4507.100,
"04.02.2024 14:45",2520.754,
"04.02.2024 15:00",2149.607,
"04.02.2024 15:15",2740.900,
"04.02.2024 15:30",1391.100,
"04.02.2024 15:45",807.100,
"04.02.2024 16:00",520.100,
"04.02.2024 16:15",494.200,
"04.02.2024 16:30",213.049,
"04.02.2024 16:45",0.000,
"04.02.2024 17:00",0.000,
"04.02.2024 17:15",0.000,
"04.02.2024 17:30",0.000,
"04.02.2024 17:45",0.000,
"04.02.2024 18:00",0.000,
"04.02.2024 18:15",0.000,
"04.02.2024 18:30",0.000,
"04.02.2024 18:45",0.000,
"04.02.2024 19:00",0.000,
"04.02.2024 19:15",0.000,
"04.02.2024 19:30",0.000,
"04.02.2024 19:45",0.000,
"04.02.2024 20:00",0.000,
"04.02.2024 20:15",0.000,
"04.02.2024 20:30",0.000,
"04.02.2024 20:45",0.000,
"04.02.2024 21:00",0.000,
"04.02.2024 21:15",0.000,
"04.02.2024 21:30",0.000,
"04.02.2024 21:45",0.000,
"04.02.2024 22:00",0.000,
"04.02.2024 22:15",0.000,
"04.02.2024 22:30",0.000,
"04.02.2024 22:45",0.000,
"04.02.2024 23:00",0.000,
"04.02.2024 23:15",0.000,
"04.02.2024 23:30",0.000,
"04.02.2024 23:45",0.000,
"05.02.2024 00:00",0.000,
"05.02.2024 00:15",0.000,
"05.02.2024 00:30",0.000,
"05.02.2024 00:45",0.000,
"05.02.2024 01:00",0.000,
"05.02.2024 01:15",0.000,
"05.02.2024 01:30",0.000,
"05.02.2024 01:45",0.000,
"05.02.2024 02:00",0.000,
"05.02.2024 02:15",0.000,
"05.02.2024 02:30",0.000,
"05.02.2024 02:45",0.000,
"05.02.2024 03:00",0.000,
"05.02.2024 03:15",0.000,
"05.02.2024 03:30",0.000,
"05.02.2024 03:45",0.000,
"05.02.2024 04:00",0.000,
"05.02.2024 04:15",0.000,
"05.02.2024 04:30",0.000,
"05.02.2024 04:45",0.000,
"05.02.2024 05:00",0.000,
"05.02.2024 05:15",0.000,
"05.02.2024 05:30",0.000,
"05.02.2024 05:45",0.000,
"05.02.2024 06:00",0.000,
"05.02.2024 06:15",0.000,
"05.02.2024 06:30",0.000,
"05.02.2024 06:45",0.000,
"05.02.2024 07:00",0.000,
"05.02.2024 07:15",0.000,
"05.02.2024 07:30",0.000,
"05.02.2024 07:45",0.000,
"05.02.2024 08:00",0.000,
"05.02.2024 08:15",0.000,
"05.02.2024 08:30",0.000,
"05.02.2024 08:45",0.000,
"05.02.2024 09:00",97.885,
"05.02.2024 09:15",21.800,
"05.02.2024 09:30",362.610,
"05.02.2024 09:45",709.441,
"05.02.2024 10:00",1366.000,
"05.02.2024 10:15",1715.426,
"05.02.2024 10:30",1434.068,
"05.02.2024 10:45",1652.100,
"05.02.2024 11:00",1215.100,
"05.02.2024 11:15",1580.000,
"05.02.2024 11:30",2017.900,
"05.02.2024 11:45",785.576,
"05.02.2024 12:00",1236.100,
"05.02.2024 12:15",1905.100,
"05.02.2024 12:30",1925.180,
"05.02.2024 12:45",1515.237,
"05.02.2024 13:00",4225.098,
"05.02.2024 13:15",2278.763,
"05.02.2024 13:30",1912.000,
"05.02.2024 13:45",2341.100,
"05.02.2024 14:00",1283.900,
"05.02.2024 14:15",762.300,
"05.02.2024 14:30",1678.153,
"05.02.2024 14:45",870.836,
"05.02.2024 15:00",1381.085,
"05.02.2024 15:15",586.836,
"05.02.2024 15:30",1039.000,
"05.02.2024 15:45",805.836,
"05.02.2024 16:00",684.900,
"05.02.2024 16:15",411.700,
"05.02.2024 16:30",0.000,
"05.02.2024 16:45",0.000,
"05.02.2024 17:00",0.000,
"05.02.2024 17:15",0.000,
"05.02.2024 17:30",0.000,
"05.02.2024 17:45",0.000,
"05.02.2024 18:00",0.000,
"05.02.2024 18:15",0.000,
"05.02.2024 18:30",0.000,
"05.02.2024 18:45",0.000,
"05.02.2024 19:00",0.000,
"05.02.2024 19:15",0.000,
"05.02.2024 19:30",0.000,
"05.02.2024 19:45",0.000,
"05.02.2024 20:00",0.000,
"05.02.2024 20:15",0.000,
"05.02.2024 20:30",0.000,
"05.02.2024 20:45",0.000,
"05.02.2024 21:00",0.000,
"05.02.2024 21:15",0.000,
"05.02.2024 21:30",0.000,
"05.02.2024 21:45",0.000,
"05.02.2024 22:00",0.000,
"05.02.2024 22:15",0.000,
"05.02.2024 22:30",0.000,
"05.02.2024 22:45",0.000,
"05.02.2024 23:00",0.000,
"05.02.2024 23:15",0.000,
"05.02.2024 23:30",0.000,
"05.02.2024 23:45",0.000,
"06.02.2024 00:00",0.000,
"06.02.2024 00:15",0.000,
"06.02.2024 00:30",0.000,
"06.02.2024 00:45",0.000,
"06.02.2024 01:00",0.000,
"06.02.2024 01:15",0.000,
"06.02.2024 01:30",0.000,
"06.02.2024 01:45",0.000,
"06.02.2024 02:00",0.000,
"06.02.2024 02:15",0.000,
"06.02.2024 02:30",0.000,
"06.02.2024 02:45",0.000,
"06.02.2024 03:00",0.000,
"06.02.2024 03:15",0.000,
"06.02.2024 03:30",0.000,
"06.02.2024 03:45",0.000,
"06.02.2024 04:00",0.000,
"06.02.2024 04:15",0.000,
"06.02.2024 04:30",0.000,
"06.02.2024 04:45",0.000,
"06.02.2024 05:00",0.000,
"06.02.2024 05:15",0.000,
"06.02.2024 05:30",0.000,
"06.02.2024 05:45",0.000,
"06.02.2024 06:00",0.000,
"06.02.2024 06:15",0.000,
"06.02.2024 06:30",0.000,
"06.02.2024 06:45",0.000,
"06.02.2024 07:00",0.000,
"06.02.2024 07:15",0.000,
"06.02.2024 07:30",0.000,
"06.02.2024 07:45",0.000,
"06.02.2024 08:00",0.000,
"06.02.2024 08:15",0.000,
"06.02.2024 08:30",0.000,
"06.02.2024 08:45",0.000,
"06.02.2024 09:00",207.119,
"06.02.2024 09:15",305.400,
"06.02.2024 09:30",286.932,
"06.02.2024 09:45",559.148,
"06.02.2024 10:00",645.932,
"06.02.2024 10:15",1107.271,
"06.02.2024 10:30",1207.525,
"06.02.2024 10:45",1298.305,
"06.02.2024 11:00",1445.678,
"06.02.2024 11:15",1627.000,
"06.02.2024 11:30",2088.459,
"06.02.2024 11:45",2222.279,
"06.02.2024 12:00",1995.000,
"06.02.2024 12:15",3837.800,
"06.02.2024 12:30",2374.900,
"06.02.2024 12:45",3801.000,
"06.02.2024 13:00",2558.373,
"06.02.2024 13:15",2049.900,
"06.02.2024 13:30",2107.169,
"06.02.2024 13:45",2389.100,
"06.02.2024 14:00",1656.852,
"06.02.2024 14:15",1577.800,
"06.02.2024 14:30",2003.246,
"06.02.2024 14:45",1120.000,
"06.02.2024 15:00",982.721,
"06.02.2024 15:15",856.900,
"06.02.2024 15:30",630.068,
"06.02.2024 15:45",482.885,
"06.02.2024 16:00",235.000,
"06.02.2024 16:15",160.373,
"06.02.2024 16:30",0.000,
"06.02.2024 16:45",0.000,
"06.02.2024 17:00",0.000,
"06.02.2024 17:15",0.000,
"06.02.2024 17:30",0.000,
"06.02.2024 17:45",0.000,
"06.02.2024 18:00",0.000,
"06.02.2024 18:15",0.000,
"06.02.2024 18:30",0.000,
"06.02.2024 18:45",0.000,
"06.02.2024 19:00",0.000,
"06.02.2024 19:15",0.000,
"06.02.2024 19:30",0.000,
"06.02.2024 19:45",0.000,
"06.02.2024 20:00",0.000,
"06.02.2024 20:15",0.000,
"06.02.2024 20:30",0.000,
"06.02.2024 20:45",0.000,
"06.02.2024 21:00",0.000,
"06.02.2024 21:15",0.000,
"06.02.2024 21:30",0.000,
"06.02.2024 21:45",0.000,
"06.02.2024 22:00",0.000,
"06.02.2024 22:15",0.000,
"06.02.2024 22:30",0.000,
"06.02.2024 22:45",0.000,
"06.02.2024 23:00",0.000,
"06.02.2024 23:15",0.000,
"06.02.2024 23:30",0.000,
"06.02.2024 23:45",0.000,
"07.02.2024 00:00",0.000,
"07.02.2024 00:15",0.000,
"07.02.2024 00:30",0.000,
"07.02.2024 00:45",0.000,
"07.02.2024 01:00",0.000,
"07.02.2024 01:15",0.000,
"07.02.2024 01:30",0.000,
"07.02.2024 01:45",0.000,
"07.02.2024 02:00",0.000,
"07.02.2024 02:15",0.000,
"07.02.2024 02:30",0.000,
"07.02.2024 02:45",-0.450,
"07.02.2024 03:00",0.000,
"07.02.2024 03:15",0.000,
"07.02.2024 03:30",0.000,
"07.02.2024 03:45",0.000,
"07.02.2024 04:00",0.000,
"07.02.2024 04:15",0.000,
"07.02.2024 04:30",0.000,
"07.02.2024 04:45",0.000,
"07.02.2024 05:00",0.000,
"07.02.2024 05:15",0.000,
"07.02.2024 05:30",0.000,
"07.02.2024 05:45",0.000,
"07.02.2024 06:00",0.000,
"07.02.2024 06:15",0.000,
"07.02.2024 06:30",0.000,
"07.02.2024 06:45",0.000,
"07.02.2024 07:00",0.000,
"07.02.2024 07:15",0.000,
"07.02.2024 07:30",0.000,
"07.02.2024 07:45",0.000,
"07.02.2024 08:00",204.900,
"07.02.2024 08:15",731.100,
"07.02.2024 08:30",1472.000,
"07.02.2024 08:45",2248.000,
"07.02.2024 09:00",2872.200,
"07.02.2024 09:15",4046.100,
"07.02.2024 09:30",6128.377,
"07.02.2024 09:45",9651.000,
"07.02.2024 10:00",11018.000,
"07.02.2024 10:15",12387.100,
"07.02.2024 10:30",16310.200,
"07.02.2024 10:45",8144.705,
"07.02.2024 11:00",8335.672,
"07.02.2024 11:15",8240.100,
"07.02.2024 11:30",11224.153,
"07.02.2024 11:45",12561.800,
"07.02.2024 12:00",4824.100,
"07.02.2024 12:15",4428.900,
"07.02.2024 12:30",5359.200,
"07.02.2024 12:45",16758.390,
"07.02.2024 13:00",14110.475,
"07.02.2024 13:15",10431.100,
"07.02.2024 13:30",4380.934,
"07.02.2024 13:45",3184.918,
"07.02.2024 14:00",3968.213,
"07.02.2024 14:15",4961.900,
"07.02.2024 14:30",8360.900,
"07.02.2024 14:45",19730.100,
"07.02.2024 15:00",18628.100,
"07.02.2024 15:15",10306.100,
"07.02.2024 15:30",7969.000,
"07.02.2024 15:45",7947.881,
"07.02.2024 16:00",5882.800,
"07.02.2024 16:15",3766.000,
"07.02.2024 16:30",1396.900,
"07.02.2024 16:45",1167.000,
"07.02.2024 17:00",271.085,
"07.02.2024 17:15",0.000,
"07.02.2024 17:30",0.000,
"07.02.2024 17:45",0.000,
"07.02.2024 18:00",0.000,
"07.02.2024 18:15",0.000,
"07.02.2024 18:30",0.000,
"07.02.2024 18:45",0.000,
"07.02.2024 19:00",0.000,
"07.02.2024 19:15",0.000,
"07.02.2024 19:30",0.000,
"07.02.2024 19:45",0.000,
"07.02.2024 20:00",0.000,
"07.02.2024 20:15",0.000,
"07.02.2024 20:30",0.000,
"07.02.2024 20:45",0.000,
"07.02.2024 21:00",0.000,
"07.02.2024 21:15",0.000,
"07.02.2024 21:30",0.000,
"07.02.2024 21:45",0.000,
"07.02.2024 22:00",0.000,
"07.02.2024 22:15",0.000,
"07.02.2024 22:30",0.000,
"07.02.2024 22:45",0.000,
"07.02.2024 23:00",0.000,
"07.02.2024 23:15",0.000,
"07.02.2024 23:30",0.000,
"07.02.2024 23:45",0.000,
"08.02.2024 00:00",0.000,
"08.02.2024 00:15",0.000,
"08.02.2024 00:30",0.000,
"08.02.2024 00:45",0.000,
"08.02.2024 01:00",0.000,
"08.02.2024 01:15",0.000,
"08.02.2024 01:30",0.000,
"08.02.2024 01:45",0.000,
"08.02.2024 02:00",0.000,
"08.02.2024 02:15",0.000,
"08.02.2024 02:30",0.000,
"08.02.2024 02:45",-0.450,
"08.02.2024 03:00",0.000,
"08.02.2024 03:15",0.000,
"08.02.2024 03:30",0.000,
"08.02.2024 03:45",0.000,
"08.02.2024 04:00",0.000,
"08.02.2024 04:15",0.000,
"08.02.2024 04:30",0.000,
"08.02.2024 04:45",0.000,
"08.02.2024 05:00",0.000,
"08.02.2024 05:15",0.000,
"08.02.2024 05:30",0.000,
"08.02.2024 05:45",0.000,
"08.02.2024 06:00",0.000,
"08.02.2024 06:15",0.000,
"08.02.2024 06:30",0.000,
"08.02.2024 06:45",0.000,
"08.02.2024 07:00",0.000,
"08.02.2024 07:15",0.000,
"08.02.2024 07:30",0.000,
"08.02.2024 07:45",0.000,
"08.02.2024 08:00",0.000,
"08.02.2024 08:15",0.000,
"08.02.2024 08:30",216.220,
"08.02.2024 08:45",431.000,
"08.02.2024 09:00",932.066,
"08.02.2024 09:15",1260.279,
"08.02.2024 09:30",1630.098,
"08.02.2024 09:45",2047.900,
"08.02.2024 10:00",1595.918,
"08.02.2024 10:15",1730.200,
"08.02.2024 10:30",2221.729,
"08.02.2024 10:45",3370.100,
"08.02.2024 11:00",4326.200,
"08.02.2024 11:15",5626.100,
"08.02.2024 11:30",4895.100,
"08.02.2024 11:45",4360.000,
"08.02.2024 12:00",5444.900,
"08.02.2024 12:15",5455.932,
"08.02.2024 12:30",5968.033,
"08.02.2024 12:45",6436.082,
"08.02.2024 13:00",7764.607,
"08.02.2024 13:15",7525.746,
"08.02.2024 13:30",9239.100,
"08.02.2024 13:45",10091.932,
"08.02.2024 14:00",8306.900,
"08.02.2024 14:15",6681.780,
"08.02.2024 14:30",6751.000,
"08.02.2024 14:45",5991.900,
"08.02.2024 15:00",5582.900,
"08.02.2024 15:15",5803.787,
"08.02.2024 15:30",4093.200,
"08.02.2024 15:45",3277.610,
"08.02.2024 16:00",3595.900,
"08.02.2024 16:15",2044.770,
"08.02.2024 16:30",811.847,
"08.02.2024 16:45",437.900,
"08.02.2024 17:00",116.984,
"08.02.2024 17:15",0.000,
"08.02.2024 17:30",0.000,
"08.02.2024 17:45",0.000,
"08.02.2024 18:00",0.000,
"08.02.2024 18:15",0.000,
"08.02.2024 18:30",0.000,
"08.02.2024 18:45",0.000,
"08.02.2024 19:00",0.000,
"08.02.2024 19:15",0.000,
"08.02.2024 19:30",0.000,
"08.02.2024 19:45",0.000,
"08.02.2024 20:00",0.000,
"08.02.2024 20:15",0.000,
"08.02.2024 20:30",0.000,
"08.02.2024 20:45",0.000,
"08.02.2024 21:00",0.000,
"08.02.2024 21:15",0.000,
"08.02.2024 21:30",0.000,
"08.02.2024 21:45",0.000,
"08.02.2024 22:00",0.000,
"08.02.2024 22:15",0.000,
"08.02.2024 22:30",0.000,
"08.02.2024 22:45",0.000,
"08.02.2024 23:00",0.000,
"08.02.2024 23:15",0.000,
"08.02.2024 23:30",0.000,
"08.02.2024 23:45",0.000,
"09.02.2024 00:00",0.000,
"09.02.2024 00:15",0.000,
"09.02.2024 00:30",0.000,
"09.02.2024 00:45",0.000,
"09.02.2024 01:00",0.000,
"09.02.2024 01:15",0.000,
"09.02.2024 01:30",0.000,
"09.02.2024 01:45",0.000,
"09.02.2024 02:00",0.000,
"09.02.2024 02:15",0.000,
"09.02.2024 02:30",0.000,
"09.02.2024 02:45",0.000,
"09.02.2024 03:00",0.000,
"09.02.2024 03:15",0.000,
"09.02.2024 03:30",0.000,
"09.02.2024 03:45",0.000,
"09.02.2024 04:00",0.000,
"09.02.2024 04:15",0.000,
"09.02.2024 04:30",0.000,
"09.02.2024 04:45",0.000,
"09.02.2024 05:00",0.000,
"09.02.2024 05:15",0.000,
"09.02.2024 05:30",0.000,
"09.02.2024 05:45",0.000,
"09.02.2024 06:00",0.000,
"09.02.2024 06:15",0.000,
"09.02.2024 06:30",0.000,
"09.02.2024 06:45",0.000,
"09.02.2024 07:00",0.000,
"09.02.2024 07:15",0.000,
"09.02.2024 07:30",0.000,
"09.02.2024 07:45",0.000,
"09.02.2024 08:00",0.000,
"09.02.2024 08:15",0.000,
"09.02.2024 08:30",0.000,
"09.02.2024 08:45",0.000,
"09.02.2024 09:00",0.000,
"09.02.2024 09:15",0.000,
"09.02.2024 09:30",0.000,
"09.02.2024 09:45",0.000,
"09.02.2024 10:00",0.000,
"09.02.2024 10:15",0.000,
"09.02.2024 10:30",0.000,
"09.02.2024 10:45",0.000,
"09.02.2024 11:00",0.000,
"09.02.2024 11:15",0.000,
"09.02.2024 11:30",0.000,
"09.02.2024 11:45",11.864,
"09.02.2024 12:00",168.000,
"09.02.2024 12:15",106.852,
"09.02.2024 12:30",243.100,
"09.02.2024 12:45",302.000,
"09.02.2024 13:00",377.000,
"09.02.2024 13:15",200.400,
"09.02.2024 13:30",130.200,
"09.02.2024 13:45",8.136,
"09.02.2024 14:00",137.900,
"09.02.2024 14:15",197.100,
"09.02.2024 14:30",209.000,
"09.02.2024 14:45",97.000,
"09.02.2024 15:00",118.700,
"09.02.2024 15:15",572.000,
"09.02.2024 15:30",137.885,
"09.02.2024 15:45",125.984,
"09.02.2024 16:00",0.000,
"09.02.2024 16:15",107.100,
"09.02.2024 16:30",0.000,
"09.02.2024 16:45",0.000,
"09.02.2024 17:00",0.000,
"09.02.2024 17:15",0.000,
"09.02.2024 17:30",0.000,
"09.02.2024 17:45",0.000,
"09.02.2024 18:00",0.000,
"09.02.2024 18:15",0.000,
"09.02.2024 18:30",0.000,
"09.02.2024 18:45",0.000,
"09.02.2024 19:00",0.000,
"09.02.2024 19:15",0.000,
"09.02.2024 19:30",0.000,
"09.02.2024 19:45",0.000,
"09.02.2024 20:00",0.000,
"09.02.2024 20:15",0.000,
"09.02.2024 20:30",0.000,
"09.02.2024 20:45",0.000,
"09.02.2024 21:00",0.000,
"09.02.2024 21:15",0.000,
"09.02.2024 21:30",0.000,
"09.02.2024 21:45",0.000,
"09.02.2024 22:00",0.000,
"09.02.2024 22:15",0.000,
"09.02.2024 22:30",0.000,
"09.02.2024 22:45",0.000,
"09.02.2024 23:00",0.000,
"09.02.2024 23:15",0.000,
"09.02.2024 23:30",0.000,
"09.02.2024 23:45",0.000,
"10.02.2024 00:00",0.000,
"10.02.2024 00:15",0.000,
"10.02.2024 00:30",0.000,
"10.02.2024 00:45",0.000,
"10.02.2024 01:00",0.000,
"10.02.2024 01:15",0.000,
"10.02.2024 01:30",0.000,
"10.02.2024 01:45",0.000,
"10.02.2024 02:00",0.000,
"10.02.2024 02:15",0.000,
"10.02.2024 02:30",0.000,
"10.02.2024 02:45",0.000,
"10.02.2024 03:00",0.000,
"10.02.2024 03:15",0.000,
"10.02.2024 03:30",0.000,
"10.02.2024 03:45",0.000,
"10.02.2024 04:00",0.000,
"10.02.2024 04:15",0.000,
"10.02.2024 04:30",0.000,
"10.02.2024 04:45",0.000,
"10.02.2024 05:00",0.000,
"10.02.2024 05:15",0.000,
"10.02.2024 05:30",0.000,
"10.02.2024 05:45",0.000,
"10.02.2024 06:00",0.000,
"10.02.2024 06:15",0.000,
"10.02.2024 06:30",0.000,
"10.02.2024 06:45",0.000,
"10.02.2024 07:00",0.000,
"10.02.2024 07:15",0.000,
"10.02.2024 07:30",0.000,
"10.02.2024 07:45",0.000,
"10.02.2024 08:00",0.000,
"10.02.2024 08:15",0.000,
"10.02.2024 08:30",147.800,
"10.02.2024 08:45",157.932,
"10.02.2024 09:00",355.305,
"10.02.2024 09:15",723.677,
"10.02.2024 09:30",882.100,
"10.02.2024 09:45",1176.068,
"10.02.2024 10:00",1423.800,
"10.02.2024 10:15",1750.902,
"10.02.2024 10:30",2181.900,
"10.02.2024 10:45",2829.689,
"10.02.2024 11:00",3759.800,
"10.02.2024 11:15",2404.100,
"10.02.2024 11:30",3034.100,
"10.02.2024 11:45",6420.847,
"10.02.2024 12:00",4393.900,
"10.02.2024 12:15",4019.900,
"10.02.2024 12:30",3537.800,
"10.02.2024 12:45",6265.082,
"10.02.2024 13:00",5212.100,
"10.02.2024 13:15",6983.900,
"10.02.2024 13:30",4039.305,
"10.02.2024 13:45",2829.237,
"10.02.2024 14:00",3500.000,
"10.02.2024 14:15",3806.100,
"10.02.2024 14:30",4195.016,
"10.02.2024 14:45",4606.164,
"10.02.2024 15:00",3309.900,
"10.02.2024 15:15",2631.900,
"10.02.2024 15:30",2579.237,
"10.02.2024 15:45",1756.918,
"10.02.2024 16:00",1086.902,
"10.02.2024 16:15",707.746,
"10.02.2024 16:30",357.763,
"10.02.2024 16:45",202.746,
"10.02.2024 17:00",0.000,
"10.02.2024 17:15",0.000,
"10.02.2024 17:30",0.000,
"10.02.2024 17:45",0.000,
"10.02.2024 18:00",0.000,
"10.02.2024 18:15",0.000,
"10.02.2024 18:30",0.000,
"10.02.2024 18:45",0.000,
"10.02.2024 19:00",0.000,
"10.02.2024 19:15",0.000,
"10.02.2024 19:30",0.000,
"10.02.2024 19:45",0.000,
"10.02.2024 20:00",0.000,
"10.02.2024 20:15",0.000,
"10.02.2024 20:30",0.000,
"10.02.2024 20:45",0.000,
"10.02.2024 21:00",0.000,
"10.02.2024 21:15",0.000,
"10.02.2024 21:30",0.000,
"10.02.2024 21:45",0.000,
"10.02.2024 22:00",0.000,
"10.02.2024 22:15",0.000,
"10.02.2024 22:30",0.000,
"10.02.2024 22:45",0.000,
"10.02.2024 23:00",0.000,
"10.02.2024 23:15",0.000,
"10.02.2024 23:30",0.000,
"10.02.2024 23:45",0.000,
"11.02.2024 00:00",0.000,
"11.02.2024 00:15",0.000,
"11.02.2024 00:30",0.000,
"11.02.2024 00:45",0.000,
"11.02.2024 01:00",0.000,
"11.02.2024 01:15",0.000,
"11.02.2024 01:30",0.000,
"11.02.2024 01:45",0.000,
"11.02.2024 02:00",0.000,
"11.02.2024 02:15",0.000,
"11.02.2024 02:30",0.000,
"11.02.2024 02:45",-0.450,
"11.02.2024 03:00",0.000,
"11.02.2024 03:15",0.000,
"11.02.2024 03:30",0.000,
"11.02.2024 03:45",0.000,
"11.02.2024 04:00",0.000,
"11.02.2024 04:15",0.000,
"11.02.2024 04:30",0.000,
"11.02.2024 04:45",0.000,
"11.02.2024 05:00",0.000,
"11.02.2024 05:15",0.000,
"11.02.2024 05:30",0.000,
"11.02.2024 05:45",0.000,
"11.02.2024 06:00",0.000,
"11.02.2024 06:15",0.000,
"11.02.2024 06:30",0.000,
"11.02.2024 06:45",0.000,
"11.02.2024 07:00",0.000,
"11.02.2024 07:15",0.000,
"11.02.2024 07:30",0.000,
"11.02.2024 07:45",0.000,
"11.02.2024 08:00",0.000,
"11.02.2024 08:15",0.000,
"11.02.2024 08:30",0.000,
"11.02.2024 08:45",255.200,
"11.02.2024 09:00",493.900,
"11.02.2024 09:15",661.847,
"11.02.2024 09:30",1109.000,
"11.02.2024 09:45",1176.407,
"11.02.2024 10:00",1093.000,
"11.02.2024 10:15",1388.000,
"11.02.2024 10:30",1363.900,
"11.02.2024 10:45",1565.900,
"11.02.2024 11:00",2095.100,
"11.02.2024 11:15",2676.000,
"11.02.2024 11:30",3614.100,
"11.02.2024 11:45",2787.100,
"11.02.2024 12:00",2242.082,
"11.02.2024 12:15",1758.100,
"11.02.2024 12:30",2360.000,
"11.02.2024 12:45",2435.900,
"11.02.2024 13:00",1974.000,
"11.02.2024 13:15",2045.153,
"11.02.2024 13:30",2536.800,
"11.02.2024 13:45",2228.639,
"11.02.2024 14:00",1629.900,
"11.02.2024 14:15",1792.000,
"11.02.2024 14:30",1911.984,
"11.02.2024 14:45",1267.900,
"11.02.2024 15:00",1402.800,
"11.02.2024 15:15",1347.525,
"11.02.2024 15:30",1000.831,
"11.02.2024 15:45",893.689,
"11.02.2024 16:00",512.000,
"11.02.2024 16:15",378.000,
"11.02.2024 16:30",275.800,
"11.02.2024 16:45",197.000,
"11.02.2024 17:00",0.000,
"11.02.2024 17:15",0.000,
"11.02.2024 17:30",0.000,
"11.02.2024 17:45",0.000,
"11.02.2024 18:00",0.000,
"11.02.2024 18:15",0.000,
"11.02.2024 18:30",0.000,
"11.02.2024 18:45",0.000,
"11.02.2024 19:00",0.000,
"11.02.2024 19:15",0.000,
"11.02.2024 19:30",0.000,
"11.02.2024 19:45",0.000,
"11.02.2024 20:00",0.000,
"11.02.2024 20:15",0.000,
"11.02.2024 20:30",0.000,
"11.02.2024 20:45",0.000,
"11.02.2024 21:00",0.000,
"11.02.2024 21:15",0.000,
"11.02.2024 21:30",0.000,
"11.02.2024 21:45",0.000,
"11.02.2024 22:00",0.000,
"11.02.2024 22:15",0.000,
"11.02.2024 22:30",0.000,
"11.02.2024 22:45",0.000,
"11.02.2024 23:00",0.000,
"11.02.2024 23:15",0.000,
"11.02.2024 23:30",0.000,
"11.02.2024 23:45",0.000,
"12.02.2024 00:00",0.000,
"12.02.2024 00:15",0.000,
"12.02.2024 00:30",0.000,
"12.02.2024 00:45",0.000,
"12.02.2024 01:00",0.000,
"12.02.2024 01:15",0.000,
"12.02.2024 01:30",0.000,
"12.02.2024 01:45",0.000,
"12.02.2024 02:00",0.000,
"12.02.2024 02:15",0.000,
"12.02.2024 02:30",0.000,
"12.02.2024 02:45",0.000,
"12.02.2024 03:00",0.000,
"12.02.2024 03:15",0.000,
"12.02.2024 03:30",0.000,
"12.02.2024 03:45",0.000,
"12.02.2024 04:00",0.000,
"12.02.2024 04:15",0.000,
"12.02.2024 04:30",0.000,
"12.02.2024 04:45",0.000,
"12.02.2024 05:00",0.000,
"12.02.2024 05:15",0.000,
"12.02.2024 05:30",0.000,
"12.02.2024 05:45",0.000,
"12.02.2024 06:00",0.000,
"12.02.2024 06:15",0.000,
"12.02.2024 06:30",0.000,
"12.02.2024 06:45",0.000,
"12.02.2024 07:00",0.000,
"12.02.2024 07:15",0.000,
"12.02.2024 07:30",0.000,
"12.02.2024 07:45",0.000,
"12.02.2024 08:00",0.000,
"12.02.2024 08:15",227.000,
"12.02.2024 08:30",363.200,
"12.02.2024 08:45",914.305,
"12.02.2024 09:00",1098.017,
"12.02.2024 09:15",1735.068,
"12.02.2024 09:30",1611.100,
"12.02.2024 09:45",5061.000,
"12.02.2024 10:00",5051.483,
"12.02.2024 10:15",6172.000,
"12.02.2024 10:30",8360.542,
"12.02.2024 10:45",10431.900,
"12.02.2024 11:00",8842.900,
"12.02.2024 11:15",11699.100,
"12.02.2024 11:30",9778.800,
"12.02.2024 11:45",10293.000,
"12.02.2024 12:00",10537.000,
"12.02.2024 12:15",10679.900,
"12.02.2024 12:30",9290.900,
"12.02.2024 12:45",8659.900,
"12.02.2024 13:00",7376.230,
"12.02.2024 13:15",7414.800,
"12.02.2024 13:30",7235.900,
"12.02.2024 13:45",10670.800,
"12.02.2024 14:00",13875.410,
"12.02.2024 14:15",6132.000,
"12.02.2024 14:30",7268.800,
"12.02.2024 14:45",4077.000,
"12.02.2024 15:00",4890.000,
"12.02.2024 15:15",4511.000,
"12.02.2024 15:30",3930.100,
"12.02.2024 15:45",2476.000,
"12.02.2024 16:00",2415.100,
"12.02.2024 16:15",2230.700,
"12.02.2024 16:30",1116.100,
"12.02.2024 16:45",893.000,
"12.02.2024 17:00",400.100,
"12.02.2024 17:15",0.000,
"12.02.2024 17:30",0.000,
"12.02.2024 17:45",0.000,
"12.02.2024 18:00",0.000,
"12.02.2024 18:15",0.000,
"12.02.2024 18:30",0.000,
"12.02.2024 18:45",0.000,
"12.02.2024 19:00",0.000,
"12.02.2024 19:15",0.000,
"12.02.2024 19:30",0.000,
"12.02.2024 19:45",0.000,
"12.02.2024 20:00",0.000,
"12.02.2024 20:15",0.000,
"12.02.2024 20:30",0.000,
"12.02.2024 20:45",0.000,
"12.02.2024 21:00",0.000,
"12.02.2024 21:15",0.000,
"12.02.2024 21:30",0.000,
"12.02.2024 21:45",0.000,
"12.02.2024 22:00",0.000,
"12.02.2024 22:15",0.000,
"12.02.2024 22:30",0.000,
"12.02.2024 22:45",0.000,
"12.02.2024 23:00",0.000,
"12.02.2024 23:15",0.000,
"12.02.2024 23:30",0.000,
"12.02.2024 23:45",0.000,
"13.02.2024 00:00",0.000,
"13.02.2024 00:15",0.000,
"13.02.2024 00:30",0.000,
"13.02.2024 00:45",0.000,
"13.02.2024 01:00",0.000,
"13.02.2024 01:15",0.000,
"13.02.2024 01:30",0.000,
"13.02.2024 01:45",0.000,
"13.02.2024 02:00",0.000,
"13.02.2024 02:15",0.000,
"13.02.2024 02:30",0.000,
"13.02.2024 02:45",0.000,
"13.02.2024 03:00",0.000,
"13.02.2024 03:15",0.000,
"13.02.2024 03:30",0.000,
"13.02.2024 03:45",0.000,
"13.02.2024 04:00",0.000,
"13.02.2024 04:15",0.000,
"13.02.2024 04:30",0.000,
"13.02.2024 04:45",0.000,
"13.02.2024 05:00",0.000,
"13.02.2024 05:15",0.000,
"13.02.2024 05:30",0.000,
"13.02.2024 05:45",0.000,
"13.02.2024 06:00",0.000,
"13.02.2024 06:15",0.000,
"13.02.2024 06:30",0.000,
"13.02.2024 06:45",0.000,
"13.02.2024 07:00",0.000,
"13.02.2024 07:15",0.000,
"13.02.2024 07:30",0.000,
"13.02.2024 07:45",0.000,
"13.02.2024 08:00",286.900,
"13.02.2024 08:15",573.763,
"13.02.2024 08:30",1420.085,
"13.02.2024 08:45",1517.900,
"13.02.2024 09:00",2622.100,
"13.02.2024 09:15",4089.100,
"13.02.2024 09:30",4135.800,
"13.02.2024 09:45",4304.000,
"13.02.2024 10:00",8589.153,
"13.02.2024 10:15",13337.000,
"13.02.2024 10:30",17401.000,
"13.02.2024 10:45",4171.100,
"13.02.2024 11:00",8479.390,
"13.02.2024 11:15",2556.900,
"13.02.2024 11:30",2407.100,
"13.02.2024 11:45",3446.000,
"13.02.2024 12:00",3975.000,
"13.02.2024 12:15",4285.900,
"13.02.2024 12:30",6409.100,
"13.02.2024 12:45",4312.100,
"13.02.2024 13:00",2290.763,
"13.02.2024 13:15",2966.000,
"13.02.2024 13:30",2428.900,
"13.02.2024 13:45",2114.852,
"13.02.2024 14:00",2326.949,
"13.02.2024 14:15",1937.869,
"13.02.2024 14:30",1647.623,
"13.02.2024 14:45",1167.441,
"13.02.2024 15:00",2137.100,
"13.02.2024 15:15",1028.542,
"13.02.2024 15:30",1195.852,
"13.02.2024 15:45",773.000,
"13.02.2024 16:00",1320.200,
"13.02.2024 16:15",495.000,
"13.02.2024 16:30",630.814,
"13.02.2024 16:45",0.000,
"13.02.2024 17:00",0.000,
"13.02.2024 17:15",0.000,
"13.02.2024 17:30",0.000,
"13.02.2024 17:45",0.000,
"13.02.2024 18:00",0.000,
"13.02.2024 18:15",0.000,
"13.02.2024 18:30",0.000,
"13.02.2024 18:45",0.000,
"13.02.2024 19:00",0.000,
"13.02.2024 19:15",0.000,
"13.02.2024 19:30",0.000,
"13.02.2024 19:45",0.000,
"13.02.2024 20:00",0.000,
"13.02.2024 20:15",0.000,
"13.02.2024 20:30",0.000,
"13.02.2024 20:45",0.000,
"13.02.2024 21:00",0.000,
"13.02.2024 21:15",0.000,
"13.02.2024 21:30",0.000,
"13.02.2024 21:45",0.000,
"13.02.2024 22:00",0.000,
"13.02.2024 22:15",0.000,
"13.02.2024 22:30",0.000,
"13.02.2024 22:45",0.000,
"13.02.2024 23:00",0.000,
"13.02.2024 23:15",0.000,
"13.02.2024 23:30",0.000,
"13.02.2024 23:45",0.000,
"14.02.2024 00:00",0.000,
"14.02.2024 00:15",0.000,
"14.02.2024 00:30",0.000,
"14.02.2024 00:45",0.000,
"14.02.2024 01:00",0.000,
"14.02.2024 01:15",0.000,
"14.02.2024 01:30",0.000,
"14.02.2024 01:45",0.000,
"14.02.2024 02:00",0.000,
"14.02.2024 02:15",0.000,
"14.02.2024 02:30",0.000,
"14.02.2024 02:45",0.000,
"14.02.2024 03:00",0.000,
"14.02.2024 03:15",0.000,
"14.02.2024 03:30",0.000,
"14.02.2024 03:45",0.000,
"14.02.2024 04:00",0.000,
"14.02.2024 04:15",0.000,
"14.02.2024 04:30",0.000,
"14.02.2024 04:45",0.000,
"14.02.2024 05:00",0.000,
"14.02.2024 05:15",0.000,
"14.02.2024 05:30",0.000,
"14.02.2024 05:45",0.000,
"14.02.2024 06:00",0.000,
"14.02.2024 06:15",0.000,
"14.02.2024 06:30",0.000,
"14.02.2024 06:45",0.000,
"14.02.2024 07:00",0.000,
"14.02.2024 07:15",0.000,
"14.02.2024 07:30",0.000,
"14.02.2024 07:45",0.000,
"14.02.2024 08:00",0.000,
"14.02.2024 08:15",410.672,
"14.02.2024 08:30",545.000,
"14.02.2024 08:45",935.000,
"14.02.2024 09:00",1265.814,
"14.02.2024 09:15",1672.542,
"14.02.2024 09:30",2094.800,
"14.02.2024 09:45",2794.390,
"14.02.2024 10:00",4746.246,
"14.02.2024 10:15",2670.136,
"14.02.2024 10:30",3603.271,
"14.02.2024 10:45",3505.322,
"14.02.2024 11:00",4403.885,
"14.02.2024 11:15",6498.705,
"14.02.2024 11:30",5200.746,
"14.02.2024 11:45",5162.000,
"14.02.2024 12:00",5068.627,
"14.02.2024 12:15",7760.164,
"14.02.2024 12:30",6884.373,
"14.02.2024 12:45",6428.200,
"14.02.2024 13:00",8078.695,
"14.02.2024 13:15",13259.000,
"14.02.2024 13:30",2435.852,
"14.02.2024 13:45",1795.836,
"14.02.2024 14:00",3656.344,
"14.02.2024 14:15",2105.800,
"14.02.2024 14:30",1230.836,
"14.02.2024 14:45",2203.800,
"14.02.2024 15:00",3815.180,
"14.02.2024 15:15",2567.705,
"14.02.2024 15:30",1931.627,
"14.02.2024 15:45",1227.885,
"14.02.2024 16:00",1473.000,
"14.02.2024 16:15",1772.102,
"14.02.2024 16:30",837.885,
"14.02.2024 16:45",588.000,
"14.02.2024 17:00",36.213,
"14.02.2024 17:15",0.000,
"14.02.2024 17:30",0.000,
"14.02.2024 17:45",0.000,
"14.02.2024 18:00",0.000,
"14.02.2024 18:15",0.000,
"14.02.2024 18:30",0.000,
"14.02.2024 18:45",0.000,
"14.02.2024 19:00",0.000,
"14.02.2024 19:15",0.000,
"14.02.2024 19:30",0.000,
"14.02.2024 19:45",0.000,
"14.02.2024 20:00",0.000,
"14.02.2024 20:15",0.000,
"14.02.2024 20:30",0.000,
"14.02.2024 20:45",0.000,
"14.02.2024 21:00",0.000,
"14.02.2024 21:15",0.000,
"14.02.2024 21:30",0.000,
"14.02.2024 21:45",0.000,
"14.02.2024 22:00",0.000,
"14.02.2024 22:15",0.000,
"14.02.2024 22:30",0.000,
"14.02.2024 22:45",0.000,
"14.02.2024 23:00",0.000,
"14.02.2024 23:15",0.000,
"14.02.2024 23:30",0.000,
"14.02.2024 23:45",0.000,
"15.02.2024 00:00",0.000,
"15.02.2024 00:15",0.000,
"15.02.2024 00:30",0.000,
"15.02.2024 00:45",0.000,
"15.02.2024 01:00",0.000,
"15.02.2024 01:15",0.000,
"15.02.2024 01:30",0.000,
"15.02.2024 01:45",0.000,
"15.02.2024 02:00",0.000,
"15.02.2024 02:15",0.000,
"15.02.2024 02:30",0.000,
"15.02.2024 02:45",0.000,
"15.02.2024 03:00",0.000,
"15.02.2024 03:15",0.000,
"15.02.2024 03:30",0.000,
"15.02.2024 03:45",0.000,
"15.02.2024 04:00",0.000,
"15.02.2024 04:15",0.000,
"15.02.2024 04:30",0.000,
"15.02.2024 04:45",0.000,
"15.02.2024 05:00",0.000,
"15.02.2024 05:15",0.000,
"15.02.2024 05:30",0.000,
"15.02.2024 05:45",0.000,
"15.02.2024 06:00",0.000,
"15.02.2024 06:15",0.000,
"15.02.2024 06:30",0.000,
"15.02.2024 06:45",0.000,
"15.02.2024 07:00",0.000,
"15.02.2024 07:15",0.000,
"15.02.2024 07:30",0.000,
"15.02.2024 07:45",0.000,
"15.02.2024 08:00",0.000,
"15.02.2024 08:15",261.100,
"15.02.2024 08:30",706.068,
"15.02.2024 08:45",460.300,
"15.02.2024 09:00",1283.288,
"15.02.2024 09:15",1750.000,
"15.02.2024 09:30",1859.136,
"15.02.2024 09:45",3368.932,
"15.02.2024 10:00",2358.459,
"15.02.2024 10:15",1823.700,
"15.02.2024 10:30",2163.000,
"15.02.2024 10:45",2797.000,
"15.02.2024 11:00",2766.339,
"15.02.2024 11:15",5833.881,
"15.02.2024 11:30",6678.721,
"15.02.2024 11:45",6046.695,
"15.02.2024 12:00",4327.787,
"15.02.2024 12:15",5569.623,
"15.02.2024 12:30",7203.712,
"15.02.2024 12:45",6826.738,
"15.02.2024 13:00",6634.900,
"15.02.2024 13:15",5206.100,
"15.02.2024 13:30",3303.000,
"15.02.2024 13:45",4183.200,
"15.02.2024 14:00",3309.900,
"15.02.2024 14:15",3373.900,
"15.02.2024 14:30",3085.000,
"15.02.2024 14:45",3616.900,
"15.02.2024 15:00",2883.000,
"15.02.2024 15:15",1676.200,
"15.02.2024 15:30",1695.100,
"15.02.2024 15:45",1296.115,
"15.02.2024 16:00",1432.100,
"15.02.2024 16:15",1107.000,
"15.02.2024 16:30",441.000,
"15.02.2024 16:45",223.900,
"15.02.2024 17:00",257.000,
"15.02.2024 17:15",0.000,
"15.02.2024 17:30",0.000,
"15.02.2024 17:45",0.000,
"15.02.2024 18:00",0.000,
"15.02.2024 18:15",0.000,
"15.02.2024 18:30",0.000,
"15.02.2024 18:45",0.000,
"15.02.2024 19:00",0.000,
"15.02.2024 19:15",0.000,
"15.02.2024 19:30",0.000,
"15.02.2024 19:45",0.000,
"15.02.2024 20:00",0.000,
"15.02.2024 20:15",0.000,
"15.02.2024 20:30",0.000,
"15.02.2024 20:45",0.000,
"15.02.2024 21:00",0.000,
"15.02.2024 21:15",0.000,
"15.02.2024 21:30",0.000,
"15.02.2024 21:45",0.000,
"15.02.2024 22:00",0.000,
"15.02.2024 22:15",0.000,
"15.02.2024 22:30",0.000,
"15.02.2024 22:45",0.000,
"15.02.2024 23:00",0.000,
"15.02.2024 23:15",0.000,
"15.02.2024 23:30",0.000,
"15.02.2024 23:45",0.000,
"16.02.2024 00:00",0.000,
"16.02.2024 00:15",0.000,
"16.02.2024 00:30",0.000,
"16.02.2024 00:45",0.000,
"16.02.2024 01:00",0.000,
"16.02.2024 01:15",0.000,
"16.02.2024 01:30",0.000,
"16.02.2024 01:45",0.000,
"16.02.2024 02:00",0.000,
"16.02.2024 02:15",0.000,
"16.02.2024 02:30",0.000,
"16.02.2024 02:45",0.000,
"16.02.2024 03:00",0.000,
"16.02.2024 03:15",0.000,
"16.02.2024 03:30",0.000,
"16.02.2024 03:45",0.000,
"16.02.2024 04:00",0.000,
"16.02.2024 04:15",0.000,
"16.02.2024 04:30",0.000,
"16.02.2024 04:45",0.000,
"16.02.2024 05:00",0.000,
"16.02.2024 05:15",0.000,
"16.02.2024 05:30",0.000,
"16.02.2024 05:45",0.000,
"16.02.2024 06:00",0.000,
"16.02.2024 06:15",0.000,
"16.02.2024 06:30",0.000,
"16.02.2024 06:45",0.000,
"16.02.2024 07:00",0.000,
"16.02.2024 07:15",0.000,
"16.02.2024 07:30",0.000,
"16.02.2024 07:45",0.000,
"16.02.2024 08:00",306.000,
"16.02.2024 08:15",805.459,
"16.02.2024 08:30",1465.000,
"16.02.2024 08:45",1954.100,
"16.02.2024 09:00",3859.000,
"16.02.2024 09:15",4928.100,
"16.02.2024 09:30",10228.000,
"16.02.2024 09:45",4208.200,
"16.02.2024 10:00",3784.000,
"16.02.2024 10:15",2253.900,
"16.02.2024 10:30",6887.100,
"16.02.2024 10:45",18929.836,
"16.02.2024 11:00",12443.100,
"16.02.2024 11:15",2752.148,
"16.02.2024 11:30",3971.100,
"16.02.2024 11:45",9625.900,
"16.02.2024 12:00",12433.100,
"16.02.2024 12:15",11955.237,
"16.02.2024 12:30",10285.100,
"16.02.2024 12:45",10846.000,
"16.02.2024 13:00",12115.153,
"16.02.2024 13:15",8985.000,
"16.02.2024 13:30",10932.000,
"16.02.2024 13:45",10040.763,
"16.02.2024 14:00",5444.049,
"16.02.2024 14:15",4661.200,
"16.02.2024 14:30",4053.100,
"16.02.2024 14:45",873.820,
"16.02.2024 15:00",670.100,
"16.02.2024 15:15",865.900,
"16.02.2024 15:30",484.441,
"16.02.2024 15:45",413.787,
"16.02.2024 16:00",744.729,
"16.02.2024 16:15",1808.900,
"16.02.2024 16:30",486.000,
"16.02.2024 16:45",411.900,
"16.02.2024 17:00",264.213,
"16.02.2024 17:15",0.000,
"16.02.2024 17:30",0.000,
"16.02.2024 17:45",0.000,
"16.02.2024 18:00",0.000,
"16.02.2024 18:15",0.000,
"16.02.2024 18:30",0.000,
"16.02.2024 18:45",0.000,
"16.02.2024 19:00",0.000,
"16.02.2024 19:15",0.000,
"16.02.2024 19:30",0.000,
"16.02.2024 19:45",0.000,
"16.02.2024 20:00",0.000,
"16.02.2024 20:15",0.000,
"16.02.2024 20:30",0.000,
"16.02.2024 20:45",0.000,
"16.02.2024 21:00",0.000,
"16.02.2024 21:15",0.000,
"16.02.2024 21:30",0.000,
"16.02.2024 21:45",0.000,
"16.02.2024 22:00",0.000,
"16.02.2024 22:15",0.000,
"16.02.2024 22:30",0.000,
"16.02.2024 22:45",0.000,
"16.02.2024 23:00",0.000,
"16.02.2024 23:15",0.000,
"16.02.2024 23:30",0.000,
"16.02.2024 23:45",0.000,
"17.02.2024 00:00",0.000,
"17.02.2024 00:15",0.000,
"17.02.2024 00:30",0.000,
"17.02.2024 00:45",0.000,
"17.02.2024 01:00",0.000,
"17.02.2024 01:15",0.000,
"17.02.2024 01:30",0.000,
"17.02.2024 01:45",0.000,
"17.02.2024 02:00",0.000,
"17.02.2024 02:15",0.000,
"17.02.2024 02:30",0.000,
"17.02.2024 02:45",0.000,
"17.02.2024 03:00",0.000,
"17.02.2024 03:15",0.000,
"17.02.2024 03:30",0.000,
"17.02.2024 03:45",0.000,
"17.02.2024 04:00",0.000,
"17.02.2024 04:15",0.000,
"17.02.2024 04:30",0.000,
"17.02.2024 04:45",0.000,
"17.02.2024 05:00",0.000,
"17.02.2024 05:15",0.000,
"17.02.2024 05:30",0.000,
"17.02.2024 05:45",0.000,
"17.02.2024 06:00",0.000,
"17.02.2024 06:15",0.000,
"17.02.2024 06:30",0.000,
"17.02.2024 06:45",0.000,
"17.02.2024 07:00",0.000,
"17.02.2024 07:15",0.000,
"17.02.2024 07:30",0.000,
"17.02.2024 07:45",0.000,
"17.02.2024 08:00",369.000,
"17.02.2024 08:15",598.100,
"17.02.2024 08:30",905.100,
"17.02.2024 08:45",1387.000,
"17.02.2024 09:00",1982.400,
"17.02.2024 09:15",2589.100,
"17.02.2024 09:30",3008.373,
"17.02.2024 09:45",3538.373,
"17.02.2024 10:00",4038.852,
"17.02.2024 10:15",4023.900,
"17.02.2024 10:30",4618.000,
"17.02.2024 10:45",4536.000,
"17.02.2024 11:00",4572.131,
"17.02.2024 11:15",5616.492,
"17.02.2024 11:30",7938.800,
"17.02.2024 11:45",9389.180,
"17.02.2024 12:00",7213.000,
"17.02.2024 12:15",7062.590,
"17.02.2024 12:30",5554.800,
"17.02.2024 12:45",7908.000,
"17.02.2024 13:00",7182.820,
"17.02.2024 13:15",6598.900,
"17.02.2024 13:30",6629.100,
"17.02.2024 13:45",5668.000,
"17.02.2024 14:00",5361.800,
"17.02.2024 14:15",6304.951,
"17.02.2024 14:30",4501.100,
"17.02.2024 14:45",4481.254,
"17.02.2024 15:00",3922.000,
"17.02.2024 15:15",3741.967,
"17.02.2024 15:30",3075.983,
"17.02.2024 15:45",2426.900,
"17.02.2024 16:00",2433.200,
"17.02.2024 16:15",1638.803,
"17.02.2024 16:30",1223.951,
"17.02.2024 16:45",953.627,
"17.02.2024 17:00",643.200,
"17.02.2024 17:15",425.153,
"17.02.2024 17:30",0.000,
"17.02.2024 17:45",0.000,
"17.02.2024 18:00",0.000,
"17.02.2024 18:15",0.000,
"17.02.2024 18:30",0.000,
"17.02.2024 18:45",0.000,
"17.02.2024 19:00",0.000,
"17.02.2024 19:15",0.000,
"17.02.2024 19:30",0.000,
"17.02.2024 19:45",0.000,
"17.02.2024 20:00",0.000,
"17.02.2024 20:15",0.000,
"17.02.2024 20:30",0.000,
"17.02.2024 20:45",0.000,
"17.02.2024 21:00",0.000,
"17.02.2024 21:15",0.000,
"17.02.2024 21:30",0.000,
"17.02.2024 21:45",0.000,
"17.02.2024 22:00",0.000,
"17.02.2024 22:15",0.000,
"17.02.2024 22:30",0.000,
"17.02.2024 22:45",0.000,
"17.02.2024 23:00",0.000,
"17.02.2024 23:15",0.000,
"17.02.2024 23:30",0.000,
"17.02.2024 23:45",0.000,
"18.02.2024 00:00",0.000,
"18.02.2024 00:15",0.000,
"18.02.2024 00:30",0.000,
"18.02.2024 00:45",0.000,
"18.02.2024 01:00",0.000,
"18.02.2024 01:15",0.000,
"18.02.2024 01:30",0.000,
"18.02.2024 01:45",0.000,
"18.02.2024 02:00",0.000,
"18.02.2024 02:15",0.000,
"18.02.2024 02:30",0.000,
"18.02.2024 02:45",0.000,
"18.02.2024 03:00",0.000,
"18.02.2024 03:15",0.000,
"18.02.2024 03:30",0.000,
"18.02.2024 03:45",0.000,
"18.02.2024 04:00",0.000,
"18.02.2024 04:15",0.000,
"18.02.2024 04:30",0.000,
"18.02.2024 04:45",0.000,
"18.02.2024 05:00",0.000,
"18.02.2024 05:15",0.000,
"18.02.2024 05:30",0.000,
"18.02.2024 05:45",0.000,
"18.02.2024 06:00",0.000,
"18.02.2024 06:15",0.000,
"18.02.2024 06:30",0.000,
"18.02.2024 06:45",0.000,
"18.02.2024 07:00",0.000,
"18.02.2024 07:15",0.000,
"18.02.2024 07:30",0.000,
"18.02.2024 07:45",0.000,
"18.02.2024 08:00",149.000,
"18.02.2024 08:15",248.000,
"18.02.2024 08:30",156.230,
"18.02.2024 08:45",553.200,
"18.02.2024 09:00",1475.373,
"18.02.2024 09:15",1703.610,
"18.02.2024 09:30",2356.900,
"18.02.2024 09:45",2512.721,
"18.02.2024 10:00",2008.525,
"18.02.2024 10:15",2400.644,
"18.02.2024 10:30",2802.000,
"18.02.2024 10:45",2453.100,
"18.02.2024 11:00",3259.115,
"18.02.2024 11:15",5563.780,
"18.02.2024 11:30",3981.574,
"18.02.2024 11:45",3963.885,
"18.02.2024 12:00",3295.051,
"18.02.2024 12:15",3127.475,
"18.02.2024 12:30",4164.814,
"18.02.2024 12:45",4630.000,
"18.02.2024 13:00",4172.000,
"18.02.2024 13:15",3489.051,
"18.02.2024 13:30",3295.424,
"18.02.2024 13:45",2281.900,
"18.02.2024 14:00",2167.000,
"18.02.2024 14:15",2066.100,
"18.02.2024 14:30",1951.800,
"18.02.2024 14:45",3117.695,
"18.02.2024 15:00",904.100,
"18.02.2024 15:15",997.797,
"18.02.2024 15:30",894.153,
"18.02.2024 15:45",704.000,
"18.02.2024 16:00",536.000,
"18.02.2024 16:15",441.115,
"18.02.2024 16:30",321.000,
"18.02.2024 16:45",169.000,
"18.02.2024 17:00",0.000,
"18.02.2024 17:15",0.000,
"18.02.2024 17:30",0.000,
"18.02.2024 17:45",0.000,
"18.02.2024 18:00",0.000,
"18.02.2024 18:15",0.000,
"18.02.2024 18:30",0.000,
"18.02.2024 18:45",0.000,
"18.02.2024 19:00",0.000,
"18.02.2024 19:15",0.000,
"18.02.2024 19:30",0.000,
"18.02.2024 19:45",0.000,
"18.02.2024 20:00",0.000,
"18.02.2024 20:15",0.000,
"18.02.2024 20:30",0.000,
"18.02.2024 20:45",0.000,
"18.02.2024 21:00",0.000,
"18.02.2024 21:15",0.000,
"18.02.2024 21:30",0.000,
"18.02.2024 21:45",0.000,
"18.02.2024 22:00",0.000,
"18.02.2024 22:15",0.000,
"18.02.2024 22:30",0.000,
"18.02.2024 22:45",0.000,
"18.02.2024 23:00",0.000,
"18.02.2024 23:15",0.000,
"18.02.2024 23:30",0.000,
"18.02.2024 23:45",0.000,
"19.02.2024 00:00",0.000,
"19.02.2024 00:15",0.000,
"19.02.2024 00:30",0.000,
"19.02.2024 00:45",0.000,
"19.02.2024 01:00",0.000,
"19.02.2024 01:15",0.000,
"19.02.2024 01:30",0.000,
"19.02.2024 01:45",0.000,
"19.02.2024 02:00",0.000,
"19.02.2024 02:15",0.000,
"19.02.2024 02:30",0.000,
"19.02.2024 02:45",-0.458,
"19.02.2024 03:00",0.000,
"19.02.2024 03:15",0.000,
"19.02.2024 03:30",0.000,
"19.02.2024 03:45",0.000,
"19.02.2024 04:00",0.000,
"19.02.2024 04:15",0.000,
"19.02.2024 04:30",0.000,
"19.02.2024 04:45",0.000,
"19.02.2024 05:00",0.000,
"19.02.2024 05:15",0.000,
"19.02.2024 05:30",0.000,
"19.02.2024 05:45",0.000,
"19.02.2024 06:00",0.000,
"19.02.2024 06:15",0.000,
"19.02.2024 06:30",0.000,
"19.02.2024 06:45",0.000,
"19.02.2024 07:00",0.000,
"19.02.2024 07:15",0.000,
"19.02.2024 07:30",0.000,
"19.02.2024 07:45",0.000,
"19.02.2024 08:00",778.100,
"19.02.2024 08:15",564.983,
"19.02.2024 08:30",1583.203,
"19.02.2024 08:45",2265.705,
"19.02.2024 09:00",1908.705,
"19.02.2024 09:15",4264.000,
"19.02.2024 09:30",4889.689,
"19.02.2024 09:45",2179.115,
"19.02.2024 10:00",4810.197,
"19.02.2024 10:15",6271.153,
"19.02.2024 10:30",10798.131,
"19.02.2024 10:45",6124.541,
"19.02.2024 11:00",17892.459,
"19.02.2024 11:15",9305.661,
"19.02.2024 11:30",14855.082,
"19.02.2024 11:45",8536.847,
"19.02.2024 12:00",4367.082,
"19.02.2024 12:15",10149.900,
"19.02.2024 12:30",9730.410,
"19.02.2024 12:45",5882.475,
"19.02.2024 13:00",10837.900,
"19.02.2024 13:15",7191.246,
"19.02.2024 13:30",5885.200,
"19.02.2024 13:45",8683.881,
"19.02.2024 14:00",5843.800,
"19.02.2024 14:15",11156.000,
"19.02.2024 14:30",6576.200,
"19.02.2024 14:45",5822.949,
"19.02.2024 15:00",15301.900,
"19.02.2024 15:15",4080.000,
"19.02.2024 15:30",1817.017,
"19.02.2024 15:45",1457.100,
"19.02.2024 16:00",1236.738,
"19.02.2024 16:15",1167.066,
"19.02.2024 16:30",522.066,
"19.02.2024 16:45",8.700,
"19.02.2024 17:00",0.000,
"19.02.2024 17:15",0.000,
"19.02.2024 17:30",0.000,
"19.02.2024 17:45",0.000,
"19.02.2024 18:00",0.000,
"19.02.2024 18:15",0.000,
"19.02.2024 18:30",0.000,
"19.02.2024 18:45",0.000,
"19.02.2024 19:00",0.000,
"19.02.2024 19:15",0.000,
"19.02.2024 19:30",0.000,
"19.02.2024 19:45",0.000,
"19.02.2024 20:00",0.000,
"19.02.2024 20:15",0.000,
"19.02.2024 20:30",0.000,
"19.02.2024 20:45",0.000,
"19.02.2024 21:00",0.000,
"19.02.2024 21:15",0.000,
"19.02.2024 21:30",0.000,
"19.02.2024 21:45",0.000,
"19.02.2024 22:00",0.000,
"19.02.2024 22:15",0.000,
"19.02.2024 22:30",0.000,
"19.02.2024 22:45",0.000,
"19.02.2024 23:00",0.000,
"19.02.2024 23:15",0.000,
"19.02.2024 23:30",0.000,
"19.02.2024 23:45",0.000,
"20.02.2024 00:00",0.000,
"20.02.2024 00:15",0.000,
"20.02.2024 00:30",0.000,
"20.02.2024 00:45",0.000,
"20.02.2024 01:00",0.000,
"20.02.2024 01:15",0.000,
"20.02.2024 01:30",0.000,
"20.02.2024 01:45",0.000,
"20.02.2024 02:00",0.000,
"20.02.2024 02:15",0.000,
"20.02.2024 02:30",0.000,
"20.02.2024 02:45",0.000,
"20.02.2024 03:00",0.000,
"20.02.2024 03:15",0.000,
"20.02.2024 03:30",0.000,
"20.02.2024 03:45",0.000,
"20.02.2024 04:00",0.000,
"20.02.2024 04:15",0.000,
"20.02.2024 04:30",0.000,
"20.02.2024 04:45",0.000,
"20.02.2024 05:00",0.000,
"20.02.2024 05:15",0.000,
"20.02.2024 05:30",0.000,
"20.02.2024 05:45",0.000,
"20.02.2024 06:00",0.000,
"20.02.2024 06:15",0.000,
"20.02.2024 06:30",0.000,
"20.02.2024 06:45",0.000,
"20.02.2024 07:00",0.000,
"20.02.2024 07:15",0.000,
"20.02.2024 07:30",0.000,
"20.02.2024 07:45",187.984,
"20.02.2024 08:00",641.000,
"20.02.2024 08:15",1596.678,
"20.02.2024 08:30",1717.000,
"20.02.2024 08:45",4649.200,
"20.02.2024 09:00",7737.000,
"20.02.2024 09:15",3719.934,
"20.02.2024 09:30",5050.098,
"20.02.2024 09:45",4492.900,
"20.02.2024 10:00",10453.459,
"20.02.2024 10:15",7802.881,
"20.02.2024 10:30",11991.932,
"20.02.2024 10:45",20969.947,
"20.02.2024 11:00",10843.000,
"20.02.2024 11:15",18430.136,
"20.02.2024 11:30",16137.100,
"20.02.2024 11:45",15580.100,
"20.02.2024 12:00",18907.525,
"20.02.2024 12:15",15793.100,
"20.02.2024 12:30",16192.000,
"20.02.2024 12:45",6378.000,
"20.02.2024 13:00",9116.915,
"20.02.2024 13:15",8885.754,
"20.02.2024 13:30",6769.322,
"20.02.2024 13:45",6227.203,
"20.02.2024 14:00",10534.000,
"20.02.2024 14:15",8169.814,
"20.02.2024 14:30",8561.800,
"20.02.2024 14:45",5380.746,
"20.02.2024 15:00",6002.000,
"20.02.2024 15:15",5509.475,
"20.02.2024 15:30",5665.746,
"20.02.2024 15:45",4837.967,
"20.02.2024 16:00",3497.900,
"20.02.2024 16:15",2141.213,
"20.02.2024 16:30",1895.915,
"20.02.2024 16:45",1155.754,
"20.02.2024 17:00",566.932,
"20.02.2024 17:15",298.100,
"20.02.2024 17:30",0.000,
"20.02.2024 17:45",0.000,
"20.02.2024 18:00",0.000,
"20.02.2024 18:15",0.000,
"20.02.2024 18:30",0.000,
"20.02.2024 18:45",0.000,
"20.02.2024 19:00",0.000,
"20.02.2024 19:15",0.000,
"20.02.2024 19:30",0.000,
"20.02.2024 19:45",0.000,
"20.02.2024 20:00",0.000,
"20.02.2024 20:15",0.000,
"20.02.2024 20:30",0.000,
"20.02.2024 20:45",0.000,
"20.02.2024 21:00",0.000,
"20.02.2024 21:15",0.000,
"20.02.2024 21:30",0.000,
"20.02.2024 21:45",0.000,
"20.02.2024 22:00",0.000,
"20.02.2024 22:15",0.000,
"20.02.2024 22:30",0.000,
"20.02.2024 22:45",0.000,
"20.02.2024 23:00",0.000,
"20.02.2024 23:15",0.000,
"20.02.2024 23:30",0.000,
"20.02.2024 23:45",0.000,
"21.02.2024 00:00",0.000,
"21.02.2024 00:15",0.000,
"21.02.2024 00:30",0.000,
"21.02.2024 00:45",0.000,
"21.02.2024 01:00",0.000,
"21.02.2024 01:15",0.000,
"21.02.2024 01:30",0.000,
"21.02.2024 01:45",0.000,
"21.02.2024 02:00",0.000,
"21.02.2024 02:15",0.000,
"21.02.2024 02:30",0.000,
"21.02.2024 02:45",0.000,
"21.02.2024 03:00",0.000,
"21.02.2024 03:15",0.000,
"21.02.2024 03:30",0.000,
"21.02.2024 03:45",0.000,
"21.02.2024 04:00",0.000,
"21.02.2024 04:15",0.000,
"21.02.2024 04:30",0.000,
"21.02.2024 04:45",0.000,
"21.02.2024 05:00",0.000,
"21.02.2024 05:15",0.000,
"21.02.2024 05:30",0.000,
"21.02.2024 05:45",0.000,
"21.02.2024 06:00",0.000,
"21.02.2024 06:15",0.000,
"21.02.2024 06:30",0.000,
"21.02.2024 06:45",0.000,
"21.02.2024 07:00",0.000,
"21.02.2024 07:15",0.000,
"21.02.2024 07:30",0.000,
"21.02.2024 07:45",372.100,
"21.02.2024 08:00",1168.115,
"21.02.2024 08:15",1951.915,
"21.02.2024 08:30",2662.869,
"21.02.2024 08:45",4413.051,
"21.02.2024 09:00",8054.279,
"21.02.2024 09:15",10400.800,
"21.02.2024 09:30",12842.100,
"21.02.2024 09:45",14907.311,
"21.02.2024 10:00",17492.203,
"21.02.2024 10:15",8751.000,
"21.02.2024 10:30",9766.082,
"21.02.2024 10:45",21920.344,
"21.02.2024 11:00",24780.900,
"21.02.2024 11:15",16745.754,
"21.02.2024 11:30",14069.100,
"21.02.2024 11:45",15658.869,
"21.02.2024 12:00",24011.864,
"21.02.2024 12:15",15721.246,
"21.02.2024 12:30",10077.656,
"21.02.2024 12:45",6785.254,
"21.02.2024 13:00",5390.000,
"21.02.2024 13:15",4579.900,
"21.02.2024 13:30",4671.083,
"21.02.2024 13:45",4339.951,
"21.02.2024 14:00",2157.000,
"21.02.2024 14:15",6179.800,
"21.02.2024 14:30",4222.000,
"21.02.2024 14:45",2178.169,
"21.02.2024 15:00",6873.574,
"21.02.2024 15:15",4725.918,
"21.02.2024 15:30",3656.610,
"21.02.2024 15:45",3540.917,
"21.02.2024 16:00",3205.000,
"21.02.2024 16:15",2414.574,
"21.02.2024 16:30",2520.656,
"21.02.2024 16:45",1486.100,
"21.02.2024 17:00",652.100,
"21.02.2024 17:15",177.689,
"21.02.2024 17:30",0.000,
"21.02.2024 17:45",0.000,
"21.02.2024 18:00",0.000,
"21.02.2024 18:15",0.000,
"21.02.2024 18:30",0.000,
"21.02.2024 18:45",0.000,
"21.02.2024 19:00",0.000,
"21.02.2024 19:15",0.000,
"21.02.2024 19:30",0.000,
"21.02.2024 19:45",0.000,
"21.02.2024 20:00",0.000,
"21.02.2024 20:15",0.000,
"21.02.2024 20:30",0.000,
"21.02.2024 20:45",0.000,
"21.02.2024 21:00",0.000,
"21.02.2024 21:15",0.000,
"21.02.2024 21:30",0.000,
"21.02.2024 21:45",0.000,
"21.02.2024 22:00",0.000,
"21.02.2024 22:15",0.000,
"21.02.2024 22:30",0.000,
"21.02.2024 22:45",0.000,
"21.02.2024 23:00",0.000,
"21.02.2024 23:15",0.000,
"21.02.2024 23:30",0.000,
"21.02.2024 23:45",0.000,
"22.02.2024 00:00",0.000,
"22.02.2024 00:15",0.000,
"22.02.2024 00:30",0.000,
"22.02.2024 00:45",0.000,
"22.02.2024 01:00",0.000,
"22.02.2024 01:15",0.000,
"22.02.2024 01:30",0.000,
"22.02.2024 01:45",0.000,
"22.02.2024 02:00",0.000,
"22.02.2024 02:15",0.000,
"22.02.2024 02:30",0.000,
"22.02.2024 02:45",0.000,
"22.02.2024 03:00",0.000,
"22.02.2024 03:15",0.000,
"22.02.2024 03:30",0.000,
"22.02.2024 03:45",0.000,
"22.02.2024 04:00",0.000,
"22.02.2024 04:15",0.000,
"22.02.2024 04:30",0.000,
"22.02.2024 04:45",0.000,
"22.02.2024 05:00",0.000,
"22.02.2024 05:15",0.000,
"22.02.2024 05:30",0.000,
"22.02.2024 05:45",0.000,
"22.02.2024 06:00",0.000,
"22.02.2024 06:15",0.000,
"22.02.2024 06:30",0.000,
"22.02.2024 06:45",0.000,
"22.02.2024 07:00",0.000,
"22.02.2024 07:15",0.000,
"22.02.2024 07:30",0.000,
"22.02.2024 07:45",0.000,
"22.02.2024 08:00",353.900,
"22.02.2024 08:15",1787.574,
"22.02.2024 08:30",2149.213,
"22.02.2024 08:45",2104.900,
"22.02.2024 09:00",1566.100,
"22.02.2024 09:15",3012.082,
"22.02.2024 09:30",3769.934,
"22.02.2024 09:45",4025.900,
"22.02.2024 10:00",6226.721,
"22.02.2024 10:15",6197.034,
"22.02.2024 10:30",8034.672,
"22.02.2024 10:45",6523.200,
"22.02.2024 11:00",8471.200,
"22.02.2024 11:15",4072.800,
"22.02.2024 11:30",5532.800,
"22.02.2024 11:45",11003.900,
"22.02.2024 12:00",6842.000,
"22.02.2024 12:15",3025.000,
"22.02.2024 12:30",3434.729,
"22.02.2024 12:45",3744.712,
"22.02.2024 13:00",5727.000,
"22.02.2024 13:15",3708.100,
"22.02.2024 13:30",12215.820,
"22.02.2024 13:45",15080.100,
"22.02.2024 14:00",14222.131,
"22.02.2024 14:15",18297.459,
"22.02.2024 14:30",10854.000,
"22.02.2024 14:45",9318.377,
"22.02.2024 15:00",3448.610,
"22.02.2024 15:15",2783.000,
"22.02.2024 15:30",3378.900,
"22.02.2024 15:45",3486.900,
"22.02.2024 16:00",3485.800,
"22.02.2024 16:15",4421.000,
"22.02.2024 16:30",5690.754,
"22.02.2024 16:45",3250.344,
"22.02.2024 17:00",3742.900,
"22.02.2024 17:15",3766.164,
"22.02.2024 17:30",368.066,
"22.02.2024 17:45",0.000,
"22.02.2024 18:00",0.000,
"22.02.2024 18:15",0.000,
"22.02.2024 18:30",0.000,
"22.02.2024 18:45",0.000,
"22.02.2024 19:00",0.000,
"22.02.2024 19:15",0.000,
"22.02.2024 19:30",0.000,
"22.02.2024 19:45",0.000,
"22.02.2024 20:00",0.000,
"22.02.2024 20:15",0.000,
"22.02.2024 20:30",0.000,
"22.02.2024 20:45",0.000,
"22.02.2024 21:00",0.000,
"22.02.2024 21:15",0.000,
"22.02.2024 21:30",0.000,
"22.02.2024 21:45",0.000,
"22.02.2024 22:00",0.000,
"22.02.2024 22:15",0.000,
"22.02.2024 22:30",0.000,
"22.02.2024 22:45",0.000,
"22.02.2024 23:00",0.000,
"22.02.2024 23:15",0.000,
"22.02.2024 23:30",0.000,
"22.02.2024 23:45",0.000,
"23.02.2024 00:00",0.000,
"23.02.2024 00:15",0.000,
"23.02.2024 00:30",0.000,
"23.02.2024 00:45",0.000,
"23.02.2024 01:00",0.000,
"23.02.2024 01:15",0.000,
"23.02.2024 01:30",0.000,
"23.02.2024 01:45",0.000,
"23.02.2024 02:00",0.000,
"23.02.2024 02:15",0.000,
"23.02.2024 02:30",0.000,
"23.02.2024 02:45",-0.450,
"23.02.2024 03:00",0.000,
"23.02.2024 03:15",0.000,
"23.02.2024 03:30",0.000,
"23.02.2024 03:45",0.000,
"23.02.2024 04:00",0.000,
"23.02.2024 04:15",0.000,
"23.02.2024 04:30",0.000,
"23.02.2024 04:45",0.000,
"23.02.2024 05:00",0.000,
"23.02.2024 05:15",0.000,
"23.02.2024 05:30",0.000,
"23.02.2024 05:45",0.000,
"23.02.2024 06:00",0.000,
"23.02.2024 06:15",0.000,
"23.02.2024 06:30",0.000,
"23.02.2024 06:45",0.000,
"23.02.2024 07:00",0.000,
"23.02.2024 07:15",0.000,
"23.02.2024 07:30",0.000,
"23.02.2024 07:45",0.000,
"23.02.2024 08:00",182.102,
"23.02.2024 08:15",3877.180,
"23.02.2024 08:30",3524.000,
"23.02.2024 08:45",8531.934,
"23.02.2024 09:00",11953.100,
"23.02.2024 09:15",4406.900,
"23.02.2024 09:30",5373.000,
"23.02.2024 09:45",6124.373,
"23.02.2024 10:00",13708.200,
"23.02.2024 10:15",21008.377,
"23.02.2024 10:30",7667.200,
"23.02.2024 10:45",33188.610,
"23.02.2024 11:00",12232.441,
"23.02.2024 11:15",11497.900,
"23.02.2024 11:30",12974.831,
"23.02.2024 11:45",9968.017,
"23.02.2024 12:00",13165.900,
"23.02.2024 12:15",12205.344,
"23.02.2024 12:30",6104.148,
"23.02.2024 12:45",11501.847,
"23.02.2024 13:00",7349.900,
"23.02.2024 13:15",14511.424,
"23.02.2024 13:30",22662.000,
"23.02.2024 13:45",10609.448,
"23.02.2024 14:00",10608.934,
"23.02.2024 14:15",9383.213,
"23.02.2024 14:30",7979.100,
"23.02.2024 14:45",10514.100,
"23.02.2024 15:00",6467.148,
"23.02.2024 15:15",5758.000,
"23.02.2024 15:30",7390.831,
"23.02.2024 15:45",3425.800,
"23.02.2024 16:00",953.200,
"23.02.2024 16:15",2513.627,
"23.02.2024 16:30",1529.100,
"23.02.2024 16:45",3033.900,
"23.02.2024 17:00",1753.000,
"23.02.2024 17:15",426.900,
"23.02.2024 17:30",0.000,
"23.02.2024 17:45",0.000,
"23.02.2024 18:00",0.000,
"23.02.2024 18:15",0.000,
"23.02.2024 18:30",0.000,
"23.02.2024 18:45",0.000,
"23.02.2024 19:00",0.000,
"23.02.2024 19:15",0.000,
"23.02.2024 19:30",0.000,
"23.02.2024 19:45",0.000,
"23.02.2024 20:00",0.000,
"23.02.2024 20:15",0.000,
"23.02.2024 20:30",0.000,
"23.02.2024 20:45",0.000,
"23.02.2024 21:00",0.000,
"23.02.2024 21:15",0.000,
"23.02.2024 21:30",0.000,
"23.02.2024 21:45",0.000,
"23.02.2024 22:00",0.000,
"23.02.2024 22:15",0.000,
"23.02.2024 22:30",0.000,
"23.02.2024 22:45",0.000,
"23.02.2024 23:00",0.000,
"23.02.2024 23:15",0.000,
"23.02.2024 23:30",0.000,
"23.02.2024 23:45",0.000,
"24.02.2024 00:00",0.000,
"24.02.2024 00:15",0.000,
"24.02.2024 00:30",0.000,
"24.02.2024 00:45",0.000,
"24.02.2024 01:00",0.000,
"24.02.2024 01:15",0.000,
"24.02.2024 01:30",0.000,
"24.02.2024 01:45",0.000,
"24.02.2024 02:00",0.000,
"24.02.2024 02:15",0.000,
"24.02.2024 02:30",0.000,
"24.02.2024 02:45",0.000,
"24.02.2024 03:00",0.000,
"24.02.2024 03:15",0.000,
"24.02.2024 03:30",0.000,
"24.02.2024 03:45",0.000,
"24.02.2024 04:00",0.000,
"24.02.2024 04:15",0.000,
"24.02.2024 04:30",0.000,
"24.02.2024 04:45",0.000,
"24.02.2024 05:00",0.000,
"24.02.2024 05:15",0.000,
"24.02.2024 05:30",0.000,
"24.02.2024 05:45",0.000,
"24.02.2024 06:00",0.000,
"24.02.2024 06:15",0.000,
"24.02.2024 06:30",0.000,
"24.02.2024 06:45",0.000,
"24.02.2024 07:00",0.000,
"24.02.2024 07:15",0.000,
"24.02.2024 07:30",286.900,
"24.02.2024 07:45",680.220,
"24.02.2024 08:00",1631.051,
"24.02.2024 08:15",2371.000,
"24.02.2024 08:30",3067.000,
"24.02.2024 08:45",3696.262,
"24.02.2024 09:00",5518.131,
"24.02.2024 09:15",6072.900,
"24.02.2024 09:30",7025.250,
"24.02.2024 09:45",6544.712,
"24.02.2024 10:00",8370.262,
"24.02.2024 10:15",10274.475,
"24.02.2024 10:30",12284.900,
"24.02.2024 10:45",13492.254,
"24.02.2024 11:00",14262.100,
"24.02.2024 11:15",16068.797,
"24.02.2024 11:30",18072.932,
"24.02.2024 11:45",18125.100,
"24.02.2024 12:00",19077.356,
"24.02.2024 12:15",19713.000,
"24.02.2024 12:30",20514.898,
"24.02.2024 12:45",17465.000,
"24.02.2024 13:00",19176.100,
"24.02.2024 13:15",23603.000,
"24.02.2024 13:30",15697.186,
"24.02.2024 13:45",13362.000,
"24.02.2024 14:00",14542.712,
"24.02.2024 14:15",12466.574,
"24.02.2024 14:30",10819.203,
"24.02.2024 14:45",10781.000,
"24.02.2024 15:00",7970.836,
"24.02.2024 15:15",1805.100,
"24.02.2024 15:30",3745.000,
"24.02.2024 15:45",2805.220,
"24.02.2024 16:00",6685.000,
"24.02.2024 16:15",4733.000,
"24.02.2024 16:30",2618.279,
"24.02.2024 16:45",672.902,
"24.02.2024 17:00",0.000,
"24.02.2024 17:15",0.000,
"24.02.2024 17:30",0.000,
"24.02.2024 17:45",0.000,
"24.02.2024 18:00",0.000,
"24.02.2024 18:15",0.000,
"24.02.2024 18:30",0.000,
"24.02.2024 18:45",0.000,
"24.02.2024 19:00",0.000,
"24.02.2024 19:15",0.000,
"24.02.2024 19:30",0.000,
"24.02.2024 19:45",0.000,
"24.02.2024 20:00",0.000,
"24.02.2024 20:15",0.000,
"24.02.2024 20:30",0.000,
"24.02.2024 20:45",0.000,
"24.02.2024 21:00",0.000,
"24.02.2024 21:15",0.000,
"24.02.2024 21:30",0.000,
"24.02.2024 21:45",0.000,
"24.02.2024 22:00",0.000,
"24.02.2024 22:15",0.000,
"24.02.2024 22:30",0.000,
"24.02.2024 22:45",0.000,
"24.02.2024 23:00",0.000,
"24.02.2024 23:15",0.000,
"24.02.2024 23:30",0.000,
"24.02.2024 23:45",0.000,
"25.02.2024 00:00",0.000,
"25.02.2024 00:15",0.000,
"25.02.2024 00:30",0.000,
"25.02.2024 00:45",0.000,
"25.02.2024 01:00",0.000,
"25.02.2024 01:15",0.000,
"25.02.2024 01:30",0.000,
"25.02.2024 01:45",0.000,
"25.02.2024 02:00",0.000,
"25.02.2024 02:15",0.000,
"25.02.2024 02:30",0.000,
"25.02.2024 02:45",0.000,
"25.02.2024 03:00",0.000,
"25.02.2024 03:15",0.000,
"25.02.2024 03:30",0.000,
"25.02.2024 03:45",0.000,
"25.02.2024 04:00",0.000,
"25.02.2024 04:15",0.000,
"25.02.2024 04:30",0.000,
"25.02.2024 04:45",0.000,
"25.02.2024 05:00",0.000,
"25.02.2024 05:15",0.000,
"25.02.2024 05:30",0.000,
"25.02.2024 05:45",0.000,
"25.02.2024 06:00",0.000,
"25.02.2024 06:15",0.000,
"25.02.2024 06:30",0.000,
"25.02.2024 06:45",0.000,
"25.02.2024 07:00",0.000,
"25.02.2024 07:15",0.000,
"25.02.2024 07:30",0.000,
"25.02.2024 07:45",479.100,
"25.02.2024 08:00",889.800,
"25.02.2024 08:15",1145.136,
"25.02.2024 08:30",2625.200,
"25.02.2024 08:45",2096.000,
"25.02.2024 09:00",3687.900,
"25.02.2024 09:15",2482.300,
"25.02.2024 09:30",2459.000,
"25.02.2024 09:45",2225.200,
"25.02.2024 10:00",4829.770,
"25.02.2024 10:15",2994.000,
"25.02.2024 10:30",3778.119,
"25.02.2024 10:45",14997.066,
"25.02.2024 11:00",16529.800,
"25.02.2024 11:15",11663.900,
"25.02.2024 11:30",10212.200,
"25.02.2024 11:45",22852.100,
"25.02.2024 12:00",14944.000,
"25.02.2024 12:15",5378.230,
"25.02.2024 12:30",12480.200,
"25.02.2024 12:45",22038.373,
"25.02.2024 13:00",6117.100,
"25.02.2024 13:15",11854.213,
"25.02.2024 13:30",6318.000,
"25.02.2024 13:45",7949.661,
"25.02.2024 14:00",10137.328,
"25.02.2024 14:15",19325.180,
"25.02.2024 14:30",8108.100,
"25.02.2024 14:45",3874.900,
"25.02.2024 15:00",2286.100,
"25.02.2024 15:15",3341.836,
"25.02.2024 15:30",797.200,
"25.02.2024 15:45",568.100,
"25.02.2024 16:00",2998.373,
"25.02.2024 16:15",5455.000,
"25.02.2024 16:30",3118.200,
"25.02.2024 16:45",2159.644,
"25.02.2024 17:00",1737.100,
"25.02.2024 17:15",907.695,
"25.02.2024 17:30",232.763,
"25.02.2024 17:45",0.000,
"25.02.2024 18:00",0.000,
"25.02.2024 18:15",0.000,
"25.02.2024 18:30",0.000,
"25.02.2024 18:45",0.000,
"25.02.2024 19:00",0.000,
"25.02.2024 19:15",0.000,
"25.02.2024 19:30",0.000,
"25.02.2024 19:45",0.000,
"25.02.2024 20:00",0.000,
"25.02.2024 20:15",0.000,
"25.02.2024 20:30",0.000,
"25.02.2024 20:45",0.000,
"25.02.2024 21:00",0.000,
"25.02.2024 21:15",0.000,
"25.02.2024 21:30",0.000,
"25.02.2024 21:45",0.000,
"25.02.2024 22:00",0.000,
"25.02.2024 22:15",0.000,
"25.02.2024 22:30",0.000,
"25.02.2024 22:45",0.000,
"25.02.2024 23:00",0.000,
"25.02.2024 23:15",0.000,
"25.02.2024 23:30",0.000,
"25.02.2024 23:45",0.000,
"26.02.2024 00:00",0.000,
"26.02.2024 00:15",0.000,
"26.02.2024 00:30",0.000,
"26.02.2024 00:45",0.000,
"26.02.2024 01:00",0.000,
"26.02.2024 01:15",0.000,
"26.02.2024 01:30",0.000,
"26.02.2024 01:45",0.000,
"26.02.2024 02:00",0.000,
"26.02.2024 02:15",0.000,
"26.02.2024 02:30",0.000,
"26.02.2024 02:45",0.000,
"26.02.2024 03:00",0.000,
"26.02.2024 03:15",0.000,
"26.02.2024 03:30",0.000,
"26.02.2024 03:45",0.000,
"26.02.2024 04:00",0.000,
"26.02.2024 04:15",0.000,
"26.02.2024 04:30",0.000,
"26.02.2024 04:45",0.000,
"26.02.2024 05:00",0.000,
"26.02.2024 05:15",0.000,
"26.02.2024 05:30",0.000,
"26.02.2024 05:45",0.000,
"26.02.2024 06:00",0.000,
"26.02.2024 06:15",0.000,
"26.02.2024 06:30",0.000,
"26.02.2024 06:45",0.000,
"26.02.2024 07:00",0.000,
"26.02.2024 07:15",0.000,
"26.02.2024 07:30",175.700,
"26.02.2024 07:45",682.967,
"26.02.2024 08:00",1356.100,
"26.02.2024 08:15",2127.300,
"26.02.2024 08:30",2975.831,
"26.02.2024 08:45",4088.197,
"26.02.2024 09:00",5047.508,
"26.02.2024 09:15",7799.000,
"26.02.2024 09:30",8821.393,
"26.02.2024 09:45",8878.900,
"26.02.2024 10:00",9383.034,
"26.02.2024 10:15",9897.000,
"26.02.2024 10:30",9350.300,
"26.02.2024 10:45",9550.831,
"26.02.2024 11:00",8441.100,
"26.02.2024 11:15",7819.900,
"26.02.2024 11:30",8283.900,
"26.02.2024 11:45",16847.678,
"26.02.2024 12:00",19264.000,
"26.02.2024 12:15",11810.900,
"26.02.2024 12:30",9019.000,
"26.02.2024 12:45",8773.377,
"26.02.2024 13:00",7780.000,
"26.02.2024 13:15",15569.066,
"26.02.2024 13:30",15546.836,
"26.02.2024 13:45",16026.800,
"26.02.2024 14:00",10993.200,
"26.02.2024 14:15",12129.305,
"26.02.2024 14:30",11771.800,
"26.02.2024 14:45",12487.034,
"26.02.2024 15:00",13925.131,
"26.02.2024 15:15",11349.100,
"26.02.2024 15:30",11400.407,
"26.02.2024 15:45",8273.100,
"26.02.2024 16:00",6897.100,
"26.02.2024 16:15",6220.000,
"26.02.2024 16:30",4695.900,
"26.02.2024 16:45",3472.100,
"26.02.2024 17:00",3131.623,
"26.02.2024 17:15",1717.900,
"26.02.2024 17:30",650.100,
"26.02.2024 17:45",98.458,
"26.02.2024 18:00",0.000,
"26.02.2024 18:15",0.000,
"26.02.2024 18:30",0.000,
"26.02.2024 18:45",0.000,
"26.02.2024 19:00",0.000,
"26.02.2024 19:15",0.000,
"26.02.2024 19:30",0.000,
"26.02.2024 19:45",0.000,
"26.02.2024 20:00",0.000,
"26.02.2024 20:15",0.000,
"26.02.2024 20:30",0.000,
"26.02.2024 20:45",0.000,
"26.02.2024 21:00",0.000,
"26.02.2024 21:15",0.000,
"26.02.2024 21:30",0.000,
"26.02.2024 21:45",0.000,
"26.02.2024 22:00",0.000,
"26.02.2024 22:15",0.000,
"26.02.2024 22:30",0.000,
"26.02.2024 22:45",0.000,
"26.02.2024 23:00",0.000,
"26.02.2024 23:15",0.000,
"26.02.2024 23:30",0.000,
"26.02.2024 23:45",0.000,
"27.02.2024 00:00",0.000,
"27.02.2024 00:15",0.000,
"27.02.2024 00:30",0.000,
"27.02.2024 00:45",0.000,
"27.02.2024 01:00",0.000,
"27.02.2024 01:15",0.000,
"27.02.2024 01:30",0.000,
"27.02.2024 01:45",0.000,
"27.02.2024 02:00",0.000,
"27.02.2024 02:15",0.000,
"27.02.2024 02:30",0.000,
"27.02.2024 02:45",0.000,
"27.02.2024 03:00",0.000,
"27.02.2024 03:15",0.000,
"27.02.2024 03:30",0.000,
"27.02.2024 03:45",0.000,
"27.02.2024 04:00",0.000,
"27.02.2024 04:15",0.000,
"27.02.2024 04:30",0.000,
"27.02.2024 04:45",0.000,
"27.02.2024 05:00",0.000,
"27.02.2024 05:15",0.000,
"27.02.2024 05:30",0.000,
"27.02.2024 05:45",0.000,
"27.02.2024 06:00",0.000,
"27.02.2024 06:15",0.000,
"27.02.2024 06:30",0.000,
"27.02.2024 06:45",0.000,
"27.02.2024 07:00",0.000,
"27.02.2024 07:15",0.000,
"27.02.2024 07:30",0.000,
"27.02.2024 07:45",150.574,
"27.02.2024 08:00",632.000,
"27.02.2024 08:15",961.262,
"27.02.2024 08:30",820.153,
"27.02.2024 08:45",2184.900,
"27.02.2024 09:00",2600.100,
"27.02.2024 09:15",2381.000,
"27.02.2024 09:30",2662.100,
"27.02.2024 09:45",3519.900,
"27.02.2024 10:00",4316.200,
"27.02.2024 10:15",4741.831,
"27.02.2024 10:30",5141.800,
"27.02.2024 10:45",5593.148,
"27.02.2024 11:00",7055.000,
"27.02.2024 11:15",9865.426,
"27.02.2024 11:30",8537.797,
"27.02.2024 11:45",9120.085,
"27.02.2024 12:00",11065.305,
"27.02.2024 12:15",11931.738,
"27.02.2024 12:30",14345.262,
"27.02.2024 12:45",14009.136,
"27.02.2024 13:00",31727.583,
"27.02.2024 13:15",42233.900,
"27.02.2024 13:30",38913.373,
"27.02.2024 13:45",34532.803,
"27.02.2024 14:00",31798.000,
"27.02.2024 14:15",30017.200,
"27.02.2024 14:30",26712.574,
"27.02.2024 14:45",25043.100,
"27.02.2024 15:00",21844.000,
"27.02.2024 15:15",14168.000,
"27.02.2024 15:30",12793.033,
"27.02.2024 15:45",12999.000,
"27.02.2024 16:00",6328.712,
"27.02.2024 16:15",5680.847,
"27.02.2024 16:30",4362.932,
"27.02.2024 16:45",2636.885,
"27.02.2024 17:00",1973.200,
"27.02.2024 17:15",1196.082,
"27.02.2024 17:30",480.220,
"27.02.2024 17:45",0.000,
"27.02.2024 18:00",0.000,
"27.02.2024 18:15",0.000,
"27.02.2024 18:30",0.000,
"27.02.2024 18:45",0.000,
"27.02.2024 19:00",0.000,
"27.02.2024 19:15",0.000,
"27.02.2024 19:30",0.000,
"27.02.2024 19:45",0.000,
"27.02.2024 20:00",0.000,
"27.02.2024 20:15",0.000,
"27.02.2024 20:30",0.000,
"27.02.2024 20:45",0.000,
"27.02.2024 21:00",0.000,
"27.02.2024 21:15",0.000,
"27.02.2024 21:30",0.000,
"27.02.2024 21:45",0.000,
"27.02.2024 22:00",0.000,
"27.02.2024 22:15",0.000,
"27.02.2024 22:30",0.000,
"27.02.2024 22:45",0.000,
"27.02.2024 23:00",0.000,
"27.02.2024 23:15",0.000,
"27.02.2024 23:30",0.000,
"27.02.2024 23:45",0.000,
"28.02.2024 00:00",0.000,
"28.02.2024 00:15",0.000,
"28.02.2024 00:30",0.000,
"28.02.2024 00:45",0.000,
"28.02.2024 01:00",0.000,
"28.02.2024 01:15",0.000,
"28.02.2024 01:30",0.000,
"28.02.2024 01:45",0.000,
"28.02.2024 02:00",0.000,
"28.02.2024 02:15",0.000,
"28.02.2024 02:30",0.000,
"28.02.2024 02:45",0.000,
"28.02.2024 03:00",0.000,
"28.02.2024 03:15",0.000,
"28.02.2024 03:30",0.000,
"28.02.2024 03:45",0.000,
"28.02.2024 04:00",0.000,
"28.02.2024 04:15",0.000,
"28.02.2024 04:30",0.000,
"28.02.2024 04:45",0.000,
"28.02.2024 05:00",0.000,
"28.02.2024 05:15",0.000,
"28.02.2024 05:30",0.000,
"28.02.2024 05:45",0.000,
"28.02.2024 06:00",0.000,
"28.02.2024 06:15",0.000,
"28.02.2024 06:30",0.000,
"28.02.2024 06:45",0.000,
"28.02.2024 07:00",0.000,
"28.02.2024 07:15",0.000,
"28.02.2024 07:30",467.344,
"28.02.2024 07:45",1373.000,
"28.02.2024 08:00",1174.900,
"28.02.2024 08:15",2583.279,
"28.02.2024 08:30",3219.000,
"28.02.2024 08:45",4069.623,
"28.02.2024 09:00",3771.492,
"28.02.2024 09:15",6386.746,
"28.02.2024 09:30",4218.627,
"28.02.2024 09:45",2574.000,
"28.02.2024 10:00",2910.000,
"28.02.2024 10:15",6013.541,
"28.02.2024 10:30",9609.131,
"28.02.2024 10:45",12854.305,
"28.02.2024 11:00",11537.017,
"28.02.2024 11:15",10386.656,
"28.02.2024 11:30",9629.000,
"28.02.2024 11:45",7104.197,
"28.02.2024 12:00",9087.797,
"28.02.2024 12:15",12299.098,
"28.02.2024 12:30",10899.100,
"28.02.2024 12:45",12081.900,
"28.02.2024 13:00",13866.100,
"28.02.2024 13:15",12786.100,
"28.02.2024 13:30",20832.200,
"28.02.2024 13:45",13600.100,
"28.02.2024 14:00",11063.983,
"28.02.2024 14:15",11779.000,
"28.02.2024 14:30",10086.800,
"28.02.2024 14:45",10905.655,
"28.02.2024 15:00",5583.390,
"28.02.2024 15:15",4125.831,
"28.02.2024 15:30",8106.900,
"28.02.2024 15:45",4463.729,
"28.02.2024 16:00",1749.407,
"28.02.2024 16:15",2233.213,
"28.02.2024 16:30",2515.900,
"28.02.2024 16:45",606.900,
"28.02.2024 17:00",367.000,
"28.02.2024 17:15",361.100,
"28.02.2024 17:30",0.000,
"28.02.2024 17:45",0.000,
"28.02.2024 18:00",0.000,
"28.02.2024 18:15",0.000,
"28.02.2024 18:30",0.000,
"28.02.2024 18:45",0.000,
"28.02.2024 19:00",0.000,
"28.02.2024 19:15",0.000,
"28.02.2024 19:30",0.000,
"28.02.2024 19:45",0.000,
"28.02.2024 20:00",0.000,
"28.02.2024 20:15",0.000,
"28.02.2024 20:30",0.000,
"28.02.2024 20:45",0.000,
"28.02.2024 21:00",0.000,
"28.02.2024 21:15",0.000,
"28.02.2024 21:30",0.000,
"28.02.2024 21:45",0.000,
"28.02.2024 22:00",0.000,
"28.02.2024 22:15",0.000,
"28.02.2024 22:30",0.000,
"28.02.2024 22:45",0.000,
"28.02.2024 23:00",0.000,
"28.02.2024 23:15",0.000,
"28.02.2024 23:30",0.000,
"28.02.2024 23:45",0.000,
"29.02.2024 00:00",0.000,
"29.02.2024 00:15",0.000,
"29.02.2024 00:30",0.000,
"29.02.2024 00:45",0.000,
"29.02.2024 01:00",0.000,
"29.02.2024 01:15",0.000,
"29.02.2024 01:30",0.000,
"29.02.2024 01:45",0.000,
"29.02.2024 02:00",0.000,
"29.02.2024 02:15",0.000,
"29.02.2024 02:30",0.000,
"29.02.2024 02:45",-0.450,
"29.02.2024 03:00",0.000,
"29.02.2024 03:15",0.000,
"29.02.2024 03:30",0.000,
"29.02.2024 03:45",0.000,
"29.02.2024 04:00",0.000,
"29.02.2024 04:15",0.000,
"29.02.2024 04:30",0.000,
"29.02.2024 04:45",0.000,
"29.02.2024 05:00",0.000,
"29.02.2024 05:15",0.000,
"29.02.2024 05:30",0.000,
"29.02.2024 05:45",0.000,
"29.02.2024 06:00",0.000,
"29.02.2024 06:15",0.000,
"29.02.2024 06:30",0.000,
"29.02.2024 06:45",0.000,
"29.02.2024 07:00",0.000,
"29.02.2024 07:15",284.900,
"29.02.2024 07:30",976.800,
"29.02.2024 07:45",1861.000,
"29.02.2024 08:00",2716.902,
"29.02.2024 08:15",2785.426,
"29.02.2024 08:30",3770.085,
"29.02.2024 08:45",5481.900,
"29.02.2024 09:00",10097.153,
"29.02.2024 09:15",16056.200,
"29.02.2024 09:30",14721.441,
"29.02.2024 09:45",14703.797,
"29.02.2024 10:00",14509.852,
"29.02.2024 10:15",25363.900,
"29.02.2024 10:30",20353.049,
"29.02.2024 10:45",13742.100,
"29.02.2024 11:00",15163.610,
"29.02.2024 11:15",14837.000,
"29.02.2024 11:30",16026.100,
"29.02.2024 11:45",13054.100,
"29.02.2024 12:00",18848.000,
"29.02.2024 12:15",24106.000,
"29.02.2024 12:30",19316.322,
"29.02.2024 12:45",13726.180,
"29.02.2024 13:00",11823.407,
"29.02.2024 13:15",11480.000,
"29.02.2024 13:30",13431.000,
"29.02.2024 13:45",9919.729,
"29.02.2024 14:00",13107.610,
"29.02.2024 14:15",12213.800,
"29.02.2024 14:30",8778.000,
"29.02.2024 14:45",8048.627,
"29.02.2024 15:00",8794.852,
"29.02.2024 15:15",5835.068,
"29.02.2024 15:30",6020.000,
"29.02.2024 15:45",4799.492,
"29.02.2024 16:00",5125.197,
"29.02.2024 16:15",5305.864,
"29.02.2024 16:30",3858.900,
"29.02.2024 16:45",2758.000,
"29.02.2024 17:00",2461.000,
"29.02.2024 17:15",1180.254,
"29.02.2024 17:30",559.475,
"29.02.2024 17:45",151.016,
"29.02.2024 18:00",0.000,
"29.02.2024 18:15",0.000,
"29.02.2024 18:30",0.000,
"29.02.2024 18:45",0.000,
"29.02.2024 19:00",0.000,
"29.02.2024 19:15",0.000,
"29.02.2024 19:30",0.000,
"29.02.2024 19:45",0.000,
"29.02.2024 20:00",0.000,
"29.02.2024 20:15",0.000,
"29.02.2024 20:30",0.000,
"29.02.2024 20:45",0.000,
"29.02.2024 21:00",0.000,
"29.02.2024 21:15",0.000,
"29.02.2024 21:30",0.000,
"29.02.2024 21:45",0.000,
"29.02.2024 22:00",0.000,
"29.02.2024 22:15",0.000,
"29.02.2024 22:30",0.000,
"29.02.2024 22:45",0.000,
"29.02.2024 23:00",0.000,
"29.02.2024 23:15",0.000,
"29.02.2024 23:30",0.000,
"29.02.2024 23:45",0.000,
"01.03.2024 00:00",0.000,
"01.03.2024 00:15",0.000,
"01.03.2024 00:30",0.000,
"01.03.2024 00:45",0.000,
"01.03.2024 01:00",0.000,
"01.03.2024 01:15",0.000,
"01.03.2024 01:30",0.000,
"01.03.2024 01:45",0.000,
"01.03.2024 02:00",0.000,
"01.03.2024 02:15",0.000,
"01.03.2024 02:30",0.000,
"01.03.2024 02:45",0.000,
"01.03.2024 03:00",0.000,
"01.03.2024 03:15",0.000,
"01.03.2024 03:30",0.000,
"01.03.2024 03:45",0.000,
"01.03.2024 04:00",0.000,
"01.03.2024 04:15",0.000,
"01.03.2024 04:30",0.000,
"01.03.2024 04:45",0.000,
"01.03.2024 05:00",0.000,
"01.03.2024 05:15",0.000,
"01.03.2024 05:30",0.000,
"01.03.2024 05:45",0.000,
"01.03.2024 06:00",0.000,
"01.03.2024 06:15",0.000,
"01.03.2024 06:30",0.000,
"01.03.2024 06:45",0.000,
"01.03.2024 07:00",0.000,
"01.03.2024 07:15",207.700,
"01.03.2024 07:30",791.000,
"01.03.2024 07:45",1652.491,
"01.03.2024 08:00",2524.393,
"01.03.2024 08:15",3816.000,
"01.03.2024 08:30",4962.869,
"01.03.2024 08:45",4976.836,
"01.03.2024 09:00",4697.475,
"01.03.2024 09:15",5253.932,
"01.03.2024 09:30",8091.492,
"01.03.2024 09:45",9435.100,
"01.03.2024 10:00",6074.542,
"01.03.2024 10:15",8990.672,
"01.03.2024 10:30",16194.475,
"01.03.2024 10:45",27688.288,
"01.03.2024 11:00",13881.100,
"01.03.2024 11:15",13362.900,
"01.03.2024 11:30",14351.339,
"01.03.2024 11:45",9881.186,
"01.03.2024 12:00",8395.900,
"01.03.2024 12:15",11968.900,
"01.03.2024 12:30",8041.689,
"01.03.2024 12:45",4308.377,
"01.03.2024 13:00",7033.610,
"01.03.2024 13:15",7614.049,
"01.03.2024 13:30",6747.082,
"01.03.2024 13:45",11815.000,
"01.03.2024 14:00",9735.254,
"01.03.2024 14:15",4663.197,
"01.03.2024 14:30",6794.136,
"01.03.2024 14:45",8992.951,
"01.03.2024 15:00",15876.525,
"01.03.2024 15:15",9934.800,
"01.03.2024 15:30",8734.900,
"01.03.2024 15:45",13424.983,
"01.03.2024 16:00",10504.000,
"01.03.2024 16:15",7655.344,
"01.03.2024 16:30",3508.131,
"01.03.2024 16:45",3677.557,
"01.03.2024 17:00",3387.738,
"01.03.2024 17:15",1930.033,
"01.03.2024 17:30",1477.780,
"01.03.2024 17:45",872.000,
"01.03.2024 18:00",191.016,
"01.03.2024 18:15",0.000,
"01.03.2024 18:30",0.000,
"01.03.2024 18:45",0.000,
"01.03.2024 19:00",0.000,
"01.03.2024 19:15",0.000,
"01.03.2024 19:30",0.000,
"01.03.2024 19:45",0.000,
"01.03.2024 20:00",0.000,
"01.03.2024 20:15",0.000,
"01.03.2024 20:30",0.000,
"01.03.2024 20:45",0.000,
"01.03.2024 21:00",0.000,
"01.03.2024 21:15",0.000,
"01.03.2024 21:30",0.000,
"01.03.2024 21:45",0.000,
"01.03.2024 22:00",0.000,
"01.03.2024 22:15",0.000,
"01.03.2024 22:30",0.000,
"01.03.2024 22:45",0.000,
"01.03.2024 23:00",0.000,
"01.03.2024 23:15",0.000,
"01.03.2024 23:30",0.000,
"01.03.2024 23:45",0.000,
"02.03.2024 00:00",0.000,
"02.03.2024 00:15",0.000,
"02.03.2024 00:30",0.000,
"02.03.2024 00:45",0.000,
"02.03.2024 01:00",0.000,
"02.03.2024 01:15",0.000,
"02.03.2024 01:30",0.000,
"02.03.2024 01:45",0.000,
"02.03.2024 02:00",0.000,
"02.03.2024 02:15",0.000,
"02.03.2024 02:30",0.000,
"02.03.2024 02:45",0.000,
"02.03.2024 03:00",0.000,
"02.03.2024 03:15",0.000,
"02.03.2024 03:30",0.000,
"02.03.2024 03:45",0.000,
"02.03.2024 04:00",0.000,
"02.03.2024 04:15",0.000,
"02.03.2024 04:30",0.000,
"02.03.2024 04:45",0.000,
"02.03.2024 05:00",0.000,
"02.03.2024 05:15",0.000,
"02.03.2024 05:30",0.000,
"02.03.2024 05:45",0.000,
"02.03.2024 06:00",0.000,
"02.03.2024 06:15",0.000,
"02.03.2024 06:30",0.000,
"02.03.2024 06:45",0.000,
"02.03.2024 07:00",0.000,
"02.03.2024 07:15",0.000,
"02.03.2024 07:30",533.542,
"02.03.2024 07:45",1368.900,
"02.03.2024 08:00",2966.678,
"02.03.2024 08:15",4580.068,
"02.03.2024 08:30",6025.900,
"02.03.2024 08:45",5232.000,
"02.03.2024 09:00",7271.000,
"02.03.2024 09:15",8559.000,
"02.03.2024 09:30",6840.000,
"02.03.2024 09:45",8325.900,
"02.03.2024 10:00",19520.492,
"02.03.2024 10:15",25510.590,
"02.03.2024 10:30",18849.966,
"02.03.2024 10:45",20034.407,
"02.03.2024 11:00",22746.000,
"02.03.2024 11:15",26152.623,
"02.03.2024 11:30",26183.900,
"02.03.2024 11:45",30076.738,
"02.03.2024 12:00",24027.100,
"02.03.2024 12:15",19626.932,
"02.03.2024 12:30",15912.984,
"02.03.2024 12:45",15761.066,
"02.03.2024 13:00",16515.000,
"02.03.2024 13:15",16680.800,
"02.03.2024 13:30",18333.900,
"02.03.2024 13:45",19052.000,
"02.03.2024 14:00",20736.672,
"02.03.2024 14:15",22202.000,
"02.03.2024 14:30",26892.100,
"02.03.2024 14:45",26567.900,
"02.03.2024 15:00",19968.525,
"02.03.2024 15:15",13757.100,
"02.03.2024 15:30",13009.000,
"02.03.2024 15:45",9521.153,
"02.03.2024 16:00",10366.900,
"02.03.2024 16:15",11354.525,
"02.03.2024 16:30",11482.311,
"02.03.2024 16:45",6771.100,
"02.03.2024 17:00",4328.639,
"02.03.2024 17:15",2600.900,
"02.03.2024 17:30",1778.000,
"02.03.2024 17:45",753.000,
"02.03.2024 18:00",147.164,
"02.03.2024 18:15",0.000,
"02.03.2024 18:30",0.000,
"02.03.2024 18:45",0.000,
"02.03.2024 19:00",0.000,
"02.03.2024 19:15",0.000,
"02.03.2024 19:30",0.000,
"02.03.2024 19:45",0.000,
"02.03.2024 20:00",0.000,
"02.03.2024 20:15",0.000,
"02.03.2024 20:30",0.000,
"02.03.2024 20:45",0.000,
"02.03.2024 21:00",0.000,
"02.03.2024 21:15",0.000,
"02.03.2024 21:30",0.000,
"02.03.2024 21:45",0.000,
"02.03.2024 22:00",0.000,
"02.03.2024 22:15",0.000,
"02.03.2024 22:30",0.000,
"02.03.2024 22:45",0.000,
"02.03.2024 23:00",0.000,
"02.03.2024 23:15",0.000,
"02.03.2024 23:30",0.000,
"02.03.2024 23:45",0.000,
"03.03.2024 00:00",0.000,
"03.03.2024 00:15",0.000,
"03.03.2024 00:30",0.000,
"03.03.2024 00:45",0.000,
"03.03.2024 01:00",0.000,
"03.03.2024 01:15",0.000,
"03.03.2024 01:30",0.000,
"03.03.2024 01:45",0.000,
"03.03.2024 02:00",0.000,
"03.03.2024 02:15",0.000,
"03.03.2024 02:30",0.000,
"03.03.2024 02:45",0.000,
"03.03.2024 03:00",0.000,
"03.03.2024 03:15",0.000,
"03.03.2024 03:30",0.000,
"03.03.2024 03:45",0.000,
"03.03.2024 04:00",0.000,
"03.03.2024 04:15",0.000,
"03.03.2024 04:30",0.000,
"03.03.2024 04:45",0.000,
"03.03.2024 05:00",0.000,
"03.03.2024 05:15",0.000,
"03.03.2024 05:30",0.000,
"03.03.2024 05:45",0.000,
"03.03.2024 06:00",0.000,
"03.03.2024 06:15",0.000,
"03.03.2024 06:30",0.000,
"03.03.2024 06:45",0.000,
"03.03.2024 07:00",0.000,
"03.03.2024 07:15",204.934,
"03.03.2024 07:30",763.800,
"03.03.2024 07:45",1490.900,
"03.03.2024 08:00",2368.230,
"03.03.2024 08:15",3210.068,
"03.03.2024 08:30",4325.800,
"03.03.2024 08:45",5704.100,
"03.03.2024 09:00",7344.016,
"03.03.2024 09:15",8735.915,
"03.03.2024 09:30",10375.246,
"03.03.2024 09:45",12907.100,
"03.03.2024 10:00",15433.377,
"03.03.2024 10:15",13947.000,
"03.03.2024 10:30",17960.000,
"03.03.2024 10:45",19515.000,
"03.03.2024 11:00",19251.100,
"03.03.2024 11:15",19553.458,
"03.03.2024 11:30",22556.424,
"03.03.2024 11:45",20076.000,
"03.03.2024 12:00",15850.000,
"03.03.2024 12:15",20596.900,
"03.03.2024 12:30",14665.672,
"03.03.2024 12:45",14605.800,
"03.03.2024 13:00",22795.900,
"03.03.2024 13:15",29541.000,
"03.03.2024 13:30",32063.200,
"03.03.2024 13:45",27217.000,
"03.03.2024 14:00",28301.424,
"03.03.2024 14:15",28663.689,
"03.03.2024 14:30",23213.705,
"03.03.2024 14:45",14720.900,
"03.03.2024 15:00",17364.180,
"03.03.2024 15:15",13007.441,
"03.03.2024 15:30",16376.410,
"03.03.2024 15:45",11531.186,
"03.03.2024 16:00",13092.441,
"03.03.2024 16:15",6419.644,
"03.03.2024 16:30",5667.900,
"03.03.2024 16:45",2522.000,
"03.03.2024 17:00",1910.000,
"03.03.2024 17:15",903.770,
"03.03.2024 17:30",692.328,
"03.03.2024 17:45",8.390,
"03.03.2024 18:00",0.000,
"03.03.2024 18:15",0.000,
"03.03.2024 18:30",0.000,
"03.03.2024 18:45",0.000,
"03.03.2024 19:00",0.000,
"03.03.2024 19:15",0.000,
"03.03.2024 19:30",0.000,
"03.03.2024 19:45",0.000,
"03.03.2024 20:00",0.000,
"03.03.2024 20:15",0.000,
"03.03.2024 20:30",0.000,
"03.03.2024 20:45",0.000,
"03.03.2024 21:00",0.000,
"03.03.2024 21:15",0.000,
"03.03.2024 21:30",0.000,
"03.03.2024 21:45",0.000,
"03.03.2024 22:00",0.000,
"03.03.2024 22:15",0.000,
"03.03.2024 22:30",0.000,
"03.03.2024 22:45",0.000,
"03.03.2024 23:00",0.000,
"03.03.2024 23:15",0.000,
"03.03.2024 23:30",0.000,
"03.03.2024 23:45",0.000,
"04.03.2024 00:00",0.000,
"04.03.2024 00:15",0.000,
"04.03.2024 00:30",0.000,
"04.03.2024 00:45",0.000,
"04.03.2024 01:00",0.000,
"04.03.2024 01:15",0.000,
"04.03.2024 01:30",0.000,
"04.03.2024 01:45",0.000,
"04.03.2024 02:00",0.000,
"04.03.2024 02:15",0.000,
"04.03.2024 02:30",0.000,
"04.03.2024 02:45",0.000,
"04.03.2024 03:00",0.000,
"04.03.2024 03:15",0.000,
"04.03.2024 03:30",0.000,
"04.03.2024 03:45",0.000,
"04.03.2024 04:00",0.000,
"04.03.2024 04:15",0.000,
"04.03.2024 04:30",0.000,
"04.03.2024 04:45",0.000,
"04.03.2024 05:00",0.000,
"04.03.2024 05:15",0.000,
"04.03.2024 05:30",0.000,
"04.03.2024 05:45",0.000,
"04.03.2024 06:00",0.000,
"04.03.2024 06:15",0.000,
"04.03.2024 06:30",0.000,
"04.03.2024 06:45",0.000,
"04.03.2024 07:00",0.000,
"04.03.2024 07:15",215.000,
"04.03.2024 07:30",773.344,
"04.03.2024 07:45",1130.197,
"04.03.2024 08:00",2337.593,
"04.03.2024 08:15",3089.000,
"04.03.2024 08:30",3696.576,
"04.03.2024 08:45",4635.100,
"04.03.2024 09:00",5965.100,
"04.03.2024 09:15",6624.900,
"04.03.2024 09:30",10404.220,
"04.03.2024 09:45",12772.667,
"04.03.2024 10:00",11025.000,
"04.03.2024 10:15",10053.852,
"04.03.2024 10:30",17874.000,
"04.03.2024 10:45",13927.869,
"04.03.2024 11:00",13850.900,
"04.03.2024 11:15",22496.017,
"04.03.2024 11:30",16263.000,
"04.03.2024 11:45",14456.915,
"04.03.2024 12:00",15898.213,
"04.03.2024 12:15",18335.000,
"04.03.2024 12:30",25846.576,
"04.03.2024 12:45",18132.541,
"04.03.2024 13:00",19439.627,
"04.03.2024 13:15",20166.695,
"04.03.2024 13:30",20355.237,
"04.03.2024 13:45",22412.328,
"04.03.2024 14:00",14704.119,
"04.03.2024 14:15",14921.100,
"04.03.2024 14:30",13902.623,
"04.03.2024 14:45",10077.900,
"04.03.2024 15:00",9996.800,
"04.03.2024 15:15",9488.787,
"04.03.2024 15:30",8999.000,
"04.03.2024 15:45",8562.525,
"04.03.2024 16:00",6677.803,
"04.03.2024 16:15",5411.200,
"04.03.2024 16:30",3402.800,
"04.03.2024 16:45",2477.082,
"04.03.2024 17:00",2153.800,
"04.03.2024 17:15",1445.900,
"04.03.2024 17:30",500.934,
"04.03.2024 17:45",282.763,
"04.03.2024 18:00",6.700,
"04.03.2024 18:15",0.000,
"04.03.2024 18:30",0.000,
"04.03.2024 18:45",0.000,
"04.03.2024 19:00",0.000,
"04.03.2024 19:15",0.000,
"04.03.2024 19:30",0.000,
"04.03.2024 19:45",0.000,
"04.03.2024 20:00",0.000,
"04.03.2024 20:15",0.000,
"04.03.2024 20:30",0.000,
"04.03.2024 20:45",0.000,
"04.03.2024 21:00",0.000,
"04.03.2024 21:15",0.000,
"04.03.2024 21:30",0.000,
"04.03.2024 21:45",0.000,
"04.03.2024 22:00",0.000,
"04.03.2024 22:15",0.000,
"04.03.2024 22:30",0.000,
"04.03.2024 22:45",0.000,
"04.03.2024 23:00",0.000,
"04.03.2024 23:15",0.000,
"04.03.2024 23:30",0.000,
"04.03.2024 23:45",0.000,
"05.03.2024 00:00",0.000,
"05.03.2024 00:15",0.000,
"05.03.2024 00:30",0.000,
"05.03.2024 00:45",0.000,
"05.03.2024 01:00",0.000,
"05.03.2024 01:15",0.000,
"05.03.2024 01:30",0.000,
"05.03.2024 01:45",0.000,
"05.03.2024 02:00",0.000,
"05.03.2024 02:15",0.000,
"05.03.2024 02:30",0.000,
"05.03.2024 02:45",-0.458,
"05.03.2024 03:00",0.000,
"05.03.2024 03:15",0.000,
"05.03.2024 03:30",0.000,
"05.03.2024 03:45",0.000,
"05.03.2024 04:00",0.000,
"05.03.2024 04:15",0.000,
"05.03.2024 04:30",0.000,
"05.03.2024 04:45",0.000,
"05.03.2024 05:00",0.000,
"05.03.2024 05:15",0.000,
"05.03.2024 05:30",0.000,
"05.03.2024 05:45",0.000,
"05.03.2024 06:00",0.000,
"05.03.2024 06:15",0.000,
"05.03.2024 06:30",0.000,
"05.03.2024 06:45",0.000,
"05.03.2024 07:00",0.000,
"05.03.2024 07:15",612.900,
"05.03.2024 07:30",1806.328,
"05.03.2024 07:45",2581.900,
"05.03.2024 08:00",3916.831,
"05.03.2024 08:15",6057.623,
"05.03.2024 08:30",9483.542,
"05.03.2024 08:45",6316.763,
"05.03.2024 09:00",13674.100,
"05.03.2024 09:15",8440.492,
"05.03.2024 09:30",9570.983,
"05.03.2024 09:45",12066.820,
"05.03.2024 10:00",13070.678,
"05.03.2024 10:15",14444.100,
"05.03.2024 10:30",17007.000,
"05.03.2024 10:45",12724.136,
"05.03.2024 11:00",16080.100,
"05.03.2024 11:15",15294.220,
"05.03.2024 11:30",17282.100,
"05.03.2024 11:45",21336.738,
"05.03.2024 12:00",37006.900,
"05.03.2024 12:15",7478.136,
"05.03.2024 12:30",10091.900,
"05.03.2024 12:45",11972.100,
"05.03.2024 13:00",10528.800,
"05.03.2024 13:15",9960.051,
"05.03.2024 13:30",8772.000,
"05.03.2024 13:45",8444.607,
"05.03.2024 14:00",10402.100,
"05.03.2024 14:15",18124.627,
"05.03.2024 14:30",11705.322,
"05.03.2024 14:45",13157.246,
"05.03.2024 15:00",4247.100,
"05.03.2024 15:15",4773.900,
"05.03.2024 15:30",8237.738,
"05.03.2024 15:45",4261.984,
"05.03.2024 16:00",3257.902,
"05.03.2024 16:15",1313.705,
"05.03.2024 16:30",1041.305,
"05.03.2024 16:45",604.627,
"05.03.2024 17:00",752.984,
"05.03.2024 17:15",178.000,
"05.03.2024 17:30",472.200,
"05.03.2024 17:45",190.900,
"05.03.2024 18:00",0.000,
"05.03.2024 18:15",0.000,
"05.03.2024 18:30",0.000,
"05.03.2024 18:45",0.000,
"05.03.2024 19:00",0.000,
"05.03.2024 19:15",0.000,
"05.03.2024 19:30",0.000,
"05.03.2024 19:45",0.000,
"05.03.2024 20:00",0.000,
"05.03.2024 20:15",0.000,
"05.03.2024 20:30",0.000,
"05.03.2024 20:45",0.000,
"05.03.2024 21:00",0.000,
"05.03.2024 21:15",0.000,
"05.03.2024 21:30",0.000,
"05.03.2024 21:45",0.000,
"05.03.2024 22:00",0.000,
"05.03.2024 22:15",0.000,
"05.03.2024 22:30",0.000,
"05.03.2024 22:45",0.000,
"05.03.2024 23:00",0.000,
"05.03.2024 23:15",0.000,
"05.03.2024 23:30",0.000,
"05.03.2024 23:45",0.000,
"06.03.2024 00:00",0.000,
"06.03.2024 00:15",0.000,
"06.03.2024 00:30",0.000,
"06.03.2024 00:45",0.000,
"06.03.2024 01:00",0.000,
"06.03.2024 01:15",0.000,
"06.03.2024 01:30",0.000,
"06.03.2024 01:45",0.000,
"06.03.2024 02:00",0.000,
"06.03.2024 02:15",0.000,
"06.03.2024 02:30",0.000,
"06.03.2024 02:45",0.000,
"06.03.2024 03:00",0.000,
"06.03.2024 03:15",0.000,
"06.03.2024 03:30",0.000,
"06.03.2024 03:45",0.000,
"06.03.2024 04:00",0.000,
"06.03.2024 04:15",0.000,
"06.03.2024 04:30",0.000,
"06.03.2024 04:45",0.000,
"06.03.2024 05:00",0.000,
"06.03.2024 05:15",0.000,
"06.03.2024 05:30",0.000,
"06.03.2024 05:45",0.000,
"06.03.2024 06:00",0.000,
"06.03.2024 06:15",0.000,
"06.03.2024 06:30",0.000,
"06.03.2024 06:45",0.000,
"06.03.2024 07:00",0.000,
"06.03.2024 07:15",266.000,
"06.03.2024 07:30",691.847,
"06.03.2024 07:45",1074.356,
"06.03.2024 08:00",1262.100,
"06.03.2024 08:15",1881.000,
"06.03.2024 08:30",3389.700,
"06.03.2024 08:45",2856.763,
"06.03.2024 09:00",3633.100,
"06.03.2024 09:15",4003.203,
"06.03.2024 09:30",5993.525,
"06.03.2024 09:45",8820.900,
"06.03.2024 10:00",8542.623,
"06.03.2024 10:15",7314.836,
"06.03.2024 10:30",7428.373,
"06.03.2024 10:45",6228.900,
"06.03.2024 11:00",4022.100,
"06.03.2024 11:15",3663.049,
"06.03.2024 11:30",5111.000,
"06.03.2024 11:45",3866.000,
"06.03.2024 12:00",4351.000,
"06.03.2024 12:15",5222.847,
"06.03.2024 12:30",5739.098,
"06.03.2024 12:45",5256.115,
"06.03.2024 13:00",7269.475,
"06.03.2024 13:15",7537.900,
"06.03.2024 13:30",8258.131,
"06.03.2024 13:45",6330.339,
"06.03.2024 14:00",7871.902,
"06.03.2024 14:15",7068.542,
"06.03.2024 14:30",4665.033,
"06.03.2024 14:45",5212.344,
"06.03.2024 15:00",5323.951,
"06.03.2024 15:15",4902.700,
"06.03.2024 15:30",4286.847,
"06.03.2024 15:45",3318.540,
"06.03.2024 16:00",3150.672,
"06.03.2024 16:15",2308.627,
"06.03.2024 16:30",2178.542,
"06.03.2024 16:45",1731.763,
"06.03.2024 17:00",1673.100,
"06.03.2024 17:15",964.000,
"06.03.2024 17:30",933.900,
"06.03.2024 17:45",400.000,
"06.03.2024 18:00",0.000,
"06.03.2024 18:15",0.000,
"06.03.2024 18:30",0.000,
"06.03.2024 18:45",0.000,
"06.03.2024 19:00",0.000,
"06.03.2024 19:15",0.000,
"06.03.2024 19:30",0.000,
"06.03.2024 19:45",0.000,
"06.03.2024 20:00",0.000,
"06.03.2024 20:15",0.000,
"06.03.2024 20:30",0.000,
"06.03.2024 20:45",0.000,
"06.03.2024 21:00",0.000,
"06.03.2024 21:15",0.000,
"06.03.2024 21:30",0.000,
"06.03.2024 21:45",0.000,
"06.03.2024 22:00",0.000,
"06.03.2024 22:15",0.000,
"06.03.2024 22:30",0.000,
"06.03.2024 22:45",0.000,
"06.03.2024 23:00",0.000,
"06.03.2024 23:15",0.000,
"06.03.2024 23:30",0.000,
"06.03.2024 23:45",0.000,
"07.03.2024 00:00",0.000,
"07.03.2024 00:15",0.000,
"07.03.2024 00:30",0.000,
"07.03.2024 00:45",0.000,
"07.03.2024 01:00",0.000,
"07.03.2024 01:15",0.000,
"07.03.2024 01:30",0.000,
"07.03.2024 01:45",0.000,
"07.03.2024 02:00",0.000,
"07.03.2024 02:15",0.000,
"07.03.2024 02:30",0.000,
"07.03.2024 02:45",0.000,
"07.03.2024 03:00",0.000,
"07.03.2024 03:15",0.000,
"07.03.2024 03:30",0.000,
"07.03.2024 03:45",0.000,
"07.03.2024 04:00",0.000,
"07.03.2024 04:15",0.000,
"07.03.2024 04:30",0.000,
"07.03.2024 04:45",0.000,
"07.03.2024 05:00",0.000,
"07.03.2024 05:15",0.000,
"07.03.2024 05:30",0.000,
"07.03.2024 05:45",0.000,
"07.03.2024 06:00",0.000,
"07.03.2024 06:15",0.000,
"07.03.2024 06:30",0.000,
"07.03.2024 06:45",0.000,
"07.03.2024 07:00",0.000,
"07.03.2024 07:15",333.000,
"07.03.2024 07:30",1088.000,
"07.03.2024 07:45",1645.475,
"07.03.2024 08:00",2421.000,
"07.03.2024 08:15",5084.100,
"07.03.2024 08:30",6015.100,
"07.03.2024 08:45",6685.800,
"07.03.2024 09:00",7364.869,
"07.03.2024 09:15",10518.148,
"07.03.2024 09:30",11524.814,
"07.03.2024 09:45",11678.000,
"07.03.2024 10:00",12567.271,
"07.03.2024 10:15",11952.900,
"07.03.2024 10:30",12870.847,
"07.03.2024 10:45",10783.705,
"07.03.2024 11:00",6868.900,
"07.03.2024 11:15",5710.000,
"07.03.2024 11:30",6008.900,
"07.03.2024 11:45",7052.847,
"07.03.2024 12:00",6690.576,
"07.03.2024 12:15",7679.900,
"07.03.2024 12:30",8098.000,
"07.03.2024 12:45",14987.180,
"07.03.2024 13:00",11191.000,
"07.03.2024 13:15",11413.100,
"07.03.2024 13:30",13861.300,
"07.03.2024 13:45",15354.051,
"07.03.2024 14:00",16573.900,
"07.03.2024 14:15",12475.800,
"07.03.2024 14:30",11724.800,
"07.03.2024 14:45",11633.900,
"07.03.2024 15:00",10419.361,
"07.03.2024 15:15",9107.300,
"07.03.2024 15:30",17521.672,
"07.03.2024 15:45",13260.000,
"07.03.2024 16:00",20292.017,
"07.03.2024 16:15",13343.220,
"07.03.2024 16:30",9737.017,
"07.03.2024 16:45",7110.100,
"07.03.2024 17:00",4456.115,
"07.03.2024 17:15",3371.610,
"07.03.2024 17:30",1952.900,
"07.03.2024 17:45",1079.475,
"07.03.2024 18:00",358.900,
"07.03.2024 18:15",9.100,
"07.03.2024 18:30",0.000,
"07.03.2024 18:45",0.000,
"07.03.2024 19:00",0.000,
"07.03.2024 19:15",0.000,
"07.03.2024 19:30",0.000,
"07.03.2024 19:45",0.000,
"07.03.2024 20:00",0.000,
"07.03.2024 20:15",0.000,
"07.03.2024 20:30",0.000,
"07.03.2024 20:45",0.000,
"07.03.2024 21:00",0.000,
"07.03.2024 21:15",0.000,
"07.03.2024 21:30",0.000,
"07.03.2024 21:45",0.000,
"07.03.2024 22:00",0.000,
"07.03.2024 22:15",0.000,
"07.03.2024 22:30",0.000,
"07.03.2024 22:45",0.000,
"07.03.2024 23:00",0.000,
"07.03.2024 23:15",0.000,
"07.03.2024 23:30",0.000,
"07.03.2024 23:45",0.000,
"08.03.2024 00:00",0.000,
"08.03.2024 00:15",0.000,
"08.03.2024 00:30",0.000,
"08.03.2024 00:45",0.000,
"08.03.2024 01:00",0.000,
"08.03.2024 01:15",0.000,
"08.03.2024 01:30",0.000,
"08.03.2024 01:45",0.000,
"08.03.2024 02:00",0.000,
"08.03.2024 02:15",0.000,
"08.03.2024 02:30",0.000,
"08.03.2024 02:45",0.000,
"08.03.2024 03:00",0.000,
"08.03.2024 03:15",0.000,
"08.03.2024 03:30",0.000,
"08.03.2024 03:45",0.000,
"08.03.2024 04:00",0.000,
"08.03.2024 04:15",0.000,
"08.03.2024 04:30",0.000,
"08.03.2024 04:45",0.000,
"08.03.2024 05:00",0.000,
"08.03.2024 05:15",0.000,
"08.03.2024 05:30",0.000,
"08.03.2024 05:45",0.000,
"08.03.2024 06:00",0.000,
"08.03.2024 06:15",0.000,
"08.03.2024 06:30",0.000,
"08.03.2024 06:45",0.000,
"08.03.2024 07:00",0.000,
"08.03.2024 07:15",276.213,
"08.03.2024 07:30",1137.148,
"08.03.2024 07:45",1925.984,
"08.03.2024 08:00",2940.407,
"08.03.2024 08:15",4817.102,
"08.03.2024 08:30",4354.100,
"08.03.2024 08:45",7314.900,
"08.03.2024 09:00",16647.000,
"08.03.2024 09:15",12810.200,
"08.03.2024 09:30",25974.000,
"08.03.2024 09:45",22264.000,
"08.03.2024 10:00",17277.000,
"08.03.2024 10:15",26633.000,
"08.03.2024 10:30",27631.000,
"08.03.2024 10:45",29933.230,
"08.03.2024 11:00",30702.000,
"08.03.2024 11:15",32224.100,
"08.03.2024 11:30",30492.900,
"08.03.2024 11:45",34967.034,
"08.03.2024 12:00",35398.900,
"08.03.2024 12:15",35790.820,
"08.03.2024 12:30",35760.164,
"08.03.2024 12:45",36013.119,
"08.03.2024 13:00",35211.593,
"08.03.2024 13:15",34998.623,
"08.03.2024 13:30",34701.000,
"08.03.2024 13:45",33110.000,
"08.03.2024 14:00",31826.186,
"08.03.2024 14:15",30375.000,
"08.03.2024 14:30",28903.898,
"08.03.2024 14:45",26710.800,
"08.03.2024 15:00",24538.900,
"08.03.2024 15:15",23331.763,
"08.03.2024 15:30",20888.639,
"08.03.2024 15:45",18483.797,
"08.03.2024 16:00",16736.000,
"08.03.2024 16:15",12211.000,
"08.03.2024 16:30",10780.290,
"08.03.2024 16:45",7158.712,
"08.03.2024 17:00",4736.492,
"08.03.2024 17:15",3112.864,
"08.03.2024 17:30",2115.200,
"08.03.2024 17:45",1301.153,
"08.03.2024 18:00",500.475,
"08.03.2024 18:15",19.900,
"08.03.2024 18:30",0.000,
"08.03.2024 18:45",0.000,
"08.03.2024 19:00",0.000,
"08.03.2024 19:15",0.000,
"08.03.2024 19:30",0.000,
"08.03.2024 19:45",0.000,
"08.03.2024 20:00",0.000,
"08.03.2024 20:15",0.000,
"08.03.2024 20:30",0.000,
"08.03.2024 20:45",0.000,
"08.03.2024 21:00",0.000,
"08.03.2024 21:15",0.000,
"08.03.2024 21:30",0.000,
"08.03.2024 21:45",0.000,
"08.03.2024 22:00",0.000,
"08.03.2024 22:15",0.000,
"08.03.2024 22:30",0.000,
"08.03.2024 22:45",0.000,
"08.03.2024 23:00",0.000,
"08.03.2024 23:15",0.000,
"08.03.2024 23:30",0.000,
"08.03.2024 23:45",0.000,
"09.03.2024 00:00",0.000,
"09.03.2024 00:15",0.000,
"09.03.2024 00:30",0.000,
"09.03.2024 00:45",0.000,
"09.03.2024 01:00",0.000,
"09.03.2024 01:15",0.000,
"09.03.2024 01:30",0.000,
"09.03.2024 01:45",0.000,
"09.03.2024 02:00",0.000,
"09.03.2024 02:15",0.000,
"09.03.2024 02:30",0.000,
"09.03.2024 02:45",0.000,
"09.03.2024 03:00",0.000,
"09.03.2024 03:15",0.000,
"09.03.2024 03:30",0.000,
"09.03.2024 03:45",0.000,
"09.03.2024 04:00",0.000,
"09.03.2024 04:15",0.000,
"09.03.2024 04:30",0.000,
"09.03.2024 04:45",0.000,
"09.03.2024 05:00",0.000,
"09.03.2024 05:15",0.000,
"09.03.2024 05:30",0.000,
"09.03.2024 05:45",0.000,
"09.03.2024 06:00",0.000,
"09.03.2024 06:15",0.000,
"09.03.2024 06:30",0.000,
"09.03.2024 06:45",0.000,
"09.03.2024 07:00",325.800,
"09.03.2024 07:15",1068.115,
"09.03.2024 07:30",1889.200,
"09.03.2024 07:45",2731.082,
"09.03.2024 08:00",4493.900,
"09.03.2024 08:15",8239.361,
"09.03.2024 08:30",10797.100,
"09.03.2024 08:45",13175.426,
"09.03.2024 09:00",15294.900,
"09.03.2024 09:15",17919.900,
"09.03.2024 09:30",20163.373,
"09.03.2024 09:45",22384.983,
"09.03.2024 10:00",24420.100,
"09.03.2024 10:15",26656.672,
"09.03.2024 10:30",28351.169,
"09.03.2024 10:45",30025.983,
"09.03.2024 11:00",31067.000,
"09.03.2024 11:15",32711.800,
"09.03.2024 11:30",20383.800,
"09.03.2024 11:45",35807.000,
"09.03.2024 12:00",35921.000,
"09.03.2024 12:15",37572.361,
"09.03.2024 12:30",36676.100,
"09.03.2024 12:45",35592.000,
"09.03.2024 13:00",35673.000,
"09.03.2024 13:15",35264.900,
"09.03.2024 13:30",34468.797,
"09.03.2024 13:45",33055.000,
"09.03.2024 14:00",33085.200,
"09.03.2024 14:15",30395.900,
"09.03.2024 14:30",29636.322,
"09.03.2024 14:45",14899.559,
"09.03.2024 15:00",8237.200,
"09.03.2024 15:15",12547.780,
"09.03.2024 15:30",22724.754,
"09.03.2024 15:45",7361.557,
"09.03.2024 16:00",13091.069,
"09.03.2024 16:15",12489.100,
"09.03.2024 16:30",9964.475,
"09.03.2024 16:45",7466.900,
"09.03.2024 17:00",4981.932,
"09.03.2024 17:15",3051.000,
"09.03.2024 17:30",2788.542,
"09.03.2024 17:45",1792.639,
"09.03.2024 18:00",593.984,
"09.03.2024 18:15",90.000,
"09.03.2024 18:30",0.000,
"09.03.2024 18:45",0.000,
"09.03.2024 19:00",0.000,
"09.03.2024 19:15",0.000,
"09.03.2024 19:30",0.000,
"09.03.2024 19:45",0.000,
"09.03.2024 20:00",0.000,
"09.03.2024 20:15",0.000,
"09.03.2024 20:30",0.000,
"09.03.2024 20:45",0.000,
"09.03.2024 21:00",0.000,
"09.03.2024 21:15",0.000,
"09.03.2024 21:30",0.000,
"09.03.2024 21:45",0.000,
"09.03.2024 22:00",0.000,
"09.03.2024 22:15",0.000,
"09.03.2024 22:30",0.000,
"09.03.2024 22:45",0.000,
"09.03.2024 23:00",0.000,
"09.03.2024 23:15",0.000,
"09.03.2024 23:30",0.000,
"09.03.2024 23:45",0.000,
"10.03.2024 00:00",0.000,
"10.03.2024 00:15",0.000,
"10.03.2024 00:30",0.000,
"10.03.2024 00:45",0.000,
"10.03.2024 01:00",0.000,
"10.03.2024 01:15",0.000,
"10.03.2024 01:30",0.000,
"10.03.2024 01:45",0.000,
"10.03.2024 02:00",0.000,
"10.03.2024 02:15",0.000,
"10.03.2024 02:30",0.000,
"10.03.2024 02:45",0.000,
"10.03.2024 03:00",0.000,
"10.03.2024 03:15",0.000,
"10.03.2024 03:30",0.000,
"10.03.2024 03:45",0.000,
"10.03.2024 04:00",0.000,
"10.03.2024 04:15",0.000,
"10.03.2024 04:30",0.000,
"10.03.2024 04:45",0.000,
"10.03.2024 05:00",0.000,
"10.03.2024 05:15",0.000,
"10.03.2024 05:30",0.000,
"10.03.2024 05:45",0.000,
"10.03.2024 06:00",0.000,
"10.03.2024 06:15",0.000,
"10.03.2024 06:30",0.000,
"10.03.2024 06:45",0.000,
"10.03.2024 07:00",204.373,
"10.03.2024 07:15",1044.900,
"10.03.2024 07:30",2081.000,
"10.03.2024 07:45",2187.700,
"10.03.2024 08:00",2516.918,
"10.03.2024 08:15",4145.800,
"10.03.2024 08:30",5529.559,
"10.03.2024 08:45",9449.623,
"10.03.2024 09:00",9350.200,
"10.03.2024 09:15",13381.900,
"10.03.2024 09:30",13260.339,
"10.03.2024 09:45",14885.492,
"10.03.2024 10:00",17850.220,
"10.03.2024 10:15",32274.390,
"10.03.2024 10:30",20452.656,
"10.03.2024 10:45",16887.459,
"10.03.2024 11:00",22877.508,
"10.03.2024 11:15",21104.200,
"10.03.2024 11:30",36563.119,
"10.03.2024 11:45",18878.377,
"10.03.2024 12:00",21614.814,
"10.03.2024 12:15",25121.661,
"10.03.2024 12:30",27450.918,
"10.03.2024 12:45",34464.900,
"10.03.2024 13:00",37694.900,
"10.03.2024 13:15",28563.000,
"10.03.2024 13:30",12205.100,
"10.03.2024 13:45",17539.966,
"10.03.2024 14:00",17997.475,
"10.03.2024 14:15",14071.864,
"10.03.2024 14:30",11405.915,
"10.03.2024 14:45",13361.000,
"10.03.2024 15:00",13766.322,
"10.03.2024 15:15",11554.900,
"10.03.2024 15:30",14823.017,
"10.03.2024 15:45",14344.100,
"10.03.2024 16:00",11262.967,
"10.03.2024 16:15",9470.738,
"10.03.2024 16:30",6479.000,
"10.03.2024 16:45",6277.581,
"10.03.2024 17:00",4687.017,
"10.03.2024 17:15",3318.951,
"10.03.2024 17:30",2173.000,
"10.03.2024 17:45",1072.803,
"10.03.2024 18:00",374.426,
"10.03.2024 18:15",0.000,
"10.03.2024 18:30",0.000,
"10.03.2024 18:45",0.000,
"10.03.2024 19:00",0.000,
"10.03.2024 19:15",0.000,
"10.03.2024 19:30",0.000,
"10.03.2024 19:45",0.000,
"10.03.2024 20:00",0.000,
"10.03.2024 20:15",0.000,
"10.03.2024 20:30",0.000,
"10.03.2024 20:45",0.000,
"10.03.2024 21:00",0.000,
"10.03.2024 21:15",0.000,
"10.03.2024 21:30",0.000,
"10.03.2024 21:45",0.000,
"10.03.2024 22:00",0.000,
"10.03.2024 22:15",0.000,
"10.03.2024 22:30",0.000,
"10.03.2024 22:45",0.000,
"10.03.2024 23:00",0.000,
"10.03.2024 23:15",0.000,
"10.03.2024 23:30",0.000,
"10.03.2024 23:45",0.000,
"11.03.2024 00:00",0.000,
"11.03.2024 00:15",0.000,
"11.03.2024 00:30",0.000,
"11.03.2024 00:45",0.000,
"11.03.2024 01:00",0.000,
"11.03.2024 01:15",0.000,
"11.03.2024 01:30",0.000,
"11.03.2024 01:45",0.000,
"11.03.2024 02:00",0.000,
"11.03.2024 02:15",0.000,
"11.03.2024 02:30",0.000,
"11.03.2024 02:45",0.000,
"11.03.2024 03:00",0.000,
"11.03.2024 03:15",0.000,
"11.03.2024 03:30",0.000,
"11.03.2024 03:45",0.000,
"11.03.2024 04:00",0.000,
"11.03.2024 04:15",0.000,
"11.03.2024 04:30",0.000,
"11.03.2024 04:45",0.000,
"11.03.2024 05:00",0.000,
"11.03.2024 05:15",0.000,
"11.03.2024 05:30",0.000,
"11.03.2024 05:45",0.000,
"11.03.2024 06:00",0.000,
"11.03.2024 06:15",0.000,
"11.03.2024 06:30",0.000,
"11.03.2024 06:45",0.000,
"11.03.2024 07:00",0.000,
"11.03.2024 07:15",0.000,
"11.03.2024 07:30",0.000,
"11.03.2024 07:45",0.000,
"11.03.2024 08:00",573.000,
"11.03.2024 08:15",876.016,
"11.03.2024 08:30",1127.932,
"11.03.2024 08:45",500.934,
"11.03.2024 09:00",883.000,
"11.03.2024 09:15",1574.000,
"11.03.2024 09:30",2992.900,
"11.03.2024 09:45",2407.627,
"11.03.2024 10:00",1772.393,
"11.03.2024 10:15",2495.000,
"11.03.2024 10:30",2231.237,
"11.03.2024 10:45",2288.623,
"11.03.2024 11:00",3213.695,
"11.03.2024 11:15",2895.100,
"11.03.2024 11:30",3353.885,
"11.03.2024 11:45",2571.847,
"11.03.2024 12:00",3211.049,
"11.03.2024 12:15",3480.656,
"11.03.2024 12:30",4595.100,
"11.03.2024 12:45",4004.900,
"11.03.2024 13:00",4771.085,
"11.03.2024 13:15",2429.800,
"11.03.2024 13:30",1697.780,
"11.03.2024 13:45",1486.000,
"11.03.2024 14:00",2226.000,
"11.03.2024 14:15",3968.230,
"11.03.2024 14:30",4869.869,
"11.03.2024 14:45",2487.780,
"11.03.2024 15:00",1073.000,
"11.03.2024 15:15",1416.322,
"11.03.2024 15:30",1749.000,
"11.03.2024 15:45",1247.300,
"11.03.2024 16:00",2019.305,
"11.03.2024 16:15",934.373,
"11.03.2024 16:30",919.288,
"11.03.2024 16:45",797.000,
"11.03.2024 17:00",765.016,
"11.03.2024 17:15",680.800,
"11.03.2024 17:30",536.847,
"11.03.2024 17:45",114.000,
"11.03.2024 18:00",0.000,
"11.03.2024 18:15",0.000,
"11.03.2024 18:30",0.000,
"11.03.2024 18:45",0.000,
"11.03.2024 19:00",0.000,
"11.03.2024 19:15",0.000,
"11.03.2024 19:30",0.000,
"11.03.2024 19:45",0.000,
"11.03.2024 20:00",0.000,
"11.03.2024 20:15",0.000,
"11.03.2024 20:30",0.000,
"11.03.2024 20:45",0.000,
"11.03.2024 21:00",0.000,
"11.03.2024 21:15",0.000,
"11.03.2024 21:30",0.000,
"11.03.2024 21:45",0.000,
"11.03.2024 22:00",0.000,
"11.03.2024 22:15",0.000,
"11.03.2024 22:30",0.000,
"11.03.2024 22:45",0.000,
"11.03.2024 23:00",0.000,
"11.03.2024 23:15",0.000,
"11.03.2024 23:30",0.000,
"11.03.2024 23:45",0.000,
"12.03.2024 00:00",0.000,
"12.03.2024 00:15",0.000,
"12.03.2024 00:30",0.000,
"12.03.2024 00:45",0.000,
"12.03.2024 01:00",0.000,
"12.03.2024 01:15",0.000,
"12.03.2024 01:30",0.000,
"12.03.2024 01:45",0.000,
"12.03.2024 02:00",0.000,
"12.03.2024 02:15",0.000,
"12.03.2024 02:30",0.000,
"12.03.2024 02:45",0.000,
"12.03.2024 03:00",0.000,
"12.03.2024 03:15",0.000,
"12.03.2024 03:30",0.000,
"12.03.2024 03:45",0.000,
"12.03.2024 04:00",0.000,
"12.03.2024 04:15",0.000,
"12.03.2024 04:30",0.000,
"12.03.2024 04:45",0.000,
"12.03.2024 05:00",0.000,
"12.03.2024 05:15",0.000,
"12.03.2024 05:30",0.000,
"12.03.2024 05:45",0.000,
"12.03.2024 06:00",0.000,
"12.03.2024 06:15",0.000,
"12.03.2024 06:30",0.000,
"12.03.2024 06:45",0.000,
"12.03.2024 07:00",0.000,
"12.03.2024 07:15",184.049,
"12.03.2024 07:30",635.100,
"12.03.2024 07:45",694.000,
"12.03.2024 08:00",1156.678,
"12.03.2024 08:15",1719.900,
"12.03.2024 08:30",2424.000,
"12.03.2024 08:45",2950.344,
"12.03.2024 09:00",2556.424,
"12.03.2024 09:15",3706.593,
"12.03.2024 09:30",3855.900,
"12.03.2024 09:45",4054.180,
"12.03.2024 10:00",5025.900,
"12.03.2024 10:15",5155.689,
"12.03.2024 10:30",4729.131,
"12.03.2024 10:45",5544.900,
"12.03.2024 11:00",5601.902,
"12.03.2024 11:15",5413.593,
"12.03.2024 11:30",5311.949,
"12.03.2024 11:45",5344.800,
"12.03.2024 12:00",5464.000,
"12.03.2024 12:15",4014.814,
"12.03.2024 12:30",5240.390,
"12.03.2024 12:45",6398.100,
"12.03.2024 13:00",6156.700,
"12.03.2024 13:15",8125.590,
"12.03.2024 13:30",6146.148,
"12.03.2024 13:45",8609.443,
"12.03.2024 14:00",8441.066,
"12.03.2024 14:15",8270.607,
"12.03.2024 14:30",4359.279,
"12.03.2024 14:45",5044.864,
"12.03.2024 15:00",7432.754,
"12.03.2024 15:15",8690.746,
"12.03.2024 15:30",7227.800,
"12.03.2024 15:45",4617.000,
"12.03.2024 16:00",2471.934,
"12.03.2024 16:15",1144.305,
"12.03.2024 16:30",3332.410,
"12.03.2024 16:45",3467.864,
"12.03.2024 17:00",1437.119,
"12.03.2024 17:15",557.000,
"12.03.2024 17:30",276.213,
"12.03.2024 17:45",137.017,
"12.03.2024 18:00",0.000,
"12.03.2024 18:15",0.000,
"12.03.2024 18:30",0.000,
"12.03.2024 18:45",0.000,
"12.03.2024 19:00",0.000,
"12.03.2024 19:15",0.000,
"12.03.2024 19:30",0.000,
"12.03.2024 19:45",0.000,
"12.03.2024 20:00",0.000,
"12.03.2024 20:15",0.000,
"12.03.2024 20:30",0.000,
"12.03.2024 20:45",0.000,
"12.03.2024 21:00",0.000,
"12.03.2024 21:15",0.000,
"12.03.2024 21:30",0.000,
"12.03.2024 21:45",0.000,
"12.03.2024 22:00",0.000,
"12.03.2024 22:15",0.000,
"12.03.2024 22:30",0.000,
"12.03.2024 22:45",0.000,
"12.03.2024 23:00",0.000,
"12.03.2024 23:15",0.000,
"12.03.2024 23:30",0.000,
"12.03.2024 23:45",0.000,
"13.03.2024 00:00",0.000,
"13.03.2024 00:15",0.000,
"13.03.2024 00:30",0.000,
"13.03.2024 00:45",0.000,
"13.03.2024 01:00",0.000,
"13.03.2024 01:15",0.000,
"13.03.2024 01:30",0.000,
"13.03.2024 01:45",0.000,
"13.03.2024 02:00",0.000,
"13.03.2024 02:15",0.000,
"13.03.2024 02:30",0.000,
"13.03.2024 02:45",0.000,
"13.03.2024 03:00",0.000,
"13.03.2024 03:15",0.000,
"13.03.2024 03:30",0.000,
"13.03.2024 03:45",0.000,
"13.03.2024 04:00",0.000,
"13.03.2024 04:15",0.000,
"13.03.2024 04:30",0.000,
"13.03.2024 04:45",0.000,
"13.03.2024 05:00",0.000,
"13.03.2024 05:15",0.000,
"13.03.2024 05:30",0.000,
"13.03.2024 05:45",0.000,
"13.03.2024 06:00",0.000,
"13.03.2024 06:15",0.000,
"13.03.2024 06:30",0.000,
"13.03.2024 06:45",214.049,
"13.03.2024 07:00",955.153,
"13.03.2024 07:15",2063.288,
"13.03.2024 07:30",3874.068,
"13.03.2024 07:45",4996.900,
"13.03.2024 08:00",8130.984,
"13.03.2024 08:15",12193.934,
"13.03.2024 08:30",13310.934,
"13.03.2024 08:45",13431.262,
"13.03.2024 09:00",16473.900,
"13.03.2024 09:15",16271.254,
"13.03.2024 09:30",14327.803,
"13.03.2024 09:45",17261.100,
"13.03.2024 10:00",16300.100,
"13.03.2024 10:15",16073.131,
"13.03.2024 10:30",21502.230,
"13.03.2024 10:45",28891.000,
"13.03.2024 11:00",31649.934,
"13.03.2024 11:15",24216.100,
"13.03.2024 11:30",38862.542,
"13.03.2024 11:45",35341.000,
"13.03.2024 12:00",39704.900,
"13.03.2024 12:15",34842.000,
"13.03.2024 12:30",22757.100,
"13.03.2024 12:45",17490.426,
"13.03.2024 13:00",17956.200,
"13.03.2024 13:15",20264.525,
"13.03.2024 13:30",20833.803,
"13.03.2024 13:45",19947.900,
"13.03.2024 14:00",10916.593,
"13.03.2024 14:15",7609.100,
"13.03.2024 14:30",5201.754,
"13.03.2024 14:45",10617.000,
"13.03.2024 15:00",7998.295,
"13.03.2024 15:15",5265.831,
"13.03.2024 15:30",3315.000,
"13.03.2024 15:45",3580.426,
"13.03.2024 16:00",5487.148,
"13.03.2024 16:15",3087.200,
"13.03.2024 16:30",1640.344,
"13.03.2024 16:45",1637.900,
"13.03.2024 17:00",1267.100,
"13.03.2024 17:15",1044.607,
"13.03.2024 17:30",616.984,
"13.03.2024 17:45",215.000,
"13.03.2024 18:00",68.000,
"13.03.2024 18:15",0.000,
"13.03.2024 18:30",0.000,
"13.03.2024 18:45",0.000,
"13.03.2024 19:00",0.000,
"13.03.2024 19:15",0.000,
"13.03.2024 19:30",0.000,
"13.03.2024 19:45",0.000,
"13.03.2024 20:00",0.000,
"13.03.2024 20:15",0.000,
"13.03.2024 20:30",0.000,
"13.03.2024 20:45",0.000,
"13.03.2024 21:00",0.000,
"13.03.2024 21:15",0.000,
"13.03.2024 21:30",0.000,
"13.03.2024 21:45",0.000,
"13.03.2024 22:00",0.000,
"13.03.2024 22:15",0.000,
"13.03.2024 22:30",0.000,
"13.03.2024 22:45",0.000,
"13.03.2024 23:00",0.000,
"13.03.2024 23:15",0.000,
"13.03.2024 23:30",0.000,
"13.03.2024 23:45",0.000,
"14.03.2024 00:00",0.000,
"14.03.2024 00:15",0.000,
"14.03.2024 00:30",0.000,
"14.03.2024 00:45",0.000,
"14.03.2024 01:00",0.000,
"14.03.2024 01:15",0.000,
"14.03.2024 01:30",0.000,
"14.03.2024 01:45",0.000,
"14.03.2024 02:00",0.000,
"14.03.2024 02:15",0.000,
"14.03.2024 02:30",0.000,
"14.03.2024 02:45",0.000,
"14.03.2024 03:00",0.000,
"14.03.2024 03:15",0.000,
"14.03.2024 03:30",0.000,
"14.03.2024 03:45",0.000,
"14.03.2024 04:00",0.000,
"14.03.2024 04:15",0.000,
"14.03.2024 04:30",0.000,
"14.03.2024 04:45",0.000,
"14.03.2024 05:00",0.000,
"14.03.2024 05:15",0.000,
"14.03.2024 05:30",0.000,
"14.03.2024 05:45",0.000,
"14.03.2024 06:00",0.000,
"14.03.2024 06:15",0.000,
"14.03.2024 06:30",0.000,
"14.03.2024 06:45",0.000,
"14.03.2024 07:00",218.017,
"14.03.2024 07:15",246.000,
"14.03.2024 07:30",542.000,
"14.03.2024 07:45",1023.900,
"14.03.2024 08:00",3153.900,
"14.03.2024 08:15",1551.119,
"14.03.2024 08:30",2742.000,
"14.03.2024 08:45",4063.017,
"14.03.2024 09:00",2194.500,
"14.03.2024 09:15",10820.033,
"14.03.2024 09:30",12264.000,
"14.03.2024 09:45",9906.000,
"14.03.2024 10:00",7467.441,
"14.03.2024 10:15",8827.900,
"14.03.2024 10:30",8008.712,
"14.03.2024 10:45",15082.721,
"14.03.2024 11:00",14132.705,
"14.03.2024 11:15",8651.000,
"14.03.2024 11:30",10890.085,
"14.03.2024 11:45",13214.900,
"14.03.2024 12:00",16883.900,
"14.03.2024 12:15",17911.311,
"14.03.2024 12:30",16982.721,
"14.03.2024 12:45",25618.102,
"14.03.2024 13:00",18768.459,
"14.03.2024 13:15",25511.806,
"14.03.2024 13:30",27019.787,
"14.03.2024 13:45",22523.230,
"14.03.2024 14:00",21337.721,
"14.03.2024 14:15",14343.898,
"14.03.2024 14:30",33494.390,
"14.03.2024 14:45",13547.100,
"14.03.2024 15:00",14195.900,
"14.03.2024 15:15",21396.237,
"14.03.2024 15:30",18939.200,
"14.03.2024 15:45",17441.900,
"14.03.2024 16:00",10443.900,
"14.03.2024 16:15",15533.900,
"14.03.2024 16:30",13673.900,
"14.03.2024 16:45",11282.300,
"14.03.2024 17:00",5336.690,
"14.03.2024 17:15",2628.610,
"14.03.2024 17:30",2258.100,
"14.03.2024 17:45",1522.100,
"14.03.2024 18:00",827.900,
"14.03.2024 18:15",241.000,
"14.03.2024 18:30",0.000,
"14.03.2024 18:45",0.000,
"14.03.2024 19:00",0.000,
"14.03.2024 19:15",0.000,
"14.03.2024 19:30",0.000,
"14.03.2024 19:45",0.000,
"14.03.2024 20:00",0.000,
"14.03.2024 20:15",0.000,
"14.03.2024 20:30",0.000,
"14.03.2024 20:45",0.000,
"14.03.2024 21:00",0.000,
"14.03.2024 21:15",0.000,
"14.03.2024 21:30",0.000,
"14.03.2024 21:45",0.000,
"14.03.2024 22:00",0.000,
"14.03.2024 22:15",0.000,
"14.03.2024 22:30",0.000,
"14.03.2024 22:45",0.000,
"14.03.2024 23:00",0.000,
"14.03.2024 23:15",0.000,
"14.03.2024 23:30",0.000,
"14.03.2024 23:45",0.000,
"15.03.2024 00:00",0.000,
"15.03.2024 00:15",0.000,
"15.03.2024 00:30",0.000,
"15.03.2024 00:45",0.000,
"15.03.2024 01:00",0.000,
"15.03.2024 01:15",0.000,
"15.03.2024 01:30",0.000,
"15.03.2024 01:45",0.000,
"15.03.2024 02:00",0.000,
"15.03.2024 02:15",0.000,
"15.03.2024 02:30",0.000,
"15.03.2024 02:45",-0.450,
"15.03.2024 03:00",0.000,
"15.03.2024 03:15",0.000,
"15.03.2024 03:30",0.000,
"15.03.2024 03:45",0.000,
"15.03.2024 04:00",0.000,
"15.03.2024 04:15",0.000,
"15.03.2024 04:30",0.000,
"15.03.2024 04:45",0.000,
"15.03.2024 05:00",0.000,
"15.03.2024 05:15",0.000,
"15.03.2024 05:30",0.000,
"15.03.2024 05:45",0.000,
"15.03.2024 06:00",0.000,
"15.03.2024 06:15",0.000,
"15.03.2024 06:30",0.000,
"15.03.2024 06:45",303.100,
"15.03.2024 07:00",1194.627,
"15.03.2024 07:15",1072.100,
"15.03.2024 07:30",2061.902,
"15.03.2024 07:45",4697.377,
"15.03.2024 08:00",9206.000,
"15.03.2024 08:15",5221.200,
"15.03.2024 08:30",9366.000,
"15.03.2024 08:45",7897.700,
"15.03.2024 09:00",5204.322,
"15.03.2024 09:15",7215.000,
"15.03.2024 09:30",8147.900,
"15.03.2024 09:45",3939.000,
"15.03.2024 10:00",2246.847,
"15.03.2024 10:15",3992.000,
"15.03.2024 10:30",6603.000,
"15.03.2024 10:45",10929.000,
"15.03.2024 11:00",8664.000,
"15.03.2024 11:15",14733.607,
"15.03.2024 11:30",16362.000,
"15.03.2024 11:45",7810.237,
"15.03.2024 12:00",8489.900,
"15.03.2024 12:15",9328.000,
"15.03.2024 12:30",20836.356,
"15.03.2024 12:45",10192.803,
"15.03.2024 13:00",10754.200,
"15.03.2024 13:15",2846.900,
"15.03.2024 13:30",6630.000,
"15.03.2024 13:45",8061.900,
"15.03.2024 14:00",13407.949,
"15.03.2024 14:15",10658.203,
"15.03.2024 14:30",8894.983,
"15.03.2024 14:45",6686.344,
"15.03.2024 15:00",4930.443,
"15.03.2024 15:15",12752.712,
"15.03.2024 15:30",13631.328,
"15.03.2024 15:45",8468.136,
"15.03.2024 16:00",10768.000,
"15.03.2024 16:15",15829.373,
"15.03.2024 16:30",7088.100,
"15.03.2024 16:45",5183.200,
"15.03.2024 17:00",4068.034,
"15.03.2024 17:15",2785.900,
"15.03.2024 17:30",2865.820,
"15.03.2024 17:45",843.131,
"15.03.2024 18:00",524.100,
"15.03.2024 18:15",211.918,
"15.03.2024 18:30",0.000,
"15.03.2024 18:45",0.000,
"15.03.2024 19:00",0.000,
"15.03.2024 19:15",0.000,
"15.03.2024 19:30",0.000,
"15.03.2024 19:45",0.000,
"15.03.2024 20:00",0.000,
"15.03.2024 20:15",0.000,
"15.03.2024 20:30",0.000,
"15.03.2024 20:45",0.000,
"15.03.2024 21:00",0.000,
"15.03.2024 21:15",0.000,
"15.03.2024 21:30",0.000,
"15.03.2024 21:45",0.000,
"15.03.2024 22:00",0.000,
"15.03.2024 22:15",0.000,
"15.03.2024 22:30",0.000,
"15.03.2024 22:45",0.000,
"15.03.2024 23:00",0.000,
"15.03.2024 23:15",0.000,
"15.03.2024 23:30",0.000,
"15.03.2024 23:45",0.000,
"16.03.2024 00:00",0.000,
"16.03.2024 00:15",0.000,
"16.03.2024 00:30",0.000,
"16.03.2024 00:45",0.000,
"16.03.2024 01:00",0.000,
"16.03.2024 01:15",0.000,
"16.03.2024 01:30",0.000,
"16.03.2024 01:45",0.000,
"16.03.2024 02:00",0.000,
"16.03.2024 02:15",0.000,
"16.03.2024 02:30",0.000,
"16.03.2024 02:45",0.000,
"16.03.2024 03:00",0.000,
"16.03.2024 03:15",0.000,
"16.03.2024 03:30",0.000,
"16.03.2024 03:45",0.000,
"16.03.2024 04:00",0.000,
"16.03.2024 04:15",0.000,
"16.03.2024 04:30",0.000,
"16.03.2024 04:45",0.000,
"16.03.2024 05:00",0.000,
"16.03.2024 05:15",0.000,
"16.03.2024 05:30",0.000,
"16.03.2024 05:45",0.000,
"16.03.2024 06:00",0.000,
"16.03.2024 06:15",0.000,
"16.03.2024 06:30",0.000,
"16.03.2024 06:45",0.000,
"16.03.2024 07:00",201.237,
"16.03.2024 07:15",673.000,
"16.03.2024 07:30",1711.900,
"16.03.2024 07:45",1850.900,
"16.03.2024 08:00",3260.407,
"16.03.2024 08:15",3601.000,
"16.03.2024 08:30",3013.458,
"16.03.2024 08:45",4937.780,
"16.03.2024 09:00",5590.180,
"16.03.2024 09:15",5586.900,
"16.03.2024 09:30",8373.361,
"16.03.2024 09:45",14239.153,
"16.03.2024 10:00",34682.230,
"16.03.2024 10:15",13661.000,
"16.03.2024 10:30",25406.100,
"16.03.2024 10:45",8363.200,
"16.03.2024 11:00",18356.105,
"16.03.2024 11:15",44763.900,
"16.03.2024 11:30",48019.900,
"16.03.2024 11:45",39609.525,
"16.03.2024 12:00",43267.000,
"16.03.2024 12:15",47743.559,
"16.03.2024 12:30",28883.900,
"16.03.2024 12:45",25921.246,
"16.03.2024 13:00",46535.100,
"16.03.2024 13:15",13731.000,
"16.03.2024 13:30",50245.000,
"16.03.2024 13:45",14257.000,
"16.03.2024 14:00",20401.475,
"16.03.2024 14:15",40735.000,
"16.03.2024 14:30",33815.900,
"16.03.2024 14:45",44755.542,
"16.03.2024 15:00",34728.000,
"16.03.2024 15:15",25660.033,
"16.03.2024 15:30",28840.164,
"16.03.2024 15:45",31230.000,
"16.03.2024 16:00",24741.102,
"16.03.2024 16:15",10436.148,
"16.03.2024 16:30",11527.932,
"16.03.2024 16:45",3146.200,
"16.03.2024 17:00",5214.729,
"16.03.2024 17:15",5266.000,
"16.03.2024 17:30",4751.100,
"16.03.2024 17:45",2690.590,
"16.03.2024 18:00",981.000,
"16.03.2024 18:15",359.475,
"16.03.2024 18:30",0.000,
"16.03.2024 18:45",0.000,
"16.03.2024 19:00",0.000,
"16.03.2024 19:15",0.000,
"16.03.2024 19:30",0.000,
"16.03.2024 19:45",0.000,
"16.03.2024 20:00",0.000,
"16.03.2024 20:15",0.000,
"16.03.2024 20:30",0.000,
"16.03.2024 20:45",0.000,
"16.03.2024 21:00",0.000,
"16.03.2024 21:15",0.000,
"16.03.2024 21:30",0.000,
"16.03.2024 21:45",0.000,
"16.03.2024 22:00",0.000,
"16.03.2024 22:15",0.000,
"16.03.2024 22:30",0.000,
"16.03.2024 22:45",0.000,
"16.03.2024 23:00",0.000,
"16.03.2024 23:15",0.000,
"16.03.2024 23:30",0.000,
"16.03.2024 23:45",0.000,
"17.03.2024 00:00",0.000,
"17.03.2024 00:15",0.000,
"17.03.2024 00:30",0.000,
"17.03.2024 00:45",0.000,
"17.03.2024 01:00",0.000,
"17.03.2024 01:15",0.000,
"17.03.2024 01:30",0.000,
"17.03.2024 01:45",0.000,
"17.03.2024 02:00",0.000,
"17.03.2024 02:15",0.000,
"17.03.2024 02:30",0.000,
"17.03.2024 02:45",0.000,
"17.03.2024 03:00",0.000,
"17.03.2024 03:15",0.000,
"17.03.2024 03:30",0.000,
"17.03.2024 03:45",0.000,
"17.03.2024 04:00",0.000,
"17.03.2024 04:15",0.000,
"17.03.2024 04:30",0.000,
"17.03.2024 04:45",0.000,
"17.03.2024 05:00",0.000,
"17.03.2024 05:15",0.000,
"17.03.2024 05:30",0.000,
"17.03.2024 05:45",0.000,
"17.03.2024 06:00",0.000,
"17.03.2024 06:15",0.000,
"17.03.2024 06:30",196.305,
"17.03.2024 06:45",839.900,
"17.03.2024 07:00",1513.033,
"17.03.2024 07:15",2035.898,
"17.03.2024 07:30",3560.100,
"17.03.2024 07:45",6731.000,
"17.03.2024 08:00",9217.066,
"17.03.2024 08:15",13110.000,
"17.03.2024 08:30",15032.000,
"17.03.2024 08:45",17874.279,
"17.03.2024 09:00",20549.000,
"17.03.2024 09:15",23909.180,
"17.03.2024 09:30",24403.678,
"17.03.2024 09:45",27815.900,
"17.03.2024 10:00",34721.897,
"17.03.2024 10:15",33152.000,
"17.03.2024 10:30",35941.475,
"17.03.2024 10:45",33707.639,
"17.03.2024 11:00",41779.180,
"17.03.2024 11:15",32650.000,
"17.03.2024 11:30",32289.800,
"17.03.2024 11:45",38658.034,
"17.03.2024 12:00",40200.169,
"17.03.2024 12:15",43633.541,
"17.03.2024 12:30",42201.780,
"17.03.2024 12:45",41475.000,
"17.03.2024 13:00",39655.000,
"17.03.2024 13:15",40436.100,
"17.03.2024 13:30",38398.900,
"17.03.2024 13:45",35788.295,
"17.03.2024 14:00",37530.508,
"17.03.2024 14:15",37492.610,
"17.03.2024 14:30",36757.935,
"17.03.2024 14:45",14566.000,
"17.03.2024 15:00",22224.100,
"17.03.2024 15:15",18881.864,
"17.03.2024 15:30",15926.763,
"17.03.2024 15:45",13647.271,
"17.03.2024 16:00",13833.197,
"17.03.2024 16:15",7530.262,
"17.03.2024 16:30",6709.000,
"17.03.2024 16:45",6951.100,
"17.03.2024 17:00",6411.000,
"17.03.2024 17:15",6325.000,
"17.03.2024 17:30",3204.100,
"17.03.2024 17:45",2064.852,
"17.03.2024 18:00",921.900,
"17.03.2024 18:15",281.200,
"17.03.2024 18:30",0.000,
"17.03.2024 18:45",0.000,
"17.03.2024 19:00",0.000,
"17.03.2024 19:15",0.000,
"17.03.2024 19:30",0.000,
"17.03.2024 19:45",0.000,
"17.03.2024 20:00",0.000,
"17.03.2024 20:15",0.000,
"17.03.2024 20:30",0.000,
"17.03.2024 20:45",0.000,
"17.03.2024 21:00",0.000,
"17.03.2024 21:15",0.000,
"17.03.2024 21:30",0.000,
"17.03.2024 21:45",0.000,
"17.03.2024 22:00",0.000,
"17.03.2024 22:15",0.000,
"17.03.2024 22:30",0.000,
"17.03.2024 22:45",0.000,
"17.03.2024 23:00",0.000,
"17.03.2024 23:15",0.000,
"17.03.2024 23:30",0.000,
"17.03.2024 23:45",0.000,
"18.03.2024 00:00",0.000,
"18.03.2024 00:15",0.000,
"18.03.2024 00:30",0.000,
"18.03.2024 00:45",0.000,
"18.03.2024 01:00",0.000,
"18.03.2024 01:15",0.000,
"18.03.2024 01:30",0.000,
"18.03.2024 01:45",0.000,
"18.03.2024 02:00",0.000,
"18.03.2024 02:15",0.000,
"18.03.2024 02:30",0.000,
"18.03.2024 02:45",0.000,
"18.03.2024 03:00",0.000,
"18.03.2024 03:15",0.000,
"18.03.2024 03:30",0.000,
"18.03.2024 03:45",0.000,
"18.03.2024 04:00",0.000,
"18.03.2024 04:15",0.000,
"18.03.2024 04:30",0.000,
"18.03.2024 04:45",0.000,
"18.03.2024 05:00",0.000,
"18.03.2024 05:15",0.000,
"18.03.2024 05:30",0.000,
"18.03.2024 05:45",0.000,
"18.03.2024 06:00",0.000,
"18.03.2024 06:15",0.000,
"18.03.2024 06:30",93.639,
"18.03.2024 06:45",166.000,
"18.03.2024 07:00",1414.900,
"18.03.2024 07:15",2830.200,
"18.03.2024 07:30",4479.100,
"18.03.2024 07:45",2889.000,
"18.03.2024 08:00",3888.356,
"18.03.2024 08:15",6392.593,
"18.03.2024 08:30",5132.377,
"18.03.2024 08:45",3560.820,
"18.03.2024 09:00",4064.915,
"18.03.2024 09:15",5774.000,
"18.03.2024 09:30",5398.900,
"18.03.2024 09:45",6427.000,
"18.03.2024 10:00",9159.814,
"18.03.2024 10:15",12686.262,
"18.03.2024 10:30",14762.100,
"18.03.2024 10:45",14993.705,
"18.03.2024 11:00",15893.200,
"18.03.2024 11:15",21223.000,
"18.03.2024 11:30",25423.525,
"18.03.2024 11:45",25627.610,
"18.03.2024 12:00",29342.311,
"18.03.2024 12:15",25761.100,
"18.03.2024 12:30",32839.000,
"18.03.2024 12:45",28517.541,
"18.03.2024 13:00",27364.590,
"18.03.2024 13:15",41040.169,
"18.03.2024 13:30",25166.639,
"18.03.2024 13:45",21802.793,
"18.03.2024 14:00",24551.833,
"18.03.2024 14:15",34299.034,
"18.03.2024 14:30",30477.100,
"18.03.2024 14:45",22239.033,
"18.03.2024 15:00",16735.262,
"18.03.2024 15:15",13142.583,
"18.03.2024 15:30",13647.339,
"18.03.2024 15:45",12268.900,
"18.03.2024 16:00",8911.000,
"18.03.2024 16:15",7288.627,
"18.03.2024 16:30",6595.200,
"18.03.2024 16:45",5199.100,
"18.03.2024 17:00",5505.100,
"18.03.2024 17:15",6556.100,
"18.03.2024 17:30",5760.305,
"18.03.2024 17:45",2404.475,
"18.03.2024 18:00",1901.000,
"18.03.2024 18:15",959.390,
"18.03.2024 18:30",121.085,
"18.03.2024 18:45",0.000,
"18.03.2024 19:00",0.000,
"18.03.2024 19:15",0.000,
"18.03.2024 19:30",0.000,
"18.03.2024 19:45",0.000,
"18.03.2024 20:00",0.000,
"18.03.2024 20:15",0.000,
"18.03.2024 20:30",0.000,
"18.03.2024 20:45",0.000,
"18.03.2024 21:00",0.000,
"18.03.2024 21:15",0.000,
"18.03.2024 21:30",0.000,
"18.03.2024 21:45",0.000,
"18.03.2024 22:00",0.000,
"18.03.2024 22:15",0.000,
"18.03.2024 22:30",0.000,
"18.03.2024 22:45",0.000,
"18.03.2024 23:00",0.000,
"18.03.2024 23:15",0.000,
"18.03.2024 23:30",0.000,
"18.03.2024 23:45",0.000,
"19.03.2024 00:00",0.000,
"19.03.2024 00:15",0.000,
"19.03.2024 00:30",0.000,
"19.03.2024 00:45",0.000,
"19.03.2024 01:00",0.000,
"19.03.2024 01:15",0.000,
"19.03.2024 01:30",0.000,
"19.03.2024 01:45",0.000,
"19.03.2024 02:00",0.000,
"19.03.2024 02:15",0.000,
"19.03.2024 02:30",0.000,
"19.03.2024 02:45",0.000,
"19.03.2024 03:00",0.000,
"19.03.2024 03:15",0.000,
"19.03.2024 03:30",0.000,
"19.03.2024 03:45",0.000,
"19.03.2024 04:00",0.000,
"19.03.2024 04:15",0.000,
"19.03.2024 04:30",0.000,
"19.03.2024 04:45",0.000,
"19.03.2024 05:00",0.000,
"19.03.2024 05:15",0.000,
"19.03.2024 05:30",0.000,
"19.03.2024 05:45",0.000,
"19.03.2024 06:00",0.000,
"19.03.2024 06:15",0.000,
"19.03.2024 06:30",266.000,
"19.03.2024 06:45",451.459,
"19.03.2024 07:00",1590.900,
"19.03.2024 07:15",2248.066,
"19.03.2024 07:30",3376.100,
"19.03.2024 07:45",5959.900,
"19.03.2024 08:00",8300.000,
"19.03.2024 08:15",14641.738,
"19.03.2024 08:30",14148.900,
"19.03.2024 08:45",10887.339,
"19.03.2024 09:00",15891.678,
"19.03.2024 09:15",10008.949,
"19.03.2024 09:30",10573.100,
"19.03.2024 09:45",18889.900,
"19.03.2024 10:00",7407.967,
"19.03.2024 10:15",10056.180,
"19.03.2024 10:30",9400.661,
"19.03.2024 10:45",13182.230,
"19.03.2024 11:00",12938.100,
"19.03.2024 11:15",14375.033,
"19.03.2024 11:30",17031.000,
"19.03.2024 11:45",17546.590,
"19.03.2024 12:00",31194.377,
"19.03.2024 12:15",16752.864,
"19.03.2024 12:30",26521.949,
"19.03.2024 12:45",18753.441,
"19.03.2024 13:00",23246.780,
"19.03.2024 13:15",16583.000,
"19.03.2024 13:30",11891.098,
"19.03.2024 13:45",17374.262,
"19.03.2024 14:00",12551.200,
"19.03.2024 14:15",9729.900,
"19.03.2024 14:30",11817.900,
"19.03.2024 14:45",7929.100,
"19.03.2024 15:00",17062.213,
"19.03.2024 15:15",11201.800,
"19.03.2024 15:30",11133.900,
"19.03.2024 15:45",12616.557,
"19.03.2024 16:00",11583.721,
"19.03.2024 16:15",7086.984,
"19.03.2024 16:30",6093.000,
"19.03.2024 16:45",3123.000,
"19.03.2024 17:00",8511.932,
"19.03.2024 17:15",3717.295,
"19.03.2024 17:30",1954.900,
"19.03.2024 17:45",1196.820,
"19.03.2024 18:00",866.068,
"19.03.2024 18:15",139.800,
"19.03.2024 18:30",0.000,
"19.03.2024 18:45",0.000,
"19.03.2024 19:00",0.000,
"19.03.2024 19:15",0.000,
"19.03.2024 19:30",0.000,
"19.03.2024 19:45",0.000,
"19.03.2024 20:00",0.000,
"19.03.2024 20:15",0.000,
"19.03.2024 20:30",0.000,
"19.03.2024 20:45",0.000,
"19.03.2024 21:00",0.000,
"19.03.2024 21:15",0.000,
"19.03.2024 21:30",0.000,
"19.03.2024 21:45",0.000,
"19.03.2024 22:00",0.000,
"19.03.2024 22:15",0.000,
"19.03.2024 22:30",0.000,
"19.03.2024 22:45",0.000,
"19.03.2024 23:00",0.000,
"19.03.2024 23:15",0.000,
"19.03.2024 23:30",0.000,
"19.03.2024 23:45",0.000,
"20.03.2024 00:00",0.000,
"20.03.2024 00:15",0.000,
"20.03.2024 00:30",0.000,
"20.03.2024 00:45",0.000,
"20.03.2024 01:00",0.000,
"20.03.2024 01:15",0.000,
"20.03.2024 01:30",0.000,
"20.03.2024 01:45",0.000,
"20.03.2024 02:00",0.000,
"20.03.2024 02:15",0.000,
"20.03.2024 02:30",0.000,
"20.03.2024 02:45",0.000,
"20.03.2024 03:00",0.000,
"20.03.2024 03:15",0.000,
"20.03.2024 03:30",0.000,
"20.03.2024 03:45",0.000,
"20.03.2024 04:00",0.000,
"20.03.2024 04:15",0.000,
"20.03.2024 04:30",0.000,
"20.03.2024 04:45",0.000,
"20.03.2024 05:00",0.000,
"20.03.2024 05:15",0.000,
"20.03.2024 05:30",0.000,
"20.03.2024 05:45",0.000,
"20.03.2024 06:00",0.000,
"20.03.2024 06:15",0.000,
"20.03.2024 06:30",27.000,
"20.03.2024 06:45",1514.213,
"20.03.2024 07:00",2714.237,
"20.03.2024 07:15",4713.100,
"20.03.2024 07:30",4212.100,
"20.03.2024 07:45",7867.721,
"20.03.2024 08:00",12946.754,
"20.03.2024 08:15",13006.169,
"20.03.2024 08:30",11789.100,
"20.03.2024 08:45",11849.541,
"20.03.2024 09:00",8256.705,
"20.03.2024 09:15",13644.746,
"20.03.2024 09:30",12433.034,
"20.03.2024 09:45",13651.200,
"20.03.2024 10:00",15361.322,
"20.03.2024 10:15",19739.000,
"20.03.2024 10:30",17668.593,
"20.03.2024 10:45",15026.902,
"20.03.2024 11:00",10758.186,
"20.03.2024 11:15",15352.000,
"20.03.2024 11:30",37996.000,
"20.03.2024 11:45",20240.100,
"20.03.2024 12:00",17363.200,
"20.03.2024 12:15",12116.100,
"20.03.2024 12:30",8764.458,
"20.03.2024 12:45",11848.000,
"20.03.2024 13:00",11310.656,
"20.03.2024 13:15",11411.800,
"20.03.2024 13:30",14397.356,
"20.03.2024 13:45",15983.541,
"20.03.2024 14:00",16581.000,
"20.03.2024 14:15",15650.100,
"20.03.2024 14:30",19715.016,
"20.03.2024 14:45",18276.246,
"20.03.2024 15:00",15684.644,
"20.03.2024 15:15",20343.900,
"20.03.2024 15:30",15944.172,
"20.03.2024 15:45",16707.610,
"20.03.2024 16:00",18357.100,
"20.03.2024 16:15",8450.000,
"20.03.2024 16:30",10039.700,
"20.03.2024 16:45",8374.644,
"20.03.2024 17:00",4427.100,
"20.03.2024 17:15",2815.000,
"20.03.2024 17:30",2413.800,
"20.03.2024 17:45",1426.803,
"20.03.2024 18:00",662.900,
"20.03.2024 18:15",170.600,
"20.03.2024 18:30",0.000,
"20.03.2024 18:45",0.000,
"20.03.2024 19:00",0.000,
"20.03.2024 19:15",0.000,
"20.03.2024 19:30",0.000,
"20.03.2024 19:45",0.000,
"20.03.2024 20:00",0.000,
"20.03.2024 20:15",0.000,
"20.03.2024 20:30",0.000,
"20.03.2024 20:45",0.000,
"20.03.2024 21:00",0.000,
"20.03.2024 21:15",0.000,
"20.03.2024 21:30",0.000,
"20.03.2024 21:45",0.000,
"20.03.2024 22:00",0.000,
"20.03.2024 22:15",0.000,
"20.03.2024 22:30",0.000,
"20.03.2024 22:45",0.000,
"20.03.2024 23:00",0.000,
"20.03.2024 23:15",0.000,
"20.03.2024 23:30",0.000,
"20.03.2024 23:45",0.000,
"21.03.2024 00:00",0.000,
"21.03.2024 00:15",0.000,
"21.03.2024 00:30",0.000,
"21.03.2024 00:45",0.000,
"21.03.2024 01:00",0.000,
"21.03.2024 01:15",0.000,
"21.03.2024 01:30",0.000,
"21.03.2024 01:45",0.000,
"21.03.2024 02:00",0.000,
"21.03.2024 02:15",0.000,
"21.03.2024 02:30",0.000,
"21.03.2024 02:45",0.000,
"21.03.2024 03:00",0.000,
"21.03.2024 03:15",0.000,
"21.03.2024 03:30",0.000,
"21.03.2024 03:45",0.000,
"21.03.2024 04:00",0.000,
"21.03.2024 04:15",0.000,
"21.03.2024 04:30",0.000,
"21.03.2024 04:45",0.000,
"21.03.2024 05:00",0.000,
"21.03.2024 05:15",0.000,
"21.03.2024 05:30",0.000,
"21.03.2024 05:45",0.000,
"21.03.2024 06:00",0.000,
"21.03.2024 06:15",0.000,
"21.03.2024 06:30",0.000,
"21.03.2024 06:45",0.000,
"21.03.2024 07:00",582.000,
"21.03.2024 07:15",773.900,
"21.03.2024 07:30",1218.644,
"21.03.2024 07:45",1559.475,
"21.03.2024 08:00",1230.051,
"21.03.2024 08:15",2414.197,
"21.03.2024 08:30",2810.852,
"21.03.2024 08:45",2208.441,
"21.03.2024 09:00",2629.966,
"21.03.2024 09:15",4211.900,
"21.03.2024 09:30",5525.831,
"21.03.2024 09:45",5138.900,
"21.03.2024 10:00",6792.000,
"21.03.2024 10:15",6910.200,
"21.03.2024 10:30",8505.344,
"21.03.2024 10:45",13465.000,
"21.03.2024 11:00",10265.900,
"21.03.2024 11:15",15963.542,
"21.03.2024 11:30",20157.085,
"21.03.2024 11:45",18466.237,
"21.03.2024 12:00",13017.949,
"21.03.2024 12:15",15423.000,
"21.03.2024 12:30",21775.800,
"21.03.2024 12:45",16079.197,
"21.03.2024 13:00",19945.000,
"21.03.2024 13:15",19527.100,
"21.03.2024 13:30",13746.525,
"21.03.2024 13:45",19200.918,
"21.03.2024 14:00",14499.386,
"21.03.2024 14:15",19887.932,
"21.03.2024 14:30",14111.100,
"21.03.2024 14:45",15069.607,
"21.03.2024 15:00",15996.000,
"21.03.2024 15:15",10023.000,
"21.03.2024 15:30",12740.000,
"21.03.2024 15:45",14516.000,
"21.03.2024 16:00",10496.800,
"21.03.2024 16:15",14163.213,
"21.03.2024 16:30",6870.237,
"21.03.2024 16:45",6279.983,
"21.03.2024 17:00",4578.000,
"21.03.2024 17:15",4312.869,
"21.03.2024 17:30",3266.800,
"21.03.2024 17:45",2275.100,
"21.03.2024 18:00",914.951,
"21.03.2024 18:15",371.000,
"21.03.2024 18:30",7.800,
"21.03.2024 18:45",0.000,
"21.03.2024 19:00",0.000,
"21.03.2024 19:15",0.000,
"21.03.2024 19:30",0.000,
"21.03.2024 19:45",0.000,
"21.03.2024 20:00",0.000,
"21.03.2024 20:15",0.000,
"21.03.2024 20:30",0.000,
"21.03.2024 20:45",0.000,
"21.03.2024 21:00",0.000,
"21.03.2024 21:15",0.000,
"21.03.2024 21:30",0.000,
"21.03.2024 21:45",0.000,
"21.03.2024 22:00",0.000,
"21.03.2024 22:15",0.000,
"21.03.2024 22:30",0.000,
"21.03.2024 22:45",0.000,
"21.03.2024 23:00",0.000,
"21.03.2024 23:15",0.000,
"21.03.2024 23:30",0.000,
"21.03.2024 23:45",0.000,
"22.03.2024 00:00",0.000,
"22.03.2024 00:15",0.000,
"22.03.2024 00:30",0.000,
"22.03.2024 00:45",0.000,
"22.03.2024 01:00",0.000,
"22.03.2024 01:15",0.000,
"22.03.2024 01:30",0.000,
"22.03.2024 01:45",0.000,
"22.03.2024 02:00",0.000,
"22.03.2024 02:15",0.000,
"22.03.2024 02:30",0.000,
"22.03.2024 02:45",0.000,
"22.03.2024 03:00",0.000,
"22.03.2024 03:15",0.000,
"22.03.2024 03:30",0.000,
"22.03.2024 03:45",0.000,
"22.03.2024 04:00",0.000,
"22.03.2024 04:15",0.000,
"22.03.2024 04:30",0.000,
"22.03.2024 04:45",0.000,
"22.03.2024 05:00",0.000,
"22.03.2024 05:15",0.000,
"22.03.2024 05:30",0.000,
"22.03.2024 05:45",0.000,
"22.03.2024 06:00",0.000,
"22.03.2024 06:15",0.000,
"22.03.2024 06:30",0.000,
"22.03.2024 06:45",0.000,
"22.03.2024 07:00",150.000,
"22.03.2024 07:15",502.246,
"22.03.2024 07:30",657.000,
"22.03.2024 07:45",975.000,
"22.03.2024 08:00",941.000,
"22.03.2024 08:15",685.237,
"22.03.2024 08:30",1870.000,
"22.03.2024 08:45",827.271,
"22.03.2024 09:00",1556.900,
"22.03.2024 09:15",2406.068,
"22.03.2024 09:30",2828.763,
"22.03.2024 09:45",5607.424,
"22.03.2024 10:00",6435.746,
"22.03.2024 10:15",13889.000,
"22.03.2024 10:30",5872.864,
"22.03.2024 10:45",3091.410,
"22.03.2024 11:00",3409.100,
"22.03.2024 11:15",3573.900,
"22.03.2024 11:30",4724.869,
"22.03.2024 11:45",5404.102,
"22.03.2024 12:00",5820.900,
"22.03.2024 12:15",7073.000,
"22.03.2024 12:30",4156.800,
"22.03.2024 12:45",3154.100,
"22.03.2024 13:00",7481.492,
"22.03.2024 13:15",8753.949,
"22.03.2024 13:30",11957.100,
"22.03.2024 13:45",12162.847,
"22.03.2024 14:00",8992.623,
"22.03.2024 14:15",12209.814,
"22.03.2024 14:30",22629.051,
"22.03.2024 14:45",15607.864,
"22.03.2024 15:00",16281.746,
"22.03.2024 15:15",13176.100,
"22.03.2024 15:30",8193.900,
"22.03.2024 15:45",29721.900,
"22.03.2024 16:00",9020.000,
"22.03.2024 16:15",21493.000,
"22.03.2024 16:30",10181.508,
"22.03.2024 16:45",6905.305,
"22.03.2024 17:00",6531.932,
"22.03.2024 17:15",6623.220,
"22.03.2024 17:30",5557.900,
"22.03.2024 17:45",2804.000,
"22.03.2024 18:00",1349.000,
"22.03.2024 18:15",553.100,
"22.03.2024 18:30",0.000,
"22.03.2024 18:45",0.000,
"22.03.2024 19:00",0.000,
"22.03.2024 19:15",0.000,
"22.03.2024 19:30",0.000,
"22.03.2024 19:45",0.000,
"22.03.2024 20:00",0.000,
"22.03.2024 20:15",0.000,
"22.03.2024 20:30",0.000,
"22.03.2024 20:45",0.000,
"22.03.2024 21:00",0.000,
"22.03.2024 21:15",0.000,
"22.03.2024 21:30",0.000,
"22.03.2024 21:45",0.000,
"22.03.2024 22:00",0.000,
"22.03.2024 22:15",0.000,
"22.03.2024 22:30",0.000,
"22.03.2024 22:45",0.000,
"22.03.2024 23:00",0.000,
"22.03.2024 23:15",0.000,
"22.03.2024 23:30",0.000,
"22.03.2024 23:45",0.000,
"23.03.2024 00:00",0.000,
"23.03.2024 00:15",0.000,
"23.03.2024 00:30",0.000,
"23.03.2024 00:45",0.000,
"23.03.2024 01:00",0.000,
"23.03.2024 01:15",0.000,
"23.03.2024 01:30",0.000,
"23.03.2024 01:45",0.000,
"23.03.2024 02:00",0.000,
"23.03.2024 02:15",0.000,
"23.03.2024 02:30",0.000,
"23.03.2024 02:45",0.000,
"23.03.2024 03:00",0.000,
"23.03.2024 03:15",0.000,
"23.03.2024 03:30",0.000,
"23.03.2024 03:45",0.000,
"23.03.2024 04:00",0.000,
"23.03.2024 04:15",0.000,
"23.03.2024 04:30",0.000,
"23.03.2024 04:45",0.000,
"23.03.2024 05:00",0.000,
"23.03.2024 05:15",0.000,
"23.03.2024 05:30",0.000,
"23.03.2024 05:45",0.000,
"23.03.2024 06:00",0.000,
"23.03.2024 06:15",0.000,
"23.03.2024 06:30",284.100,
"23.03.2024 06:45",710.373,
"23.03.2024 07:00",1040.900,
"23.03.2024 07:15",2402.900,
"23.03.2024 07:30",7634.000,
"23.03.2024 07:45",2109.400,
"23.03.2024 08:00",8317.000,
"23.03.2024 08:15",6543.000,
"23.03.2024 08:30",22838.000,
"23.03.2024 08:45",14675.279,
"23.03.2024 09:00",37025.100,
"23.03.2024 09:15",20825.918,
"23.03.2024 09:30",12389.983,
"23.03.2024 09:45",3695.322,
"23.03.2024 10:00",11253.000,
"23.03.2024 10:15",20363.102,
"23.03.2024 10:30",7028.951,
"23.03.2024 10:45",3971.967,
"23.03.2024 11:00",41561.900,
"23.03.2024 11:15",21066.000,
"23.03.2024 11:30",50561.900,
"23.03.2024 11:45",14758.900,
"23.03.2024 12:00",13112.610,
"23.03.2024 12:15",12271.100,
"23.03.2024 12:30",45434.000,
"23.03.2024 12:45",34281.017,
"23.03.2024 13:00",47067.721,
"23.03.2024 13:15",47400.847,
"23.03.2024 13:30",46368.100,
"23.03.2024 13:45",49409.100,
"23.03.2024 14:00",12816.262,
"23.03.2024 14:15",11855.508,
"23.03.2024 14:30",43883.115,
"23.03.2024 14:45",42836.000,
"23.03.2024 15:00",20302.508,
"23.03.2024 15:15",44488.541,
"23.03.2024 15:30",33211.000,
"23.03.2024 15:45",9257.000,
"23.03.2024 16:00",7234.407,
"23.03.2024 16:15",23677.100,
"23.03.2024 16:30",21138.900,
"23.03.2024 16:45",20733.900,
"23.03.2024 17:00",1589.797,
"23.03.2024 17:15",5606.424,
"23.03.2024 17:30",5172.915,
"23.03.2024 17:45",3607.000,
"23.03.2024 18:00",1075.900,
"23.03.2024 18:15",634.712,
"23.03.2024 18:30",211.200,
"23.03.2024 18:45",0.000,
"23.03.2024 19:00",0.000,
"23.03.2024 19:15",0.000,
"23.03.2024 19:30",0.000,
"23.03.2024 19:45",0.000,
"23.03.2024 20:00",0.000,
"23.03.2024 20:15",0.000,
"23.03.2024 20:30",0.000,
"23.03.2024 20:45",0.000,
"23.03.2024 21:00",0.000,
"23.03.2024 21:15",0.000,
"23.03.2024 21:30",0.000,
"23.03.2024 21:45",0.000,
"23.03.2024 22:00",0.000,
"23.03.2024 22:15",0.000,
"23.03.2024 22:30",0.000,
"23.03.2024 22:45",0.000,
"23.03.2024 23:00",0.000,
"23.03.2024 23:15",0.000,
"23.03.2024 23:30",0.000,
"23.03.2024 23:45",0.000,
"24.03.2024 00:00",0.000,
"24.03.2024 00:15",0.000,
"24.03.2024 00:30",0.000,
"24.03.2024 00:45",0.000,
"24.03.2024 01:00",0.000,
"24.03.2024 01:15",0.000,
"24.03.2024 01:30",0.000,
"24.03.2024 01:45",0.000,
"24.03.2024 02:00",0.000,
"24.03.2024 02:15",0.000,
"24.03.2024 02:30",0.000,
"24.03.2024 02:45",-0.450,
"24.03.2024 03:00",0.000,
"24.03.2024 03:15",0.000,
"24.03.2024 03:30",0.000,
"24.03.2024 03:45",0.000,
"24.03.2024 04:00",0.000,
"24.03.2024 04:15",0.000,
"24.03.2024 04:30",0.000,
"24.03.2024 04:45",0.000,
"24.03.2024 05:00",0.000,
"24.03.2024 05:15",0.000,
"24.03.2024 05:30",0.000,
"24.03.2024 05:45",0.000,
"24.03.2024 06:00",0.000,
"24.03.2024 06:15",0.000,
"24.03.2024 06:30",443.100,
"24.03.2024 06:45",2352.900,
"24.03.2024 07:00",2816.900,
"24.03.2024 07:15",2700.000,
"24.03.2024 07:30",1329.200,
"24.03.2024 07:45",528.900,
"24.03.2024 08:00",1696.393,
"24.03.2024 08:15",2927.102,
"24.03.2024 08:30",16766.900,
"24.03.2024 08:45",12881.574,
"24.03.2024 09:00",9621.746,
"24.03.2024 09:15",9809.814,
"24.03.2024 09:30",3661.000,
"24.03.2024 09:45",11720.918,
"24.03.2024 10:00",19548.000,
"24.03.2024 10:15",5605.458,
"24.03.2024 10:30",19570.492,
"24.03.2024 10:45",12570.100,
"24.03.2024 11:00",18178.525,
"24.03.2024 11:15",6397.966,
"24.03.2024 11:30",11297.200,
"24.03.2024 11:45",15628.100,
"24.03.2024 12:00",12793.373,
"24.03.2024 12:15",15634.100,
"24.03.2024 12:30",25351.000,
"24.03.2024 12:45",12639.100,
"24.03.2024 13:00",27482.230,
"24.03.2024 13:15",20236.000,
"24.03.2024 13:30",24677.900,
"24.03.2024 13:45",10675.729,
"24.03.2024 14:00",15324.787,
"24.03.2024 14:15",37284.000,
"24.03.2024 14:30",21893.000,
"24.03.2024 14:45",21838.800,
"24.03.2024 15:00",8557.148,
"24.03.2024 15:15",6575.016,
"24.03.2024 15:30",20656.900,
"24.03.2024 15:45",11220.661,
"24.03.2024 16:00",13973.049,
"24.03.2024 16:15",13550.900,
"24.03.2024 16:30",5557.966,
"24.03.2024 16:45",1889.700,
"24.03.2024 17:00",6359.000,
"24.03.2024 17:15",4159.900,
"24.03.2024 17:30",1924.729,
"24.03.2024 17:45",253.721,
"24.03.2024 18:00",1797.639,
"24.03.2024 18:15",1051.900,
"24.03.2024 18:30",277.932,
"24.03.2024 18:45",0.000,
"24.03.2024 19:00",0.000,
"24.03.2024 19:15",0.000,
"24.03.2024 19:30",0.000,
"24.03.2024 19:45",0.000,
"24.03.2024 20:00",0.000,
"24.03.2024 20:15",0.000,
"24.03.2024 20:30",0.000,
"24.03.2024 20:45",0.000,
"24.03.2024 21:00",0.000,
"24.03.2024 21:15",0.000,
"24.03.2024 21:30",0.000,
"24.03.2024 21:45",0.000,
"24.03.2024 22:00",0.000,
"24.03.2024 22:15",0.000,
"24.03.2024 22:30",0.000,
"24.03.2024 22:45",0.000,
"24.03.2024 23:00",0.000,
"24.03.2024 23:15",0.000,
"24.03.2024 23:30",0.000,
"24.03.2024 23:45",0.000,
"25.03.2024 00:00",0.000,
"25.03.2024 00:15",0.000,
"25.03.2024 00:30",0.000,
"25.03.2024 00:45",0.000,
"25.03.2024 01:00",0.000,
"25.03.2024 01:15",0.000,
"25.03.2024 01:30",0.000,
"25.03.2024 01:45",0.000,
"25.03.2024 02:00",0.000,
"25.03.2024 02:15",0.000,
"25.03.2024 02:30",0.000,
"25.03.2024 02:45",0.000,
"25.03.2024 03:00",0.000,
"25.03.2024 03:15",0.000,
"25.03.2024 03:30",0.000,
"25.03.2024 03:45",0.000,
"25.03.2024 04:00",0.000,
"25.03.2024 04:15",0.000,
"25.03.2024 04:30",0.000,
"25.03.2024 04:45",0.000,
"25.03.2024 05:00",0.000,
"25.03.2024 05:15",0.000,
"25.03.2024 05:30",0.000,
"25.03.2024 05:45",0.000,
"25.03.2024 06:00",0.000,
"25.03.2024 06:15",0.000,
"25.03.2024 06:30",414.131,
"25.03.2024 06:45",1113.000,
"25.03.2024 07:00",2617.000,
"25.03.2024 07:15",3961.900,
"25.03.2024 07:30",5766.000,
"25.03.2024 07:45",11141.407,
"25.03.2024 08:00",8706.356,
"25.03.2024 08:15",21130.344,
"25.03.2024 08:30",8783.000,
"25.03.2024 08:45",6260.000,
"25.03.2024 09:00",18346.900,
"25.03.2024 09:15",20727.017,
"25.03.2024 09:30",8473.787,
"25.03.2024 09:45",17613.797,
"25.03.2024 10:00",12078.627,
"25.03.2024 10:15",13791.900,
"25.03.2024 10:30",23032.900,
"25.03.2024 10:45",20534.459,
"25.03.2024 11:00",22959.136,
"25.03.2024 11:15",18325.593,
"25.03.2024 11:30",14590.754,
"25.03.2024 11:45",61394.033,
"25.03.2024 12:00",27919.000,
"25.03.2024 12:15",14363.900,
"25.03.2024 12:30",12278.000,
"25.03.2024 12:45",20743.900,
"25.03.2024 13:00",11878.623,
"25.03.2024 13:15",9355.100,
"25.03.2024 13:30",15770.254,
"25.03.2024 13:45",27526.000,
"25.03.2024 14:00",27107.900,
"25.03.2024 14:15",47440.574,
"25.03.2024 14:30",17910.800,
"25.03.2024 14:45",38946.984,
"25.03.2024 15:00",34982.000,
"25.03.2024 15:15",32894.983,
"25.03.2024 15:30",31337.225,
"25.03.2024 15:45",9721.100,
"25.03.2024 16:00",11927.100,
"25.03.2024 16:15",9667.459,
"25.03.2024 16:30",23375.984,
"25.03.2024 16:45",17532.100,
"25.03.2024 17:00",3120.098,
"25.03.2024 17:15",7628.542,
"25.03.2024 17:30",2290.100,
"25.03.2024 17:45",3537.574,
"25.03.2024 18:00",1926.000,
"25.03.2024 18:15",1129.390,
"25.03.2024 18:30",682.200,
"25.03.2024 18:45",10.100,
"25.03.2024 19:00",0.000,
"25.03.2024 19:15",0.000,
"25.03.2024 19:30",0.000,
"25.03.2024 19:45",0.000,
"25.03.2024 20:00",0.000,
"25.03.2024 20:15",0.000,
"25.03.2024 20:30",0.000,
"25.03.2024 20:45",0.000,
"25.03.2024 21:00",0.000,
"25.03.2024 21:15",0.000,
"25.03.2024 21:30",0.000,
"25.03.2024 21:45",0.000,
"25.03.2024 22:00",0.000,
"25.03.2024 22:15",0.000,
"25.03.2024 22:30",0.000,
"25.03.2024 22:45",0.000,
"25.03.2024 23:00",0.000,
"25.03.2024 23:15",0.000,
"25.03.2024 23:30",0.000,
"25.03.2024 23:45",0.000,
"26.03.2024 00:00",0.000,
"26.03.2024 00:15",0.000,
"26.03.2024 00:30",0.000,
"26.03.2024 00:45",0.000,
"26.03.2024 01:00",0.000,
"26.03.2024 01:15",0.000,
"26.03.2024 01:30",0.000,
"26.03.2024 01:45",0.000,
"26.03.2024 02:00",0.000,
"26.03.2024 02:15",0.000,
"26.03.2024 02:30",0.000,
"26.03.2024 02:45",0.000,
"26.03.2024 03:00",0.000,
"26.03.2024 03:15",0.000,
"26.03.2024 03:30",0.000,
"26.03.2024 03:45",0.000,
"26.03.2024 04:00",0.000,
"26.03.2024 04:15",0.000,
"26.03.2024 04:30",0.000,
"26.03.2024 04:45",0.000,
"26.03.2024 05:00",0.000,
"26.03.2024 05:15",0.000,
"26.03.2024 05:30",0.000,
"26.03.2024 05:45",0.000,
"26.03.2024 06:00",0.000,
"26.03.2024 06:15",461.200,
"26.03.2024 06:30",1269.800,
"26.03.2024 06:45",1975.237,
"26.03.2024 07:00",3052.900,
"26.03.2024 07:15",4658.115,
"26.03.2024 07:30",7199.000,
"26.03.2024 07:45",9975.016,
"26.03.2024 08:00",14332.100,
"26.03.2024 08:15",17718.780,
"26.03.2024 08:30",16701.262,
"26.03.2024 08:45",21940.000,
"26.03.2024 09:00",23475.800,
"26.03.2024 09:15",25824.800,
"26.03.2024 09:30",30342.508,
"26.03.2024 09:45",29111.200,
"26.03.2024 10:00",32072.900,
"26.03.2024 10:15",33118.213,
"26.03.2024 10:30",37589.000,
"26.03.2024 10:45",36138.593,
"26.03.2024 11:00",40750.000,
"26.03.2024 11:15",25093.288,
"26.03.2024 11:30",24045.169,
"26.03.2024 11:45",38708.712,
"26.03.2024 12:00",28314.900,
"26.03.2024 12:15",41702.900,
"26.03.2024 12:30",43600.410,
"26.03.2024 12:45",36704.361,
"26.03.2024 13:00",27855.100,
"26.03.2024 13:15",27026.407,
"26.03.2024 13:30",36147.085,
"26.03.2024 13:45",45273.542,
"26.03.2024 14:00",37578.100,
"26.03.2024 14:15",29219.900,
"26.03.2024 14:30",31339.100,
"26.03.2024 14:45",17399.390,
"26.03.2024 15:00",27897.000,
"26.03.2024 15:15",22453.900,
"26.03.2024 15:30",23282.763,
"26.03.2024 15:45",17847.695,
"26.03.2024 16:00",19440.763,
"26.03.2024 16:15",17034.627,
"26.03.2024 16:30",15053.000,
"26.03.2024 16:45",15525.900,
"26.03.2024 17:00",13852.525,
"26.03.2024 17:15",9205.100,
"26.03.2024 17:30",6082.780,
"26.03.2024 17:45",4646.322,
"26.03.2024 18:00",2889.100,
"26.03.2024 18:15",1361.949,
"26.03.2024 18:30",427.800,
"26.03.2024 18:45",0.000,
"26.03.2024 19:00",0.000,
"26.03.2024 19:15",0.000,
"26.03.2024 19:30",0.000,
"26.03.2024 19:45",0.000,
"26.03.2024 20:00",0.000,
"26.03.2024 20:15",0.000,
"26.03.2024 20:30",0.000,
"26.03.2024 20:45",0.000,
"26.03.2024 21:00",0.000,
"26.03.2024 21:15",0.000,
"26.03.2024 21:30",0.000,
"26.03.2024 21:45",0.000,
"26.03.2024 22:00",0.000,
"26.03.2024 22:15",0.000,
"26.03.2024 22:30",0.000,
"26.03.2024 22:45",0.000,
"26.03.2024 23:00",0.000,
"26.03.2024 23:15",0.000,
"26.03.2024 23:30",0.000,
"26.03.2024 23:45",0.000,
"27.03.2024 00:00",0.000,
"27.03.2024 00:15",0.000,
"27.03.2024 00:30",0.000,
"27.03.2024 00:45",0.000,
"27.03.2024 01:00",0.000,
"27.03.2024 01:15",0.000,
"27.03.2024 01:30",0.000,
"27.03.2024 01:45",0.000,
"27.03.2024 02:00",0.000,
"27.03.2024 02:15",0.000,
"27.03.2024 02:30",0.000,
"27.03.2024 02:45",0.000,
"27.03.2024 03:00",0.000,
"27.03.2024 03:15",0.000,
"27.03.2024 03:30",0.000,
"27.03.2024 03:45",0.000,
"27.03.2024 04:00",0.000,
"27.03.2024 04:15",0.000,
"27.03.2024 04:30",0.000,
"27.03.2024 04:45",0.000,
"27.03.2024 05:00",0.000,
"27.03.2024 05:15",0.000,
"27.03.2024 05:30",0.000,
"27.03.2024 05:45",0.000,
"27.03.2024 06:00",0.000,
"27.03.2024 06:15",276.800,
"27.03.2024 06:30",613.254,
"27.03.2024 06:45",1417.900,
"27.03.2024 07:00",2022.000,
"27.03.2024 07:15",4065.915,
"27.03.2024 07:30",4082.000,
"27.03.2024 07:45",7095.344,
"27.03.2024 08:00",6677.017,
"27.03.2024 08:15",18368.100,
"27.03.2024 08:30",16181.557,
"27.03.2024 08:45",14963.787,
"27.03.2024 09:00",18454.000,
"27.03.2024 09:15",26760.085,
"27.03.2024 09:30",17545.508,
"27.03.2024 09:45",25166.000,
"27.03.2024 10:00",31055.000,
"27.03.2024 10:15",36007.900,
"27.03.2024 10:30",25196.800,
"27.03.2024 10:45",24455.900,
"27.03.2024 11:00",27076.900,
"27.03.2024 11:15",51452.000,
"27.03.2024 11:30",50441.900,
"27.03.2024 11:45",35740.656,
"27.03.2024 12:00",45889.000,
"27.03.2024 12:15",41961.085,
"27.03.2024 12:30",39866.328,
"27.03.2024 12:45",19969.100,
"27.03.2024 13:00",28073.034,
"27.03.2024 13:15",28598.000,
"27.03.2024 13:30",22907.295,
"27.03.2024 13:45",50327.295,
"27.03.2024 14:00",23014.661,
"27.03.2024 14:15",26127.900,
"27.03.2024 14:30",19044.279,
"27.03.2024 14:45",19837.627,
"27.03.2024 15:00",26453.000,
"27.03.2024 15:15",21609.136,
"27.03.2024 15:30",12378.900,
"27.03.2024 15:45",17944.197,
"27.03.2024 16:00",19474.900,
"27.03.2024 16:15",15174.814,
"27.03.2024 16:30",8265.900,
"27.03.2024 16:45",8025.153,
"27.03.2024 17:00",5988.678,
"27.03.2024 17:15",5698.900,
"27.03.2024 17:30",4044.000,
"27.03.2024 17:45",2409.000,
"27.03.2024 18:00",2052.900,
"27.03.2024 18:15",874.100,
"27.03.2024 18:30",270.542,
"27.03.2024 18:45",0.000,
"27.03.2024 19:00",0.000,
"27.03.2024 19:15",0.000,
"27.03.2024 19:30",0.000,
"27.03.2024 19:45",0.000,
"27.03.2024 20:00",0.000,
"27.03.2024 20:15",0.000,
"27.03.2024 20:30",0.000,
"27.03.2024 20:45",0.000,
"27.03.2024 21:00",0.000,
"27.03.2024 21:15",0.000,
"27.03.2024 21:30",0.000,
"27.03.2024 21:45",0.000,
"27.03.2024 22:00",0.000,
"27.03.2024 22:15",0.000,
"27.03.2024 22:30",0.000,
"27.03.2024 22:45",0.000,
"27.03.2024 23:00",0.000,
"27.03.2024 23:15",0.000,
"27.03.2024 23:30",0.000,
"27.03.2024 23:45",0.000,
"28.03.2024 00:00",0.000,
"28.03.2024 00:15",0.000,
"28.03.2024 00:30",0.000,
"28.03.2024 00:45",0.000,
"28.03.2024 01:00",0.000,
"28.03.2024 01:15",0.000,
"28.03.2024 01:30",0.000,
"28.03.2024 01:45",0.000,
"28.03.2024 02:00",0.000,
"28.03.2024 02:15",0.000,
"28.03.2024 02:30",0.000,
"28.03.2024 02:45",-0.455,
"28.03.2024 03:00",0.000,
"28.03.2024 03:15",0.000,
"28.03.2024 03:30",0.000,
"28.03.2024 03:45",0.000,
"28.03.2024 04:00",0.000,
"28.03.2024 04:15",0.000,
"28.03.2024 04:30",0.000,
"28.03.2024 04:45",0.000,
"28.03.2024 05:00",0.000,
"28.03.2024 05:15",0.000,
"28.03.2024 05:30",0.000,
"28.03.2024 05:45",0.000,
"28.03.2024 06:00",0.000,
"28.03.2024 06:15",0.000,
"28.03.2024 06:30",207.136,
"28.03.2024 06:45",423.700,
"28.03.2024 07:00",362.082,
"28.03.2024 07:15",446.900,
"28.03.2024 07:30",625.000,
"28.03.2024 07:45",914.000,
"28.03.2024 08:00",915.000,
"28.03.2024 08:15",2892.000,
"28.03.2024 08:30",1243.000,
"28.03.2024 08:45",1173.900,
"28.03.2024 09:00",696.000,
"28.03.2024 09:15",898.305,
"28.03.2024 09:30",1945.800,
"28.03.2024 09:45",2856.738,
"28.03.2024 10:00",1488.951,
"28.03.2024 10:15",2737.864,
"28.03.2024 10:30",2495.000,
"28.03.2024 10:45",4809.458,
"28.03.2024 11:00",6205.984,
"28.03.2024 11:15",4444.881,
"28.03.2024 11:30",2779.000,
"28.03.2024 11:45",10416.100,
"28.03.2024 12:00",26928.712,
"28.03.2024 12:15",10842.200,
"28.03.2024 12:30",13018.900,
"28.03.2024 12:45",6382.000,
"28.03.2024 13:00",4138.780,
"28.03.2024 13:15",27371.000,
"28.03.2024 13:30",17751.800,
"28.03.2024 13:45",20264.100,
"28.03.2024 14:00",31438.136,
"28.03.2024 14:15",17680.900,
"28.03.2024 14:30",21435.368,
"28.03.2024 14:45",29787.328,
"28.03.2024 15:00",28752.900,
"28.03.2024 15:15",9079.770,
"28.03.2024 15:30",23186.328,
"28.03.2024 15:45",12325.900,
"28.03.2024 16:00",10143.900,
"28.03.2024 16:15",4805.200,
"28.03.2024 16:30",592.800,
"28.03.2024 16:45",1251.864,
"28.03.2024 17:00",451.400,
"28.03.2024 17:15",1235.200,
"28.03.2024 17:30",627.966,
"28.03.2024 17:45",911.000,
"28.03.2024 18:00",682.984,
"28.03.2024 18:15",581.678,
"28.03.2024 18:30",80.700,
"28.03.2024 18:45",0.000,
"28.03.2024 19:00",0.000,
"28.03.2024 19:15",0.000,
"28.03.2024 19:30",0.000,
"28.03.2024 19:45",0.000,
"28.03.2024 20:00",0.000,
"28.03.2024 20:15",0.000,
"28.03.2024 20:30",0.000,
"28.03.2024 20:45",0.000,
"28.03.2024 21:00",0.000,
"28.03.2024 21:15",0.000,
"28.03.2024 21:30",0.000,
"28.03.2024 21:45",0.000,
"28.03.2024 22:00",0.000,
"28.03.2024 22:15",0.000,
"28.03.2024 22:30",0.000,
"28.03.2024 22:45",0.000,
"28.03.2024 23:00",0.000,
"28.03.2024 23:15",0.000,
"28.03.2024 23:30",0.000,
"28.03.2024 23:45",0.000,
"29.03.2024 00:00",0.000,
"29.03.2024 00:15",0.000,
"29.03.2024 00:30",0.000,
"29.03.2024 00:45",0.000,
"29.03.2024 01:00",0.000,
"29.03.2024 01:15",0.000,
"29.03.2024 01:30",0.000,
"29.03.2024 01:45",0.000,
"29.03.2024 02:00",0.000,
"29.03.2024 02:15",0.000,
"29.03.2024 02:30",0.000,
"29.03.2024 02:45",0.000,
"29.03.2024 03:00",0.000,
"29.03.2024 03:15",0.000,
"29.03.2024 03:30",0.000,
"29.03.2024 03:45",0.000,
"29.03.2024 04:00",0.000,
"29.03.2024 04:15",0.000,
"29.03.2024 04:30",0.000,
"29.03.2024 04:45",0.000,
"29.03.2024 05:00",0.000,
"29.03.2024 05:15",0.000,
"29.03.2024 05:30",0.000,
"29.03.2024 05:45",0.000,
"29.03.2024 06:00",155.100,
"29.03.2024 06:15",780.450,
"29.03.2024 06:30",1495.153,
"29.03.2024 06:45",2323.458,
"29.03.2024 07:00",3158.000,
"29.03.2024 07:15",4315.738,
"29.03.2024 07:30",4877.082,
"29.03.2024 07:45",4914.288,
"29.03.2024 08:00",6525.900,
"29.03.2024 08:15",7975.200,
"29.03.2024 08:30",8210.508,
"29.03.2024 08:45",9712.780,
"29.03.2024 09:00",14104.800,
"29.03.2024 09:15",9829.100,
"29.03.2024 09:30",15285.361,
"29.03.2024 09:45",14020.900,
"29.03.2024 10:00",14166.396,
"29.03.2024 10:15",13193.300,
"29.03.2024 10:30",13253.200,
"29.03.2024 10:45",11598.900,
"29.03.2024 11:00",10386.410,
"29.03.2024 11:15",9277.200,
"29.03.2024 11:30",10350.000,
"29.03.2024 11:45",6572.017,
"29.03.2024 12:00",10829.729,
"29.03.2024 12:15",12374.800,
"29.03.2024 12:30",12750.100,
"29.03.2024 12:45",13286.000,
"29.03.2024 13:00",19981.900,
"29.03.2024 13:15",16903.542,
"29.03.2024 13:30",20382.508,
"29.03.2024 13:45",21293.000,
"29.03.2024 14:00",12834.033,
"29.03.2024 14:15",12674.000,
"29.03.2024 14:30",15502.034,
"29.03.2024 14:45",11943.800,
"29.03.2024 15:00",10302.900,
"29.03.2024 15:15",11706.000,
"29.03.2024 15:30",28268.373,
"29.03.2024 15:45",10334.119,
"29.03.2024 16:00",10200.131,
"29.03.2024 16:15",3406.661,
"29.03.2024 16:30",2801.085,
"29.03.2024 16:45",6589.900,
"29.03.2024 17:00",4467.100,
"29.03.2024 17:15",5681.000,
"29.03.2024 17:30",4309.051,
"29.03.2024 17:45",3559.443,
"29.03.2024 18:00",5248.800,
"29.03.2024 18:15",2418.200,
"29.03.2024 18:30",1208.300,
"29.03.2024 18:45",318.051,
"29.03.2024 19:00",0.000,
"29.03.2024 19:15",0.000,
"29.03.2024 19:30",0.000,
"29.03.2024 19:45",0.000,
"29.03.2024 20:00",0.000,
"29.03.2024 20:15",0.000,
"29.03.2024 20:30",0.000,
"29.03.2024 20:45",0.000,
"29.03.2024 21:00",0.000,
"29.03.2024 21:15",0.000,
"29.03.2024 21:30",0.000,
"29.03.2024 21:45",0.000,
"29.03.2024 22:00",0.000,
"29.03.2024 22:15",0.000,
"29.03.2024 22:30",0.000,
"29.03.2024 22:45",0.000,
"29.03.2024 23:00",0.000,
"29.03.2024 23:15",0.000,
"29.03.2024 23:30",0.000,
"29.03.2024 23:45",0.000,
"30.03.2024 00:00",0.000,
"30.03.2024 00:15",0.000,
"30.03.2024 00:30",0.000,
"30.03.2024 00:45",0.000,
"30.03.2024 01:00",0.000,
"30.03.2024 01:15",0.000,
"30.03.2024 01:30",0.000,
"30.03.2024 01:45",0.000,
"30.03.2024 02:00",0.000,
"30.03.2024 02:15",0.000,
"30.03.2024 02:30",0.000,
"30.03.2024 02:45",0.000,
"30.03.2024 03:00",0.000,
"30.03.2024 03:15",0.000,
"30.03.2024 03:30",0.000,
"30.03.2024 03:45",0.000,
"30.03.2024 04:00",0.000,
"30.03.2024 04:15",0.000,
"30.03.2024 04:30",0.000,
"30.03.2024 04:45",0.000,
"30.03.2024 05:00",0.000,
"30.03.2024 05:15",0.000,
"30.03.2024 05:30",0.000,
"30.03.2024 05:45",0.000,
"30.03.2024 06:00",0.000,
"30.03.2024 06:15",0.000,
"30.03.2024 06:30",401.100,
"30.03.2024 06:45",914.305,
"30.03.2024 07:00",1284.000,
"30.03.2024 07:15",2100.237,
"30.03.2024 07:30",1419.200,
"30.03.2024 07:45",3040.610,
"30.03.2024 08:00",2525.279,
"30.03.2024 08:15",8828.000,
"30.03.2024 08:30",2466.300,
"30.03.2024 08:45",5153.200,
"30.03.2024 09:00",16066.200,
"30.03.2024 09:15",19624.115,
"30.03.2024 09:30",23636.000,
"30.03.2024 09:45",19959.136,
"30.03.2024 10:00",23745.000,
"30.03.2024 10:15",28217.900,
"30.03.2024 10:30",34736.900,
"30.03.2024 10:45",29839.000,
"30.03.2024 11:00",19558.900,
"30.03.2024 11:15",26862.000,
"30.03.2024 11:30",38724.800,
"30.03.2024 11:45",40570.508,
"30.03.2024 12:00",37620.900,
"30.03.2024 12:15",40696.800,
"30.03.2024 12:30",27699.377,
"30.03.2024 12:45",27843.881,
"30.03.2024 13:00",22373.213,
"30.03.2024 13:15",21585.000,
"30.03.2024 13:30",20552.100,
"30.03.2024 13:45",26625.656,
"30.03.2024 14:00",15266.900,
"30.03.2024 14:15",21446.754,
"30.03.2024 14:30",24014.000,
"30.03.2024 14:45",20091.000,
"30.03.2024 15:00",15334.644,
"30.03.2024 15:15",11900.100,
"30.03.2024 15:30",16749.831,
"30.03.2024 15:45",20743.000,
"30.03.2024 16:00",13011.000,
"30.03.2024 16:15",8863.000,
"30.03.2024 16:30",7622.885,
"30.03.2024 16:45",6336.656,
"30.03.2024 17:00",4689.900,
"30.03.2024 17:15",2649.712,
"30.03.2024 17:30",1639.000,
"30.03.2024 17:45",825.689,
"30.03.2024 18:00",668.000,
"30.03.2024 18:15",328.787,
"30.03.2024 18:30",168.672,
"30.03.2024 18:45",0.000,
"30.03.2024 19:00",0.000,
"30.03.2024 19:15",0.000,
"30.03.2024 19:30",0.000,
"30.03.2024 19:45",0.000,
"30.03.2024 20:00",0.000,
"30.03.2024 20:15",0.000,
"30.03.2024 20:30",0.000,
"30.03.2024 20:45",0.000,
"30.03.2024 21:00",0.000,
"30.03.2024 21:15",0.000,
"30.03.2024 21:30",0.000,
"30.03.2024 21:45",0.000,
"30.03.2024 22:00",0.000,
"30.03.2024 22:15",0.000,
"30.03.2024 22:30",0.000,
"30.03.2024 22:45",0.000,
"30.03.2024 23:00",0.000,
"30.03.2024 23:15",0.000,
"30.03.2024 23:30",0.000,
"30.03.2024 23:45",0.000,
"31.03.2024 00:00",0.000,
"31.03.2024 00:15",0.000,
"31.03.2024 00:30",0.000,
"31.03.2024 00:45",0.000,
"31.03.2024 01:00",0.000,
"31.03.2024 01:15",0.000,
"31.03.2024 01:30",0.000,
"31.03.2024 01:45",0.000,
"31.03.2024 03:00",0.000,
"31.03.2024 03:15",0.000,
"31.03.2024 03:30",0.000,
"31.03.2024 03:45",-0.454,
"31.03.2024 04:00",0.000,
"31.03.2024 04:15",0.000,
"31.03.2024 04:30",0.000,
"31.03.2024 04:45",0.000,
"31.03.2024 05:00",0.000,
"31.03.2024 05:15",0.000,
"31.03.2024 05:30",0.000,
"31.03.2024 05:45",0.000,
"31.03.2024 06:00",0.000,
"31.03.2024 06:15",0.000,
"31.03.2024 06:30",0.000,
"31.03.2024 06:45",0.000,
"31.03.2024 07:00",0.000,
"31.03.2024 07:15",0.000,
"31.03.2024 07:30",256.900,
"31.03.2024 07:45",306.000,
"31.03.2024 08:00",842.900,
"31.03.2024 08:15",1174.000,
"31.03.2024 08:30",1814.230,
"31.03.2024 08:45",2089.100,
"31.03.2024 09:00",2515.831,
"31.03.2024 09:15",3154.200,
"31.03.2024 09:30",2906.000,
"31.03.2024 09:45",2616.900,
"31.03.2024 10:00",3210.900,
"31.03.2024 10:15",2931.900,
"31.03.2024 10:30",3352.000,
"31.03.2024 10:45",4763.900,
"31.03.2024 11:00",7313.900,
"31.03.2024 11:15",10099.459,
"31.03.2024 11:30",9274.729,
"31.03.2024 11:45",8422.900,
"31.03.2024 12:00",10063.900,
"31.03.2024 12:15",11702.200,
"31.03.2024 12:30",10684.000,
"31.03.2024 12:45",12969.051,
"31.03.2024 13:00",14146.100,
"31.03.2024 13:15",11779.100,
"31.03.2024 13:30",10499.900,
"31.03.2024 13:45",12175.983,
"31.03.2024 14:00",15705.900,
"31.03.2024 14:15",10492.100,
"31.03.2024 14:30",8666.410,
"31.03.2024 14:45",7020.000,
"31.03.2024 15:00",17866.000,
"31.03.2024 15:15",10101.100,
"31.03.2024 15:30",16782.100,
"31.03.2024 15:45",12873.441,
"31.03.2024 16:00",7214.000,
"31.03.2024 16:15",10975.000,
"31.03.2024 16:30",17675.814,
"31.03.2024 16:45",18795.100,
"31.03.2024 17:00",9638.900,
"31.03.2024 17:15",8866.864,
"31.03.2024 17:30",5726.100,
"31.03.2024 17:45",4786.169,
"31.03.2024 18:00",4972.721,
"31.03.2024 18:15",4298.000,
"31.03.2024 18:30",4351.426,
"31.03.2024 18:45",4107.082,
"31.03.2024 19:00",2531.100,
"31.03.2024 19:15",1915.373,
"31.03.2024 19:30",1393.100,
"31.03.2024 19:45",308.712,
"31.03.2024 20:00",0.000,
"31.03.2024 20:15",0.000,
"31.03.2024 20:30",0.000,
"31.03.2024 20:45",0.000,
"31.03.2024 21:00",0.000,
"31.03.2024 21:15",0.000,
"31.03.2024 21:30",0.000,
"31.03.2024 21:45",0.000,
"31.03.2024 22:00",0.000,
"31.03.2024 22:15",0.000,
"31.03.2024 22:30",0.000,
"31.03.2024 22:45",0.000,
"31.03.2024 23:00",0.000,
"31.03.2024 23:15",0.000,
"31.03.2024 23:30",0.000,
"31.03.2024 23:45",0.000,
"01.04.2024 00:00",0.000,
"01.04.2024 00:15",0.000,
"01.04.2024 00:30",0.000,
"01.04.2024 00:45",0.000,
"01.04.2024 01:00",0.000,
"01.04.2024 01:15",0.000,
"01.04.2024 01:30",0.000,
"01.04.2024 01:45",0.000,
"01.04.2024 02:00",0.000,
"01.04.2024 02:15",0.000,
"01.04.2024 02:30",0.000,
"01.04.2024 02:45",0.000,
"01.04.2024 03:00",0.000,
"01.04.2024 03:15",0.000,
"01.04.2024 03:30",0.000,
"01.04.2024 03:45",0.000,
"01.04.2024 04:00",0.000,
"01.04.2024 04:15",0.000,
"01.04.2024 04:30",0.000,
"01.04.2024 04:45",0.000,
"01.04.2024 05:00",0.000,
"01.04.2024 05:15",0.000,
"01.04.2024 05:30",0.000,
"01.04.2024 05:45",0.000,
"01.04.2024 06:00",0.000,
"01.04.2024 06:15",0.000,
"01.04.2024 06:30",0.000,
"01.04.2024 06:45",0.000,
"01.04.2024 07:00",586.200,
"01.04.2024 07:15",1122.200,
"01.04.2024 07:30",2272.492,
"01.04.2024 07:45",2606.800,
"01.04.2024 08:00",2431.900,
"01.04.2024 08:15",2861.831,
"01.04.2024 08:30",3836.000,
"01.04.2024 08:45",4544.746,
"01.04.2024 09:00",5974.900,
"01.04.2024 09:15",7912.738,
"01.04.2024 09:30",7606.000,
"01.04.2024 09:45",7696.915,
"01.04.2024 10:00",5700.900,
"01.04.2024 10:15",3975.100,
"01.04.2024 10:30",3901.164,
"01.04.2024 10:45",3100.016,
"01.04.2024 11:00",4597.000,
"01.04.2024 11:15",4452.000,
"01.04.2024 11:30",4019.279,
"01.04.2024 11:45",9366.085,
"01.04.2024 12:00",6802.000,
"01.04.2024 12:15",4597.000,
"01.04.2024 12:30",4684.237,
"01.04.2024 12:45",11108.000,
"01.04.2024 13:00",5509.000,
"01.04.2024 13:15",4269.100,
"01.04.2024 13:30",7014.898,
"01.04.2024 13:45",7944.305,
"01.04.2024 14:00",6348.000,
"01.04.2024 14:15",4690.542,
"01.04.2024 14:30",9629.869,
"01.04.2024 14:45",8414.900,
"01.04.2024 15:00",7332.000,
"01.04.2024 15:15",12854.475,
"01.04.2024 15:30",11141.100,
"01.04.2024 15:45",9453.186,
"01.04.2024 16:00",8767.100,
"01.04.2024 16:15",3568.000,
"01.04.2024 16:30",1425.000,
"01.04.2024 16:45",1361.738,
"01.04.2024 17:00",1324.542,
"01.04.2024 17:15",865.000,
"01.04.2024 17:30",689.200,
"01.04.2024 17:45",785.820,
"01.04.2024 18:00",603.900,
"01.04.2024 18:15",299.100,
"01.04.2024 18:30",485.836,
"01.04.2024 18:45",529.900,
"01.04.2024 19:00",376.900,
"01.04.2024 19:15",239.100,
"01.04.2024 19:30",0.000,
"01.04.2024 19:45",0.000,
"01.04.2024 20:00",0.000,
"01.04.2024 20:15",0.000,
"01.04.2024 20:30",0.000,
"01.04.2024 20:45",0.000,
"01.04.2024 21:00",0.000,
"01.04.2024 21:15",0.000,
"01.04.2024 21:30",0.000,
"01.04.2024 21:45",0.000,
"01.04.2024 22:00",0.000,
"01.04.2024 22:15",0.000,
"01.04.2024 22:30",0.000,
"01.04.2024 22:45",0.000,
"01.04.2024 23:00",0.000,
"01.04.2024 23:15",0.000,
"01.04.2024 23:30",0.000,
"01.04.2024 23:45",0.000,
"02.04.2024 00:00",0.000,
"02.04.2024 00:15",0.000,
"02.04.2024 00:30",0.000,
"02.04.2024 00:45",0.000,
"02.04.2024 01:00",0.000,
"02.04.2024 01:15",0.000,
"02.04.2024 01:30",0.000,
"02.04.2024 01:45",0.000,
"02.04.2024 02:00",0.000,
"02.04.2024 02:15",0.000,
"02.04.2024 02:30",0.000,
"02.04.2024 02:45",0.000,
"02.04.2024 03:00",0.000,
"02.04.2024 03:15",0.000,
"02.04.2024 03:30",0.000,
"02.04.2024 03:45",0.000,
"02.04.2024 04:00",0.000,
"02.04.2024 04:15",0.000,
"02.04.2024 04:30",0.000,
"02.04.2024 04:45",0.000,
"02.04.2024 05:00",0.000,
"02.04.2024 05:15",0.000,
"02.04.2024 05:30",0.000,
"02.04.2024 05:45",0.000,
"02.04.2024 06:00",0.000,
"02.04.2024 06:15",0.000,
"02.04.2024 06:30",0.000,
"02.04.2024 06:45",0.000,
"02.04.2024 07:00",0.000,
"02.04.2024 07:15",0.000,
"02.04.2024 07:30",187.169,
"02.04.2024 07:45",460.900,
"02.04.2024 08:00",827.695,
"02.04.2024 08:15",1319.100,
"02.04.2024 08:30",2359.000,
"02.04.2024 08:45",2370.000,
"02.04.2024 09:00",4119.390,
"02.04.2024 09:15",3180.000,
"02.04.2024 09:30",3213.900,
"02.04.2024 09:45",3327.900,
"02.04.2024 10:00",5255.180,
"02.04.2024 10:15",9281.932,
"02.04.2024 10:30",8242.000,
"02.04.2024 10:45",7911.593,
"02.04.2024 11:00",11263.967,
"02.04.2024 11:15",9785.082,
"02.04.2024 11:30",9998.934,
"02.04.2024 11:45",11119.000,
"02.04.2024 12:00",30003.131,
"02.04.2024 12:15",12514.288,
"02.04.2024 12:30",10991.100,
"02.04.2024 12:45",11499.934,
"02.04.2024 13:00",12792.300,
"02.04.2024 13:15",8086.000,
"02.04.2024 13:30",7149.033,
"02.04.2024 13:45",9834.000,
"02.04.2024 14:00",11374.424,
"02.04.2024 14:15",6536.085,
"02.04.2024 14:30",5383.393,
"02.04.2024 14:45",6116.246,
"02.04.2024 15:00",4950.900,
"02.04.2024 15:15",7530.900,
"02.04.2024 15:30",10222.667,
"02.04.2024 15:45",5651.000,
"02.04.2024 16:00",8133.593,
"02.04.2024 16:15",5272.610,
"02.04.2024 16:30",4314.800,
"02.04.2024 16:45",3724.000,
"02.04.2024 17:00",5128.900,
"02.04.2024 17:15",3689.000,
"02.04.2024 17:30",5215.000,
"02.04.2024 17:45",3651.593,
"02.04.2024 18:00",3486.900,
"02.04.2024 18:15",5116.900,
"02.04.2024 18:30",4005.900,
"02.04.2024 18:45",2808.000,
"02.04.2024 19:00",3773.100,
"02.04.2024 19:15",2339.705,
"02.04.2024 19:30",1150.000,
"02.04.2024 19:45",343.000,
"02.04.2024 20:00",0.000,
"02.04.2024 20:15",0.000,
"02.04.2024 20:30",0.000,
"02.04.2024 20:45",0.000,
"02.04.2024 21:00",0.000,
"02.04.2024 21:15",0.000,
"02.04.2024 21:30",0.000,
"02.04.2024 21:45",0.000,
"02.04.2024 22:00",0.000,
"02.04.2024 22:15",0.000,
"02.04.2024 22:30",0.000,
"02.04.2024 22:45",0.000,
"02.04.2024 23:00",0.000,
"02.04.2024 23:15",0.000,
"02.04.2024 23:30",0.000,
"02.04.2024 23:45",0.000,
"03.04.2024 00:00",0.000,
"03.04.2024 00:15",0.000,
"03.04.2024 00:30",0.000,
"03.04.2024 00:45",0.000,
"03.04.2024 01:00",0.000,
"03.04.2024 01:15",0.000,
"03.04.2024 01:30",0.000,
"03.04.2024 01:45",0.000,
"03.04.2024 02:00",0.000,
"03.04.2024 02:15",0.000,
"03.04.2024 02:30",0.000,
"03.04.2024 02:45",0.000,
"03.04.2024 03:00",0.000,
"03.04.2024 03:15",0.000,
"03.04.2024 03:30",0.000,
"03.04.2024 03:45",0.000,
"03.04.2024 04:00",0.000,
"03.04.2024 04:15",0.000,
"03.04.2024 04:30",0.000,
"03.04.2024 04:45",0.000,
"03.04.2024 05:00",0.000,
"03.04.2024 05:15",0.000,
"03.04.2024 05:30",0.000,
"03.04.2024 05:45",0.000,
"03.04.2024 06:00",0.000,
"03.04.2024 06:15",0.000,
"03.04.2024 06:30",0.000,
"03.04.2024 06:45",196.900,
"03.04.2024 07:00",730.100,
"03.04.2024 07:15",2070.000,
"03.04.2024 07:30",4041.763,
"03.04.2024 07:45",5082.100,
"03.04.2024 08:00",7511.900,
"03.04.2024 08:15",6801.339,
"03.04.2024 08:30",8640.000,
"03.04.2024 08:45",9584.458,
"03.04.2024 09:00",10872.000,
"03.04.2024 09:15",15086.000,
"03.04.2024 09:30",19142.000,
"03.04.2024 09:45",14643.900,
"03.04.2024 10:00",16249.900,
"03.04.2024 10:15",16998.881,
"03.04.2024 10:30",17311.000,
"03.04.2024 10:45",20251.902,
"03.04.2024 11:00",32679.200,
"03.04.2024 11:15",41116.000,
"03.04.2024 11:30",38977.000,
"03.04.2024 11:45",35711.508,
"03.04.2024 12:00",41778.000,
"03.04.2024 12:15",32666.900,
"03.04.2024 12:30",31456.169,
"03.04.2024 12:45",24480.138,
"03.04.2024 13:00",20925.200,
"03.04.2024 13:15",23361.593,
"03.04.2024 13:30",21166.164,
"03.04.2024 13:45",21278.900,
"03.04.2024 14:00",20158.542,
"03.04.2024 14:15",17299.000,
"03.04.2024 14:30",18581.900,
"03.04.2024 14:45",16254.689,
"03.04.2024 15:00",14665.200,
"03.04.2024 15:15",15700.000,
"03.04.2024 15:30",15883.000,
"03.04.2024 15:45",25325.100,
"03.04.2024 16:00",11911.169,
"03.04.2024 16:15",10192.780,
"03.04.2024 16:30",8670.814,
"03.04.2024 16:45",10245.574,
"03.04.2024 17:00",10752.100,
"03.04.2024 17:15",9408.900,
"03.04.2024 17:30",6090.153,
"03.04.2024 17:45",4075.098,
"03.04.2024 18:00",5763.000,
"03.04.2024 18:15",3331.000,
"03.04.2024 18:30",1706.083,
"03.04.2024 18:45",925.738,
"03.04.2024 19:00",1078.100,
"03.04.2024 19:15",1323.627,
"03.04.2024 19:30",272.000,
"03.04.2024 19:45",66.100,
"03.04.2024 20:00",0.000,
"03.04.2024 20:15",0.000,
"03.04.2024 20:30",0.000,
"03.04.2024 20:45",0.000,
"03.04.2024 21:00",0.000,
"03.04.2024 21:15",0.000,
"03.04.2024 21:30",0.000,
"03.04.2024 21:45",0.000,
"03.04.2024 22:00",0.000,
"03.04.2024 22:15",0.000,
"03.04.2024 22:30",0.000,
"03.04.2024 22:45",0.000,
"03.04.2024 23:00",0.000,
"03.04.2024 23:15",0.000,
"03.04.2024 23:30",0.000,
"03.04.2024 23:45",0.000,
"04.04.2024 00:00",0.000,
"04.04.2024 00:15",0.000,
"04.04.2024 00:30",0.000,
"04.04.2024 00:45",0.000,
"04.04.2024 01:00",0.000,
"04.04.2024 01:15",0.000,
"04.04.2024 01:30",0.000,
"04.04.2024 01:45",0.000,
"04.04.2024 02:00",0.000,
"04.04.2024 02:15",0.000,
"04.04.2024 02:30",0.000,
"04.04.2024 02:45",0.000,
"04.04.2024 03:00",0.000,
"04.04.2024 03:15",0.000,
"04.04.2024 03:30",0.000,
"04.04.2024 03:45",0.000,
"04.04.2024 04:00",0.000,
"04.04.2024 04:15",0.000,
"04.04.2024 04:30",0.000,
"04.04.2024 04:45",0.000,
"04.04.2024 05:00",0.000,
"04.04.2024 05:15",0.000,
"04.04.2024 05:30",0.000,
"04.04.2024 05:45",0.000,
"04.04.2024 06:00",0.000,
"04.04.2024 06:15",0.000,
"04.04.2024 06:30",0.000,
"04.04.2024 06:45",0.000,
"04.04.2024 07:00",205.000,
"04.04.2024 07:15",798.900,
"04.04.2024 07:30",2484.000,
"04.04.2024 07:45",3174.900,
"04.04.2024 08:00",4527.200,
"04.04.2024 08:15",9378.000,
"04.04.2024 08:30",7903.034,
"04.04.2024 08:45",9619.100,
"04.04.2024 09:00",19941.885,
"04.04.2024 09:15",9975.016,
"04.04.2024 09:30",21551.900,
"04.04.2024 09:45",21695.115,
"04.04.2024 10:00",32105.169,
"04.04.2024 10:15",15623.000,
"04.04.2024 10:30",16048.852,
"04.04.2024 10:45",14053.983,
"04.04.2024 11:00",11651.407,
"04.04.2024 11:15",12227.475,
"04.04.2024 11:30",8432.800,
"04.04.2024 11:45",11222.900,
"04.04.2024 12:00",10341.576,
"04.04.2024 12:15",16618.000,
"04.04.2024 12:30",15140.590,
"04.04.2024 12:45",13287.000,
"04.04.2024 13:00",5622.131,
"04.04.2024 13:15",4875.900,
"04.04.2024 13:30",4602.900,
"04.04.2024 13:45",3853.000,
"04.04.2024 14:00",3688.729,
"04.04.2024 14:15",3854.541,
"04.04.2024 14:30",8275.900,
"04.04.2024 14:45",5829.754,
"04.04.2024 15:00",10400.576,
"04.04.2024 15:15",7611.082,
"04.04.2024 15:30",7005.390,
"04.04.2024 15:45",5454.000,
"04.04.2024 16:00",5812.738,
"04.04.2024 16:15",9665.098,
"04.04.2024 16:30",3312.738,
"04.04.2024 16:45",5358.017,
"04.04.2024 17:00",6754.800,
"04.04.2024 17:15",9500.000,
"04.04.2024 17:30",15201.407,
"04.04.2024 17:45",1570.900,
"04.04.2024 18:00",3095.100,
"04.04.2024 18:15",5011.344,
"04.04.2024 18:30",6015.900,
"04.04.2024 18:45",4312.900,
"04.04.2024 19:00",981.000,
"04.04.2024 19:15",960.000,
"04.04.2024 19:30",2765.100,
"04.04.2024 19:45",403.100,
"04.04.2024 20:00",0.000,
"04.04.2024 20:15",0.000,
"04.04.2024 20:30",0.000,
"04.04.2024 20:45",0.000,
"04.04.2024 21:00",0.000,
"04.04.2024 21:15",0.000,
"04.04.2024 21:30",0.000,
"04.04.2024 21:45",0.000,
"04.04.2024 22:00",0.000,
"04.04.2024 22:15",0.000,
"04.04.2024 22:30",0.000,
"04.04.2024 22:45",0.000,
"04.04.2024 23:00",0.000,
"04.04.2024 23:15",0.000,
"04.04.2024 23:30",0.000,
"04.04.2024 23:45",0.000,
"05.04.2024 00:00",0.000,
"05.04.2024 00:15",0.000,
"05.04.2024 00:30",0.000,
"05.04.2024 00:45",0.000,
"05.04.2024 01:00",0.000,
"05.04.2024 01:15",0.000,
"05.04.2024 01:30",0.000,
"05.04.2024 01:45",0.000,
"05.04.2024 02:00",0.000,
"05.04.2024 02:15",0.000,
"05.04.2024 02:30",0.000,
"05.04.2024 02:45",-0.450,
"05.04.2024 03:00",0.000,
"05.04.2024 03:15",0.000,
"05.04.2024 03:30",0.000,
"05.04.2024 03:45",0.000,
"05.04.2024 04:00",0.000,
"05.04.2024 04:15",0.000,
"05.04.2024 04:30",0.000,
"05.04.2024 04:45",0.000,
"05.04.2024 05:00",0.000,
"05.04.2024 05:15",0.000,
"05.04.2024 05:30",0.000,
"05.04.2024 05:45",0.000,
"05.04.2024 06:00",0.000,
"05.04.2024 06:15",0.000,
"05.04.2024 06:30",0.000,
"05.04.2024 06:45",0.000,
"05.04.2024 07:00",0.000,
"05.04.2024 07:15",208.000,
"05.04.2024 07:30",533.311,
"05.04.2024 07:45",1527.803,
"05.04.2024 08:00",1461.169,
"05.04.2024 08:15",591.246,
"05.04.2024 08:30",1511.508,
"05.04.2024 08:45",3155.180,
"05.04.2024 09:00",5969.754,
"05.04.2024 09:15",6799.000,
"05.04.2024 09:30",5377.102,
"05.04.2024 09:45",10269.000,
"05.04.2024 10:00",7845.900,
"05.04.2024 10:15",5463.459,
"05.04.2024 10:30",15844.153,
"05.04.2024 10:45",14575.356,
"05.04.2024 11:00",6576.085,
"05.04.2024 11:15",11974.000,
"05.04.2024 11:30",13417.542,
"05.04.2024 11:45",15796.100,
"05.04.2024 12:00",15081.410,
"05.04.2024 12:15",14651.763,
"05.04.2024 12:30",28069.590,
"05.04.2024 12:45",16691.000,
"05.04.2024 13:00",13762.900,
"05.04.2024 13:15",12667.186,
"05.04.2024 13:30",12255.100,
"05.04.2024 13:45",22405.800,
"05.04.2024 14:00",16784.852,
"05.04.2024 14:15",5428.787,
"05.04.2024 14:30",6340.000,
"05.04.2024 14:45",5687.102,
"05.04.2024 15:00",4658.000,
"05.04.2024 15:15",1237.610,
"05.04.2024 15:30",2821.186,
"05.04.2024 15:45",2579.322,
"05.04.2024 16:00",2613.623,
"05.04.2024 16:15",4296.836,
"05.04.2024 16:30",1095.900,
"05.04.2024 16:45",91.700,
"05.04.2024 17:00",7014.000,
"05.04.2024 17:15",20414.900,
"05.04.2024 17:30",19771.900,
"05.04.2024 17:45",9778.951,
"05.04.2024 18:00",2661.000,
"05.04.2024 18:15",11642.967,
"05.04.2024 18:30",7059.900,
"05.04.2024 18:45",3285.100,
"05.04.2024 19:00",1558.000,
"05.04.2024 19:15",1926.085,
"05.04.2024 19:30",514.200,
"05.04.2024 19:45",196.200,
"05.04.2024 20:00",173.949,
"05.04.2024 20:15",0.000,
"05.04.2024 20:30",0.000,
"05.04.2024 20:45",0.000,
"05.04.2024 21:00",0.000,
"05.04.2024 21:15",0.000,
"05.04.2024 21:30",0.000,
"05.04.2024 21:45",0.000,
"05.04.2024 22:00",0.000,
"05.04.2024 22:15",0.000,
"05.04.2024 22:30",0.000,
"05.04.2024 22:45",0.000,
"05.04.2024 23:00",0.000,
"05.04.2024 23:15",0.000,
"05.04.2024 23:30",0.000,
"05.04.2024 23:45",0.000,
"06.04.2024 00:00",0.000,
"06.04.2024 00:15",0.000,
"06.04.2024 00:30",0.000,
"06.04.2024 00:45",0.000,
"06.04.2024 01:00",0.000,
"06.04.2024 01:15",0.000,
"06.04.2024 01:30",0.000,
"06.04.2024 01:45",0.000,
"06.04.2024 02:00",0.000,
"06.04.2024 02:15",0.000,
"06.04.2024 02:30",0.000,
"06.04.2024 02:45",0.000,
"06.04.2024 03:00",0.000,
"06.04.2024 03:15",0.000,
"06.04.2024 03:30",0.000,
"06.04.2024 03:45",0.000,
"06.04.2024 04:00",0.000,
"06.04.2024 04:15",0.000,
"06.04.2024 04:30",0.000,
"06.04.2024 04:45",0.000,
"06.04.2024 05:00",0.000,
"06.04.2024 05:15",0.000,
"06.04.2024 05:30",0.000,
"06.04.2024 05:45",0.000,
"06.04.2024 06:00",0.000,
"06.04.2024 06:15",0.000,
"06.04.2024 06:30",0.000,
"06.04.2024 06:45",0.000,
"06.04.2024 07:00",0.000,
"06.04.2024 07:15",464.100,
"06.04.2024 07:30",1592.967,
"06.04.2024 07:45",1995.100,
"06.04.2024 08:00",4089.852,
"06.04.2024 08:15",4262.271,
"06.04.2024 08:30",12403.000,
"06.04.2024 08:45",14941.000,
"06.04.2024 09:00",18012.900,
"06.04.2024 09:15",18940.443,
"06.04.2024 09:30",16545.000,
"06.04.2024 09:45",23103.131,
"06.04.2024 10:00",29038.729,
"06.04.2024 10:15",21069.180,
"06.04.2024 10:30",20855.000,
"06.04.2024 10:45",18018.900,
"06.04.2024 11:00",18465.082,
"06.04.2024 11:15",37703.100,
"06.04.2024 11:30",34786.000,
"06.04.2024 11:45",42818.000,
"06.04.2024 12:00",50259.100,
"06.04.2024 12:15",26347.900,
"06.04.2024 12:30",49922.780,
"06.04.2024 12:45",33553.017,
"06.04.2024 13:00",31423.459,
"06.04.2024 13:15",23915.262,
"06.04.2024 13:30",22306.780,
"06.04.2024 13:45",23057.000,
"06.04.2024 14:00",23226.016,
"06.04.2024 14:15",22274.100,
"06.04.2024 14:30",19384.831,
"06.04.2024 14:45",20393.100,
"06.04.2024 15:00",42954.033,
"06.04.2024 15:15",40373.373,
"06.04.2024 15:30",39088.900,
"06.04.2024 15:45",24551.100,
"06.04.2024 16:00",19463.000,
"06.04.2024 16:15",15751.932,
"06.04.2024 16:30",13717.100,
"06.04.2024 16:45",15329.237,
"06.04.2024 17:00",13855.590,
"06.04.2024 17:15",17810.590,
"06.04.2024 17:30",17031.000,
"06.04.2024 17:45",13673.100,
"06.04.2024 18:00",12476.721,
"06.04.2024 18:15",8941.339,
"06.04.2024 18:30",6329.869,
"06.04.2024 18:45",5764.000,
"06.04.2024 19:00",4650.407,
"06.04.2024 19:15",2755.000,
"06.04.2024 19:30",1771.984,
"06.04.2024 19:45",682.900,
"06.04.2024 20:00",129.000,
"06.04.2024 20:15",0.000,
"06.04.2024 20:30",0.000,
"06.04.2024 20:45",0.000,
"06.04.2024 21:00",0.000,
"06.04.2024 21:15",0.000,
"06.04.2024 21:30",0.000,
"06.04.2024 21:45",0.000,
"06.04.2024 22:00",0.000,
"06.04.2024 22:15",0.000,
"06.04.2024 22:30",0.000,
"06.04.2024 22:45",0.000,
"06.04.2024 23:00",0.000,
"06.04.2024 23:15",0.000,
"06.04.2024 23:30",0.000,
"06.04.2024 23:45",0.000,
"07.04.2024 00:00",0.000,
"07.04.2024 00:15",0.000,
"07.04.2024 00:30",0.000,
"07.04.2024 00:45",0.000,
"07.04.2024 01:00",0.000,
"07.04.2024 01:15",0.000,
"07.04.2024 01:30",0.000,
"07.04.2024 01:45",0.000,
"07.04.2024 02:00",0.000,
"07.04.2024 02:15",0.000,
"07.04.2024 02:30",0.000,
"07.04.2024 02:45",0.000,
"07.04.2024 03:00",0.000,
"07.04.2024 03:15",0.000,
"07.04.2024 03:30",0.000,
"07.04.2024 03:45",0.000,
"07.04.2024 04:00",0.000,
"07.04.2024 04:15",0.000,
"07.04.2024 04:30",0.000,
"07.04.2024 04:45",0.000,
"07.04.2024 05:00",0.000,
"07.04.2024 05:15",0.000,
"07.04.2024 05:30",0.000,
"07.04.2024 05:45",0.000,
"07.04.2024 06:00",0.000,
"07.04.2024 06:15",0.000,
"07.04.2024 06:30",0.000,
"07.04.2024 06:45",0.000,
"07.04.2024 07:00",0.000,
"07.04.2024 07:15",267.000,
"07.04.2024 07:30",503.000,
"07.04.2024 07:45",512.627,
"07.04.2024 08:00",745.016,
"07.04.2024 08:15",967.869,
"07.04.2024 08:30",432.800,
"07.04.2024 08:45",1553.100,
"07.04.2024 09:00",1262.721,
"07.04.2024 09:15",3170.983,
"07.04.2024 09:30",7054.295,
"07.04.2024 09:45",10006.900,
"07.04.2024 10:00",8301.900,
"07.04.2024 10:15",17666.100,
"07.04.2024 10:30",23881.900,
"07.04.2024 10:45",37500.153,
"07.04.2024 11:00",39668.900,
"07.04.2024 11:15",38820.148,
"07.04.2024 11:30",49749.000,
"07.04.2024 11:45",48524.900,
"07.04.2024 12:00",46317.200,
"07.04.2024 12:15",50870.100,
"07.04.2024 12:30",57395.800,
"07.04.2024 12:45",54719.119,
"07.04.2024 13:00",51263.148,
"07.04.2024 13:15",22338.900,
"07.04.2024 13:30",53359.475,
"07.04.2024 13:45",51610.900,
"07.04.2024 14:00",52429.966,
"07.04.2024 14:15",49341.508,
"07.04.2024 14:30",50987.881,
"07.04.2024 14:45",43077.900,
"07.04.2024 15:00",51247.900,
"07.04.2024 15:15",44246.900,
"07.04.2024 15:30",17519.000,
"07.04.2024 15:45",43628.000,
"07.04.2024 16:00",11240.900,
"07.04.2024 16:15",35767.271,
"07.04.2024 16:30",31501.100,
"07.04.2024 16:45",29301.000,
"07.04.2024 17:00",26457.100,
"07.04.2024 17:15",24000.339,
"07.04.2024 17:30",21869.000,
"07.04.2024 17:45",19015.672,
"07.04.2024 18:00",16719.373,
"07.04.2024 18:15",14252.305,
"07.04.2024 18:30",9445.000,
"07.04.2024 18:45",3378.000,
"07.04.2024 19:00",4022.721,
"07.04.2024 19:15",1638.800,
"07.04.2024 19:30",1697.100,
"07.04.2024 19:45",1027.900,
"07.04.2024 20:00",120.475,
"07.04.2024 20:15",0.000,
"07.04.2024 20:30",0.000,
"07.04.2024 20:45",0.000,
"07.04.2024 21:00",0.000,
"07.04.2024 21:15",0.000,
"07.04.2024 21:30",0.000,
"07.04.2024 21:45",0.000,
"07.04.2024 22:00",0.000,
"07.04.2024 22:15",0.000,
"07.04.2024 22:30",0.000,
"07.04.2024 22:45",0.000,
"07.04.2024 23:00",0.000,
"07.04.2024 23:15",0.000,
"07.04.2024 23:30",0.000,
"07.04.2024 23:45",0.000,
"08.04.2024 00:00",0.000,
"08.04.2024 00:15",0.000,
"08.04.2024 00:30",0.000,
"08.04.2024 00:45",0.000,
"08.04.2024 01:00",0.000,
"08.04.2024 01:15",0.000,
"08.04.2024 01:30",0.000,
"08.04.2024 01:45",0.000,
"08.04.2024 02:00",0.000,
"08.04.2024 02:15",0.000,
"08.04.2024 02:30",0.000,
"08.04.2024 02:45",0.000,
"08.04.2024 03:00",0.000,
"08.04.2024 03:15",0.000,
"08.04.2024 03:30",0.000,
"08.04.2024 03:45",0.000,
"08.04.2024 04:00",0.000,
"08.04.2024 04:15",0.000,
"08.04.2024 04:30",0.000,
"08.04.2024 04:45",0.000,
"08.04.2024 05:00",0.000,
"08.04.2024 05:15",0.000,
"08.04.2024 05:30",0.000,
"08.04.2024 05:45",0.000,
"08.04.2024 06:00",0.000,
"08.04.2024 06:15",0.000,
"08.04.2024 06:30",0.000,
"08.04.2024 06:45",0.000,
"08.04.2024 07:00",172.983,
"08.04.2024 07:15",1358.066,
"08.04.2024 07:30",2223.800,
"08.04.2024 07:45",2158.000,
"08.04.2024 08:00",6624.051,
"08.04.2024 08:15",4996.000,
"08.04.2024 08:30",7710.900,
"08.04.2024 08:45",7388.000,
"08.04.2024 09:00",10139.200,
"08.04.2024 09:15",10997.100,
"08.04.2024 09:30",9933.000,
"08.04.2024 09:45",14969.900,
"08.04.2024 10:00",25177.100,
"08.04.2024 10:15",20090.169,
"08.04.2024 10:30",27563.586,
"08.04.2024 10:45",31267.695,
"08.04.2024 11:00",48268.000,
"08.04.2024 11:15",27245.576,
"08.04.2024 11:30",23867.000,
"08.04.2024 11:45",22613.000,
"08.04.2024 12:00",17039.934,
"08.04.2024 12:15",15111.900,
"08.04.2024 12:30",15867.100,
"08.04.2024 12:45",16334.100,
"08.04.2024 13:00",14488.900,
"08.04.2024 13:15",16885.410,
"08.04.2024 13:30",25874.016,
"08.04.2024 13:45",45236.492,
"08.04.2024 14:00",47802.508,
"08.04.2024 14:15",44913.000,
"08.04.2024 14:30",22734.781,
"08.04.2024 14:45",42122.000,
"08.04.2024 15:00",32746.000,
"08.04.2024 15:15",37502.508,
"08.04.2024 15:30",41203.000,
"08.04.2024 15:45",20725.200,
"08.04.2024 16:00",18522.820,
"08.04.2024 16:15",9970.136,
"08.04.2024 16:30",14777.254,
"08.04.2024 16:45",3443.066,
"08.04.2024 17:00",4908.441,
"08.04.2024 17:15",3257.842,
"08.04.2024 17:30",3231.100,
"08.04.2024 17:45",3230.900,
"08.04.2024 18:00",597.900,
"08.04.2024 18:15",839.951,
"08.04.2024 18:30",420.915,
"08.04.2024 18:45",942.017,
"08.04.2024 19:00",1204.279,
"08.04.2024 19:15",1256.153,
"08.04.2024 19:30",1390.237,
"08.04.2024 19:45",841.932,
"08.04.2024 20:00",0.000,
"08.04.2024 20:15",0.000,
"08.04.2024 20:30",0.000,
"08.04.2024 20:45",0.000,
"08.04.2024 21:00",0.000,
"08.04.2024 21:15",0.000,
"08.04.2024 21:30",0.000,
"08.04.2024 21:45",0.000,
"08.04.2024 22:00",0.000,
"08.04.2024 22:15",0.000,
"08.04.2024 22:30",0.000,
"08.04.2024 22:45",0.000,
"08.04.2024 23:00",0.000,
"08.04.2024 23:15",0.000,
"08.04.2024 23:30",0.000,
"08.04.2024 23:45",0.000,
"09.04.2024 00:00",0.000,
"09.04.2024 00:15",0.000,
"09.04.2024 00:30",0.000,
"09.04.2024 00:45",0.000,
"09.04.2024 01:00",0.000,
"09.04.2024 01:15",0.000,
"09.04.2024 01:30",0.000,
"09.04.2024 01:45",0.000,
"09.04.2024 02:00",0.000,
"09.04.2024 02:15",0.000,
"09.04.2024 02:30",0.000,
"09.04.2024 02:45",0.000,
"09.04.2024 03:00",0.000,
"09.04.2024 03:15",0.000,
"09.04.2024 03:30",0.000,
"09.04.2024 03:45",0.000,
"09.04.2024 04:00",0.000,
"09.04.2024 04:15",0.000,
"09.04.2024 04:30",0.000,
"09.04.2024 04:45",0.000,
"09.04.2024 05:00",0.000,
"09.04.2024 05:15",0.000,
"09.04.2024 05:30",0.000,
"09.04.2024 05:45",0.000,
"09.04.2024 06:00",0.000,
"09.04.2024 06:15",0.000,
"09.04.2024 06:30",0.000,
"09.04.2024 06:45",324.000,
"09.04.2024 07:00",1543.441,
"09.04.2024 07:15",1360.068,
"09.04.2024 07:30",3359.100,
"09.04.2024 07:45",4216.000,
"09.04.2024 08:00",6338.721,
"09.04.2024 08:15",6016.000,
"09.04.2024 08:30",3446.900,
"09.04.2024 08:45",3509.361,
"09.04.2024 09:00",4806.900,
"09.04.2024 09:15",3435.984,
"09.04.2024 09:30",3229.197,
"09.04.2024 09:45",2734.800,
"09.04.2024 10:00",6808.900,
"09.04.2024 10:15",4908.881,
"09.04.2024 10:30",5639.262,
"09.04.2024 10:45",3426.525,
"09.04.2024 11:00",9192.322,
"09.04.2024 11:15",6372.100,
"09.04.2024 11:30",18672.393,
"09.04.2024 11:45",10509.590,
"09.04.2024 12:00",18705.559,
"09.04.2024 12:15",41794.441,
"09.04.2024 12:30",40458.100,
"09.04.2024 12:45",16269.900,
"09.04.2024 13:00",23082.100,
"09.04.2024 13:15",13585.934,
"09.04.2024 13:30",5425.279,
"09.04.2024 13:45",6656.000,
"09.04.2024 14:00",4830.200,
"09.04.2024 14:15",11171.000,
"09.04.2024 14:30",8442.017,
"09.04.2024 14:45",7573.213,
"09.04.2024 15:00",4184.475,
"09.04.2024 15:15",3669.000,
"09.04.2024 15:30",3427.000,
"09.04.2024 15:45",3729.525,
"09.04.2024 16:00",5185.082,
"09.04.2024 16:15",3501.644,
"09.04.2024 16:30",4522.900,
"09.04.2024 16:45",1978.414,
"09.04.2024 17:00",4007.000,
"09.04.2024 17:15",5226.984,
"09.04.2024 17:30",4646.508,
"09.04.2024 17:45",5460.033,
"09.04.2024 18:00",6591.100,
"09.04.2024 18:15",6020.000,
"09.04.2024 18:30",5504.754,
"09.04.2024 18:45",4091.100,
"09.04.2024 19:00",2572.000,
"09.04.2024 19:15",1162.100,
"09.04.2024 19:30",768.852,
"09.04.2024 19:45",387.000,
"09.04.2024 20:00",306.780,
"09.04.2024 20:15",88.000,
"09.04.2024 20:30",0.000,
"09.04.2024 20:45",0.000,
"09.04.2024 21:00",0.000,
"09.04.2024 21:15",0.000,
"09.04.2024 21:30",0.000,
"09.04.2024 21:45",0.000,
"09.04.2024 22:00",0.000,
"09.04.2024 22:15",0.000,
"09.04.2024 22:30",0.000,
"09.04.2024 22:45",0.000,
"09.04.2024 23:00",0.000,
"09.04.2024 23:15",0.000,
"09.04.2024 23:30",0.000,
"09.04.2024 23:45",0.000,
"10.04.2024 00:00",0.000,
"10.04.2024 00:15",0.000,
"10.04.2024 00:30",0.000,
"10.04.2024 00:45",0.000,
"10.04.2024 01:00",0.000,
"10.04.2024 01:15",0.000,
"10.04.2024 01:30",0.000,
"10.04.2024 01:45",0.000,
"10.04.2024 02:00",0.000,
"10.04.2024 02:15",0.000,
"10.04.2024 02:30",0.000,
"10.04.2024 02:45",0.000,
"10.04.2024 03:00",0.000,
"10.04.2024 03:15",0.000,
"10.04.2024 03:30",0.000,
"10.04.2024 03:45",0.000,
"10.04.2024 04:00",0.000,
"10.04.2024 04:15",0.000,
"10.04.2024 04:30",0.000,
"10.04.2024 04:45",0.000,
"10.04.2024 05:00",0.000,
"10.04.2024 05:15",0.000,
"10.04.2024 05:30",0.000,
"10.04.2024 05:45",0.000,
"10.04.2024 06:00",0.000,
"10.04.2024 06:15",0.000,
"10.04.2024 06:30",0.000,
"10.04.2024 06:45",0.000,
"10.04.2024 07:00",104.000,
"10.04.2024 07:15",718.900,
"10.04.2024 07:30",2272.049,
"10.04.2024 07:45",2364.000,
"10.04.2024 08:00",1841.864,
"10.04.2024 08:15",5160.915,
"10.04.2024 08:30",5796.410,
"10.04.2024 08:45",5527.000,
"10.04.2024 09:00",24599.000,
"10.04.2024 09:15",14817.100,
"10.04.2024 09:30",5820.931,
"10.04.2024 09:45",30652.864,
"10.04.2024 10:00",16789.689,
"10.04.2024 10:15",7908.305,
"10.04.2024 10:30",17960.068,
"10.04.2024 10:45",15731.803,
"10.04.2024 11:00",12701.836,
"10.04.2024 11:15",19767.017,
"10.04.2024 11:30",14415.390,
"10.04.2024 11:45",20155.900,
"10.04.2024 12:00",21724.900,
"10.04.2024 12:15",20852.000,
"10.04.2024 12:30",59186.900,
"10.04.2024 12:45",58503.000,
"10.04.2024 13:00",26211.246,
"10.04.2024 13:15",19868.100,
"10.04.2024 13:30",62919.852,
"10.04.2024 13:45",27658.213,
"10.04.2024 14:00",22456.900,
"10.04.2024 14:15",56054.983,
"10.04.2024 14:30",58259.200,
"10.04.2024 14:45",32616.836,
"10.04.2024 15:00",48356.932,
"10.04.2024 15:15",45068.627,
"10.04.2024 15:30",48971.949,
"10.04.2024 15:45",10600.100,
"10.04.2024 16:00",12106.984,
"10.04.2024 16:15",32985.590,
"10.04.2024 16:30",42392.966,
"10.04.2024 16:45",15699.000,
"10.04.2024 17:00",15081.164,
"10.04.2024 17:15",30288.000,
"10.04.2024 17:30",20590.918,
"10.04.2024 17:45",7728.000,
"10.04.2024 18:00",6753.900,
"10.04.2024 18:15",6815.900,
"10.04.2024 18:30",4781.900,
"10.04.2024 18:45",4425.068,
"10.04.2024 19:00",5314.426,
"10.04.2024 19:15",3153.100,
"10.04.2024 19:30",2244.672,
"10.04.2024 19:45",1448.525,
"10.04.2024 20:00",601.000,
"10.04.2024 20:15",0.000,
"10.04.2024 20:30",0.000,
"10.04.2024 20:45",0.000,
"10.04.2024 21:00",0.000,
"10.04.2024 21:15",0.000,
"10.04.2024 21:30",0.000,
"10.04.2024 21:45",0.000,
"10.04.2024 22:00",0.000,
"10.04.2024 22:15",0.000,
"10.04.2024 22:30",0.000,
"10.04.2024 22:45",0.000,
"10.04.2024 23:00",0.000,
"10.04.2024 23:15",0.000,
"10.04.2024 23:30",0.000,
"10.04.2024 23:45",0.000,
"11.04.2024 00:00",0.000,
"11.04.2024 00:15",0.000,
"11.04.2024 00:30",0.000,
"11.04.2024 00:45",0.000,
"11.04.2024 01:00",0.000,
"11.04.2024 01:15",0.000,
"11.04.2024 01:30",0.000,
"11.04.2024 01:45",0.000,
"11.04.2024 02:00",0.000,
"11.04.2024 02:15",0.000,
"11.04.2024 02:30",0.000,
"11.04.2024 02:45",0.000,
"11.04.2024 03:00",0.000,
"11.04.2024 03:15",0.000,
"11.04.2024 03:30",0.000,
"11.04.2024 03:45",0.000,
"11.04.2024 04:00",0.000,
"11.04.2024 04:15",0.000,
"11.04.2024 04:30",0.000,
"11.04.2024 04:45",0.000,
"11.04.2024 05:00",0.000,
"11.04.2024 05:15",0.000,
"11.04.2024 05:30",0.000,
"11.04.2024 05:45",0.000,
"11.04.2024 06:00",0.000,
"11.04.2024 06:15",0.000,
"11.04.2024 06:30",0.000,
"11.04.2024 06:45",0.000,
"11.04.2024 07:00",0.000,
"11.04.2024 07:15",244.100,
"11.04.2024 07:30",956.000,
"11.04.2024 07:45",975.000,
"11.04.2024 08:00",922.763,
"11.04.2024 08:15",2301.000,
"11.04.2024 08:30",2109.000,
"11.04.2024 08:45",2475.831,
"11.04.2024 09:00",4519.475,
"11.04.2024 09:15",7326.780,
"11.04.2024 09:30",5639.689,
"11.04.2024 09:45",6014.915,
"11.04.2024 10:00",3607.311,
"11.04.2024 10:15",2911.475,
"11.04.2024 10:30",2902.000,
"11.04.2024 10:45",4454.100,
"11.04.2024 11:00",2254.729,
"11.04.2024 11:15",4709.915,
"11.04.2024 11:30",3028.689,
"11.04.2024 11:45",7241.000,
"11.04.2024 12:00",4229.136,
"11.04.2024 12:15",3784.100,
"11.04.2024 12:30",9295.033,
"11.04.2024 12:45",5571.100,
"11.04.2024 13:00",7281.800,
"11.04.2024 13:15",5009.951,
"11.04.2024 13:30",7920.322,
"11.04.2024 13:45",5160.100,
"11.04.2024 14:00",8360.000,
"11.04.2024 14:15",8424.100,
"11.04.2024 14:30",7225.000,
"11.04.2024 14:45",4351.000,
"11.04.2024 15:00",3476.339,
"11.04.2024 15:15",3526.833,
"11.04.2024 15:30",3545.902,
"11.04.2024 15:45",4540.200,
"11.04.2024 16:00",5167.000,
"11.04.2024 16:15",5819.852,
"11.04.2024 16:30",2864.200,
"11.04.2024 16:45",3585.000,
"11.04.2024 17:00",2672.492,
"11.04.2024 17:15",4672.508,
"11.04.2024 17:30",4711.900,
"11.04.2024 17:45",3013.475,
"11.04.2024 18:00",1274.167,
"11.04.2024 18:15",2217.186,
"11.04.2024 18:30",2133.797,
"11.04.2024 18:45",833.230,
"11.04.2024 19:00",1218.295,
"11.04.2024 19:15",1337.574,
"11.04.2024 19:30",575.200,
"11.04.2024 19:45",324.000,
"11.04.2024 20:00",7.800,
"11.04.2024 20:15",0.000,
"11.04.2024 20:30",0.000,
"11.04.2024 20:45",0.000,
"11.04.2024 21:00",0.000,
"11.04.2024 21:15",0.000,
"11.04.2024 21:30",0.000,
"11.04.2024 21:45",0.000,
"11.04.2024 22:00",0.000,
"11.04.2024 22:15",0.000,
"11.04.2024 22:30",0.000,
"11.04.2024 22:45",0.000,
"11.04.2024 23:00",0.000,
"11.04.2024 23:15",0.000,
"11.04.2024 23:30",0.000,
"11.04.2024 23:45",0.000,
"12.04.2024 00:00",0.000,
"12.04.2024 00:15",0.000,
"12.04.2024 00:30",0.000,
"12.04.2024 00:45",0.000,
"12.04.2024 01:00",0.000,
"12.04.2024 01:15",0.000,
"12.04.2024 01:30",0.000,
"12.04.2024 01:45",0.000,
"12.04.2024 02:00",0.000,
"12.04.2024 02:15",0.000,
"12.04.2024 02:30",0.000,
"12.04.2024 02:45",0.000,
"12.04.2024 03:00",0.000,
"12.04.2024 03:15",0.000,
"12.04.2024 03:30",0.000,
"12.04.2024 03:45",0.000,
"12.04.2024 04:00",0.000,
"12.04.2024 04:15",0.000,
"12.04.2024 04:30",0.000,
"12.04.2024 04:45",0.000,
"12.04.2024 05:00",0.000,
"12.04.2024 05:15",0.000,
"12.04.2024 05:30",0.000,
"12.04.2024 05:45",0.000,
"12.04.2024 06:00",0.000,
"12.04.2024 06:15",0.000,
"12.04.2024 06:30",0.000,
"12.04.2024 06:45",0.000,
"12.04.2024 07:00",0.000,
"12.04.2024 07:15",556.000,
"12.04.2024 07:30",1598.100,
"12.04.2024 07:45",967.695,
"12.04.2024 08:00",4324.068,
"12.04.2024 08:15",5756.169,
"12.04.2024 08:30",8846.100,
"12.04.2024 08:45",5016.322,
"12.04.2024 09:00",2269.934,
"12.04.2024 09:15",19800.100,
"12.04.2024 09:30",17106.000,
"12.04.2024 09:45",11465.100,
"12.04.2024 10:00",8531.900,
"12.04.2024 10:15",6476.864,
"12.04.2024 10:30",11950.100,
"12.04.2024 10:45",8292.017,
"12.04.2024 11:00",5097.864,
"12.04.2024 11:15",14058.459,
"12.04.2024 11:30",11339.966,
"12.04.2024 11:45",5078.459,
"12.04.2024 12:00",5841.066,
"12.04.2024 12:15",4455.000,
"12.04.2024 12:30",5927.721,
"12.04.2024 12:45",8741.508,
"12.04.2024 13:00",8881.000,
"12.04.2024 13:15",5637.373,
"12.04.2024 13:30",6782.271,
"12.04.2024 13:45",3000.508,
"12.04.2024 14:00",6094.881,
"12.04.2024 14:15",3413.085,
"12.04.2024 14:30",5642.721,
"12.04.2024 14:45",5594.000,
"12.04.2024 15:00",9230.328,
"12.04.2024 15:15",14322.705,
"12.04.2024 15:30",13747.695,
"12.04.2024 15:45",13263.525,
"12.04.2024 16:00",14789.000,
"12.04.2024 16:15",34821.000,
"12.04.2024 16:30",18766.814,
"12.04.2024 16:45",17679.051,
"12.04.2024 17:00",15191.100,
"12.04.2024 17:15",15037.639,
"12.04.2024 17:30",12231.164,
"12.04.2024 17:45",10676.900,
"12.04.2024 18:00",9962.000,
"12.04.2024 18:15",9152.915,
"12.04.2024 18:30",7593.900,
"12.04.2024 18:45",6521.000,
"12.04.2024 19:00",4808.000,
"12.04.2024 19:15",3942.100,
"12.04.2024 19:30",2553.780,
"12.04.2024 19:45",1392.017,
"12.04.2024 20:00",481.169,
"12.04.2024 20:15",0.000,
"12.04.2024 20:30",0.000,
"12.04.2024 20:45",0.000,
"12.04.2024 21:00",0.000,
"12.04.2024 21:15",0.000,
"12.04.2024 21:30",0.000,
"12.04.2024 21:45",0.000,
"12.04.2024 22:00",0.000,
"12.04.2024 22:15",0.000,
"12.04.2024 22:30",0.000,
"12.04.2024 22:45",0.000,
"12.04.2024 23:00",0.000,
"12.04.2024 23:15",0.000,
"12.04.2024 23:30",0.000,
"12.04.2024 23:45",0.000,
"13.04.2024 00:00",0.000,
"13.04.2024 00:15",0.000,
"13.04.2024 00:30",0.000,
"13.04.2024 00:45",0.000,
"13.04.2024 01:00",0.000,
"13.04.2024 01:15",0.000,
"13.04.2024 01:30",0.000,
"13.04.2024 01:45",0.000,
"13.04.2024 02:00",0.000,
"13.04.2024 02:15",0.000,
"13.04.2024 02:30",0.000,
"13.04.2024 02:45",0.000,
"13.04.2024 03:00",0.000,
"13.04.2024 03:15",0.000,
"13.04.2024 03:30",0.000,
"13.04.2024 03:45",0.000,
"13.04.2024 04:00",0.000,
"13.04.2024 04:15",0.000,
"13.04.2024 04:30",0.000,
"13.04.2024 04:45",0.000,
"13.04.2024 05:00",0.000,
"13.04.2024 05:15",0.000,
"13.04.2024 05:30",0.000,
"13.04.2024 05:45",0.000,
"13.04.2024 06:00",0.000,
"13.04.2024 06:15",0.000,
"13.04.2024 06:30",0.000,
"13.04.2024 06:45",672.000,
"13.04.2024 07:00",1332.932,
"13.04.2024 07:15",3860.100,
"13.04.2024 07:30",6341.322,
"13.04.2024 07:45",6719.800,
"13.04.2024 08:00",8422.475,
"13.04.2024 08:15",11791.918,
"13.04.2024 08:30",8494.770,
"13.04.2024 08:45",17172.712,
"13.04.2024 09:00",13080.000,
"13.04.2024 09:15",14631.847,
"13.04.2024 09:30",10962.066,
"13.04.2024 09:45",18135.237,
"13.04.2024 10:00",21933.100,
"13.04.2024 10:15",26707.000,
"13.04.2024 10:30",25453.871,
"13.04.2024 10:45",31360.574,
"13.04.2024 11:00",46374.525,
"13.04.2024 11:15",33245.197,
"13.04.2024 11:30",34876.311,
"13.04.2024 11:45",43636.915,
"13.04.2024 12:00",41537.000,
"13.04.2024 12:15",41942.869,
"13.04.2024 12:30",34715.559,
"13.04.2024 12:45",36054.836,
"13.04.2024 13:00",29641.000,
"13.04.2024 13:15",24861.230,
"13.04.2024 13:30",40133.000,
"13.04.2024 13:45",44833.525,
"13.04.2024 14:00",25832.797,
"13.04.2024 14:15",29393.213,
"13.04.2024 14:30",48525.344,
"13.04.2024 14:45",26086.900,
"13.04.2024 15:00",34044.559,
"13.04.2024 15:15",34987.000,
"13.04.2024 15:30",33083.900,
"13.04.2024 15:45",34866.254,
"13.04.2024 16:00",28622.900,
"13.04.2024 16:15",27110.410,
"13.04.2024 16:30",19076.833,
"13.04.2024 16:45",23306.900,
"13.04.2024 17:00",17320.000,
"13.04.2024 17:15",16282.100,
"13.04.2024 17:30",16601.083,
"13.04.2024 17:45",11775.390,
"13.04.2024 18:00",9851.100,
"13.04.2024 18:15",8806.000,
"13.04.2024 18:30",7515.390,
"13.04.2024 18:45",5526.900,
"13.04.2024 19:00",4698.967,
"13.04.2024 19:15",3292.900,
"13.04.2024 19:30",1995.200,
"13.04.2024 19:45",1160.100,
"13.04.2024 20:00",339.100,
"13.04.2024 20:15",0.000,
"13.04.2024 20:30",0.000,
"13.04.2024 20:45",0.000,
"13.04.2024 21:00",0.000,
"13.04.2024 21:15",0.000,
"13.04.2024 21:30",0.000,
"13.04.2024 21:45",0.000,
"13.04.2024 22:00",0.000,
"13.04.2024 22:15",0.000,
"13.04.2024 22:30",0.000,
"13.04.2024 22:45",0.000,
"13.04.2024 23:00",0.000,
"13.04.2024 23:15",0.000,
"13.04.2024 23:30",0.000,
"13.04.2024 23:45",0.000,
"14.04.2024 00:00",0.000,
"14.04.2024 00:15",0.000,
"14.04.2024 00:30",0.000,
"14.04.2024 00:45",0.000,
"14.04.2024 01:00",0.000,
"14.04.2024 01:15",0.000,
"14.04.2024 01:30",0.000,
"14.04.2024 01:45",0.000,
"14.04.2024 02:00",0.000,
"14.04.2024 02:15",0.000,
"14.04.2024 02:30",0.000,
"14.04.2024 02:45",0.000,
"14.04.2024 03:00",0.000,
"14.04.2024 03:15",0.000,
"14.04.2024 03:30",0.000,
"14.04.2024 03:45",0.000,
"14.04.2024 04:00",0.000,
"14.04.2024 04:15",0.000,
"14.04.2024 04:30",0.000,
"14.04.2024 04:45",0.000,
"14.04.2024 05:00",0.000,
"14.04.2024 05:15",0.000,
"14.04.2024 05:30",0.000,
"14.04.2024 05:45",0.000,
"14.04.2024 06:00",0.000,
"14.04.2024 06:15",0.000,
"14.04.2024 06:30",317.738,
"14.04.2024 06:45",994.311,
"14.04.2024 07:00",1843.100,
"14.04.2024 07:15",2844.918,
"14.04.2024 07:30",5294.197,
"14.04.2024 07:45",7459.100,
"14.04.2024 08:00",11339.915,
"14.04.2024 08:15",9014.900,
"14.04.2024 08:30",18177.373,
"14.04.2024 08:45",16634.542,
"14.04.2024 09:00",19374.934,
"14.04.2024 09:15",25856.984,
"14.04.2024 09:30",31398.200,
"14.04.2024 09:45",31596.000,
"14.04.2024 10:00",17196.738,
"14.04.2024 10:15",18522.800,
"14.04.2024 10:30",14557.000,
"14.04.2024 10:45",46794.900,
"14.04.2024 11:00",45509.590,
"14.04.2024 11:15",14593.639,
"14.04.2024 11:30",46551.322,
"14.04.2024 11:45",21729.100,
"14.04.2024 12:00",29127.000,
"14.04.2024 12:15",28702.797,
"14.04.2024 12:30",16186.576,
"14.04.2024 12:45",24113.119,
"14.04.2024 13:00",56370.000,
"14.04.2024 13:15",54917.667,
"14.04.2024 13:30",64347.356,
"14.04.2024 13:45",14364.800,
"14.04.2024 14:00",55457.000,
"14.04.2024 14:15",58381.672,
"14.04.2024 14:30",51232.424,
"14.04.2024 14:45",26752.000,
"14.04.2024 15:00",19767.100,
"14.04.2024 15:15",11322.508,
"14.04.2024 15:30",13732.000,
"14.04.2024 15:45",12104.918,
"14.04.2024 16:00",7761.763,
"14.04.2024 16:15",14136.000,
"14.04.2024 16:30",16152.800,
"14.04.2024 16:45",22065.100,
"14.04.2024 17:00",13960.000,
"14.04.2024 17:15",30001.169,
"14.04.2024 17:30",28175.100,
"14.04.2024 17:45",29873.100,
"14.04.2024 18:00",8810.000,
"14.04.2024 18:15",9220.100,
"14.04.2024 18:30",8239.000,
"14.04.2024 18:45",5628.900,
"14.04.2024 19:00",3830.000,
"14.04.2024 19:15",2391.100,
"14.04.2024 19:30",1415.000,
"14.04.2024 19:45",1215.300,
"14.04.2024 20:00",486.000,
"14.04.2024 20:15",248.361,
"14.04.2024 20:30",0.000,
"14.04.2024 20:45",0.000,
"14.04.2024 21:00",0.000,
"14.04.2024 21:15",0.000,
"14.04.2024 21:30",0.000,
"14.04.2024 21:45",0.000,
"14.04.2024 22:00",0.000,
"14.04.2024 22:15",0.000,
"14.04.2024 22:30",0.000,
"14.04.2024 22:45",0.000,
"14.04.2024 23:00",0.000,
"14.04.2024 23:15",0.000,
"14.04.2024 23:30",0.000,
"14.04.2024 23:45",0.000,
"15.04.2024 00:00",0.000,
"15.04.2024 00:15",0.000,
"15.04.2024 00:30",0.000,
"15.04.2024 00:45",0.000,
"15.04.2024 01:00",0.000,
"15.04.2024 01:15",0.000,
"15.04.2024 01:30",0.000,
"15.04.2024 01:45",0.000,
"15.04.2024 02:00",0.000,
"15.04.2024 02:15",0.000,
"15.04.2024 02:30",0.000,
"15.04.2024 02:45",0.000,
"15.04.2024 03:00",0.000,
"15.04.2024 03:15",0.000,
"15.04.2024 03:30",0.000,
"15.04.2024 03:45",0.000,
"15.04.2024 04:00",0.000,
"15.04.2024 04:15",0.000,
"15.04.2024 04:30",0.000,
"15.04.2024 04:45",0.000,
"15.04.2024 05:00",0.000,
"15.04.2024 05:15",0.000,
"15.04.2024 05:30",0.000,
"15.04.2024 05:45",0.000,
"15.04.2024 06:00",0.000,
"15.04.2024 06:15",0.000,
"15.04.2024 06:30",346.000,
"15.04.2024 06:45",1230.100,
"15.04.2024 07:00",3348.763,
"15.04.2024 07:15",3639.934,
"15.04.2024 07:30",6430.900,
"15.04.2024 07:45",10142.000,
"15.04.2024 08:00",12030.000,
"15.04.2024 08:15",14442.100,
"15.04.2024 08:30",17200.344,
"15.04.2024 08:45",15895.000,
"15.04.2024 09:00",23055.800,
"15.04.2024 09:15",25704.966,
"15.04.2024 09:30",33634.250,
"15.04.2024 09:45",23064.672,
"15.04.2024 10:00",22657.780,
"15.04.2024 10:15",36903.967,
"15.04.2024 10:30",40366.153,
"15.04.2024 10:45",42471.410,
"15.04.2024 11:00",21041.100,
"15.04.2024 11:15",19782.230,
"15.04.2024 11:30",16363.213,
"15.04.2024 11:45",20944.590,
"15.04.2024 12:00",14321.100,
"15.04.2024 12:15",21097.900,
"15.04.2024 12:30",29093.900,
"15.04.2024 12:45",33430.164,
"15.04.2024 13:00",49115.100,
"15.04.2024 13:15",18412.441,
"15.04.2024 13:30",5357.000,
"15.04.2024 13:45",9503.951,
"15.04.2024 14:00",12050.361,
"15.04.2024 14:15",25353.271,
"15.04.2024 14:30",11851.169,
"15.04.2024 14:45",7542.017,
"15.04.2024 15:00",6719.200,
"15.04.2024 15:15",14943.900,
"15.04.2024 15:30",10682.148,
"15.04.2024 15:45",19823.220,
"15.04.2024 16:00",16728.033,
"15.04.2024 16:15",8283.700,
"15.04.2024 16:30",25920.237,
"15.04.2024 16:45",15162.900,
"15.04.2024 17:00",13219.016,
"15.04.2024 17:15",12930.000,
"15.04.2024 17:30",6084.900,
"15.04.2024 17:45",4032.000,
"15.04.2024 18:00",3691.000,
"15.04.2024 18:15",5015.593,
"15.04.2024 18:30",119.262,
"15.04.2024 18:45",998.000,
"15.04.2024 19:00",985.800,
"15.04.2024 19:15",391.169,
"15.04.2024 19:30",592.593,
"15.04.2024 19:45",227.847,
"15.04.2024 20:00",0.000,
"15.04.2024 20:15",0.000,
"15.04.2024 20:30",0.000,
"15.04.2024 20:45",0.000,
"15.04.2024 21:00",0.000,
"15.04.2024 21:15",0.000,
"15.04.2024 21:30",0.000,
"15.04.2024 21:45",0.000,
"15.04.2024 22:00",0.000,
"15.04.2024 22:15",0.000,
"15.04.2024 22:30",0.000,
"15.04.2024 22:45",0.000,
"15.04.2024 23:00",0.000,
"15.04.2024 23:15",0.000,
"15.04.2024 23:30",0.000,
"15.04.2024 23:45",0.000,
"16.04.2024 00:00",0.000,
"16.04.2024 00:15",0.000,
"16.04.2024 00:30",0.000,
"16.04.2024 00:45",0.000,
"16.04.2024 01:00",0.000,
"16.04.2024 01:15",0.000,
"16.04.2024 01:30",0.000,
"16.04.2024 01:45",0.000,
"16.04.2024 02:00",0.000,
"16.04.2024 02:15",0.000,
"16.04.2024 02:30",0.000,
"16.04.2024 02:45",0.000,
"16.04.2024 03:00",0.000,
"16.04.2024 03:15",0.000,
"16.04.2024 03:30",0.000,
"16.04.2024 03:45",0.000,
"16.04.2024 04:00",0.000,
"16.04.2024 04:15",0.000,
"16.04.2024 04:30",0.000,
"16.04.2024 04:45",0.000,
"16.04.2024 05:00",0.000,
"16.04.2024 05:15",0.000,
"16.04.2024 05:30",0.000,
"16.04.2024 05:45",0.000,
"16.04.2024 06:00",0.000,
"16.04.2024 06:15",0.000,
"16.04.2024 06:30",0.000,
"16.04.2024 06:45",187.900,
"16.04.2024 07:00",645.197,
"16.04.2024 07:15",1760.100,
"16.04.2024 07:30",2941.900,
"16.04.2024 07:45",3415.361,
"16.04.2024 08:00",4060.322,
"16.04.2024 08:15",6224.770,
"16.04.2024 08:30",10372.803,
"16.04.2024 08:45",9486.000,
"16.04.2024 09:00",10470.100,
"16.04.2024 09:15",9204.900,
"16.04.2024 09:30",12218.800,
"16.04.2024 09:45",9598.885,
"16.04.2024 10:00",5738.610,
"16.04.2024 10:15",2647.200,
"16.04.2024 10:30",6883.780,
"16.04.2024 10:45",15541.918,
"16.04.2024 11:00",18187.100,
"16.04.2024 11:15",9070.900,
"16.04.2024 11:30",9061.100,
"16.04.2024 11:45",7178.000,
"16.04.2024 12:00",9498.100,
"16.04.2024 12:15",18466.262,
"16.04.2024 12:30",20815.900,
"16.04.2024 12:45",28117.803,
"16.04.2024 13:00",16458.100,
"16.04.2024 13:15",17470.831,
"16.04.2024 13:30",14428.068,
"16.04.2024 13:45",17441.085,
"16.04.2024 14:00",18341.593,
"16.04.2024 14:15",19972.254,
"16.04.2024 14:30",16262.000,
"16.04.2024 14:45",18996.100,
"16.04.2024 15:00",21304.951,
"16.04.2024 15:15",59274.900,
"16.04.2024 15:30",26584.373,
"16.04.2024 15:45",22934.361,
"16.04.2024 16:00",42469.525,
"16.04.2024 16:15",9401.200,
"16.04.2024 16:30",8213.034,
"16.04.2024 16:45",18394.869,
"16.04.2024 17:00",11111.100,
"16.04.2024 17:15",39196.000,
"16.04.2024 17:30",8206.900,
"16.04.2024 17:45",2568.967,
"16.04.2024 18:00",3078.689,
"16.04.2024 18:15",7462.712,
"16.04.2024 18:30",6888.934,
"16.04.2024 18:45",2535.900,
"16.04.2024 19:00",3397.200,
"16.04.2024 19:15",4342.000,
"16.04.2024 19:30",3428.705,
"16.04.2024 19:45",3307.000,
"16.04.2024 20:00",1198.885,
"16.04.2024 20:15",307.066,
"16.04.2024 20:30",0.000,
"16.04.2024 20:45",0.000,
"16.04.2024 21:00",0.000,
"16.04.2024 21:15",0.000,
"16.04.2024 21:30",0.000,
"16.04.2024 21:45",0.000,
"16.04.2024 22:00",0.000,
"16.04.2024 22:15",0.000,
"16.04.2024 22:30",0.000,
"16.04.2024 22:45",0.000,
"16.04.2024 23:00",0.000,
"16.04.2024 23:15",0.000,
"16.04.2024 23:30",0.000,
"16.04.2024 23:45",0.000,
"17.04.2024 00:00",0.000,
"17.04.2024 00:15",0.000,
"17.04.2024 00:30",0.000,
"17.04.2024 00:45",0.000,
"17.04.2024 01:00",0.000,
"17.04.2024 01:15",0.000,
"17.04.2024 01:30",0.000,
"17.04.2024 01:45",0.000,
"17.04.2024 02:00",0.000,
"17.04.2024 02:15",0.000,
"17.04.2024 02:30",0.000,
"17.04.2024 02:45",0.000,
"17.04.2024 03:00",0.000,
"17.04.2024 03:15",0.000,
"17.04.2024 03:30",0.000,
"17.04.2024 03:45",0.000,
"17.04.2024 04:00",0.000,
"17.04.2024 04:15",0.000,
"17.04.2024 04:30",0.000,
"17.04.2024 04:45",0.000,
"17.04.2024 05:00",0.000,
"17.04.2024 05:15",0.000,
"17.04.2024 05:30",0.000,
"17.04.2024 05:45",0.000,
"17.04.2024 06:00",0.000,
"17.04.2024 06:15",132.300,
"17.04.2024 06:30",723.525,
"17.04.2024 06:45",1780.295,
"17.04.2024 07:00",2526.000,
"17.04.2024 07:15",4169.279,
"17.04.2024 07:30",8348.100,
"17.04.2024 07:45",11902.393,
"17.04.2024 08:00",14572.148,
"17.04.2024 08:15",16186.900,
"17.04.2024 08:30",8179.000,
"17.04.2024 08:45",26138.033,
"17.04.2024 09:00",26768.000,
"17.04.2024 09:15",13586.000,
"17.04.2024 09:30",31522.610,
"17.04.2024 09:45",31523.279,
"17.04.2024 10:00",12562.000,
"17.04.2024 10:15",19091.000,
"17.04.2024 10:30",43964.800,
"17.04.2024 10:45",15327.100,
"17.04.2024 11:00",11882.000,
"17.04.2024 11:15",9733.049,
"17.04.2024 11:30",57712.000,
"17.04.2024 11:45",14981.100,
"17.04.2024 12:00",57016.738,
"17.04.2024 12:15",61670.000,
"17.04.2024 12:30",16416.900,
"17.04.2024 12:45",66202.967,
"17.04.2024 13:00",34494.831,
"17.04.2024 13:15",19134.627,
"17.04.2024 13:30",10321.763,
"17.04.2024 13:45",15972.100,
"17.04.2024 14:00",19711.900,
"17.04.2024 14:15",19994.800,
"17.04.2024 14:30",12470.390,
"17.04.2024 14:45",60813.311,
"17.04.2024 15:00",18325.197,
"17.04.2024 15:15",48027.100,
"17.04.2024 15:30",40057.311,
"17.04.2024 15:45",35771.902,
"17.04.2024 16:00",11759.881,
"17.04.2024 16:15",10832.082,
"17.04.2024 16:30",15207.780,
"17.04.2024 16:45",5729.153,
"17.04.2024 17:00",2215.900,
"17.04.2024 17:15",3999.627,
"17.04.2024 17:30",5864.000,
"17.04.2024 17:45",4724.918,
"17.04.2024 18:00",6279.000,
"17.04.2024 18:15",5263.237,
"17.04.2024 18:30",3715.100,
"17.04.2024 18:45",3779.115,
"17.04.2024 19:00",3795.262,
"17.04.2024 19:15",3796.000,
"17.04.2024 19:30",3918.131,
"17.04.2024 19:45",4903.900,
"17.04.2024 20:00",3199.800,
"17.04.2024 20:15",1124.100,
"17.04.2024 20:30",272.864,
"17.04.2024 20:45",0.000,
"17.04.2024 21:00",0.000,
"17.04.2024 21:15",0.000,
"17.04.2024 21:30",0.000,
"17.04.2024 21:45",0.000,
"17.04.2024 22:00",0.000,
"17.04.2024 22:15",0.000,
"17.04.2024 22:30",0.000,
"17.04.2024 22:45",0.000,
"17.04.2024 23:00",0.000,
"17.04.2024 23:15",0.000,
"17.04.2024 23:30",0.000,
"17.04.2024 23:45",0.000,
"18.04.2024 00:00",0.000,
"18.04.2024 00:15",0.000,
"18.04.2024 00:30",0.000,
"18.04.2024 00:45",0.000,
"18.04.2024 01:00",0.000,
"18.04.2024 01:15",0.000,
"18.04.2024 01:30",0.000,
"18.04.2024 01:45",0.000,
"18.04.2024 02:00",0.000,
"18.04.2024 02:15",0.000,
"18.04.2024 02:30",0.000,
"18.04.2024 02:45",0.000,
"18.04.2024 03:00",0.000,
"18.04.2024 03:15",0.000,
"18.04.2024 03:30",0.000,
"18.04.2024 03:45",0.000,
"18.04.2024 04:00",0.000,
"18.04.2024 04:15",0.000,
"18.04.2024 04:30",0.000,
"18.04.2024 04:45",0.000,
"18.04.2024 05:00",0.000,
"18.04.2024 05:15",0.000,
"18.04.2024 05:30",0.000,
"18.04.2024 05:45",0.000,
"18.04.2024 06:00",0.000,
"18.04.2024 06:15",135.458,
"18.04.2024 06:30",723.951,
"18.04.2024 06:45",1481.153,
"18.04.2024 07:00",2848.459,
"18.04.2024 07:15",4236.803,
"18.04.2024 07:30",6864.000,
"18.04.2024 07:45",10389.288,
"18.04.2024 08:00",13340.593,
"18.04.2024 08:15",15855.197,
"18.04.2024 08:30",15532.000,
"18.04.2024 08:45",20706.000,
"18.04.2024 09:00",24130.492,
"18.04.2024 09:15",28048.203,
"18.04.2024 09:30",37132.800,
"18.04.2024 09:45",32889.443,
"18.04.2024 10:00",34751.800,
"18.04.2024 10:15",24968.000,
"18.04.2024 10:30",24085.900,
"18.04.2024 10:45",53248.712,
"18.04.2024 11:00",8447.525,
"18.04.2024 11:15",57766.754,
"18.04.2024 11:30",9552.393,
"18.04.2024 11:45",50362.678,
"18.04.2024 12:00",50297.017,
"18.04.2024 12:15",45291.407,
"18.04.2024 12:30",13066.148,
"18.04.2024 12:45",17441.100,
"18.04.2024 13:00",22838.900,
"18.04.2024 13:15",27734.689,
"18.04.2024 13:30",10408.770,
"18.04.2024 13:45",30197.951,
"18.04.2024 14:00",50412.951,
"18.04.2024 14:15",16766.900,
"18.04.2024 14:30",25921.000,
"18.04.2024 14:45",17140.800,
"18.04.2024 15:00",25610.000,
"18.04.2024 15:15",27479.443,
"18.04.2024 15:30",21289.000,
"18.04.2024 15:45",19756.148,
"18.04.2024 16:00",13753.900,
"18.04.2024 16:15",15237.763,
"18.04.2024 16:30",12366.574,
"18.04.2024 16:45",30151.917,
"18.04.2024 17:00",28605.831,
"18.04.2024 17:15",19033.458,
"18.04.2024 17:30",14155.000,
"18.04.2024 17:45",10606.900,
"18.04.2024 18:00",7671.180,
"18.04.2024 18:15",5422.102,
"18.04.2024 18:30",3120.262,
"18.04.2024 18:45",7250.900,
"18.04.2024 19:00",4218.377,
"18.04.2024 19:15",1470.100,
"18.04.2024 19:30",3469.000,
"18.04.2024 19:45",904.852,
"18.04.2024 20:00",252.984,
"18.04.2024 20:15",0.000,
"18.04.2024 20:30",0.000,
"18.04.2024 20:45",0.000,
"18.04.2024 21:00",0.000,
"18.04.2024 21:15",0.000,
"18.04.2024 21:30",0.000,
"18.04.2024 21:45",0.000,
"18.04.2024 22:00",0.000,
"18.04.2024 22:15",0.000,
"18.04.2024 22:30",0.000,
"18.04.2024 22:45",0.000,
"18.04.2024 23:00",0.000,
"18.04.2024 23:15",0.000,
"18.04.2024 23:30",0.000,
"18.04.2024 23:45",0.000,
"19.04.2024 00:00",0.000,
"19.04.2024 00:15",0.000,
"19.04.2024 00:30",0.000,
"19.04.2024 00:45",0.000,
"19.04.2024 01:00",0.000,
"19.04.2024 01:15",0.000,
"19.04.2024 01:30",0.000,
"19.04.2024 01:45",0.000,
"19.04.2024 02:00",0.000,
"19.04.2024 02:15",0.000,
"19.04.2024 02:30",0.000,
"19.04.2024 02:45",-0.450,
"19.04.2024 03:00",0.000,
"19.04.2024 03:15",0.000,
"19.04.2024 03:30",0.000,
"19.04.2024 03:45",0.000,
"19.04.2024 04:00",0.000,
"19.04.2024 04:15",0.000,
"19.04.2024 04:30",0.000,
"19.04.2024 04:45",0.000,
"19.04.2024 05:00",0.000,
"19.04.2024 05:15",0.000,
"19.04.2024 05:30",0.000,
"19.04.2024 05:45",0.000,
"19.04.2024 06:00",0.000,
"19.04.2024 06:15",0.000,
"19.04.2024 06:30",158.200,
"19.04.2024 06:45",227.900,
"19.04.2024 07:00",777.426,
"19.04.2024 07:15",1036.900,
"19.04.2024 07:30",610.900,
"19.04.2024 07:45",1934.000,
"19.04.2024 08:00",4297.102,
"19.04.2024 08:15",4779.200,
"19.04.2024 08:30",5792.164,
"19.04.2024 08:45",7233.100,
"19.04.2024 09:00",9046.949,
"19.04.2024 09:15",10075.746,
"19.04.2024 09:30",16999.000,
"19.04.2024 09:45",20603.100,
"19.04.2024 10:00",8434.034,
"19.04.2024 10:15",12525.000,
"19.04.2024 10:30",28077.900,
"19.04.2024 10:45",29837.102,
"19.04.2024 11:00",25219.900,
"19.04.2024 11:15",11747.356,
"19.04.2024 11:30",26485.000,
"19.04.2024 11:45",25650.000,
"19.04.2024 12:00",15402.593,
"19.04.2024 12:15",27816.738,
"19.04.2024 12:30",42800.169,
"19.04.2024 12:45",23560.738,
"19.04.2024 13:00",33161.085,
"19.04.2024 13:15",55027.900,
"19.04.2024 13:30",46319.836,
"19.04.2024 13:45",30075.814,
"19.04.2024 14:00",22514.000,
"19.04.2024 14:15",13319.559,
"19.04.2024 14:30",16617.900,
"19.04.2024 14:45",16641.100,
"19.04.2024 15:00",21749.000,
"19.04.2024 15:15",9094.831,
"19.04.2024 15:30",4021.000,
"19.04.2024 15:45",2722.082,
"19.04.2024 16:00",14374.607,
"19.04.2024 16:15",14346.082,
"19.04.2024 16:30",20300.984,
"19.04.2024 16:45",17461.847,
"19.04.2024 17:00",8847.800,
"19.04.2024 17:15",5153.729,
"19.04.2024 17:30",9889.417,
"19.04.2024 17:45",2596.000,
"19.04.2024 18:00",10232.900,
"19.04.2024 18:15",1551.322,
"19.04.2024 18:30",2739.051,
"19.04.2024 18:45",2541.984,
"19.04.2024 19:00",5306.678,
"19.04.2024 19:15",3540.016,
"19.04.2024 19:30",2863.951,
"19.04.2024 19:45",867.800,
"19.04.2024 20:00",209.475,
"19.04.2024 20:15",196.300,
"19.04.2024 20:30",0.000,
"19.04.2024 20:45",0.000,
"19.04.2024 21:00",0.000,
"19.04.2024 21:15",0.000,
"19.04.2024 21:30",0.000,
"19.04.2024 21:45",0.000,
"19.04.2024 22:00",0.000,
"19.04.2024 22:15",0.000,
"19.04.2024 22:30",0.000,
"19.04.2024 22:45",0.000,
"19.04.2024 23:00",0.000,
"19.04.2024 23:15",0.000,
"19.04.2024 23:30",0.000,
"19.04.2024 23:45",0.000,
"20.04.2024 00:00",0.000,
"20.04.2024 00:15",0.000,
"20.04.2024 00:30",0.000,
"20.04.2024 00:45",0.000,
"20.04.2024 01:00",0.000,
"20.04.2024 01:15",0.000,
"20.04.2024 01:30",0.000,
"20.04.2024 01:45",0.000,
"20.04.2024 02:00",0.000,
"20.04.2024 02:15",0.000,
"20.04.2024 02:30",0.000,
"20.04.2024 02:45",-0.455,
"20.04.2024 03:00",0.000,
"20.04.2024 03:15",0.000,
"20.04.2024 03:30",0.000,
"20.04.2024 03:45",0.000,
"20.04.2024 04:00",0.000,
"20.04.2024 04:15",0.000,
"20.04.2024 04:30",0.000,
"20.04.2024 04:45",0.000,
"20.04.2024 05:00",0.000,
"20.04.2024 05:15",0.000,
"20.04.2024 05:30",0.000,
"20.04.2024 05:45",0.000,
"20.04.2024 06:00",0.000,
"20.04.2024 06:15",275.390,
"20.04.2024 06:30",1141.803,
"20.04.2024 06:45",2199.426,
"20.04.2024 07:00",3544.377,
"20.04.2024 07:15",5897.270,
"20.04.2024 07:30",12000.000,
"20.04.2024 07:45",10571.169,
"20.04.2024 08:00",9868.100,
"20.04.2024 08:15",14390.800,
"20.04.2024 08:30",9294.689,
"20.04.2024 08:45",8133.000,
"20.04.2024 09:00",9247.900,
"20.04.2024 09:15",13392.100,
"20.04.2024 09:30",12783.119,
"20.04.2024 09:45",21326.148,
"20.04.2024 10:00",27763.100,
"20.04.2024 10:15",19813.000,
"20.04.2024 10:30",25832.213,
"20.04.2024 10:45",21967.100,
"20.04.2024 11:00",36769.000,
"20.04.2024 11:15",11876.066,
"20.04.2024 11:30",47042.900,
"20.04.2024 11:45",60569.344,
"20.04.2024 12:00",61653.475,
"20.04.2024 12:15",12109.390,
"20.04.2024 12:30",66281.441,
"20.04.2024 12:45",66084.898,
"20.04.2024 13:00",20138.100,
"20.04.2024 13:15",17260.492,
"20.04.2024 13:30",14240.000,
"20.04.2024 13:45",61899.295,
"20.04.2024 14:00",61345.831,
"20.04.2024 14:15",11045.153,
"20.04.2024 14:30",45451.000,
"20.04.2024 14:45",40655.607,
"20.04.2024 15:00",52831.593,
"20.04.2024 15:15",13424.100,
"20.04.2024 15:30",13601.820,
"20.04.2024 15:45",16873.000,
"20.04.2024 16:00",20743.377,
"20.04.2024 16:15",26194.100,
"20.04.2024 16:30",16520.407,
"20.04.2024 16:45",12586.574,
"20.04.2024 17:00",16326.000,
"20.04.2024 17:15",12869.100,
"20.04.2024 17:30",10429.115,
"20.04.2024 17:45",8221.525,
"20.04.2024 18:00",10904.066,
"20.04.2024 18:15",8456.738,
"20.04.2024 18:30",7064.000,
"20.04.2024 18:45",7456.100,
"20.04.2024 19:00",6391.100,
"20.04.2024 19:15",4164.100,
"20.04.2024 19:30",3271.780,
"20.04.2024 19:45",1835.800,
"20.04.2024 20:00",914.700,
"20.04.2024 20:15",319.100,
"20.04.2024 20:30",0.000,
"20.04.2024 20:45",0.000,
"20.04.2024 21:00",0.000,
"20.04.2024 21:15",0.000,
"20.04.2024 21:30",0.000,
"20.04.2024 21:45",0.000,
"20.04.2024 22:00",0.000,
"20.04.2024 22:15",0.000,
"20.04.2024 22:30",0.000,
"20.04.2024 22:45",0.000,
"20.04.2024 23:00",0.000,
"20.04.2024 23:15",0.000,
"20.04.2024 23:30",0.000,
"20.04.2024 23:45",0.000,
"21.04.2024 00:00",0.000,
"21.04.2024 00:15",0.000,
"21.04.2024 00:30",0.000,
"21.04.2024 00:45",0.000,
"21.04.2024 01:00",0.000,
"21.04.2024 01:15",0.000,
"21.04.2024 01:30",0.000,
"21.04.2024 01:45",0.000,
"21.04.2024 02:00",0.000,
"21.04.2024 02:15",0.000,
"21.04.2024 02:30",0.000,
"21.04.2024 02:45",0.000,
"21.04.2024 03:00",0.000,
"21.04.2024 03:15",0.000,
"21.04.2024 03:30",0.000,
"21.04.2024 03:45",0.000,
"21.04.2024 04:00",0.000,
"21.04.2024 04:15",0.000,
"21.04.2024 04:30",0.000,
"21.04.2024 04:45",0.000,
"21.04.2024 05:00",0.000,
"21.04.2024 05:15",0.000,
"21.04.2024 05:30",0.000,
"21.04.2024 05:45",0.000,
"21.04.2024 06:00",0.000,
"21.04.2024 06:15",0.000,
"21.04.2024 06:30",749.131,
"21.04.2024 06:45",1974.900,
"21.04.2024 07:00",3777.311,
"21.04.2024 07:15",3060.098,
"21.04.2024 07:30",4135.000,
"21.04.2024 07:45",2596.000,
"21.04.2024 08:00",1152.148,
"21.04.2024 08:15",4365.869,
"21.04.2024 08:30",29101.900,
"21.04.2024 08:45",27369.000,
"21.04.2024 09:00",30939.000,
"21.04.2024 09:15",41688.627,
"21.04.2024 09:30",41959.900,
"21.04.2024 09:45",41899.900,
"21.04.2024 10:00",48041.656,
"21.04.2024 10:15",43239.237,
"21.04.2024 10:30",25590.661,
"21.04.2024 10:45",25787.000,
"21.04.2024 11:00",38101.800,
"21.04.2024 11:15",54381.915,
"21.04.2024 11:30",17312.610,
"21.04.2024 11:45",24972.000,
"21.04.2024 12:00",20674.000,
"21.04.2024 12:15",34253.186,
"21.04.2024 12:30",8703.000,
"21.04.2024 12:45",6755.661,
"21.04.2024 13:00",4061.426,
"21.04.2024 13:15",6860.237,
"21.04.2024 13:30",4414.000,
"21.04.2024 13:45",1913.951,
"21.04.2024 14:00",13514.262,
"21.04.2024 14:15",17609.361,
"21.04.2024 14:30",26684.900,
"21.04.2024 14:45",26095.100,
"21.04.2024 15:00",43397.000,
"21.04.2024 15:15",43642.800,
"21.04.2024 15:30",18121.593,
"21.04.2024 15:45",3621.900,
"21.04.2024 16:00",6498.000,
"21.04.2024 16:15",10259.934,
"21.04.2024 16:30",32589.900,
"21.04.2024 16:45",32863.034,
"21.04.2024 17:00",25597.800,
"21.04.2024 17:15",23354.100,
"21.04.2024 17:30",28693.373,
"21.04.2024 17:45",26166.000,
"21.04.2024 18:00",22269.852,
"21.04.2024 18:15",17253.102,
"21.04.2024 18:30",3847.700,
"21.04.2024 18:45",8269.814,
"21.04.2024 19:00",3130.424,
"21.04.2024 19:15",2973.000,
"21.04.2024 19:30",3234.373,
"21.04.2024 19:45",2582.847,
"21.04.2024 20:00",1544.900,
"21.04.2024 20:15",699.000,
"21.04.2024 20:30",189.000,
"21.04.2024 20:45",0.000,
"21.04.2024 21:00",0.000,
"21.04.2024 21:15",0.000,
"21.04.2024 21:30",0.000,
"21.04.2024 21:45",0.000,
"21.04.2024 22:00",0.000,
"21.04.2024 22:15",0.000,
"21.04.2024 22:30",0.000,
"21.04.2024 22:45",0.000,
"21.04.2024 23:00",0.000,
"21.04.2024 23:15",0.000,
"21.04.2024 23:30",0.000,
"21.04.2024 23:45",0.000,
"22.04.2024 00:00",0.000,
"22.04.2024 00:15",0.000,
"22.04.2024 00:30",0.000,
"22.04.2024 00:45",0.000,
"22.04.2024 01:00",0.000,
"22.04.2024 01:15",0.000,
"22.04.2024 01:30",0.000,
"22.04.2024 01:45",0.000,
"22.04.2024 02:00",0.000,
"22.04.2024 02:15",0.000,
"22.04.2024 02:30",0.000,
"22.04.2024 02:45",0.000,
"22.04.2024 03:00",0.000,
"22.04.2024 03:15",0.000,
"22.04.2024 03:30",0.000,
"22.04.2024 03:45",0.000,
"22.04.2024 04:00",0.000,
"22.04.2024 04:15",0.000,
"22.04.2024 04:30",0.000,
"22.04.2024 04:45",0.000,
"22.04.2024 05:00",0.000,
"22.04.2024 05:15",0.000,
"22.04.2024 05:30",0.000,
"22.04.2024 05:45",0.000,
"22.04.2024 06:00",0.000,
"22.04.2024 06:15",0.000,
"22.04.2024 06:30",116.627,
"22.04.2024 06:45",1471.377,
"22.04.2024 07:00",2854.262,
"22.04.2024 07:15",3476.763,
"22.04.2024 07:30",5266.593,
"22.04.2024 07:45",7738.900,
"22.04.2024 08:00",11377.000,
"22.04.2024 08:15",12576.100,
"22.04.2024 08:30",16849.900,
"22.04.2024 08:45",25377.000,
"22.04.2024 09:00",21981.082,
"22.04.2024 09:15",35084.576,
"22.04.2024 09:30",26182.949,
"22.04.2024 09:45",38790.100,
"22.04.2024 10:00",36381.246,
"22.04.2024 10:15",52917.475,
"22.04.2024 10:30",17428.000,
"22.04.2024 10:45",11427.900,
"22.04.2024 11:00",16637.085,
"22.04.2024 11:15",24809.900,
"22.04.2024 11:30",11012.508,
"22.04.2024 11:45",38602.000,
"22.04.2024 12:00",27241.000,
"22.04.2024 12:15",39414.000,
"22.04.2024 12:30",17294.361,
"22.04.2024 12:45",18428.033,
"22.04.2024 13:00",58451.833,
"22.04.2024 13:15",8943.934,
"22.04.2024 13:30",4736.082,
"22.04.2024 13:45",8276.949,
"22.04.2024 14:00",14816.900,
"22.04.2024 14:15",23768.033,
"22.04.2024 14:30",13935.000,
"22.04.2024 14:45",60546.246,
"22.04.2024 15:00",14735.900,
"22.04.2024 15:15",51650.000,
"22.04.2024 15:30",16197.246,
"22.04.2024 15:45",48246.900,
"22.04.2024 16:00",42556.900,
"22.04.2024 16:15",41219.770,
"22.04.2024 16:30",39160.100,
"22.04.2024 16:45",37557.000,
"22.04.2024 17:00",36991.525,
"22.04.2024 17:15",31479.898,
"22.04.2024 17:30",24697.102,
"22.04.2024 17:45",27248.721,
"22.04.2024 18:00",13867.803,
"22.04.2024 18:15",15995.000,
"22.04.2024 18:30",13172.574,
"22.04.2024 18:45",9956.639,
"22.04.2024 19:00",7600.672,
"22.04.2024 19:15",5746.900,
"22.04.2024 19:30",4111.100,
"22.04.2024 19:45",2720.000,
"22.04.2024 20:00",1651.918,
"22.04.2024 20:15",1059.100,
"22.04.2024 20:30",343.900,
"22.04.2024 20:45",27.672,
"22.04.2024 21:00",0.000,
"22.04.2024 21:15",0.000,
"22.04.2024 21:30",0.000,
"22.04.2024 21:45",0.000,
"22.04.2024 22:00",0.000,
"22.04.2024 22:15",0.000,
"22.04.2024 22:30",0.000,
"22.04.2024 22:45",0.000,
"22.04.2024 23:00",0.000,
"22.04.2024 23:15",0.000,
"22.04.2024 23:30",0.000,
"22.04.2024 23:45",0.000,
"23.04.2024 00:00",0.000,
"23.04.2024 00:15",0.000,
"23.04.2024 00:30",0.000,
"23.04.2024 00:45",0.000,
"23.04.2024 01:00",0.000,
"23.04.2024 01:15",0.000,
"23.04.2024 01:30",0.000,
"23.04.2024 01:45",0.000,
"23.04.2024 02:00",0.000,
"23.04.2024 02:15",0.000,
"23.04.2024 02:30",0.000,
"23.04.2024 02:45",0.000,
"23.04.2024 03:00",0.000,
"23.04.2024 03:15",0.000,
"23.04.2024 03:30",0.000,
"23.04.2024 03:45",0.000,
"23.04.2024 04:00",0.000,
"23.04.2024 04:15",0.000,
"23.04.2024 04:30",0.000,
"23.04.2024 04:45",0.000,
"23.04.2024 05:00",0.000,
"23.04.2024 05:15",0.000,
"23.04.2024 05:30",0.000,
"23.04.2024 05:45",0.000,
"23.04.2024 06:00",0.000,
"23.04.2024 06:15",513.200,
"23.04.2024 06:30",1035.200,
"23.04.2024 06:45",2002.148,
"23.04.2024 07:00",3227.100,
"23.04.2024 07:15",6921.200,
"23.04.2024 07:30",9422.200,
"23.04.2024 07:45",12455.508,
"23.04.2024 08:00",15353.295,
"23.04.2024 08:15",17686.869,
"23.04.2024 08:30",21046.656,
"23.04.2024 08:45",15386.932,
"23.04.2024 09:00",20939.492,
"23.04.2024 09:15",18334.900,
"23.04.2024 09:30",22225.100,
"23.04.2024 09:45",21966.833,
"23.04.2024 10:00",25678.800,
"23.04.2024 10:15",23815.246,
"23.04.2024 10:30",18680.000,
"23.04.2024 10:45",47363.000,
"23.04.2024 11:00",10923.000,
"23.04.2024 11:15",6527.000,
"23.04.2024 11:30",15900.100,
"23.04.2024 11:45",8238.279,
"23.04.2024 12:00",5768.900,
"23.04.2024 12:15",10249.800,
"23.04.2024 12:30",15944.508,
"23.04.2024 12:45",5133.525,
"23.04.2024 13:00",25153.900,
"23.04.2024 13:15",14186.803,
"23.04.2024 13:30",23006.100,
"23.04.2024 13:45",10236.100,
"23.04.2024 14:00",15208.623,
"23.04.2024 14:15",15272.705,
"23.04.2024 14:30",19071.082,
"23.04.2024 14:45",18642.627,
"23.04.2024 15:00",17932.557,
"23.04.2024 15:15",18352.667,
"23.04.2024 15:30",18607.900,
"23.04.2024 15:45",10962.900,
"23.04.2024 16:00",8651.000,
"23.04.2024 16:15",10343.271,
"23.04.2024 16:30",15837.967,
"23.04.2024 16:45",18929.800,
"23.04.2024 17:00",14313.373,
"23.04.2024 17:15",13503.200,
"23.04.2024 17:30",9579.900,
"23.04.2024 17:45",5718.295,
"23.04.2024 18:00",5677.000,
"23.04.2024 18:15",6777.203,
"23.04.2024 18:30",2126.100,
"23.04.2024 18:45",819.900,
"23.04.2024 19:00",648.100,
"23.04.2024 19:15",920.831,
"23.04.2024 19:30",1284.508,
"23.04.2024 19:45",1071.000,
"23.04.2024 20:00",274.900,
"23.04.2024 20:15",0.000,
"23.04.2024 20:30",117.138,
"23.04.2024 20:45",0.000,
"23.04.2024 21:00",0.000,
"23.04.2024 21:15",0.000,
"23.04.2024 21:30",0.000,
"23.04.2024 21:45",0.000,
"23.04.2024 22:00",0.000,
"23.04.2024 22:15",0.000,
"23.04.2024 22:30",0.000,
"23.04.2024 22:45",0.000,
"23.04.2024 23:00",0.000,
"23.04.2024 23:15",0.000,
"23.04.2024 23:30",0.000,
"23.04.2024 23:45",0.000,
"24.04.2024 00:00",0.000,
"24.04.2024 00:15",0.000,
"24.04.2024 00:30",0.000,
"24.04.2024 00:45",0.000,
"24.04.2024 01:00",0.000,
"24.04.2024 01:15",0.000,
"24.04.2024 01:30",0.000,
"24.04.2024 01:45",0.000,
"24.04.2024 02:00",0.000,
"24.04.2024 02:15",0.000,
"24.04.2024 02:30",0.000,
"24.04.2024 02:45",0.000,
"24.04.2024 03:00",0.000,
"24.04.2024 03:15",0.000,
"24.04.2024 03:30",0.000,
"24.04.2024 03:45",0.000,
"24.04.2024 04:00",0.000,
"24.04.2024 04:15",0.000,
"24.04.2024 04:30",0.000,
"24.04.2024 04:45",0.000,
"24.04.2024 05:00",0.000,
"24.04.2024 05:15",0.000,
"24.04.2024 05:30",0.000,
"24.04.2024 05:45",0.000,
"24.04.2024 06:00",0.000,
"24.04.2024 06:15",175.000,
"24.04.2024 06:30",387.763,
"24.04.2024 06:45",374.000,
"24.04.2024 07:00",1468.000,
"24.04.2024 07:15",3225.161,
"24.04.2024 07:30",3662.100,
"24.04.2024 07:45",5318.100,
"24.04.2024 08:00",6909.200,
"24.04.2024 08:15",4559.881,
"24.04.2024 08:30",6698.100,
"24.04.2024 08:45",6706.085,
"24.04.2024 09:00",8562.000,
"24.04.2024 09:15",11165.915,
"24.04.2024 09:30",17466.100,
"24.04.2024 09:45",17875.016,
"24.04.2024 10:00",19142.356,
"24.04.2024 10:15",13857.424,
"24.04.2024 10:30",20697.311,
"24.04.2024 10:45",17566.763,
"24.04.2024 11:00",18174.800,
"24.04.2024 11:15",13698.623,
"24.04.2024 11:30",17263.900,
"24.04.2024 11:45",9079.900,
"24.04.2024 12:00",11423.131,
"24.04.2024 12:15",22133.034,
"24.04.2024 12:30",65804.644,
"24.04.2024 12:45",62915.000,
"24.04.2024 13:00",45314.033,
"24.04.2024 13:15",66130.900,
"24.04.2024 13:30",28861.082,
"24.04.2024 13:45",23052.200,
"24.04.2024 14:00",25384.279,
"24.04.2024 14:15",35298.000,
"24.04.2024 14:30",42039.525,
"24.04.2024 14:45",67780.000,
"24.04.2024 15:00",48134.000,
"24.04.2024 15:15",50051.100,
"24.04.2024 15:30",34294.525,
"24.04.2024 15:45",18474.000,
"24.04.2024 16:00",6724.869,
"24.04.2024 16:15",7835.100,
"24.04.2024 16:30",9656.100,
"24.04.2024 16:45",11520.983,
"24.04.2024 17:00",27485.100,
"24.04.2024 17:15",17479.203,
"24.04.2024 17:30",9728.200,
"24.04.2024 17:45",5808.967,
"24.04.2024 18:00",6642.100,
"24.04.2024 18:15",7253.000,
"24.04.2024 18:30",6352.967,
"24.04.2024 18:45",4621.000,
"24.04.2024 19:00",3972.186,
"24.04.2024 19:15",3160.902,
"24.04.2024 19:30",4255.661,
"24.04.2024 19:45",1603.525,
"24.04.2024 20:00",2170.115,
"24.04.2024 20:15",2069.644,
"24.04.2024 20:30",310.900,
"24.04.2024 20:45",0.000,
"24.04.2024 21:00",0.000,
"24.04.2024 21:15",0.000,
"24.04.2024 21:30",0.000,
"24.04.2024 21:45",0.000,
"24.04.2024 22:00",0.000,
"24.04.2024 22:15",0.000,
"24.04.2024 22:30",0.000,
"24.04.2024 22:45",0.000,
"24.04.2024 23:00",0.000,
"24.04.2024 23:15",0.000,
"24.04.2024 23:30",0.000,
"24.04.2024 23:45",0.000,
"25.04.2024 00:00",0.000,
"25.04.2024 00:15",0.000,
"25.04.2024 00:30",0.000,
"25.04.2024 00:45",0.000,
"25.04.2024 01:00",0.000,
"25.04.2024 01:15",0.000,
"25.04.2024 01:30",0.000,
"25.04.2024 01:45",0.000,
"25.04.2024 02:00",0.000,
"25.04.2024 02:15",0.000,
"25.04.2024 02:30",0.000,
"25.04.2024 02:45",0.000,
"25.04.2024 03:00",0.000,
"25.04.2024 03:15",0.000,
"25.04.2024 03:30",0.000,
"25.04.2024 03:45",0.000,
"25.04.2024 04:00",0.000,
"25.04.2024 04:15",0.000,
"25.04.2024 04:30",0.000,
"25.04.2024 04:45",0.000,
"25.04.2024 05:00",0.000,
"25.04.2024 05:15",0.000,
"25.04.2024 05:30",0.000,
"25.04.2024 05:45",0.000,
"25.04.2024 06:00",147.902,
"25.04.2024 06:15",661.000,
"25.04.2024 06:30",1471.000,
"25.04.2024 06:45",1994.305,
"25.04.2024 07:00",3786.900,
"25.04.2024 07:15",5453.200,
"25.04.2024 07:30",6751.000,
"25.04.2024 07:45",6076.000,
"25.04.2024 08:00",8466.900,
"25.04.2024 08:15",10280.237,
"25.04.2024 08:30",9786.738,
"25.04.2024 08:45",10259.220,
"25.04.2024 09:00",14404.100,
"25.04.2024 09:15",16212.610,
"25.04.2024 09:30",20362.656,
"25.04.2024 09:45",22069.475,
"25.04.2024 10:00",29835.705,
"25.04.2024 10:15",39681.098,
"25.04.2024 10:30",44772.966,
"25.04.2024 10:45",31137.000,
"25.04.2024 11:00",20272.000,
"25.04.2024 11:15",61298.951,
"25.04.2024 11:30",37976.424,
"25.04.2024 11:45",58066.593,
"25.04.2024 12:00",57866.492,
"25.04.2024 12:15",44900.831,
"25.04.2024 12:30",7073.100,
"25.04.2024 12:45",3162.000,
"25.04.2024 13:00",7327.967,
"25.04.2024 13:15",19537.475,
"25.04.2024 13:30",8689.100,
"25.04.2024 13:45",7694.900,
"25.04.2024 14:00",7536.900,
"25.04.2024 14:15",19554.644,
"25.04.2024 14:30",9875.100,
"25.04.2024 14:45",3587.542,
"25.04.2024 15:00",14787.000,
"25.04.2024 15:15",43944.197,
"25.04.2024 15:30",28912.900,
"25.04.2024 15:45",6741.100,
"25.04.2024 16:00",18361.000,
"25.04.2024 16:15",11972.100,
"25.04.2024 16:30",19986.000,
"25.04.2024 16:45",23125.000,
"25.04.2024 17:00",11567.100,
"25.04.2024 17:15",9736.262,
"25.04.2024 17:30",7056.656,
"25.04.2024 17:45",9110.492,
"25.04.2024 18:00",13352.328,
"25.04.2024 18:15",12998.881,
"25.04.2024 18:30",11865.000,
"25.04.2024 18:45",8367.000,
"25.04.2024 19:00",9422.200,
"25.04.2024 19:15",11551.100,
"25.04.2024 19:30",9357.186,
"25.04.2024 19:45",6052.311,
"25.04.2024 20:00",3417.787,
"25.04.2024 20:15",2952.967,
"25.04.2024 20:30",975.200,
"25.04.2024 20:45",120.305,
"25.04.2024 21:00",0.000,
"25.04.2024 21:15",0.000,
"25.04.2024 21:30",0.000,
"25.04.2024 21:45",0.000,
"25.04.2024 22:00",0.000,
"25.04.2024 22:15",0.000,
"25.04.2024 22:30",0.000,
"25.04.2024 22:45",0.000,
"25.04.2024 23:00",0.000,
"25.04.2024 23:15",0.000,
"25.04.2024 23:30",0.000,
"25.04.2024 23:45",0.000,
"26.04.2024 00:00",0.000,
"26.04.2024 00:15",0.000,
"26.04.2024 00:30",0.000,
"26.04.2024 00:45",0.000,
"26.04.2024 01:00",0.000,
"26.04.2024 01:15",0.000,
"26.04.2024 01:30",0.000,
"26.04.2024 01:45",0.000,
"26.04.2024 02:00",0.000,
"26.04.2024 02:15",0.000,
"26.04.2024 02:30",0.000,
"26.04.2024 02:45",0.000,
"26.04.2024 03:00",0.000,
"26.04.2024 03:15",0.000,
"26.04.2024 03:30",0.000,
"26.04.2024 03:45",0.000,
"26.04.2024 04:00",0.000,
"26.04.2024 04:15",0.000,
"26.04.2024 04:30",0.000,
"26.04.2024 04:45",0.000,
"26.04.2024 05:00",0.000,
"26.04.2024 05:15",0.000,
"26.04.2024 05:30",0.000,
"26.04.2024 05:45",0.000,
"26.04.2024 06:00",0.000,
"26.04.2024 06:15",0.000,
"26.04.2024 06:30",211.800,
"26.04.2024 06:45",198.900,
"26.04.2024 07:00",628.900,
"26.04.2024 07:15",942.000,
"26.04.2024 07:30",1650.000,
"26.04.2024 07:45",1847.900,
"26.04.2024 08:00",2826.344,
"26.04.2024 08:15",3095.900,
"26.04.2024 08:30",2977.200,
"26.04.2024 08:45",3998.610,
"26.04.2024 09:00",2811.246,
"26.04.2024 09:15",2022.900,
"26.04.2024 09:30",2800.068,
"26.04.2024 09:45",5388.900,
"26.04.2024 10:00",8189.115,
"26.04.2024 10:15",8975.237,
"26.04.2024 10:30",9673.186,
"26.04.2024 10:45",4021.441,
"26.04.2024 11:00",5298.800,
"26.04.2024 11:15",5542.410,
"26.04.2024 11:30",12328.100,
"26.04.2024 11:45",20879.407,
"26.04.2024 12:00",23097.441,
"26.04.2024 12:15",24016.100,
"26.04.2024 12:30",51432.639,
"26.04.2024 12:45",41280.100,
"26.04.2024 13:00",28035.100,
"26.04.2024 13:15",23848.100,
"26.04.2024 13:30",61878.557,
"26.04.2024 13:45",54434.000,
"26.04.2024 14:00",41282.932,
"26.04.2024 14:15",8305.852,
"26.04.2024 14:30",16054.900,
"26.04.2024 14:45",8911.900,
"26.04.2024 15:00",7298.459,
"26.04.2024 15:15",20323.000,
"26.04.2024 15:30",49647.900,
"26.04.2024 15:45",35795.000,
"26.04.2024 16:00",53161.574,
"26.04.2024 16:15",20557.967,
"26.04.2024 16:30",23151.656,
"26.04.2024 16:45",13634.262,
"26.04.2024 17:00",14197.542,
"26.04.2024 17:15",14202.780,
"26.04.2024 17:30",13953.900,
"26.04.2024 17:45",27236.000,
"26.04.2024 18:00",29600.508,
"26.04.2024 18:15",12756.574,
"26.04.2024 18:30",10367.000,
"26.04.2024 18:45",17356.800,
"26.04.2024 19:00",10878.051,
"26.04.2024 19:15",5821.344,
"26.04.2024 19:30",3643.148,
"26.04.2024 19:45",2586.000,
"26.04.2024 20:00",1666.164,
"26.04.2024 20:15",1458.610,
"26.04.2024 20:30",722.780,
"26.04.2024 20:45",19.902,
"26.04.2024 21:00",0.000,
"26.04.2024 21:15",0.000,
"26.04.2024 21:30",0.000,
"26.04.2024 21:45",0.000,
"26.04.2024 22:00",0.000,
"26.04.2024 22:15",0.000,
"26.04.2024 22:30",0.000,
"26.04.2024 22:45",0.000,
"26.04.2024 23:00",0.000,
"26.04.2024 23:15",0.000,
"26.04.2024 23:30",0.000,
"26.04.2024 23:45",0.000,
"27.04.2024 00:00",0.000,
"27.04.2024 00:15",0.000,
"27.04.2024 00:30",0.000,
"27.04.2024 00:45",0.000,
"27.04.2024 01:00",0.000,
"27.04.2024 01:15",0.000,
"27.04.2024 01:30",0.000,
"27.04.2024 01:45",0.000,
"27.04.2024 02:00",0.000,
"27.04.2024 02:15",0.000,
"27.04.2024 02:30",0.000,
"27.04.2024 02:45",0.000,
"27.04.2024 03:00",0.000,
"27.04.2024 03:15",0.000,
"27.04.2024 03:30",0.000,
"27.04.2024 03:45",0.000,
"27.04.2024 04:00",0.000,
"27.04.2024 04:15",0.000,
"27.04.2024 04:30",0.000,
"27.04.2024 04:45",0.000,
"27.04.2024 05:00",0.000,
"27.04.2024 05:15",0.000,
"27.04.2024 05:30",0.000,
"27.04.2024 05:45",0.000,
"27.04.2024 06:00",364.049,
"27.04.2024 06:15",602.136,
"27.04.2024 06:30",1488.016,
"27.04.2024 06:45",3872.475,
"27.04.2024 07:00",4803.000,
"27.04.2024 07:15",2994.136,
"27.04.2024 07:30",6210.000,
"27.04.2024 07:45",5520.322,
"27.04.2024 08:00",7282.705,
"27.04.2024 08:15",6599.800,
"27.04.2024 08:30",5513.100,
"27.04.2024 08:45",7274.136,
"27.04.2024 09:00",10595.900,
"27.04.2024 09:15",16043.475,
"27.04.2024 09:30",27309.705,
"27.04.2024 09:45",18652.100,
"27.04.2024 10:00",22618.705,
"27.04.2024 10:15",22044.983,
"27.04.2024 10:30",27231.900,
"27.04.2024 10:45",26705.900,
"27.04.2024 11:00",49632.102,
"27.04.2024 11:15",30813.900,
"27.04.2024 11:30",45450.900,
"27.04.2024 11:45",43754.000,
"27.04.2024 12:00",41246.900,
"27.04.2024 12:15",45519.148,
"27.04.2024 12:30",48089.131,
"27.04.2024 12:45",40968.885,
"27.04.2024 13:00",46457.949,
"27.04.2024 13:15",22482.100,
"27.04.2024 13:30",36598.966,
"27.04.2024 13:45",39896.836,
"27.04.2024 14:00",35854.051,
"27.04.2024 14:15",50257.000,
"27.04.2024 14:30",16081.721,
"27.04.2024 14:45",35178.000,
"27.04.2024 15:00",25596.085,
"27.04.2024 15:15",40140.836,
"27.04.2024 15:30",18074.780,
"27.04.2024 15:45",23738.542,
"27.04.2024 16:00",28139.305,
"27.04.2024 16:15",21389.136,
"27.04.2024 16:30",17820.426,
"27.04.2024 16:45",6828.934,
"27.04.2024 17:00",19808.200,
"27.04.2024 17:15",15789.000,
"27.04.2024 17:30",5263.458,
"27.04.2024 17:45",8271.000,
"27.04.2024 18:00",13812.000,
"27.04.2024 18:15",11624.000,
"27.04.2024 18:30",11948.288,
"27.04.2024 18:45",9120.900,
"27.04.2024 19:00",4657.000,
"27.04.2024 19:15",4126.000,
"27.04.2024 19:30",4417.000,
"27.04.2024 19:45",2446.407,
"27.04.2024 20:00",1377.000,
"27.04.2024 20:15",531.800,
"27.04.2024 20:30",0.000,
"27.04.2024 20:45",0.000,
"27.04.2024 21:00",0.000,
"27.04.2024 21:15",0.000,
"27.04.2024 21:30",0.000,
"27.04.2024 21:45",0.000,
"27.04.2024 22:00",0.000,
"27.04.2024 22:15",0.000,
"27.04.2024 22:30",0.000,
"27.04.2024 22:45",0.000,
"27.04.2024 23:00",0.000,
"27.04.2024 23:15",0.000,
"27.04.2024 23:30",0.000,
"27.04.2024 23:45",0.000,
"28.04.2024 00:00",0.000,
"28.04.2024 00:15",0.000,
"28.04.2024 00:30",0.000,
"28.04.2024 00:45",0.000,
"28.04.2024 01:00",0.000,
"28.04.2024 01:15",0.000,
"28.04.2024 01:30",0.000,
"28.04.2024 01:45",0.000,
"28.04.2024 02:00",0.000,
"28.04.2024 02:15",0.000,
"28.04.2024 02:30",0.000,
"28.04.2024 02:45",0.000,
"28.04.2024 03:00",0.000,
"28.04.2024 03:15",0.000,
"28.04.2024 03:30",0.000,
"28.04.2024 03:45",0.000,
"28.04.2024 04:00",0.000,
"28.04.2024 04:15",0.000,
"28.04.2024 04:30",0.000,
"28.04.2024 04:45",0.000,
"28.04.2024 05:00",0.000,
"28.04.2024 05:15",0.000,
"28.04.2024 05:30",0.000,
"28.04.2024 05:45",0.000,
"28.04.2024 06:00",394.610,
"28.04.2024 06:15",1280.900,
"28.04.2024 06:30",2252.900,
"28.04.2024 06:45",3394.458,
"28.04.2024 07:00",2184.373,
"28.04.2024 07:15",8778.900,
"28.04.2024 07:30",13151.000,
"28.04.2024 07:45",9528.639,
"28.04.2024 08:00",15919.492,
"28.04.2024 08:15",11126.492,
"28.04.2024 08:30",26131.000,
"28.04.2024 08:45",26138.000,
"28.04.2024 09:00",31677.213,
"28.04.2024 09:15",24794.098,
"28.04.2024 09:30",31361.000,
"28.04.2024 09:45",38443.705,
"28.04.2024 10:00",30608.100,
"28.04.2024 10:15",35549.000,
"28.04.2024 10:30",47186.200,
"28.04.2024 10:45",46173.639,
"28.04.2024 11:00",37150.900,
"28.04.2024 11:15",29116.900,
"28.04.2024 11:30",25587.271,
"28.04.2024 11:45",31254.729,
"28.04.2024 12:00",27540.000,
"28.04.2024 12:15",64762.000,
"28.04.2024 12:30",32771.678,
"28.04.2024 12:45",56726.246,
"28.04.2024 13:00",37328.541,
"28.04.2024 13:15",62934.051,
"28.04.2024 13:30",25193.305,
"28.04.2024 13:45",20563.864,
"28.04.2024 14:00",16107.820,
"28.04.2024 14:15",12174.559,
"28.04.2024 14:30",26776.831,
"28.04.2024 14:45",26719.115,
"28.04.2024 15:00",19045.800,
"28.04.2024 15:15",32925.000,
"28.04.2024 15:30",22501.820,
"28.04.2024 15:45",22193.000,
"28.04.2024 16:00",24920.000,
"28.04.2024 16:15",27493.213,
"28.04.2024 16:30",22661.918,
"28.04.2024 16:45",51914.153,
"28.04.2024 17:00",35265.517,
"28.04.2024 17:15",15753.200,
"28.04.2024 17:30",20766.100,
"28.04.2024 17:45",8569.607,
"28.04.2024 18:00",10605.000,
"28.04.2024 18:15",8825.000,
"28.04.2024 18:30",10191.000,
"28.04.2024 18:45",7574.787,
"28.04.2024 19:00",4730.000,
"28.04.2024 19:15",1863.000,
"28.04.2024 19:30",4092.100,
"28.04.2024 19:45",1153.000,
"28.04.2024 20:00",1099.900,
"28.04.2024 20:15",8.800,
"28.04.2024 20:30",0.000,
"28.04.2024 20:45",0.000,
"28.04.2024 21:00",0.000,
"28.04.2024 21:15",0.000,
"28.04.2024 21:30",0.000,
"28.04.2024 21:45",0.000,
"28.04.2024 22:00",0.000,
"28.04.2024 22:15",0.000,
"28.04.2024 22:30",0.000,
"28.04.2024 22:45",0.000,
"28.04.2024 23:00",0.000,
"28.04.2024 23:15",0.000,
"28.04.2024 23:30",0.000,
"28.04.2024 23:45",0.000,
"29.04.2024 00:00",0.000,
"29.04.2024 00:15",0.000,
"29.04.2024 00:30",0.000,
"29.04.2024 00:45",0.000,
"29.04.2024 01:00",0.000,
"29.04.2024 01:15",0.000,
"29.04.2024 01:30",0.000,
"29.04.2024 01:45",0.000,
"29.04.2024 02:00",0.000,
"29.04.2024 02:15",0.000,
"29.04.2024 02:30",0.000,
"29.04.2024 02:45",-0.450,
"29.04.2024 03:00",0.000,
"29.04.2024 03:15",0.000,
"29.04.2024 03:30",0.000,
"29.04.2024 03:45",0.000,
"29.04.2024 04:00",0.000,
"29.04.2024 04:15",0.000,
"29.04.2024 04:30",0.000,
"29.04.2024 04:45",0.000,
"29.04.2024 05:00",0.000,
"29.04.2024 05:15",0.000,
"29.04.2024 05:30",0.000,
"29.04.2024 05:45",0.000,
"29.04.2024 06:00",264.200,
"29.04.2024 06:15",734.900,
"29.04.2024 06:30",1609.983,
"29.04.2024 06:45",1959.900,
"29.04.2024 07:00",2788.100,
"29.04.2024 07:15",8167.712,
"29.04.2024 07:30",11281.900,
"29.04.2024 07:45",13819.279,
"29.04.2024 08:00",16131.410,
"29.04.2024 08:15",18809.000,
"29.04.2024 08:30",20904.800,
"29.04.2024 08:45",24218.136,
"29.04.2024 09:00",27080.000,
"29.04.2024 09:15",29875.000,
"29.04.2024 09:30",32186.738,
"29.04.2024 09:45",34958.627,
"29.04.2024 10:00",37176.738,
"29.04.2024 10:15",36868.864,
"29.04.2024 10:30",42297.441,
"29.04.2024 10:45",44790.237,
"29.04.2024 11:00",45304.361,
"29.04.2024 11:15",45508.639,
"29.04.2024 11:30",43651.590,
"29.04.2024 11:45",50172.864,
"29.04.2024 12:00",56739.100,
"29.04.2024 12:15",25385.836,
"29.04.2024 12:30",57244.100,
"29.04.2024 12:45",54716.900,
"29.04.2024 13:00",20586.426,
"29.04.2024 13:15",23779.000,
"29.04.2024 13:30",61126.100,
"29.04.2024 13:45",16543.390,
"29.04.2024 14:00",23554.800,
"29.04.2024 14:15",31994.100,
"29.04.2024 14:30",54786.831,
"29.04.2024 14:45",16791.100,
"29.04.2024 15:00",58586.000,
"29.04.2024 15:15",16403.800,
"29.04.2024 15:30",49810.847,
"29.04.2024 15:45",9868.800,
"29.04.2024 16:00",18490.000,
"29.04.2024 16:15",15141.000,
"29.04.2024 16:30",32843.000,
"29.04.2024 16:45",39259.729,
"29.04.2024 17:00",26561.900,
"29.04.2024 17:15",26910.763,
"29.04.2024 17:30",10082.656,
"29.04.2024 17:45",20517.721,
"29.04.2024 18:00",13518.000,
"29.04.2024 18:15",11029.900,
"29.04.2024 18:30",9686.000,
"29.04.2024 18:45",7109.000,
"29.04.2024 19:00",6416.557,
"29.04.2024 19:15",3948.852,
"29.04.2024 19:30",2835.000,
"29.04.2024 19:45",2157.148,
"29.04.2024 20:00",1653.800,
"29.04.2024 20:15",1447.967,
"29.04.2024 20:30",799.458,
"29.04.2024 20:45",839.100,
"29.04.2024 21:00",0.000,
"29.04.2024 21:15",0.000,
"29.04.2024 21:30",0.000,
"29.04.2024 21:45",0.000,
"29.04.2024 22:00",0.000,
"29.04.2024 22:15",0.000,
"29.04.2024 22:30",0.000,
"29.04.2024 22:45",0.000,
"29.04.2024 23:00",0.000,
"29.04.2024 23:15",0.000,
"29.04.2024 23:30",0.000,
"29.04.2024 23:45",0.000,
"30.04.2024 00:00",0.000,
"30.04.2024 00:15",0.000,
"30.04.2024 00:30",0.000,
"30.04.2024 00:45",0.000,
"30.04.2024 01:00",0.000,
"30.04.2024 01:15",0.000,
"30.04.2024 01:30",0.000,
"30.04.2024 01:45",0.000,
"30.04.2024 02:00",0.000,
"30.04.2024 02:15",0.000,
"30.04.2024 02:30",0.000,
"30.04.2024 02:45",0.000,
"30.04.2024 03:00",0.000,
"30.04.2024 03:15",0.000,
"30.04.2024 03:30",0.000,
"30.04.2024 03:45",0.000,
"30.04.2024 04:00",0.000,
"30.04.2024 04:15",0.000,
"30.04.2024 04:30",0.000,
"30.04.2024 04:45",0.000,
"30.04.2024 05:00",0.000,
"30.04.2024 05:15",0.000,
"30.04.2024 05:30",0.000,
"30.04.2024 05:45",0.000,
"30.04.2024 06:00",0.000,
"30.04.2024 06:15",196.000,
"30.04.2024 06:30",1219.356,
"30.04.2024 06:45",1970.915,
"30.04.2024 07:00",2932.900,
"30.04.2024 07:15",3054.000,
"30.04.2024 07:30",3652.148,
"30.04.2024 07:45",5246.100,
"30.04.2024 08:00",9456.100,
"30.04.2024 08:15",13503.000,
"30.04.2024 08:30",19883.900,
"30.04.2024 08:45",22502.000,
"30.04.2024 09:00",25281.407,
"30.04.2024 09:15",26532.820,
"30.04.2024 09:30",31027.186,
"30.04.2024 09:45",33059.100,
"30.04.2024 10:00",35742.000,
"30.04.2024 10:15",36918.644,
"30.04.2024 10:30",36944.000,
"30.04.2024 10:45",42718.100,
"30.04.2024 11:00",43821.000,
"30.04.2024 11:15",45102.864,
"30.04.2024 11:30",45930.576,
"30.04.2024 11:45",47075.836,
"30.04.2024 12:00",43400.410,
"30.04.2024 12:15",50620.000,
"30.04.2024 12:30",52635.000,
"30.04.2024 12:45",16282.161,
"30.04.2024 13:00",55962.000,
"30.04.2024 13:15",52792.000,
"30.04.2024 13:30",52965.576,
"30.04.2024 13:45",51926.237,
"30.04.2024 14:00",50924.279,
"30.04.2024 14:15",36534.100,
"30.04.2024 14:30",29196.847,
"30.04.2024 14:45",31596.900,
"30.04.2024 15:00",45439.559,
"30.04.2024 15:15",24147.000,
"30.04.2024 15:30",23797.000,
"30.04.2024 15:45",21632.000,
"30.04.2024 16:00",46396.475,
"30.04.2024 16:15",14260.900,
"30.04.2024 16:30",14280.068,
"30.04.2024 16:45",10109.443,
"30.04.2024 17:00",13189.000,
"30.04.2024 17:15",28410.016,
"30.04.2024 17:30",13268.186,
"30.04.2024 17:45",20211.885,
"30.04.2024 18:00",20707.034,
"30.04.2024 18:15",18289.200,
"30.04.2024 18:30",15618.800,
"30.04.2024 18:45",11727.254,
"30.04.2024 19:00",8271.100,
"30.04.2024 19:15",5372.967,
"30.04.2024 19:30",2925.607,
"30.04.2024 19:45",1753.000,
"30.04.2024 20:00",1397.100,
"30.04.2024 20:15",898.900,
"30.04.2024 20:30",600.288,
"30.04.2024 20:45",177.900,
"30.04.2024 21:00",0.000,
"30.04.2024 21:15",0.000,
"30.04.2024 21:30",0.000,
"30.04.2024 21:45",0.000,
"30.04.2024 22:00",0.000,
"30.04.2024 22:15",0.000,
"30.04.2024 22:30",0.000,
"30.04.2024 22:45",0.000,
"30.04.2024 23:00",0.000,
"30.04.2024 23:15",0.000,
"30.04.2024 23:30",0.000,
"30.04.2024 23:45",0.000,
"01.05.2024 00:00",0.000,
"01.05.2024 00:15",0.000,
"01.05.2024 00:30",0.000,
"01.05.2024 00:45",0.000,
"01.05.2024 01:00",0.000,
"01.05.2024 01:15",0.000,
"01.05.2024 01:30",0.000,
"01.05.2024 01:45",0.000,
"01.05.2024 02:00",0.000,
"01.05.2024 02:15",0.000,
"01.05.2024 02:30",0.000,
"01.05.2024 02:45",0.000,
"01.05.2024 03:00",0.000,
"01.05.2024 03:15",0.000,
"01.05.2024 03:30",0.000,
"01.05.2024 03:45",0.000,
"01.05.2024 04:00",0.000,
"01.05.2024 04:15",0.000,
"01.05.2024 04:30",0.000,
"01.05.2024 04:45",0.000,
"01.05.2024 05:00",0.000,
"01.05.2024 05:15",0.000,
"01.05.2024 05:30",0.000,
"01.05.2024 05:45",140.400,
"01.05.2024 06:00",950.200,
"01.05.2024 06:15",2177.000,
"01.05.2024 06:30",4086.100,
"01.05.2024 06:45",5260.000,
"01.05.2024 07:00",7489.000,
"01.05.2024 07:15",7142.100,
"01.05.2024 07:30",10155.898,
"01.05.2024 07:45",9873.100,
"01.05.2024 08:00",15692.000,
"01.05.2024 08:15",18310.016,
"01.05.2024 08:30",21640.672,
"01.05.2024 08:45",24723.102,
"01.05.2024 09:00",27616.900,
"01.05.2024 09:15",28682.721,
"01.05.2024 09:30",31342.100,
"01.05.2024 09:45",34031.000,
"01.05.2024 10:00",36868.100,
"01.05.2024 10:15",38633.458,
"01.05.2024 10:30",40658.373,
"01.05.2024 10:45",42905.661,
"01.05.2024 11:00",44644.900,
"01.05.2024 11:15",45824.100,
"01.05.2024 11:30",47165.000,
"01.05.2024 11:45",48861.593,
"01.05.2024 12:00",49840.200,
"01.05.2024 12:15",51343.034,
"01.05.2024 12:30",52715.678,
"01.05.2024 12:45",53585.220,
"01.05.2024 13:00",53668.100,
"01.05.2024 13:15",54314.900,
"01.05.2024 13:30",54066.820,
"01.05.2024 13:45",53532.441,
"01.05.2024 14:00",53059.200,
"01.05.2024 14:15",52146.754,
"01.05.2024 14:30",51466.763,
"01.05.2024 14:45",50371.016,
"01.05.2024 15:00",49318.000,
"01.05.2024 15:15",47946.780,
"01.05.2024 15:30",46278.712,
"01.05.2024 15:45",43836.900,
"01.05.2024 16:00",42497.000,
"01.05.2024 16:15",40376.000,
"01.05.2024 16:30",38126.085,
"01.05.2024 16:45",35835.836,
"01.05.2024 17:00",33372.900,
"01.05.2024 17:15",31019.000,
"01.05.2024 17:30",28293.900,
"01.05.2024 17:45",25512.721,
"01.05.2024 18:00",22652.557,
"01.05.2024 18:15",19901.621,
"01.05.2024 18:30",17215.339,
"01.05.2024 18:45",12839.966,
"01.05.2024 19:00",8844.000,
"01.05.2024 19:15",5786.900,
"01.05.2024 19:30",3556.900,
"01.05.2024 19:45",3298.000,
"01.05.2024 20:00",3136.100,
"01.05.2024 20:15",2392.864,
"01.05.2024 20:30",1382.787,
"01.05.2024 20:45",609.300,
"01.05.2024 21:00",177.780,
"01.05.2024 21:15",0.000,
"01.05.2024 21:30",0.000,
"01.05.2024 21:45",0.000,
"01.05.2024 22:00",0.000,
"01.05.2024 22:15",0.000,
"01.05.2024 22:30",0.000,
"01.05.2024 22:45",0.000,
"01.05.2024 23:00",0.000,
"01.05.2024 23:15",0.000,
"01.05.2024 23:30",0.000,
"01.05.2024 23:45",0.000,
"02.05.2024 00:00",0.000,
"02.05.2024 00:15",0.000,
"02.05.2024 00:30",0.000,
"02.05.2024 00:45",0.000,
"02.05.2024 01:00",0.000,
"02.05.2024 01:15",0.000,
"02.05.2024 01:30",0.000,
"02.05.2024 01:45",0.000,
"02.05.2024 02:00",0.000,
"02.05.2024 02:15",0.000,
"02.05.2024 02:30",0.000,
"02.05.2024 02:45",0.000,
"02.05.2024 03:00",0.000,
"02.05.2024 03:15",0.000,
"02.05.2024 03:30",0.000,
"02.05.2024 03:45",0.000,
"02.05.2024 04:00",0.000,
"02.05.2024 04:15",0.000,
"02.05.2024 04:30",0.000,
"02.05.2024 04:45",0.000,
"02.05.2024 05:00",0.000,
"02.05.2024 05:15",0.000,
"02.05.2024 05:30",0.000,
"02.05.2024 05:45",272.300,
"02.05.2024 06:00",766.800,
"02.05.2024 06:15",1601.900,
"02.05.2024 06:30",2192.695,
"02.05.2024 06:45",3097.100,
"02.05.2024 07:00",6288.932,
"02.05.2024 07:15",9100.746,
"02.05.2024 07:30",11285.898,
"02.05.2024 07:45",13608.065,
"02.05.2024 08:00",16164.051,
"02.05.2024 08:15",17340.237,
"02.05.2024 08:30",20497.900,
"02.05.2024 08:45",22492.000,
"02.05.2024 09:00",27228.000,
"02.05.2024 09:15",26424.000,
"02.05.2024 09:30",34061.525,
"02.05.2024 09:45",34327.672,
"02.05.2024 10:00",37202.871,
"02.05.2024 10:15",39235.000,
"02.05.2024 10:30",40814.900,
"02.05.2024 10:45",42477.441,
"02.05.2024 11:00",44507.000,
"02.05.2024 11:15",47369.100,
"02.05.2024 11:30",48774.915,
"02.05.2024 11:45",49747.610,
"02.05.2024 12:00",50416.200,
"02.05.2024 12:15",51306.900,
"02.05.2024 12:30",51835.100,
"02.05.2024 12:45",52635.068,
"02.05.2024 13:00",52755.361,
"02.05.2024 13:15",52953.100,
"02.05.2024 13:30",52611.932,
"02.05.2024 13:45",52488.049,
"02.05.2024 14:00",51425.900,
"02.05.2024 14:15",51095.770,
"02.05.2024 14:30",50254.000,
"02.05.2024 14:45",49471.639,
"02.05.2024 15:00",48318.100,
"02.05.2024 15:15",46768.900,
"02.05.2024 15:30",45193.900,
"02.05.2024 15:45",43453.639,
"02.05.2024 16:00",41695.900,
"02.05.2024 16:15",32407.100,
"02.05.2024 16:30",16274.220,
"02.05.2024 16:45",14069.689,
"02.05.2024 17:00",18990.000,
"02.05.2024 17:15",7735.000,
"02.05.2024 17:30",27842.186,
"02.05.2024 17:45",24655.900,
"02.05.2024 18:00",22187.780,
"02.05.2024 18:15",19502.900,
"02.05.2024 18:30",16758.729,
"02.05.2024 18:45",12700.100,
"02.05.2024 19:00",8621.000,
"02.05.2024 19:15",5615.000,
"02.05.2024 19:30",3160.200,
"02.05.2024 19:45",2437.100,
"02.05.2024 20:00",1927.712,
"02.05.2024 20:15",1451.746,
"02.05.2024 20:30",916.237,
"02.05.2024 20:45",349.200,
"02.05.2024 21:00",0.000,
"02.05.2024 21:15",0.000,
"02.05.2024 21:30",0.000,
"02.05.2024 21:45",0.000,
"02.05.2024 22:00",0.000,
"02.05.2024 22:15",0.000,
"02.05.2024 22:30",0.000,
"02.05.2024 22:45",0.000,
"02.05.2024 23:00",0.000,
"02.05.2024 23:15",0.000,
"02.05.2024 23:30",0.000,
"02.05.2024 23:45",0.000,
"03.05.2024 00:00",0.000,
"03.05.2024 00:15",0.000,
"03.05.2024 00:30",0.000,
"03.05.2024 00:45",0.000,
"03.05.2024 01:00",0.000,
"03.05.2024 01:15",0.000,
"03.05.2024 01:30",0.000,
"03.05.2024 01:45",0.000,
"03.05.2024 02:00",0.000,
"03.05.2024 02:15",0.000,
"03.05.2024 02:30",0.000,
"03.05.2024 02:45",0.000,
"03.05.2024 03:00",0.000,
"03.05.2024 03:15",0.000,
"03.05.2024 03:30",0.000,
"03.05.2024 03:45",0.000,
"03.05.2024 04:00",0.000,
"03.05.2024 04:15",0.000,
"03.05.2024 04:30",0.000,
"03.05.2024 04:45",0.000,
"03.05.2024 05:00",0.000,
"03.05.2024 05:15",0.000,
"03.05.2024 05:30",0.000,
"03.05.2024 05:45",0.000,
"03.05.2024 06:00",573.800,
"03.05.2024 06:15",1342.900,
"03.05.2024 06:30",2100.900,
"03.05.2024 06:45",3252.508,
"03.05.2024 07:00",6244.100,
"03.05.2024 07:15",8959.746,
"03.05.2024 07:30",10950.000,
"03.05.2024 07:45",13310.983,
"03.05.2024 08:00",15804.100,
"03.05.2024 08:15",18519.051,
"03.05.2024 08:30",21452.000,
"03.05.2024 08:45",24531.900,
"03.05.2024 09:00",27258.100,
"03.05.2024 09:15",29927.100,
"03.05.2024 09:30",32388.200,
"03.05.2024 09:45",34775.661,
"03.05.2024 10:00",37083.213,
"03.05.2024 10:15",39365.915,
"03.05.2024 10:30",41148.900,
"03.05.2024 10:45",43067.525,
"03.05.2024 11:00",44641.407,
"03.05.2024 11:15",46152.100,
"03.05.2024 11:30",47520.000,
"03.05.2024 11:45",28021.085,
"03.05.2024 12:00",24033.100,
"03.05.2024 12:15",50674.661,
"03.05.2024 12:30",43805.847,
"03.05.2024 12:45",59117.695,
"03.05.2024 13:00",54279.559,
"03.05.2024 13:15",56214.100,
"03.05.2024 13:30",21900.100,
"03.05.2024 13:45",26034.034,
"03.05.2024 14:00",12490.508,
"03.05.2024 14:15",64149.213,
"03.05.2024 14:30",19294.100,
"03.05.2024 14:45",31041.000,
"03.05.2024 15:00",16236.000,
"03.05.2024 15:15",54385.590,
"03.05.2024 15:30",8026.100,
"03.05.2024 15:45",6457.459,
"03.05.2024 16:00",9455.000,
"03.05.2024 16:15",24350.000,
"03.05.2024 16:30",15512.000,
"03.05.2024 16:45",16058.066,
"03.05.2024 17:00",12965.153,
"03.05.2024 17:15",13508.729,
"03.05.2024 17:30",33809.100,
"03.05.2024 17:45",20107.213,
"03.05.2024 18:00",21194.576,
"03.05.2024 18:15",18812.100,
"03.05.2024 18:30",7459.900,
"03.05.2024 18:45",9234.966,
"03.05.2024 19:00",2962.000,
"03.05.2024 19:15",4316.153,
"03.05.2024 19:30",1762.787,
"03.05.2024 19:45",1792.148,
"03.05.2024 20:00",1133.000,
"03.05.2024 20:15",492.000,
"03.05.2024 20:30",417.000,
"03.05.2024 20:45",87.300,
"03.05.2024 21:00",0.000,
"03.05.2024 21:15",0.000,
"03.05.2024 21:30",0.000,
"03.05.2024 21:45",0.000,
"03.05.2024 22:00",0.000,
"03.05.2024 22:15",0.000,
"03.05.2024 22:30",0.000,
"03.05.2024 22:45",0.000,
"03.05.2024 23:00",0.000,
"03.05.2024 23:15",0.000,
"03.05.2024 23:30",0.000,
"03.05.2024 23:45",0.000,
"04.05.2024 00:00",0.000,
"04.05.2024 00:15",0.000,
"04.05.2024 00:30",0.000,
"04.05.2024 00:45",0.000,
"04.05.2024 01:00",0.000,
"04.05.2024 01:15",0.000,
"04.05.2024 01:30",0.000,
"04.05.2024 01:45",0.000,
"04.05.2024 02:00",0.000,
"04.05.2024 02:15",0.000,
"04.05.2024 02:30",0.000,
"04.05.2024 02:45",-0.455,
"04.05.2024 03:00",0.000,
"04.05.2024 03:15",0.000,
"04.05.2024 03:30",0.000,
"04.05.2024 03:45",0.000,
"04.05.2024 04:00",0.000,
"04.05.2024 04:15",0.000,
"04.05.2024 04:30",0.000,
"04.05.2024 04:45",0.000,
"04.05.2024 05:00",0.000,
"04.05.2024 05:15",0.000,
"04.05.2024 05:30",0.000,
"04.05.2024 05:45",0.000,
"04.05.2024 06:00",368.148,
"04.05.2024 06:15",817.000,
"04.05.2024 06:30",1474.180,
"04.05.2024 06:45",2217.000,
"04.05.2024 07:00",3606.661,
"04.05.2024 07:15",4537.000,
"04.05.2024 07:30",7223.557,
"04.05.2024 07:45",8720.915,
"04.05.2024 08:00",9347.230,
"04.05.2024 08:15",10362.610,
"04.05.2024 08:30",12504.000,
"04.05.2024 08:45",15025.246,
"04.05.2024 09:00",19558.361,
"04.05.2024 09:15",23183.800,
"04.05.2024 09:30",45427.034,
"04.05.2024 09:45",42171.200,
"04.05.2024 10:00",17932.881,
"04.05.2024 10:15",36202.100,
"04.05.2024 10:30",38003.220,
"04.05.2024 10:45",38972.639,
"04.05.2024 11:00",47623.000,
"04.05.2024 11:15",55767.100,
"04.05.2024 11:30",36318.712,
"04.05.2024 11:45",48541.200,
"04.05.2024 12:00",52080.800,
"04.05.2024 12:15",54191.915,
"04.05.2024 12:30",53120.763,
"04.05.2024 12:45",15293.900,
"04.05.2024 13:00",15871.200,
"04.05.2024 13:15",21420.100,
"04.05.2024 13:30",38022.000,
"04.05.2024 13:45",50723.983,
"04.05.2024 14:00",50182.393,
"04.05.2024 14:15",56866.900,
"04.05.2024 14:30",54179.426,
"04.05.2024 14:45",50902.885,
"04.05.2024 15:00",50372.424,
"04.05.2024 15:15",17992.100,
"04.05.2024 15:30",46260.492,
"04.05.2024 15:45",44003.787,
"04.05.2024 16:00",28144.000,
"04.05.2024 16:15",26274.068,
"04.05.2024 16:30",17455.100,
"04.05.2024 16:45",18154.034,
"04.05.2024 17:00",35937.475,
"04.05.2024 17:15",31507.967,
"04.05.2024 17:30",16477.100,
"04.05.2024 17:45",6383.271,
"04.05.2024 18:00",4032.800,
"04.05.2024 18:15",2585.918,
"04.05.2024 18:30",2271.864,
"04.05.2024 18:45",2515.016,
"04.05.2024 19:00",2111.000,
"04.05.2024 19:15",1295.918,
"04.05.2024 19:30",1248.900,
"04.05.2024 19:45",767.803,
"04.05.2024 20:00",1140.100,
"04.05.2024 20:15",805.831,
"04.05.2024 20:30",677.000,
"04.05.2024 20:45",150.000,
"04.05.2024 21:00",0.000,
"04.05.2024 21:15",0.000,
"04.05.2024 21:30",0.000,
"04.05.2024 21:45",0.000,
"04.05.2024 22:00",0.000,
"04.05.2024 22:15",0.000,
"04.05.2024 22:30",0.000,
"04.05.2024 22:45",0.000,
"04.05.2024 23:00",0.000,
"04.05.2024 23:15",0.000,
"04.05.2024 23:30",0.000,
"04.05.2024 23:45",0.000,
"05.05.2024 00:00",0.000,
"05.05.2024 00:15",0.000,
"05.05.2024 00:30",0.000,
"05.05.2024 00:45",0.000,
"05.05.2024 01:00",0.000,
"05.05.2024 01:15",0.000,
"05.05.2024 01:30",0.000,
"05.05.2024 01:45",0.000,
"05.05.2024 02:00",0.000,
"05.05.2024 02:15",0.000,
"05.05.2024 02:30",0.000,
"05.05.2024 02:45",0.000,
"05.05.2024 03:00",0.000,
"05.05.2024 03:15",0.000,
"05.05.2024 03:30",0.000,
"05.05.2024 03:45",0.000,
"05.05.2024 04:00",0.000,
"05.05.2024 04:15",0.000,
"05.05.2024 04:30",0.000,
"05.05.2024 04:45",0.000,
"05.05.2024 05:00",0.000,
"05.05.2024 05:15",0.000,
"05.05.2024 05:30",0.000,
"05.05.2024 05:45",0.000,
"05.05.2024 06:00",0.000,
"05.05.2024 06:15",0.000,
"05.05.2024 06:30",281.098,
"05.05.2024 06:45",1220.426,
"05.05.2024 07:00",317.754,
"05.05.2024 07:15",500.153,
"05.05.2024 07:30",2922.900,
"05.05.2024 07:45",1719.300,
"05.05.2024 08:00",1472.900,
"05.05.2024 08:15",1735.200,
"05.05.2024 08:30",2236.820,
"05.05.2024 08:45",2480.639,
"05.05.2024 09:00",2546.100,
"05.05.2024 09:15",4964.153,
"05.05.2024 09:30",3518.000,
"05.05.2024 09:45",13450.475,
"05.05.2024 10:00",42201.900,
"05.05.2024 10:15",14654.068,
"05.05.2024 10:30",15386.000,
"05.05.2024 10:45",63579.153,
"05.05.2024 11:00",33634.475,
"05.05.2024 11:15",26136.410,
"05.05.2024 11:30",22628.000,
"05.05.2024 11:45",45159.542,
"05.05.2024 12:00",41280.508,
"05.05.2024 12:15",18713.900,
"05.05.2024 12:30",16780.443,
"05.05.2024 12:45",11484.305,
"05.05.2024 13:00",9104.576,
"05.05.2024 13:15",9733.898,
"05.05.2024 13:30",35909.800,
"05.05.2024 13:45",12722.800,
"05.05.2024 14:00",13238.000,
"05.05.2024 14:15",1892.000,
"05.05.2024 14:30",5735.167,
"05.05.2024 14:45",7722.639,
"05.05.2024 15:00",9043.900,
"05.05.2024 15:15",21579.033,
"05.05.2024 15:30",18605.900,
"05.05.2024 15:45",16943.131,
"05.05.2024 16:00",30404.000,
"05.05.2024 16:15",31164.542,
"05.05.2024 16:30",23670.000,
"05.05.2024 16:45",12259.200,
"05.05.2024 17:00",16305.322,
"05.05.2024 17:15",1680.915,
"05.05.2024 17:30",7897.017,
"05.05.2024 17:45",8428.000,
"05.05.2024 18:00",2081.900,
"05.05.2024 18:15",5925.197,
"05.05.2024 18:30",3358.627,
"05.05.2024 18:45",1979.100,
"05.05.2024 19:00",1409.220,
"05.05.2024 19:15",873.729,
"05.05.2024 19:30",1172.100,
"05.05.2024 19:45",294.148,
"05.05.2024 20:00",366.900,
"05.05.2024 20:15",177.695,
"05.05.2024 20:30",0.000,
"05.05.2024 20:45",0.000,
"05.05.2024 21:00",0.000,
"05.05.2024 21:15",0.000,
"05.05.2024 21:30",0.000,
"05.05.2024 21:45",0.000,
"05.05.2024 22:00",0.000,
"05.05.2024 22:15",0.000,
"05.05.2024 22:30",0.000,
"05.05.2024 22:45",0.000,
"05.05.2024 23:00",0.000,
"05.05.2024 23:15",0.000,
"05.05.2024 23:30",0.000,
"05.05.2024 23:45",0.000,
"06.05.2024 00:00",0.000,
"06.05.2024 00:15",0.000,
"06.05.2024 00:30",0.000,
"06.05.2024 00:45",0.000,
"06.05.2024 01:00",0.000,
"06.05.2024 01:15",0.000,
"06.05.2024 01:30",0.000,
"06.05.2024 01:45",0.000,
"06.05.2024 02:00",0.000,
"06.05.2024 02:15",0.000,
"06.05.2024 02:30",0.000,
"06.05.2024 02:45",0.000,
"06.05.2024 03:00",0.000,
"06.05.2024 03:15",0.000,
"06.05.2024 03:30",0.000,
"06.05.2024 03:45",0.000,
"06.05.2024 04:00",0.000,
"06.05.2024 04:15",0.000,
"06.05.2024 04:30",0.000,
"06.05.2024 04:45",0.000,
"06.05.2024 05:00",0.000,
"06.05.2024 05:15",0.000,
"06.05.2024 05:30",0.000,
"06.05.2024 05:45",0.000,
"06.05.2024 06:00",195.300,
"06.05.2024 06:15",564.918,
"06.05.2024 06:30",1214.000,
"06.05.2024 06:45",2391.164,
"06.05.2024 07:00",4141.000,
"06.05.2024 07:15",10019.200,
"06.05.2024 07:30",7401.639,
"06.05.2024 07:45",17725.661,
"06.05.2024 08:00",11377.254,
"06.05.2024 08:15",19949.250,
"06.05.2024 08:30",27743.881,
"06.05.2024 08:45",21977.579,
"06.05.2024 09:00",28975.100,
"06.05.2024 09:15",13120.689,
"06.05.2024 09:30",29985.800,
"06.05.2024 09:45",37212.200,
"06.05.2024 10:00",13217.311,
"06.05.2024 10:15",48621.100,
"06.05.2024 10:30",11440.100,
"06.05.2024 10:45",18516.885,
"06.05.2024 11:00",15421.900,
"06.05.2024 11:15",65290.800,
"06.05.2024 11:30",22003.475,
"06.05.2024 11:45",13693.881,
"06.05.2024 12:00",14304.180,
"06.05.2024 12:15",60899.000,
"06.05.2024 12:30",62190.098,
"06.05.2024 12:45",30646.847,
"06.05.2024 13:00",13986.656,
"06.05.2024 13:15",61059.279,
"06.05.2024 13:30",8624.361,
"06.05.2024 13:45",13697.881,
"06.05.2024 14:00",10948.100,
"06.05.2024 14:15",5443.000,
"06.05.2024 14:30",7164.712,
"06.05.2024 14:45",11709.100,
"06.05.2024 15:00",16485.068,
"06.05.2024 15:15",7257.639,
"06.05.2024 15:30",8437.441,
"06.05.2024 15:45",4986.000,
"06.05.2024 16:00",3539.458,
"06.05.2024 16:15",3670.098,
"06.05.2024 16:30",8451.426,
"06.05.2024 16:45",22588.458,
"06.05.2024 17:00",20313.000,
"06.05.2024 17:15",35811.424,
"06.05.2024 17:30",36450.492,
"06.05.2024 17:45",12439.246,
"06.05.2024 18:00",18107.881,
"06.05.2024 18:15",21808.934,
"06.05.2024 18:30",17793.100,
"06.05.2024 18:45",7914.800,
"06.05.2024 19:00",14600.237,
"06.05.2024 19:15",8266.803,
"06.05.2024 19:30",5793.800,
"06.05.2024 19:45",5091.932,
"06.05.2024 20:00",3579.000,
"06.05.2024 20:15",1889.900,
"06.05.2024 20:30",1212.900,
"06.05.2024 20:45",619.033,
"06.05.2024 21:00",169.458,
"06.05.2024 21:15",0.000,
"06.05.2024 21:30",0.000,
"06.05.2024 21:45",0.000,
"06.05.2024 22:00",0.000,
"06.05.2024 22:15",0.000,
"06.05.2024 22:30",0.000,
"06.05.2024 22:45",0.000,
"06.05.2024 23:00",0.000,
"06.05.2024 23:15",0.000,
"06.05.2024 23:30",0.000,
"06.05.2024 23:45",0.000,
"07.05.2024 00:00",0.000,
"07.05.2024 00:15",0.000,
"07.05.2024 00:30",0.000,
"07.05.2024 00:45",0.000,
"07.05.2024 01:00",0.000,
"07.05.2024 01:15",0.000,
"07.05.2024 01:30",0.000,
"07.05.2024 01:45",0.000,
"07.05.2024 02:00",0.000,
"07.05.2024 02:15",0.000,
"07.05.2024 02:30",0.000,
"07.05.2024 02:45",0.000,
"07.05.2024 03:00",0.000,
"07.05.2024 03:15",0.000,
"07.05.2024 03:30",0.000,
"07.05.2024 03:45",0.000,
"07.05.2024 04:00",0.000,
"07.05.2024 04:15",0.000,
"07.05.2024 04:30",0.000,
"07.05.2024 04:45",0.000,
"07.05.2024 05:00",0.000,
"07.05.2024 05:15",0.000,
"07.05.2024 05:30",0.000,
"07.05.2024 05:45",0.000,
"07.05.2024 06:00",185.305,
"07.05.2024 06:15",484.559,
"07.05.2024 06:30",1093.066,
"07.05.2024 06:45",1489.390,
"07.05.2024 07:00",1735.000,
"07.05.2024 07:15",2301.262,
"07.05.2024 07:30",2322.000,
"07.05.2024 07:45",3066.576,
"07.05.2024 08:00",2963.000,
"07.05.2024 08:15",7056.492,
"07.05.2024 08:30",11291.200,
"07.05.2024 08:45",10286.100,
"07.05.2024 09:00",10150.831,
"07.05.2024 09:15",6584.678,
"07.05.2024 09:30",7130.492,
"07.05.2024 09:45",11199.900,
"07.05.2024 10:00",11174.000,
"07.05.2024 10:15",13554.200,
"07.05.2024 10:30",12519.377,
"07.05.2024 10:45",22553.935,
"07.05.2024 11:00",11839.951,
"07.05.2024 11:15",16382.864,
"07.05.2024 11:30",27739.344,
"07.05.2024 11:45",48449.590,
"07.05.2024 12:00",35398.900,
"07.05.2024 12:15",25382.885,
"07.05.2024 12:30",29987.966,
"07.05.2024 12:45",25852.780,
"07.05.2024 13:00",30950.593,
"07.05.2024 13:15",30784.000,
"07.05.2024 13:30",19621.000,
"07.05.2024 13:45",40910.279,
"07.05.2024 14:00",23924.200,
"07.05.2024 14:15",55359.000,
"07.05.2024 14:30",51440.153,
"07.05.2024 14:45",52986.610,
"07.05.2024 15:00",51379.373,
"07.05.2024 15:15",43530.800,
"07.05.2024 15:30",50514.000,
"07.05.2024 15:45",50863.000,
"07.05.2024 16:00",45410.934,
"07.05.2024 16:15",18211.356,
"07.05.2024 16:30",36533.115,
"07.05.2024 16:45",40447.900,
"07.05.2024 17:00",42223.305,
"07.05.2024 17:15",31173.000,
"07.05.2024 17:30",17103.966,
"07.05.2024 17:45",10918.900,
"07.05.2024 18:00",13011.100,
"07.05.2024 18:15",12481.082,
"07.05.2024 18:30",12979.000,
"07.05.2024 18:45",19616.900,
"07.05.2024 19:00",12498.559,
"07.05.2024 19:15",10867.100,
"07.05.2024 19:30",10182.780,
"07.05.2024 19:45",8342.000,
"07.05.2024 20:00",6139.900,
"07.05.2024 20:15",3988.000,
"07.05.2024 20:30",2497.800,
"07.05.2024 20:45",1015.800,
"07.05.2024 21:00",200.200,
"07.05.2024 21:15",0.000,
"07.05.2024 21:30",0.000,
"07.05.2024 21:45",0.000,
"07.05.2024 22:00",0.000,
"07.05.2024 22:15",0.000,
"07.05.2024 22:30",0.000,
"07.05.2024 22:45",0.000,
"07.05.2024 23:00",0.000,
"07.05.2024 23:15",0.000,
"07.05.2024 23:30",0.000,
"07.05.2024 23:45",0.000,
"08.05.2024 00:00",0.000,
"08.05.2024 00:15",0.000,
"08.05.2024 00:30",0.000,
"08.05.2024 00:45",0.000,
"08.05.2024 01:00",0.000,
"08.05.2024 01:15",0.000,
"08.05.2024 01:30",0.000,
"08.05.2024 01:45",0.000,
"08.05.2024 02:00",0.000,
"08.05.2024 02:15",0.000,
"08.05.2024 02:30",0.000,
"08.05.2024 02:45",0.000,
"08.05.2024 03:00",0.000,
"08.05.2024 03:15",0.000,
"08.05.2024 03:30",0.000,
"08.05.2024 03:45",0.000,
"08.05.2024 04:00",0.000,
"08.05.2024 04:15",0.000,
"08.05.2024 04:30",0.000,
"08.05.2024 04:45",0.000,
"08.05.2024 05:00",0.000,
"08.05.2024 05:15",0.000,
"08.05.2024 05:30",0.000,
"08.05.2024 05:45",318.051,
"08.05.2024 06:00",833.390,
"08.05.2024 06:15",1146.902,
"08.05.2024 06:30",1921.082,
"08.05.2024 06:45",5121.607,
"08.05.2024 07:00",9166.164,
"08.05.2024 07:15",11256.508,
"08.05.2024 07:30",13705.593,
"08.05.2024 07:45",16165.000,
"08.05.2024 08:00",18724.203,
"08.05.2024 08:15",21525.098,
"08.05.2024 08:30",24400.100,
"08.05.2024 08:45",27086.082,
"08.05.2024 09:00",29780.000,
"08.05.2024 09:15",32396.678,
"08.05.2024 09:30",35219.115,
"08.05.2024 09:45",37277.800,
"08.05.2024 10:00",39804.203,
"08.05.2024 10:15",41182.902,
"08.05.2024 10:30",43787.525,
"08.05.2024 10:45",45552.441,
"08.05.2024 11:00",47431.200,
"08.05.2024 11:15",48723.100,
"08.05.2024 11:30",49926.678,
"08.05.2024 11:45",51158.000,
"08.05.2024 12:00",51874.373,
"08.05.2024 12:15",52871.902,
"08.05.2024 12:30",53242.864,
"08.05.2024 12:45",53762.200,
"08.05.2024 13:00",53775.656,
"08.05.2024 13:15",54149.000,
"08.05.2024 13:30",54409.000,
"08.05.2024 13:45",54433.881,
"08.05.2024 14:00",53095.590,
"08.05.2024 14:15",53048.881,
"08.05.2024 14:30",52460.900,
"08.05.2024 14:45",51489.934,
"08.05.2024 15:00",50468.800,
"08.05.2024 15:15",48981.180,
"08.05.2024 15:30",47804.000,
"08.05.2024 15:45",46295.492,
"08.05.2024 16:00",44370.016,
"08.05.2024 16:15",41477.288,
"08.05.2024 16:30",39301.098,
"08.05.2024 16:45",38063.900,
"08.05.2024 17:00",35141.820,
"08.05.2024 17:15",33095.254,
"08.05.2024 17:30",30508.100,
"08.05.2024 17:45",27071.328,
"08.05.2024 18:00",24556.424,
"08.05.2024 18:15",21960.754,
"08.05.2024 18:30",19248.000,
"08.05.2024 18:45",15506.656,
"08.05.2024 19:00",10481.066,
"08.05.2024 19:15",6441.000,
"08.05.2024 19:30",3997.864,
"08.05.2024 19:45",2892.000,
"08.05.2024 20:00",2398.100,
"08.05.2024 20:15",1732.100,
"08.05.2024 20:30",1328.934,
"08.05.2024 20:45",642.700,
"08.05.2024 21:00",219.258,
"08.05.2024 21:15",0.000,
"08.05.2024 21:30",0.000,
"08.05.2024 21:45",0.000,
"08.05.2024 22:00",0.000,
"08.05.2024 22:15",0.000,
"08.05.2024 22:30",0.000,
"08.05.2024 22:45",0.000,
"08.05.2024 23:00",0.000,
"08.05.2024 23:15",0.000,
"08.05.2024 23:30",0.000,
"08.05.2024 23:45",0.000,
"09.05.2024 00:00",0.000,
"09.05.2024 00:15",0.000,
"09.05.2024 00:30",0.000,
"09.05.2024 00:45",0.000,
"09.05.2024 01:00",0.000,
"09.05.2024 01:15",0.000,
"09.05.2024 01:30",0.000,
"09.05.2024 01:45",0.000,
"09.05.2024 02:00",0.000,
"09.05.2024 02:15",0.000,
"09.05.2024 02:30",0.000,
"09.05.2024 02:45",-0.450,
"09.05.2024 03:00",0.000,
"09.05.2024 03:15",0.000,
"09.05.2024 03:30",0.000,
"09.05.2024 03:45",0.000,
"09.05.2024 04:00",0.000,
"09.05.2024 04:15",0.000,
"09.05.2024 04:30",0.000,
"09.05.2024 04:45",0.000,
"09.05.2024 05:00",0.000,
"09.05.2024 05:15",0.000,
"09.05.2024 05:30",0.000,
"09.05.2024 05:45",544.525,
"09.05.2024 06:00",1243.100,
"09.05.2024 06:15",2681.800,
"09.05.2024 06:30",4211.932,
"09.05.2024 06:45",6486.525,
"09.05.2024 07:00",8316.100,
"09.05.2024 07:15",11404.966,
"09.05.2024 07:30",12590.000,
"09.05.2024 07:45",12174.661,
"09.05.2024 08:00",17252.100,
"09.05.2024 08:15",19983.100,
"09.05.2024 08:30",25107.100,
"09.05.2024 08:45",22677.000,
"09.05.2024 09:00",38855.983,
"09.05.2024 09:15",31861.803,
"09.05.2024 09:30",39259.100,
"09.05.2024 09:45",43406.271,
"09.05.2024 10:00",42996.153,
"09.05.2024 10:15",36053.934,
"09.05.2024 10:30",42254.797,
"09.05.2024 10:45",45933.000,
"09.05.2024 11:00",46301.639,
"09.05.2024 11:15",45410.678,
"09.05.2024 11:30",55148.000,
"09.05.2024 11:45",16285.136,
"09.05.2024 12:00",22713.695,
"09.05.2024 12:15",50763.115,
"09.05.2024 12:30",37994.000,
"09.05.2024 12:45",49391.900,
"09.05.2024 13:00",34455.852,
"09.05.2024 13:15",50089.900,
"09.05.2024 13:30",48714.136,
"09.05.2024 13:45",48470.800,
"09.05.2024 14:00",42836.100,
"09.05.2024 14:15",47735.100,
"09.05.2024 14:30",24907.100,
"09.05.2024 14:45",38206.900,
"09.05.2024 15:00",44372.356,
"09.05.2024 15:15",42683.100,
"09.05.2024 15:30",40703.900,
"09.05.2024 15:45",25917.984,
"09.05.2024 16:00",39673.200,
"09.05.2024 16:15",25947.900,
"09.05.2024 16:30",32964.000,
"09.05.2024 16:45",33578.695,
"09.05.2024 17:00",34912.458,
"09.05.2024 17:15",25640.407,
"09.05.2024 17:30",24215.361,
"09.05.2024 17:45",12466.100,
"09.05.2024 18:00",13659.898,
"09.05.2024 18:15",12606.200,
"09.05.2024 18:30",7046.508,
"09.05.2024 18:45",3544.627,
"09.05.2024 19:00",3365.900,
"09.05.2024 19:15",1870.000,
"09.05.2024 19:30",1907.000,
"09.05.2024 19:45",1667.763,
"09.05.2024 20:00",1397.885,
"09.05.2024 20:15",900.918,
"09.05.2024 20:30",454.400,
"09.05.2024 20:45",148.300,
"09.05.2024 21:00",0.000,
"09.05.2024 21:15",0.000,
"09.05.2024 21:30",0.000,
"09.05.2024 21:45",0.000,
"09.05.2024 22:00",0.000,
"09.05.2024 22:15",0.000,
"09.05.2024 22:30",0.000,
"09.05.2024 22:45",0.000,
"09.05.2024 23:00",0.000,
"09.05.2024 23:15",0.000,
"09.05.2024 23:30",0.000,
"09.05.2024 23:45",0.000,
"10.05.2024 00:00",0.000,
"10.05.2024 00:15",0.000,
"10.05.2024 00:30",0.000,
"10.05.2024 00:45",0.000,
"10.05.2024 01:00",0.000,
"10.05.2024 01:15",0.000,
"10.05.2024 01:30",0.000,
"10.05.2024 01:45",0.000,
"10.05.2024 02:00",0.000,
"10.05.2024 02:15",0.000,
"10.05.2024 02:30",0.000,
"10.05.2024 02:45",0.000,
"10.05.2024 03:00",0.000,
"10.05.2024 03:15",0.000,
"10.05.2024 03:30",0.000,
"10.05.2024 03:45",0.000,
"10.05.2024 04:00",0.000,
"10.05.2024 04:15",0.000,
"10.05.2024 04:30",0.000,
"10.05.2024 04:45",0.000,
"10.05.2024 05:00",0.000,
"10.05.2024 05:15",0.000,
"10.05.2024 05:30",0.000,
"10.05.2024 05:45",333.951,
"10.05.2024 06:00",1141.200,
"10.05.2024 06:15",2344.881,
"10.05.2024 06:30",3575.574,
"10.05.2024 06:45",5004.900,
"10.05.2024 07:00",6819.966,
"10.05.2024 07:15",8559.900,
"10.05.2024 07:30",6747.475,
"10.05.2024 07:45",4963.803,
"10.05.2024 08:00",5563.361,
"10.05.2024 08:15",7753.100,
"10.05.2024 08:30",7041.763,
"10.05.2024 08:45",7076.900,
"10.05.2024 09:00",5040.900,
"10.05.2024 09:15",5936.000,
"10.05.2024 09:30",5888.459,
"10.05.2024 09:45",15461.803,
"10.05.2024 10:00",17821.000,
"10.05.2024 10:15",17273.966,
"10.05.2024 10:30",30245.508,
"10.05.2024 10:45",15119.305,
"10.05.2024 11:00",16083.900,
"10.05.2024 11:15",19283.881,
"10.05.2024 11:30",11453.000,
"10.05.2024 11:45",21451.000,
"10.05.2024 12:00",10692.000,
"10.05.2024 12:15",19192.557,
"10.05.2024 12:30",11752.271,
"10.05.2024 12:45",16361.800,
"10.05.2024 13:00",14426.082,
"10.05.2024 13:15",12138.197,
"10.05.2024 13:30",14608.787,
"10.05.2024 13:45",13611.000,
"10.05.2024 14:00",20842.541,
"10.05.2024 14:15",17181.339,
"10.05.2024 14:30",24967.300,
"10.05.2024 14:45",14428.100,
"10.05.2024 15:00",12365.237,
"10.05.2024 15:15",10274.000,
"10.05.2024 15:30",10390.136,
"10.05.2024 15:45",8339.000,
"10.05.2024 16:00",8417.763,
"10.05.2024 16:15",10076.100,
"10.05.2024 16:30",11375.426,
"10.05.2024 16:45",8278.542,
"10.05.2024 17:00",9008.100,
"10.05.2024 17:15",9180.475,
"10.05.2024 17:30",9173.000,
"10.05.2024 17:45",7693.541,
"10.05.2024 18:00",8336.780,
"10.05.2024 18:15",6361.900,
"10.05.2024 18:30",6055.180,
"10.05.2024 18:45",5542.900,
"10.05.2024 19:00",4791.082,
"10.05.2024 19:15",3656.100,
"10.05.2024 19:30",3462.000,
"10.05.2024 19:45",4182.082,
"10.05.2024 20:00",2427.100,
"10.05.2024 20:15",1206.200,
"10.05.2024 20:30",793.100,
"10.05.2024 20:45",350.918,
"10.05.2024 21:00",0.000,
"10.05.2024 21:15",0.000,
"10.05.2024 21:30",0.000,
"10.05.2024 21:45",0.000,
"10.05.2024 22:00",0.000,
"10.05.2024 22:15",0.000,
"10.05.2024 22:30",0.000,
"10.05.2024 22:45",0.000,
"10.05.2024 23:00",0.000,
"10.05.2024 23:15",0.000,
"10.05.2024 23:30",0.000,
"10.05.2024 23:45",0.000,
"11.05.2024 00:00",0.000,
"11.05.2024 00:15",0.000,
"11.05.2024 00:30",0.000,
"11.05.2024 00:45",0.000,
"11.05.2024 01:00",0.000,
"11.05.2024 01:15",0.000,
"11.05.2024 01:30",0.000,
"11.05.2024 01:45",0.000,
"11.05.2024 02:00",0.000,
"11.05.2024 02:15",0.000,
"11.05.2024 02:30",0.000,
"11.05.2024 02:45",0.000,
"11.05.2024 03:00",0.000,
"11.05.2024 03:15",0.000,
"11.05.2024 03:30",0.000,
"11.05.2024 03:45",0.000,
"11.05.2024 04:00",0.000,
"11.05.2024 04:15",0.000,
"11.05.2024 04:30",0.000,
"11.05.2024 04:45",0.000,
"11.05.2024 05:00",0.000,
"11.05.2024 05:15",0.000,
"11.05.2024 05:30",205.000,
"11.05.2024 05:45",709.115,
"11.05.2024 06:00",1303.000,
"11.05.2024 06:15",1864.000,
"11.05.2024 06:30",3007.441,
"11.05.2024 06:45",5776.100,
"11.05.2024 07:00",9485.814,
"11.05.2024 07:15",11475.000,
"11.05.2024 07:30",14219.197,
"11.05.2024 07:45",16586.900,
"11.05.2024 08:00",19220.746,
"11.05.2024 08:15",22012.393,
"11.05.2024 08:30",24779.200,
"11.05.2024 08:45",27676.508,
"11.05.2024 09:00",29385.100,
"11.05.2024 09:15",33661.746,
"11.05.2024 09:30",37344.800,
"11.05.2024 09:45",38007.695,
"11.05.2024 10:00",39645.136,
"11.05.2024 10:15",43293.000,
"11.05.2024 10:30",46696.000,
"11.05.2024 10:45",47711.000,
"11.05.2024 11:00",49716.100,
"11.05.2024 11:15",49295.153,
"11.05.2024 11:30",51948.644,
"11.05.2024 11:45",52885.407,
"11.05.2024 12:00",48378.900,
"11.05.2024 12:15",53699.459,
"11.05.2024 12:30",53515.390,
"11.05.2024 12:45",52333.200,
"11.05.2024 13:00",56326.607,
"11.05.2024 13:15",54764.559,
"11.05.2024 13:30",54505.678,
"11.05.2024 13:45",54217.100,
"11.05.2024 14:00",54282.000,
"11.05.2024 14:15",23013.695,
"11.05.2024 14:30",52575.426,
"11.05.2024 14:45",51784.689,
"11.05.2024 15:00",51142.797,
"11.05.2024 15:15",49822.000,
"11.05.2024 15:30",48483.017,
"11.05.2024 15:45",46941.492,
"11.05.2024 16:00",44757.885,
"11.05.2024 16:15",42988.881,
"11.05.2024 16:30",41100.902,
"11.05.2024 16:45",34537.102,
"11.05.2024 17:00",22958.983,
"11.05.2024 17:15",25372.000,
"11.05.2024 17:30",31582.541,
"11.05.2024 17:45",28489.136,
"11.05.2024 18:00",25533.100,
"11.05.2024 18:15",22846.836,
"11.05.2024 18:30",19920.836,
"11.05.2024 18:45",16364.623,
"11.05.2024 19:00",12137.000,
"11.05.2024 19:15",8194.051,
"11.05.2024 19:30",4250.200,
"11.05.2024 19:45",2216.000,
"11.05.2024 20:00",1780.000,
"11.05.2024 20:15",1311.000,
"11.05.2024 20:30",968.800,
"11.05.2024 20:45",660.000,
"11.05.2024 21:00",310.742,
"11.05.2024 21:15",0.000,
"11.05.2024 21:30",0.000,
"11.05.2024 21:45",0.000,
"11.05.2024 22:00",0.000,
"11.05.2024 22:15",0.000,
"11.05.2024 22:30",0.000,
"11.05.2024 22:45",0.000,
"11.05.2024 23:00",0.000,
"11.05.2024 23:15",0.000,
"11.05.2024 23:30",0.000,
"11.05.2024 23:45",0.000,
"12.05.2024 00:00",0.000,
"12.05.2024 00:15",0.000,
"12.05.2024 00:30",0.000,
"12.05.2024 00:45",0.000,
"12.05.2024 01:00",0.000,
"12.05.2024 01:15",0.000,
"12.05.2024 01:30",0.000,
"12.05.2024 01:45",0.000,
"12.05.2024 02:00",0.000,
"12.05.2024 02:15",0.000,
"12.05.2024 02:30",0.000,
"12.05.2024 02:45",0.000,
"12.05.2024 03:00",0.000,
"12.05.2024 03:15",0.000,
"12.05.2024 03:30",0.000,
"12.05.2024 03:45",0.000,
"12.05.2024 04:00",0.000,
"12.05.2024 04:15",0.000,
"12.05.2024 04:30",0.000,
"12.05.2024 04:45",0.000,
"12.05.2024 05:00",0.000,
"12.05.2024 05:15",0.000,
"12.05.2024 05:30",0.000,
"12.05.2024 05:45",570.492,
"12.05.2024 06:00",1368.000,
"12.05.2024 06:15",1895.800,
"12.05.2024 06:30",2351.200,
"12.05.2024 06:45",6536.900,
"12.05.2024 07:00",6634.000,
"12.05.2024 07:15",10374.644,
"12.05.2024 07:30",10247.000,
"12.05.2024 07:45",16407.864,
"12.05.2024 08:00",18046.574,
"12.05.2024 08:15",21929.100,
"12.05.2024 08:30",24679.800,
"12.05.2024 08:45",27496.900,
"12.05.2024 09:00",30247.100,
"12.05.2024 09:15",32472.100,
"12.05.2024 09:30",35679.770,
"12.05.2024 09:45",36039.800,
"12.05.2024 10:00",40133.475,
"12.05.2024 10:15",43284.900,
"12.05.2024 10:30",44249.590,
"12.05.2024 10:45",51128.934,
"12.05.2024 11:00",50768.441,
"12.05.2024 11:15",52440.984,
"12.05.2024 11:30",17782.459,
"12.05.2024 11:45",59694.000,
"12.05.2024 12:00",23749.800,
"12.05.2024 12:15",41444.000,
"12.05.2024 12:30",26462.800,
"12.05.2024 12:45",20689.814,
"12.05.2024 13:00",29620.424,
"12.05.2024 13:15",48448.000,
"12.05.2024 13:30",19288.034,
"12.05.2024 13:45",58236.100,
"12.05.2024 14:00",60356.689,
"12.05.2024 14:15",56699.100,
"12.05.2024 14:30",59791.574,
"12.05.2024 14:45",12638.900,
"12.05.2024 15:00",58452.800,
"12.05.2024 15:15",53950.000,
"12.05.2024 15:30",52870.800,
"12.05.2024 15:45",50155.689,
"12.05.2024 16:00",47870.590,
"12.05.2024 16:15",49131.593,
"12.05.2024 16:30",47815.000,
"12.05.2024 16:45",42236.492,
"12.05.2024 17:00",40596.180,
"12.05.2024 17:15",26583.000,
"12.05.2024 17:30",31663.627,
"12.05.2024 17:45",28587.900,
"12.05.2024 18:00",25582.900,
"12.05.2024 18:15",23191.754,
"12.05.2024 18:30",20408.148,
"12.05.2024 18:45",17113.000,
"12.05.2024 19:00",12882.900,
"12.05.2024 19:15",8472.900,
"12.05.2024 19:30",4434.051,
"12.05.2024 19:45",2336.918,
"12.05.2024 20:00",1708.300,
"12.05.2024 20:15",1417.780,
"12.05.2024 20:30",1126.902,
"12.05.2024 20:45",720.800,
"12.05.2024 21:00",351.085,
"12.05.2024 21:15",1.800,
"12.05.2024 21:30",0.000,
"12.05.2024 21:45",0.000,
"12.05.2024 22:00",0.000,
"12.05.2024 22:15",0.000,
"12.05.2024 22:30",0.000,
"12.05.2024 22:45",0.000,
"12.05.2024 23:00",0.000,
"12.05.2024 23:15",0.000,
"12.05.2024 23:30",0.000,
"12.05.2024 23:45",0.000,
"13.05.2024 00:00",0.000,
"13.05.2024 00:15",0.000,
"13.05.2024 00:30",0.000,
"13.05.2024 00:45",0.000,
"13.05.2024 01:00",0.000,
"13.05.2024 01:15",0.000,
"13.05.2024 01:30",0.000,
"13.05.2024 01:45",0.000,
"13.05.2024 02:00",0.000,
"13.05.2024 02:15",0.000,
"13.05.2024 02:30",0.000,
"13.05.2024 02:45",0.000,
"13.05.2024 03:00",0.000,
"13.05.2024 03:15",0.000,
"13.05.2024 03:30",0.000,
"13.05.2024 03:45",0.000,
"13.05.2024 04:00",0.000,
"13.05.2024 04:15",0.000,
"13.05.2024 04:30",0.000,
"13.05.2024 04:45",0.000,
"13.05.2024 05:00",0.000,
"13.05.2024 05:15",0.000,
"13.05.2024 05:30",234.100,
"13.05.2024 05:45",703.148,
"13.05.2024 06:00",1184.100,
"13.05.2024 06:15",1630.000,
"13.05.2024 06:30",2262.200,
"13.05.2024 06:45",7485.016,
"13.05.2024 07:00",10004.136,
"13.05.2024 07:15",12201.800,
"13.05.2024 07:30",14614.361,
"13.05.2024 07:45",17047.000,
"13.05.2024 08:00",19048.966,
"13.05.2024 08:15",22047.000,
"13.05.2024 08:30",25331.661,
"13.05.2024 08:45",28345.000,
"13.05.2024 09:00",30908.271,
"13.05.2024 09:15",32952.885,
"13.05.2024 09:30",34290.085,
"13.05.2024 09:45",38258.000,
"13.05.2024 10:00",40348.213,
"13.05.2024 10:15",42349.900,
"13.05.2024 10:30",43939.541,
"13.05.2024 10:45",45543.000,
"13.05.2024 11:00",47033.900,
"13.05.2024 11:15",48631.750,
"13.05.2024 11:30",49927.967,
"13.05.2024 11:45",51027.276,
"13.05.2024 12:00",52038.100,
"13.05.2024 12:15",52370.847,
"13.05.2024 12:30",53145.918,
"13.05.2024 12:45",53924.918,
"13.05.2024 13:00",54229.100,
"13.05.2024 13:15",53698.000,
"13.05.2024 13:30",54151.100,
"13.05.2024 13:45",53453.213,
"13.05.2024 14:00",52911.100,
"13.05.2024 14:15",52419.900,
"13.05.2024 14:30",51795.220,
"13.05.2024 14:45",51103.900,
"13.05.2024 15:00",49761.100,
"13.05.2024 15:15",48238.000,
"13.05.2024 15:30",46771.246,
"13.05.2024 15:45",45460.852,
"13.05.2024 16:00",43028.900,
"13.05.2024 16:15",41429.800,
"13.05.2024 16:30",39390.900,
"13.05.2024 16:45",37133.541,
"13.05.2024 17:00",35055.407,
"13.05.2024 17:15",32561.100,
"13.05.2024 17:30",29854.000,
"13.05.2024 17:45",27525.770,
"13.05.2024 18:00",24931.085,
"13.05.2024 18:15",22357.100,
"13.05.2024 18:30",19601.000,
"13.05.2024 18:45",16914.000,
"13.05.2024 19:00",12447.000,
"13.05.2024 19:15",8608.300,
"13.05.2024 19:30",4605.254,
"13.05.2024 19:45",2130.492,
"13.05.2024 20:00",1800.836,
"13.05.2024 20:15",1475.100,
"13.05.2024 20:30",1156.900,
"13.05.2024 20:45",681.800,
"13.05.2024 21:00",387.542,
"13.05.2024 21:15",109.600,
"13.05.2024 21:30",0.000,
"13.05.2024 21:45",0.000,
"13.05.2024 22:00",0.000,
"13.05.2024 22:15",0.000,
"13.05.2024 22:30",0.000,
"13.05.2024 22:45",0.000,
"13.05.2024 23:00",0.000,
"13.05.2024 23:15",0.000,
"13.05.2024 23:30",0.000,
"13.05.2024 23:45",0.000,
"14.05.2024 00:00",0.000,
"14.05.2024 00:15",0.000,
"14.05.2024 00:30",0.000,
"14.05.2024 00:45",0.000,
"14.05.2024 01:00",0.000,
"14.05.2024 01:15",0.000,
"14.05.2024 01:30",0.000,
"14.05.2024 01:45",0.000,
"14.05.2024 02:00",0.000,
"14.05.2024 02:15",0.000,
"14.05.2024 02:30",0.000,
"14.05.2024 02:45",0.000,
"14.05.2024 03:00",0.000,
"14.05.2024 03:15",0.000,
"14.05.2024 03:30",0.000,
"14.05.2024 03:45",0.000,
"14.05.2024 04:00",0.000,
"14.05.2024 04:15",0.000,
"14.05.2024 04:30",0.000,
"14.05.2024 04:45",0.000,
"14.05.2024 05:00",0.000,
"14.05.2024 05:15",0.000,
"14.05.2024 05:30",274.131,
"14.05.2024 05:45",714.000,
"14.05.2024 06:00",1154.288,
"14.05.2024 06:15",1553.131,
"14.05.2024 06:30",3040.443,
"14.05.2024 06:45",7690.900,
"14.05.2024 07:00",9987.525,
"14.05.2024 07:15",11899.000,
"14.05.2024 07:30",14704.262,
"14.05.2024 07:45",17283.034,
"14.05.2024 08:00",20006.230,
"14.05.2024 08:15",22783.213,
"14.05.2024 08:30",25790.100,
"14.05.2024 08:45",28493.000,
"14.05.2024 09:00",31453.305,
"14.05.2024 09:15",34033.100,
"14.05.2024 09:30",36634.068,
"14.05.2024 09:45",38863.000,
"14.05.2024 10:00",41073.000,
"14.05.2024 10:15",43162.203,
"14.05.2024 10:30",45121.100,
"14.05.2024 10:45",46772.517,
"14.05.2024 11:00",48601.148,
"14.05.2024 11:15",49990.918,
"14.05.2024 11:30",51385.100,
"14.05.2024 11:45",52485.661,
"14.05.2024 12:00",53438.881,
"14.05.2024 12:15",54265.262,
"14.05.2024 12:30",54643.900,
"14.05.2024 12:45",54874.729,
"14.05.2024 13:00",55335.000,
"14.05.2024 13:15",55365.934,
"14.05.2024 13:30",55088.000,
"14.05.2024 13:45",54848.100,
"14.05.2024 14:00",54373.000,
"14.05.2024 14:15",53412.623,
"14.05.2024 14:30",52654.900,
"14.05.2024 14:45",51599.814,
"14.05.2024 15:00",50478.900,
"14.05.2024 15:15",49070.900,
"14.05.2024 15:30",47519.900,
"14.05.2024 15:45",45954.852,
"14.05.2024 16:00",43348.966,
"14.05.2024 16:15",41386.000,
"14.05.2024 16:30",39439.361,
"14.05.2024 16:45",37685.836,
"14.05.2024 17:00",35142.213,
"14.05.2024 17:15",32864.000,
"14.05.2024 17:30",30884.627,
"14.05.2024 17:45",28248.000,
"14.05.2024 18:00",25205.900,
"14.05.2024 18:15",22581.800,
"14.05.2024 18:30",20157.900,
"14.05.2024 18:45",17162.656,
"14.05.2024 19:00",12786.780,
"14.05.2024 19:15",8982.000,
"14.05.2024 19:30",4914.590,
"14.05.2024 19:45",2527.864,
"14.05.2024 20:00",1889.800,
"14.05.2024 20:15",1536.833,
"14.05.2024 20:30",1209.000,
"14.05.2024 20:45",837.066,
"14.05.2024 21:00",432.220,
"14.05.2024 21:15",117.864,
"14.05.2024 21:30",0.000,
"14.05.2024 21:45",0.000,
"14.05.2024 22:00",0.000,
"14.05.2024 22:15",0.000,
"14.05.2024 22:30",0.000,
"14.05.2024 22:45",0.000,
"14.05.2024 23:00",0.000,
"14.05.2024 23:15",0.000,
"14.05.2024 23:30",0.000,
"14.05.2024 23:45",0.000,
"15.05.2024 00:00",0.000,
"15.05.2024 00:15",0.000,
"15.05.2024 00:30",0.000,
"15.05.2024 00:45",0.000,
"15.05.2024 01:00",0.000,
"15.05.2024 01:15",0.000,
"15.05.2024 01:30",0.000,
"15.05.2024 01:45",0.000,
"15.05.2024 02:00",0.000,
"15.05.2024 02:15",0.000,
"15.05.2024 02:30",0.000,
"15.05.2024 02:45",0.000,
"15.05.2024 03:00",0.000,
"15.05.2024 03:15",0.000,
"15.05.2024 03:30",0.000,
"15.05.2024 03:45",0.000,
"15.05.2024 04:00",0.000,
"15.05.2024 04:15",0.000,
"15.05.2024 04:30",0.000,
"15.05.2024 04:45",0.000,
"15.05.2024 05:00",0.000,
"15.05.2024 05:15",0.000,
"15.05.2024 05:30",278.695,
"15.05.2024 05:45",791.000,
"15.05.2024 06:00",1282.000,
"15.05.2024 06:15",1685.918,
"15.05.2024 06:30",2744.213,
"15.05.2024 06:45",7842.672,
"15.05.2024 07:00",9810.200,
"15.05.2024 07:15",12259.279,
"15.05.2024 07:30",14559.000,
"15.05.2024 07:45",17068.983,
"15.05.2024 08:00",19599.000,
"15.05.2024 08:15",21646.885,
"15.05.2024 08:30",25392.900,
"15.05.2024 08:45",28230.164,
"15.05.2024 09:00",30914.119,
"15.05.2024 09:15",33411.200,
"15.05.2024 09:30",35901.426,
"15.05.2024 09:45",38165.900,
"15.05.2024 10:00",40374.203,
"15.05.2024 10:15",42453.459,
"15.05.2024 10:30",44227.100,
"15.05.2024 10:45",45784.852,
"15.05.2024 11:00",47377.525,
"15.05.2024 11:15",48822.246,
"15.05.2024 11:30",50239.000,
"15.05.2024 11:45",51200.000,
"15.05.2024 12:00",52140.900,
"15.05.2024 12:15",53256.000,
"15.05.2024 12:30",53573.458,
"15.05.2024 12:45",53926.763,
"15.05.2024 13:00",54389.100,
"15.05.2024 13:15",54491.593,
"15.05.2024 13:30",54544.900,
"15.05.2024 13:45",53748.517,
"15.05.2024 14:00",53728.852,
"15.05.2024 14:15",53004.525,
"15.05.2024 14:30",52478.373,
"15.05.2024 14:45",51757.100,
"15.05.2024 15:00",50725.200,
"15.05.2024 15:15",49530.000,
"15.05.2024 15:30",48017.102,
"15.05.2024 15:45",46715.237,
"15.05.2024 16:00",44278.100,
"15.05.2024 16:15",42017.721,
"15.05.2024 16:30",40556.900,
"15.05.2024 16:45",38522.712,
"15.05.2024 17:00",36096.169,
"15.05.2024 17:15",33643.864,
"15.05.2024 17:30",31099.607,
"15.05.2024 17:45",28411.339,
"15.05.2024 18:00",25549.800,
"15.05.2024 18:15",23040.000,
"15.05.2024 18:30",20367.000,
"15.05.2024 18:45",17444.644,
"15.05.2024 19:00",13238.213,
"15.05.2024 19:15",9238.000,
"15.05.2024 19:30",5178.627,
"15.05.2024 19:45",2715.836,
"15.05.2024 20:00",1967.200,
"15.05.2024 20:15",1616.300,
"15.05.2024 20:30",1178.900,
"15.05.2024 20:45",886.780,
"15.05.2024 21:00",490.900,
"15.05.2024 21:15",161.377,
"15.05.2024 21:30",0.000,
"15.05.2024 21:45",0.000,
"15.05.2024 22:00",0.000,
"15.05.2024 22:15",0.000,
"15.05.2024 22:30",0.000,
"15.05.2024 22:45",0.000,
"15.05.2024 23:00",0.000,
"15.05.2024 23:15",0.000,
"15.05.2024 23:30",0.000,
"15.05.2024 23:45",0.000,
"16.05.2024 00:00",0.000,
"16.05.2024 00:15",0.000,
"16.05.2024 00:30",0.000,
"16.05.2024 00:45",0.000,
"16.05.2024 01:00",0.000,
"16.05.2024 01:15",0.000,
"16.05.2024 01:30",0.000,
"16.05.2024 01:45",0.000,
"16.05.2024 02:00",0.000,
"16.05.2024 02:15",0.000,
"16.05.2024 02:30",0.000,
"16.05.2024 02:45",0.000,
"16.05.2024 03:00",0.000,
"16.05.2024 03:15",0.000,
"16.05.2024 03:30",0.000,
"16.05.2024 03:45",0.000,
"16.05.2024 04:00",0.000,
"16.05.2024 04:15",0.000,
"16.05.2024 04:30",0.000,
"16.05.2024 04:45",0.000,
"16.05.2024 05:00",0.000,
"16.05.2024 05:15",0.000,
"16.05.2024 05:30",286.136,
"16.05.2024 05:45",646.800,
"16.05.2024 06:00",1091.000,
"16.05.2024 06:15",1591.967,
"16.05.2024 06:30",3319.115,
"16.05.2024 06:45",7619.100,
"16.05.2024 07:00",9895.900,
"16.05.2024 07:15",12163.441,
"16.05.2024 07:30",13678.100,
"16.05.2024 07:45",16875.000,
"16.05.2024 08:00",19522.246,
"16.05.2024 08:15",22228.131,
"16.05.2024 08:30",25292.900,
"16.05.2024 08:45",28042.900,
"16.05.2024 09:00",29033.373,
"16.05.2024 09:15",33338.000,
"16.05.2024 09:30",35793.898,
"16.05.2024 09:45",37908.100,
"16.05.2024 10:00",40352.441,
"16.05.2024 10:15",42265.900,
"16.05.2024 10:30",44502.000,
"16.05.2024 10:45",46333.458,
"16.05.2024 11:00",47854.016,
"16.05.2024 11:15",49469.333,
"16.05.2024 11:30",50521.900,
"16.05.2024 11:45",51803.200,
"16.05.2024 12:00",53049.305,
"16.05.2024 12:15",53484.000,
"16.05.2024 12:30",54496.900,
"16.05.2024 12:45",55072.695,
"16.05.2024 13:00",55303.115,
"16.05.2024 13:15",55611.200,
"16.05.2024 13:30",55076.900,
"16.05.2024 13:45",55050.590,
"16.05.2024 14:00",54167.100,
"16.05.2024 14:15",53502.000,
"16.05.2024 14:30",52746.900,
"16.05.2024 14:45",52021.098,
"16.05.2024 15:00",50964.918,
"16.05.2024 15:15",50039.000,
"16.05.2024 15:30",48104.100,
"16.05.2024 15:45",46298.000,
"16.05.2024 16:00",44029.475,
"16.05.2024 16:15",42119.576,
"16.05.2024 16:30",40491.000,
"16.05.2024 16:45",38148.100,
"16.05.2024 17:00",35797.803,
"16.05.2024 17:15",33252.525,
"16.05.2024 17:30",30782.000,
"16.05.2024 17:45",28095.200,
"16.05.2024 18:00",25002.000,
"16.05.2024 18:15",22277.000,
"16.05.2024 18:30",19715.200,
"16.05.2024 18:45",16715.000,
"16.05.2024 19:00",13143.200,
"16.05.2024 19:15",9198.949,
"16.05.2024 19:30",5553.695,
"16.05.2024 19:45",3464.900,
"16.05.2024 20:00",2630.836,
"16.05.2024 20:15",2111.656,
"16.05.2024 20:30",1708.542,
"16.05.2024 20:45",1090.458,
"16.05.2024 21:00",580.100,
"16.05.2024 21:15",199.542,
"16.05.2024 21:30",0.000,
"16.05.2024 21:45",0.000,
"16.05.2024 22:00",0.000,
"16.05.2024 22:15",0.000,
"16.05.2024 22:30",0.000,
"16.05.2024 22:45",0.000,
"16.05.2024 23:00",0.000,
"16.05.2024 23:15",0.000,
"16.05.2024 23:30",0.000,
"16.05.2024 23:45",0.000,
"17.05.2024 00:00",0.000,
"17.05.2024 00:15",0.000,
"17.05.2024 00:30",0.000,
"17.05.2024 00:45",0.000,
"17.05.2024 01:00",0.000,
"17.05.2024 01:15",0.000,
"17.05.2024 01:30",0.000,
"17.05.2024 01:45",0.000,
"17.05.2024 02:00",0.000,
"17.05.2024 02:15",0.000,
"17.05.2024 02:30",0.000,
"17.05.2024 02:45",-0.455,
"17.05.2024 03:00",0.000,
"17.05.2024 03:15",0.000,
"17.05.2024 03:30",0.000,
"17.05.2024 03:45",0.000,
"17.05.2024 04:00",0.000,
"17.05.2024 04:15",0.000,
"17.05.2024 04:30",0.000,
"17.05.2024 04:45",0.000,
"17.05.2024 05:00",0.000,
"17.05.2024 05:15",0.000,
"17.05.2024 05:30",690.250,
"17.05.2024 05:45",1863.610,
"17.05.2024 06:00",2644.373,
"17.05.2024 06:15",2584.100,
"17.05.2024 06:30",3106.000,
"17.05.2024 06:45",4212.000,
"17.05.2024 07:00",9741.746,
"17.05.2024 07:15",6493.695,
"17.05.2024 07:30",9638.100,
"17.05.2024 07:45",10450.525,
"17.05.2024 08:00",12463.770,
"17.05.2024 08:15",14153.119,
"17.05.2024 08:30",31652.869,
"17.05.2024 08:45",16596.100,
"17.05.2024 09:00",38695.898,
"17.05.2024 09:15",39190.729,
"17.05.2024 09:30",15686.000,
"17.05.2024 09:45",24453.900,
"17.05.2024 10:00",17583.000,
"17.05.2024 10:15",41790.100,
"17.05.2024 10:30",43856.100,
"17.05.2024 10:45",45421.000,
"17.05.2024 11:00",46783.542,
"17.05.2024 11:15",48733.000,
"17.05.2024 11:30",50181.000,
"17.05.2024 11:45",51350.831,
"17.05.2024 12:00",52165.000,
"17.05.2024 12:15",53284.443,
"17.05.2024 12:30",54155.197,
"17.05.2024 12:45",54628.900,
"17.05.2024 13:00",54712.100,
"17.05.2024 13:15",54740.100,
"17.05.2024 13:30",54825.900,
"17.05.2024 13:45",54598.000,
"17.05.2024 14:00",53965.000,
"17.05.2024 14:15",53514.852,
"17.05.2024 14:30",53007.900,
"17.05.2024 14:45",52138.100,
"17.05.2024 15:00",50830.000,
"17.05.2024 15:15",50049.000,
"17.05.2024 15:30",48476.932,
"17.05.2024 15:45",47086.000,
"17.05.2024 16:00",44682.393,
"17.05.2024 16:15",43333.500,
"17.05.2024 16:30",40991.000,
"17.05.2024 16:45",38705.237,
"17.05.2024 17:00",36652.900,
"17.05.2024 17:15",33613.288,
"17.05.2024 17:30",31575.000,
"17.05.2024 17:45",28858.000,
"17.05.2024 18:00",25981.738,
"17.05.2024 18:15",22946.900,
"17.05.2024 18:30",20457.102,
"17.05.2024 18:45",17285.559,
"17.05.2024 19:00",13654.200,
"17.05.2024 19:15",9865.852,
"17.05.2024 19:30",5752.900,
"17.05.2024 19:45",3265.000,
"17.05.2024 20:00",2378.951,
"17.05.2024 20:15",1910.016,
"17.05.2024 20:30",1509.800,
"17.05.2024 20:45",1077.200,
"17.05.2024 21:00",575.836,
"17.05.2024 21:15",239.000,
"17.05.2024 21:30",0.000,
"17.05.2024 21:45",0.000,
"17.05.2024 22:00",0.000,
"17.05.2024 22:15",0.000,
"17.05.2024 22:30",0.000,
"17.05.2024 22:45",0.000,
"17.05.2024 23:00",0.000,
"17.05.2024 23:15",0.000,
"17.05.2024 23:30",0.000,
"17.05.2024 23:45",0.000,
"18.05.2024 00:00",0.000,
"18.05.2024 00:15",0.000,
"18.05.2024 00:30",0.000,
"18.05.2024 00:45",0.000,
"18.05.2024 01:00",0.000,
"18.05.2024 01:15",0.000,
"18.05.2024 01:30",0.000,
"18.05.2024 01:45",0.000,
"18.05.2024 02:00",0.000,
"18.05.2024 02:15",0.000,
"18.05.2024 02:30",0.000,
"18.05.2024 02:45",0.000,
"18.05.2024 03:00",0.000,
"18.05.2024 03:15",0.000,
"18.05.2024 03:30",0.000,
"18.05.2024 03:45",0.000,
"18.05.2024 04:00",0.000,
"18.05.2024 04:15",0.000,
"18.05.2024 04:30",0.000,
"18.05.2024 04:45",0.000,
"18.05.2024 05:00",0.000,
"18.05.2024 05:15",205.836,
"18.05.2024 05:30",643.200,
"18.05.2024 05:45",1212.100,
"18.05.2024 06:00",1822.100,
"18.05.2024 06:15",2519.373,
"18.05.2024 06:30",4126.610,
"18.05.2024 06:45",8000.068,
"18.05.2024 07:00",10052.881,
"18.05.2024 07:15",12264.541,
"18.05.2024 07:30",14543.966,
"18.05.2024 07:45",17098.900,
"18.05.2024 08:00",19538.000,
"18.05.2024 08:15",22139.279,
"18.05.2024 08:30",25144.262,
"18.05.2024 08:45",27825.678,
"18.05.2024 09:00",30368.213,
"18.05.2024 09:15",32929.180,
"18.05.2024 09:30",35610.098,
"18.05.2024 09:45",38015.508,
"18.05.2024 10:00",39363.705,
"18.05.2024 10:15",42121.100,
"18.05.2024 10:30",44017.000,
"18.05.2024 10:45",45898.000,
"18.05.2024 11:00",47273.051,
"18.05.2024 11:15",48075.100,
"18.05.2024 11:30",50021.900,
"18.05.2024 11:45",51190.915,
"18.05.2024 12:00",52295.169,
"18.05.2024 12:15",53366.100,
"18.05.2024 12:30",53771.885,
"18.05.2024 12:45",54056.000,
"18.05.2024 13:00",54337.393,
"18.05.2024 13:15",54683.800,
"18.05.2024 13:30",54749.197,
"18.05.2024 13:45",54229.136,
"18.05.2024 14:00",54031.169,
"18.05.2024 14:15",53413.000,
"18.05.2024 14:30",53031.967,
"18.05.2024 14:45",51944.787,
"18.05.2024 15:00",50834.900,
"18.05.2024 15:15",49622.100,
"18.05.2024 15:30",48125.508,
"18.05.2024 15:45",46588.000,
"18.05.2024 16:00",44217.164,
"18.05.2024 16:15",31425.000,
"18.05.2024 16:30",37822.864,
"18.05.2024 16:45",38661.833,
"18.05.2024 17:00",37696.100,
"18.05.2024 17:15",39606.167,
"18.05.2024 17:30",17824.305,
"18.05.2024 17:45",25064.068,
"18.05.2024 18:00",26137.377,
"18.05.2024 18:15",23300.000,
"18.05.2024 18:30",20591.339,
"18.05.2024 18:45",17546.000,
"18.05.2024 19:00",13758.100,
"18.05.2024 19:15",9844.344,
"18.05.2024 19:30",5779.475,
"18.05.2024 19:45",3044.800,
"18.05.2024 20:00",2297.100,
"18.05.2024 20:15",1929.373,
"18.05.2024 20:30",1538.100,
"18.05.2024 20:45",1122.000,
"18.05.2024 21:00",670.900,
"18.05.2024 21:15",289.770,
"18.05.2024 21:30",0.000,
"18.05.2024 21:45",0.000,
"18.05.2024 22:00",0.000,
"18.05.2024 22:15",0.000,
"18.05.2024 22:30",0.000,
"18.05.2024 22:45",0.000,
"18.05.2024 23:00",0.000,
"18.05.2024 23:15",0.000,
"18.05.2024 23:30",0.000,
"18.05.2024 23:45",0.000,
"19.05.2024 00:00",0.000,
"19.05.2024 00:15",0.000,
"19.05.2024 00:30",0.000,
"19.05.2024 00:45",0.000,
"19.05.2024 01:00",0.000,
"19.05.2024 01:15",0.000,
"19.05.2024 01:30",0.000,
"19.05.2024 01:45",0.000,
"19.05.2024 02:00",0.000,
"19.05.2024 02:15",0.000,
"19.05.2024 02:30",0.000,
"19.05.2024 02:45",0.000,
"19.05.2024 03:00",0.000,
"19.05.2024 03:15",0.000,
"19.05.2024 03:30",0.000,
"19.05.2024 03:45",0.000,
"19.05.2024 04:00",0.000,
"19.05.2024 04:15",0.000,
"19.05.2024 04:30",0.000,
"19.05.2024 04:45",0.000,
"19.05.2024 05:00",0.000,
"19.05.2024 05:15",0.000,
"19.05.2024 05:30",534.000,
"19.05.2024 05:45",854.049,
"19.05.2024 06:00",1241.200,
"19.05.2024 06:15",1740.098,
"19.05.2024 06:30",2312.100,
"19.05.2024 06:45",3430.770,
"19.05.2024 07:00",6602.610,
"19.05.2024 07:15",15154.197,
"19.05.2024 07:30",15347.100,
"19.05.2024 07:45",8527.100,
"19.05.2024 08:00",21508.356,
"19.05.2024 08:15",8599.344,
"19.05.2024 08:30",9892.017,
"19.05.2024 08:45",21498.607,
"19.05.2024 09:00",8596.000,
"19.05.2024 09:15",11445.100,
"19.05.2024 09:30",12555.000,
"19.05.2024 09:45",8064.542,
"19.05.2024 10:00",8527.000,
"19.05.2024 10:15",5288.197,
"19.05.2024 10:30",19850.407,
"19.05.2024 10:45",16862.017,
"19.05.2024 11:00",49578.230,
"19.05.2024 11:15",50544.033,
"19.05.2024 11:30",55386.746,
"19.05.2024 11:45",55333.393,
"19.05.2024 12:00",60242.475,
"19.05.2024 12:15",35486.100,
"19.05.2024 12:30",52971.100,
"19.05.2024 12:45",66618.525,
"19.05.2024 13:00",38439.900,
"19.05.2024 13:15",39572.017,
"19.05.2024 13:30",28425.918,
"19.05.2024 13:45",16319.197,
"19.05.2024 14:00",10767.900,
"19.05.2024 14:15",12905.100,
"19.05.2024 14:30",27487.712,
"19.05.2024 14:45",52680.100,
"19.05.2024 15:00",56705.169,
"19.05.2024 15:15",27414.000,
"19.05.2024 15:30",21204.373,
"19.05.2024 15:45",38418.100,
"19.05.2024 16:00",30439.000,
"19.05.2024 16:15",27670.254,
"19.05.2024 16:30",30882.288,
"19.05.2024 16:45",19623.200,
"19.05.2024 17:00",13836.967,
"19.05.2024 17:15",20507.639,
"19.05.2024 17:30",31598.475,
"19.05.2024 17:45",28825.000,
"19.05.2024 18:00",24993.203,
"19.05.2024 18:15",22370.814,
"19.05.2024 18:30",20055.361,
"19.05.2024 18:45",17822.610,
"19.05.2024 19:00",13769.672,
"19.05.2024 19:15",10372.000,
"19.05.2024 19:30",6056.900,
"19.05.2024 19:45",3431.100,
"19.05.2024 20:00",2190.100,
"19.05.2024 20:15",1916.847,
"19.05.2024 20:30",1541.902,
"19.05.2024 20:45",1109.000,
"19.05.2024 21:00",549.900,
"19.05.2024 21:15",219.900,
"19.05.2024 21:30",0.000,
"19.05.2024 21:45",0.000,
"19.05.2024 22:00",0.000,
"19.05.2024 22:15",0.000,
"19.05.2024 22:30",0.000,
"19.05.2024 22:45",0.000,
"19.05.2024 23:00",0.000,
"19.05.2024 23:15",0.000,
"19.05.2024 23:30",0.000,
"19.05.2024 23:45",0.000,
"20.05.2024 00:00",0.000,
"20.05.2024 00:15",0.000,
"20.05.2024 00:30",0.000,
"20.05.2024 00:45",0.000,
"20.05.2024 01:00",0.000,
"20.05.2024 01:15",0.000,
"20.05.2024 01:30",0.000,
"20.05.2024 01:45",0.000,
"20.05.2024 02:00",0.000,
"20.05.2024 02:15",0.000,
"20.05.2024 02:30",0.000,
"20.05.2024 02:45",0.000,
"20.05.2024 03:00",0.000,
"20.05.2024 03:15",0.000,
"20.05.2024 03:30",0.000,
"20.05.2024 03:45",0.000,
"20.05.2024 04:00",0.000,
"20.05.2024 04:15",0.000,
"20.05.2024 04:30",0.000,
"20.05.2024 04:45",0.000,
"20.05.2024 05:00",0.000,
"20.05.2024 05:15",206.000,
"20.05.2024 05:30",896.000,
"20.05.2024 05:45",1758.800,
"20.05.2024 06:00",2666.000,
"20.05.2024 06:15",2694.100,
"20.05.2024 06:30",5115.164,
"20.05.2024 06:45",8370.153,
"20.05.2024 07:00",10171.068,
"20.05.2024 07:15",12374.900,
"20.05.2024 07:30",14793.203,
"20.05.2024 07:45",17227.900,
"20.05.2024 08:00",19764.729,
"20.05.2024 08:15",20069.262,
"20.05.2024 08:30",25305.661,
"20.05.2024 08:45",27905.100,
"20.05.2024 09:00",30137.984,
"20.05.2024 09:15",33011.246,
"20.05.2024 09:30",35707.557,
"20.05.2024 09:45",37866.831,
"20.05.2024 10:00",40058.459,
"20.05.2024 10:15",35823.559,
"20.05.2024 10:30",42883.373,
"20.05.2024 10:45",45160.000,
"20.05.2024 11:00",47537.900,
"20.05.2024 11:15",52118.100,
"20.05.2024 11:30",37363.695,
"20.05.2024 11:45",33375.763,
"20.05.2024 12:00",57923.541,
"20.05.2024 12:15",27142.339,
"20.05.2024 12:30",47916.700,
"20.05.2024 12:45",29319.900,
"20.05.2024 13:00",57673.197,
"20.05.2024 13:15",42768.100,
"20.05.2024 13:30",53926.356,
"20.05.2024 13:45",54992.934,
"20.05.2024 14:00",58520.200,
"20.05.2024 14:15",41368.131,
"20.05.2024 14:30",50764.100,
"20.05.2024 14:45",38113.770,
"20.05.2024 15:00",36671.831,
"20.05.2024 15:15",39939.322,
"20.05.2024 15:30",27957.900,
"20.05.2024 15:45",43453.729,
"20.05.2024 16:00",48087.100,
"20.05.2024 16:15",27861.000,
"20.05.2024 16:30",35335.847,
"20.05.2024 16:45",38944.754,
"20.05.2024 17:00",36216.153,
"20.05.2024 17:15",34042.900,
"20.05.2024 17:30",30936.328,
"20.05.2024 17:45",29012.900,
"20.05.2024 18:00",26251.763,
"20.05.2024 18:15",23692.102,
"20.05.2024 18:30",21169.689,
"20.05.2024 18:45",18302.885,
"20.05.2024 19:00",14657.200,
"20.05.2024 19:15",11071.000,
"20.05.2024 19:30",6858.900,
"20.05.2024 19:45",4060.305,
"20.05.2024 20:00",2769.951,
"20.05.2024 20:15",2291.000,
"20.05.2024 20:30",1786.932,
"20.05.2024 20:45",1291.900,
"20.05.2024 21:00",772.800,
"20.05.2024 21:15",428.967,
"20.05.2024 21:30",147.000,
"20.05.2024 21:45",0.000,
"20.05.2024 22:00",0.000,
"20.05.2024 22:15",0.000,
"20.05.2024 22:30",0.000,
"20.05.2024 22:45",0.000,
"20.05.2024 23:00",0.000,
"20.05.2024 23:15",0.000,
"20.05.2024 23:30",0.000,
"20.05.2024 23:45",0.000,
"21.05.2024 00:00",0.000,
"21.05.2024 00:15",0.000,
"21.05.2024 00:30",0.000,
"21.05.2024 00:45",0.000,
"21.05.2024 01:00",0.000,
"21.05.2024 01:15",0.000,
"21.05.2024 01:30",0.000,
"21.05.2024 01:45",0.000,
"21.05.2024 02:00",0.000,
"21.05.2024 02:15",0.000,
"21.05.2024 02:30",0.000,
"21.05.2024 02:45",-0.450,
"21.05.2024 03:00",0.000,
"21.05.2024 03:15",0.000,
"21.05.2024 03:30",0.000,
"21.05.2024 03:45",0.000,
"21.05.2024 04:00",0.000,
"21.05.2024 04:15",0.000,
"21.05.2024 04:30",0.000,
"21.05.2024 04:45",0.000,
"21.05.2024 05:00",0.000,
"21.05.2024 05:15",0.000,
"21.05.2024 05:30",213.148,
"21.05.2024 05:45",723.900,
"21.05.2024 06:00",932.763,
"21.05.2024 06:15",1501.148,
"21.05.2024 06:30",2037.949,
"21.05.2024 06:45",2684.000,
"21.05.2024 07:00",2700.016,
"21.05.2024 07:15",3275.900,
"21.05.2024 07:30",3743.900,
"21.05.2024 07:45",5918.361,
"21.05.2024 08:00",5251.000,
"21.05.2024 08:15",9950.678,
"21.05.2024 08:30",10327.900,
"21.05.2024 08:45",18442.557,
"21.05.2024 09:00",18016.900,
"21.05.2024 09:15",14711.900,
"21.05.2024 09:30",37245.000,
"21.05.2024 09:45",42006.918,
"21.05.2024 10:00",43915.000,
"21.05.2024 10:15",45241.000,
"21.05.2024 10:30",49546.902,
"21.05.2024 10:45",20004.644,
"21.05.2024 11:00",54890.800,
"21.05.2024 11:15",49630.000,
"21.05.2024 11:30",50691.000,
"21.05.2024 11:45",52006.900,
"21.05.2024 12:00",52831.339,
"21.05.2024 12:15",53503.305,
"21.05.2024 12:30",51911.000,
"21.05.2024 12:45",55531.656,
"21.05.2024 13:00",55029.475,
"21.05.2024 13:15",54942.100,
"21.05.2024 13:30",53600.729,
"21.05.2024 13:45",52947.100,
"21.05.2024 14:00",51589.033,
"21.05.2024 14:15",53662.864,
"21.05.2024 14:30",50450.607,
"21.05.2024 14:45",49802.246,
"21.05.2024 15:00",50929.000,
"21.05.2024 15:15",50320.426,
"21.05.2024 15:30",47184.000,
"21.05.2024 15:45",48540.305,
"21.05.2024 16:00",44644.000,
"21.05.2024 16:15",44252.200,
"21.05.2024 16:30",42043.610,
"21.05.2024 16:45",40054.443,
"21.05.2024 17:00",28105.900,
"21.05.2024 17:15",31082.000,
"21.05.2024 17:30",33358.100,
"21.05.2024 17:45",29550.900,
"21.05.2024 18:00",20259.136,
"21.05.2024 18:15",14552.869,
"21.05.2024 18:30",20205.361,
"21.05.2024 18:45",20046.100,
"21.05.2024 19:00",10370.200,
"21.05.2024 19:15",8718.213,
"21.05.2024 19:30",6822.542,
"21.05.2024 19:45",6014.754,
"21.05.2024 20:00",4243.100,
"21.05.2024 20:15",2732.902,
"21.05.2024 20:30",2229.900,
"21.05.2024 20:45",1687.000,
"21.05.2024 21:00",780.000,
"21.05.2024 21:15",308.542,
"21.05.2024 21:30",0.000,
"21.05.2024 21:45",0.000,
"21.05.2024 22:00",0.000,
"21.05.2024 22:15",0.000,
"21.05.2024 22:30",0.000,
"21.05.2024 22:45",0.000,
"21.05.2024 23:00",0.000,
"21.05.2024 23:15",0.000,
"21.05.2024 23:30",0.000,
"21.05.2024 23:45",0.000,
"22.05.2024 00:00",0.000,
"22.05.2024 00:15",0.000,
"22.05.2024 00:30",0.000,
"22.05.2024 00:45",0.000,
"22.05.2024 01:00",0.000,
"22.05.2024 01:15",0.000,
"22.05.2024 01:30",0.000,
"22.05.2024 01:45",0.000,
"22.05.2024 02:00",0.000,
"22.05.2024 02:15",0.000,
"22.05.2024 02:30",0.000,
"22.05.2024 02:45",0.000,
"22.05.2024 03:00",0.000,
"22.05.2024 03:15",0.000,
"22.05.2024 03:30",0.000,
"22.05.2024 03:45",0.000,
"22.05.2024 04:00",0.000,
"22.05.2024 04:15",0.000,
"22.05.2024 04:30",0.000,
"22.05.2024 04:45",0.000,
"22.05.2024 05:00",237.983,
"22.05.2024 05:15",305.115,
"22.05.2024 05:30",450.220,
"22.05.2024 05:45",672.000,
"22.05.2024 06:00",1113.458,
"22.05.2024 06:15",1557.100,
"22.05.2024 06:30",1782.000,
"22.05.2024 06:45",2336.000,
"22.05.2024 07:00",2800.754,
"22.05.2024 07:15",3089.770,
"22.05.2024 07:30",4250.525,
"22.05.2024 07:45",5706.000,
"22.05.2024 08:00",5000.800,
"22.05.2024 08:15",6255.100,
"22.05.2024 08:30",7283.034,
"22.05.2024 08:45",5823.220,
"22.05.2024 09:00",5382.271,
"22.05.2024 09:15",3816.900,
"22.05.2024 09:30",6449.200,
"22.05.2024 09:45",4560.000,
"22.05.2024 10:00",6452.705,
"22.05.2024 10:15",12518.100,
"22.05.2024 10:30",22274.983,
"22.05.2024 10:45",16784.729,
"22.05.2024 11:00",4616.186,
"22.05.2024 11:15",5248.100,
"22.05.2024 11:30",11685.393,
"22.05.2024 11:45",3808.271,
"22.05.2024 12:00",5299.623,
"22.05.2024 12:15",17713.607,
"22.05.2024 12:30",18564.390,
"22.05.2024 12:45",27473.373,
"22.05.2024 13:00",54791.100,
"22.05.2024 13:15",16964.033,
"22.05.2024 13:30",26486.082,
"22.05.2024 13:45",19122.000,
"22.05.2024 14:00",18281.833,
"22.05.2024 14:15",29780.915,
"22.05.2024 14:30",21077.000,
"22.05.2024 14:45",20512.000,
"22.05.2024 15:00",21157.000,
"22.05.2024 15:15",14065.000,
"22.05.2024 15:30",16566.017,
"22.05.2024 15:45",3625.180,
"22.05.2024 16:00",5506.262,
"22.05.2024 16:15",8419.934,
"22.05.2024 16:30",6750.763,
"22.05.2024 16:45",3046.100,
"22.05.2024 17:00",10105.898,
"22.05.2024 17:15",9966.000,
"22.05.2024 17:30",7943.119,
"22.05.2024 17:45",1511.200,
"22.05.2024 18:00",1227.100,
"22.05.2024 18:15",377.300,
"22.05.2024 18:30",528.000,
"22.05.2024 18:45",304.500,
"22.05.2024 19:00",832.066,
"22.05.2024 19:15",178.847,
"22.05.2024 19:30",169.542,
"22.05.2024 19:45",0.000,
"22.05.2024 20:00",226.900,
"22.05.2024 20:15",84.800,
"22.05.2024 20:30",0.000,
"22.05.2024 20:45",177.780,
"22.05.2024 21:00",0.000,
"22.05.2024 21:15",0.000,
"22.05.2024 21:30",0.000,
"22.05.2024 21:45",0.000,
"22.05.2024 22:00",0.000,
"22.05.2024 22:15",0.000,
"22.05.2024 22:30",0.000,
"22.05.2024 22:45",0.000,
"22.05.2024 23:00",0.000,
"22.05.2024 23:15",0.000,
"22.05.2024 23:30",0.000,
"22.05.2024 23:45",0.000,
"23.05.2024 00:00",0.000,
"23.05.2024 00:15",0.000,
"23.05.2024 00:30",0.000,
"23.05.2024 00:45",0.000,
"23.05.2024 01:00",0.000,
"23.05.2024 01:15",0.000,
"23.05.2024 01:30",0.000,
"23.05.2024 01:45",0.000,
"23.05.2024 02:00",0.000,
"23.05.2024 02:15",0.000,
"23.05.2024 02:30",0.000,
"23.05.2024 02:45",0.000,
"23.05.2024 03:00",0.000,
"23.05.2024 03:15",0.000,
"23.05.2024 03:30",0.000,
"23.05.2024 03:45",0.000,
"23.05.2024 04:00",0.000,
"23.05.2024 04:15",0.000,
"23.05.2024 04:30",0.000,
"23.05.2024 04:45",0.000,
"23.05.2024 05:00",0.000,
"23.05.2024 05:15",0.000,
"23.05.2024 05:30",0.000,
"23.05.2024 05:45",0.000,
"23.05.2024 06:00",266.288,
"23.05.2024 06:15",1012.246,
"23.05.2024 06:30",1163.934,
"23.05.2024 06:45",1684.000,
"23.05.2024 07:00",1486.000,
"23.05.2024 07:15",3415.000,
"23.05.2024 07:30",5411.100,
"23.05.2024 07:45",7300.836,
"23.05.2024 08:00",7613.136,
"23.05.2024 08:15",8115.098,
"23.05.2024 08:30",6462.441,
"23.05.2024 08:45",4285.246,
"23.05.2024 09:00",5559.000,
"23.05.2024 09:15",5542.967,
"23.05.2024 09:30",6597.900,
"23.05.2024 09:45",6260.200,
"23.05.2024 10:00",4198.100,
"23.05.2024 10:15",15593.787,
"23.05.2024 10:30",13084.000,
"23.05.2024 10:45",18086.900,
"23.05.2024 11:00",17671.492,
"23.05.2024 11:15",25161.100,
"23.05.2024 11:30",32954.426,
"23.05.2024 11:45",22747.100,
"23.05.2024 12:00",23216.492,
"23.05.2024 12:15",15752.100,
"23.05.2024 12:30",51984.000,
"23.05.2024 12:45",19531.678,
"23.05.2024 13:00",16830.237,
"23.05.2024 13:15",20490.836,
"23.05.2024 13:30",26732.200,
"23.05.2024 13:45",22035.100,
"23.05.2024 14:00",68356.000,
"23.05.2024 14:15",13178.800,
"23.05.2024 14:30",62916.000,
"23.05.2024 14:45",59578.459,
"23.05.2024 15:00",20088.200,
"23.05.2024 15:15",19759.934,
"23.05.2024 15:30",25914.344,
"23.05.2024 15:45",58625.068,
"23.05.2024 16:00",54326.066,
"23.05.2024 16:15",17885.100,
"23.05.2024 16:30",19688.000,
"23.05.2024 16:45",17534.983,
"23.05.2024 17:00",15248.000,
"23.05.2024 17:15",16846.000,
"23.05.2024 17:30",21583.100,
"23.05.2024 17:45",13620.085,
"23.05.2024 18:00",9543.900,
"23.05.2024 18:15",7159.100,
"23.05.2024 18:30",9271.915,
"23.05.2024 18:45",11326.000,
"23.05.2024 19:00",15078.000,
"23.05.2024 19:15",10807.169,
"23.05.2024 19:30",7721.100,
"23.05.2024 19:45",3893.639,
"23.05.2024 20:00",2445.220,
"23.05.2024 20:15",2409.475,
"23.05.2024 20:30",2447.098,
"23.05.2024 20:45",2168.000,
"23.05.2024 21:00",1601.000,
"23.05.2024 21:15",690.918,
"23.05.2024 21:30",193.902,
"23.05.2024 21:45",0.000,
"23.05.2024 22:00",0.000,
"23.05.2024 22:15",0.000,
"23.05.2024 22:30",0.000,
"23.05.2024 22:45",0.000,
"23.05.2024 23:00",0.000,
"23.05.2024 23:15",0.000,
"23.05.2024 23:30",0.000,
"23.05.2024 23:45",0.000,
"24.05.2024 00:00",0.000,
"24.05.2024 00:15",0.000,
"24.05.2024 00:30",0.000,
"24.05.2024 00:45",0.000,
"24.05.2024 01:00",0.000,
"24.05.2024 01:15",0.000,
"24.05.2024 01:30",0.000,
"24.05.2024 01:45",0.000,
"24.05.2024 02:00",0.000,
"24.05.2024 02:15",0.000,
"24.05.2024 02:30",0.000,
"24.05.2024 02:45",0.000,
"24.05.2024 03:00",0.000,
"24.05.2024 03:15",0.000,
"24.05.2024 03:30",0.000,
"24.05.2024 03:45",0.000,
"24.05.2024 04:00",0.000,
"24.05.2024 04:15",0.000,
"24.05.2024 04:30",0.000,
"24.05.2024 04:45",0.000,
"24.05.2024 05:00",0.000,
"24.05.2024 05:15",151.200,
"24.05.2024 05:30",643.542,
"24.05.2024 05:45",1132.100,
"24.05.2024 06:00",1912.000,
"24.05.2024 06:15",3934.900,
"24.05.2024 06:30",5713.200,
"24.05.2024 06:45",8063.000,
"24.05.2024 07:00",9809.900,
"24.05.2024 07:15",11953.983,
"24.05.2024 07:30",14707.508,
"24.05.2024 07:45",16921.441,
"24.05.2024 08:00",19547.049,
"24.05.2024 08:15",22498.186,
"24.05.2024 08:30",24935.983,
"24.05.2024 08:45",27483.900,
"24.05.2024 09:00",29885.180,
"24.05.2024 09:15",32419.898,
"24.05.2024 09:30",35187.000,
"24.05.2024 09:45",37461.000,
"24.05.2024 10:00",38777.459,
"24.05.2024 10:15",16215.000,
"24.05.2024 10:30",18894.881,
"24.05.2024 10:45",19116.574,
"24.05.2024 11:00",16786.100,
"24.05.2024 11:15",18438.000,
"24.05.2024 11:30",21215.900,
"24.05.2024 11:45",47587.100,
"24.05.2024 12:00",28643.983,
"24.05.2024 12:15",54278.100,
"24.05.2024 12:30",14618.000,
"24.05.2024 12:45",23627.164,
"24.05.2024 13:00",13855.000,
"24.05.2024 13:15",56173.627,
"24.05.2024 13:30",57558.644,
"24.05.2024 13:45",51995.900,
"24.05.2024 14:00",18901.000,
"24.05.2024 14:15",58375.100,
"24.05.2024 14:30",54730.153,
"24.05.2024 14:45",55364.729,
"24.05.2024 15:00",49781.000,
"24.05.2024 15:15",50101.000,
"24.05.2024 15:30",51054.361,
"24.05.2024 15:45",45821.016,
"24.05.2024 16:00",46028.900,
"24.05.2024 16:15",41271.803,
"24.05.2024 16:30",36767.525,
"24.05.2024 16:45",27802.000,
"24.05.2024 17:00",36480.000,
"24.05.2024 17:15",35287.966,
"24.05.2024 17:30",32714.852,
"24.05.2024 17:45",30321.590,
"24.05.2024 18:00",27946.900,
"24.05.2024 18:15",24773.356,
"24.05.2024 18:30",22577.066,
"24.05.2024 18:45",18763.000,
"24.05.2024 19:00",9745.237,
"24.05.2024 19:15",7100.576,
"24.05.2024 19:30",7695.220,
"24.05.2024 19:45",5678.000,
"24.05.2024 20:00",3146.377,
"24.05.2024 20:15",2054.100,
"24.05.2024 20:30",1447.967,
"24.05.2024 20:45",1171.000,
"24.05.2024 21:00",657.800,
"24.05.2024 21:15",502.082,
"24.05.2024 21:30",139.246,
"24.05.2024 21:45",0.000,
"24.05.2024 22:00",0.000,
"24.05.2024 22:15",0.000,
"24.05.2024 22:30",0.000,
"24.05.2024 22:45",0.000,
"24.05.2024 23:00",0.000,
"24.05.2024 23:15",0.000,
"24.05.2024 23:30",0.000,
"24.05.2024 23:45",0.000,
"25.05.2024 00:00",0.000,
"25.05.2024 00:15",0.000,
"25.05.2024 00:30",0.000,
"25.05.2024 00:45",0.000,
"25.05.2024 01:00",0.000,
"25.05.2024 01:15",0.000,
"25.05.2024 01:30",0.000,
"25.05.2024 01:45",0.000,
"25.05.2024 02:00",0.000,
"25.05.2024 02:15",0.000,
"25.05.2024 02:30",0.000,
"25.05.2024 02:45",0.000,
"25.05.2024 03:00",0.000,
"25.05.2024 03:15",0.000,
"25.05.2024 03:30",0.000,
"25.05.2024 03:45",0.000,
"25.05.2024 04:00",0.000,
"25.05.2024 04:15",0.000,
"25.05.2024 04:30",0.000,
"25.05.2024 04:45",0.000,
"25.05.2024 05:00",0.000,
"25.05.2024 05:15",346.800,
"25.05.2024 05:30",1133.900,
"25.05.2024 05:45",1970.016,
"25.05.2024 06:00",2380.000,
"25.05.2024 06:15",2669.100,
"25.05.2024 06:30",3585.119,
"25.05.2024 06:45",9495.200,
"25.05.2024 07:00",8980.237,
"25.05.2024 07:15",8038.390,
"25.05.2024 07:30",11358.033,
"25.05.2024 07:45",11888.000,
"25.05.2024 08:00",21082.000,
"25.05.2024 08:15",10972.066,
"25.05.2024 08:30",17248.288,
"25.05.2024 08:45",22210.525,
"25.05.2024 09:00",24289.900,
"25.05.2024 09:15",20818.000,
"25.05.2024 09:30",19749.000,
"25.05.2024 09:45",20574.213,
"25.05.2024 10:00",19105.754,
"25.05.2024 10:15",22529.705,
"25.05.2024 10:30",21197.100,
"25.05.2024 10:45",24132.900,
"25.05.2024 11:00",21304.213,
"25.05.2024 11:15",20051.000,
"25.05.2024 11:30",16042.705,
"25.05.2024 11:45",15229.900,
"25.05.2024 12:00",15353.797,
"25.05.2024 12:15",13267.017,
"25.05.2024 12:30",14588.186,
"25.05.2024 12:45",19524.100,
"25.05.2024 13:00",25323.200,
"25.05.2024 13:15",27983.417,
"25.05.2024 13:30",31064.361,
"25.05.2024 13:45",29352.678,
"25.05.2024 14:00",19693.712,
"25.05.2024 14:15",20788.800,
"25.05.2024 14:30",15267.017,
"25.05.2024 14:45",11337.254,
"25.05.2024 15:00",12589.051,
"25.05.2024 15:15",17672.627,
"25.05.2024 15:30",13872.169,
"25.05.2024 15:45",13451.574,
"25.05.2024 16:00",12455.100,
"25.05.2024 16:15",17438.542,
"25.05.2024 16:30",31629.852,
"25.05.2024 16:45",20911.000,
"25.05.2024 17:00",20971.100,
"25.05.2024 17:15",12401.915,
"25.05.2024 17:30",17019.900,
"25.05.2024 17:45",14756.820,
"25.05.2024 18:00",12006.000,
"25.05.2024 18:15",9324.836,
"25.05.2024 18:30",12391.847,
"25.05.2024 18:45",19351.169,
"25.05.2024 19:00",9102.984,
"25.05.2024 19:15",7103.000,
"25.05.2024 19:30",7514.525,
"25.05.2024 19:45",6004.000,
"25.05.2024 20:00",4150.220,
"25.05.2024 20:15",3128.049,
"25.05.2024 20:30",1956.000,
"25.05.2024 20:45",1486.000,
"25.05.2024 21:00",961.000,
"25.05.2024 21:15",549.869,
"25.05.2024 21:30",149.869,
"25.05.2024 21:45",0.000,
"25.05.2024 22:00",0.000,
"25.05.2024 22:15",0.000,
"25.05.2024 22:30",0.000,
"25.05.2024 22:45",0.000,
"25.05.2024 23:00",0.000,
"25.05.2024 23:15",0.000,
"25.05.2024 23:30",0.000,
"25.05.2024 23:45",0.000,
"26.05.2024 00:00",0.000,
"26.05.2024 00:15",0.000,
"26.05.2024 00:30",0.000,
"26.05.2024 00:45",0.000,
"26.05.2024 01:00",0.000,
"26.05.2024 01:15",0.000,
"26.05.2024 01:30",0.000,
"26.05.2024 01:45",0.000,
"26.05.2024 02:00",0.000,
"26.05.2024 02:15",0.000,
"26.05.2024 02:30",0.000,
"26.05.2024 02:45",-0.450,
"26.05.2024 03:00",0.000,
"26.05.2024 03:15",0.000,
"26.05.2024 03:30",0.000,
"26.05.2024 03:45",0.000,
"26.05.2024 04:00",0.000,
"26.05.2024 04:15",0.000,
"26.05.2024 04:30",0.000,
"26.05.2024 04:45",0.000,
"26.05.2024 05:00",0.000,
"26.05.2024 05:15",645.100,
"26.05.2024 05:30",1555.136,
"26.05.2024 05:45",1532.164,
"26.05.2024 06:00",1613.610,
"26.05.2024 06:15",2668.000,
"26.05.2024 06:30",3945.279,
"26.05.2024 06:45",5321.900,
"26.05.2024 07:00",5562.885,
"26.05.2024 07:15",4726.100,
"26.05.2024 07:30",5199.016,
"26.05.2024 07:45",8804.000,
"26.05.2024 08:00",13783.967,
"26.05.2024 08:15",33000.900,
"26.05.2024 08:30",40442.100,
"26.05.2024 08:45",13956.639,
"26.05.2024 09:00",12770.900,
"26.05.2024 09:15",12137.000,
"26.05.2024 09:30",9600.100,
"26.05.2024 09:45",5022.900,
"26.05.2024 10:00",5898.881,
"26.05.2024 10:15",5504.607,
"26.05.2024 10:30",20214.131,
"26.05.2024 10:45",28613.200,
"26.05.2024 11:00",47008.361,
"26.05.2024 11:15",22635.153,
"26.05.2024 11:30",23745.900,
"26.05.2024 11:45",37718.900,
"26.05.2024 12:00",68274.900,
"26.05.2024 12:15",27985.000,
"26.05.2024 12:30",25032.900,
"26.05.2024 12:45",65773.500,
"26.05.2024 13:00",56488.131,
"26.05.2024 13:15",56597.800,
"26.05.2024 13:30",55724.115,
"26.05.2024 13:45",55778.721,
"26.05.2024 14:00",51529.000,
"26.05.2024 14:15",45062.000,
"26.05.2024 14:30",19093.000,
"26.05.2024 14:45",34513.864,
"26.05.2024 15:00",22855.508,
"26.05.2024 15:15",40098.100,
"26.05.2024 15:30",45663.100,
"26.05.2024 15:45",8153.136,
"26.05.2024 16:00",27634.689,
"26.05.2024 16:15",42561.721,
"26.05.2024 16:30",40152.328,
"26.05.2024 16:45",43961.900,
"26.05.2024 17:00",39150.068,
"26.05.2024 17:15",11301.800,
"26.05.2024 17:30",7719.983,
"26.05.2024 17:45",4665.262,
"26.05.2024 18:00",20307.900,
"26.05.2024 18:15",22532.131,
"26.05.2024 18:30",26108.100,
"26.05.2024 18:45",19886.393,
"26.05.2024 19:00",5542.295,
"26.05.2024 19:15",8290.000,
"26.05.2024 19:30",4093.644,
"26.05.2024 19:45",4650.068,
"26.05.2024 20:00",5309.000,
"26.05.2024 20:15",4795.390,
"26.05.2024 20:30",3375.000,
"26.05.2024 20:45",2239.458,
"26.05.2024 21:00",1555.889,
"26.05.2024 21:15",369.305,
"26.05.2024 21:30",6.700,
"26.05.2024 21:45",0.000,
"26.05.2024 22:00",0.000,
"26.05.2024 22:15",0.000,
"26.05.2024 22:30",0.000,
"26.05.2024 22:45",0.000,
"26.05.2024 23:00",0.000,
"26.05.2024 23:15",0.000,
"26.05.2024 23:30",0.000,
"26.05.2024 23:45",0.000,
"27.05.2024 00:00",0.000,
"27.05.2024 00:15",0.000,
"27.05.2024 00:30",0.000,
"27.05.2024 00:45",0.000,
"27.05.2024 01:00",0.000,
"27.05.2024 01:15",0.000,
"27.05.2024 01:30",0.000,
"27.05.2024 01:45",0.000,
"27.05.2024 02:00",0.000,
"27.05.2024 02:15",0.000,
"27.05.2024 02:30",0.000,
"27.05.2024 02:45",0.000,
"27.05.2024 03:00",0.000,
"27.05.2024 03:15",0.000,
"27.05.2024 03:30",0.000,
"27.05.2024 03:45",0.000,
"27.05.2024 04:00",0.000,
"27.05.2024 04:15",0.000,
"27.05.2024 04:30",0.000,
"27.05.2024 04:45",0.000,
"27.05.2024 05:00",0.000,
"27.05.2024 05:15",303.797,
"27.05.2024 05:30",1095.900,
"27.05.2024 05:45",1801.200,
"27.05.2024 06:00",3816.000,
"27.05.2024 06:15",5816.000,
"27.05.2024 06:30",6337.803,
"27.05.2024 06:45",7859.115,
"27.05.2024 07:00",8613.100,
"27.05.2024 07:15",20252.200,
"27.05.2024 07:30",19632.610,
"27.05.2024 07:45",10998.852,
"27.05.2024 08:00",11490.254,
"27.05.2024 08:15",14635.180,
"27.05.2024 08:30",19365.100,
"27.05.2024 08:45",20302.203,
"27.05.2024 09:00",22097.949,
"27.05.2024 09:15",17163.049,
"27.05.2024 09:30",17774.051,
"27.05.2024 09:45",21627.246,
"27.05.2024 10:00",16823.000,
"27.05.2024 10:15",18469.100,
"27.05.2024 10:30",36478.900,
"27.05.2024 10:45",37518.900,
"27.05.2024 11:00",54823.203,
"27.05.2024 11:15",39175.051,
"27.05.2024 11:30",55918.066,
"27.05.2024 11:45",57868.900,
"27.05.2024 12:00",57466.656,
"27.05.2024 12:15",55639.475,
"27.05.2024 12:30",54522.288,
"27.05.2024 12:45",57141.900,
"27.05.2024 13:00",57373.295,
"27.05.2024 13:15",23687.508,
"27.05.2024 13:30",13971.800,
"27.05.2024 13:45",17991.393,
"27.05.2024 14:00",67006.900,
"27.05.2024 14:15",15686.800,
"27.05.2024 14:30",24714.000,
"27.05.2024 14:45",29781.000,
"27.05.2024 15:00",12730.100,
"27.05.2024 15:15",13923.900,
"27.05.2024 15:30",20322.864,
"27.05.2024 15:45",23487.000,
"27.05.2024 16:00",17558.203,
"27.05.2024 16:15",12213.200,
"27.05.2024 16:30",4691.900,
"27.05.2024 16:45",3263.049,
"27.05.2024 17:00",6990.000,
"27.05.2024 17:15",6105.559,
"27.05.2024 17:30",10884.983,
"27.05.2024 17:45",16059.000,
"27.05.2024 18:00",13578.900,
"27.05.2024 18:15",11920.167,
"27.05.2024 18:30",12196.000,
"27.05.2024 18:45",20727.119,
"27.05.2024 19:00",16743.213,
"27.05.2024 19:15",12689.377,
"27.05.2024 19:30",8132.200,
"27.05.2024 19:45",5282.000,
"27.05.2024 20:00",4618.000,
"27.05.2024 20:15",4677.695,
"27.05.2024 20:30",2360.000,
"27.05.2024 20:45",1533.000,
"27.05.2024 21:00",1159.288,
"27.05.2024 21:15",588.417,
"27.05.2024 21:30",199.610,
"27.05.2024 21:45",0.000,
"27.05.2024 22:00",0.000,
"27.05.2024 22:15",0.000,
"27.05.2024 22:30",0.000,
"27.05.2024 22:45",0.000,
"27.05.2024 23:00",0.000,
"27.05.2024 23:15",0.000,
"27.05.2024 23:30",0.000,
"27.05.2024 23:45",0.000,
"28.05.2024 00:00",0.000,
"28.05.2024 00:15",0.000,
"28.05.2024 00:30",0.000,
"28.05.2024 00:45",0.000,
"28.05.2024 01:00",0.000,
"28.05.2024 01:15",0.000,
"28.05.2024 01:30",0.000,
"28.05.2024 01:45",0.000,
"28.05.2024 02:00",0.000,
"28.05.2024 02:15",0.000,
"28.05.2024 02:30",0.000,
"28.05.2024 02:45",0.000,
"28.05.2024 03:00",0.000,
"28.05.2024 03:15",0.000,
"28.05.2024 03:30",0.000,
"28.05.2024 03:45",0.000,
"28.05.2024 04:00",0.000,
"28.05.2024 04:15",0.000,
"28.05.2024 04:30",0.000,
"28.05.2024 04:45",0.000,
"28.05.2024 05:00",0.000,
"28.05.2024 05:15",0.000,
"28.05.2024 05:30",0.000,
"28.05.2024 05:45",0.000,
"28.05.2024 06:00",186.068,
"28.05.2024 06:15",997.000,
"28.05.2024 06:30",738.017,
"28.05.2024 06:45",1319.197,
"28.05.2024 07:00",3847.230,
"28.05.2024 07:15",4156.100,
"28.05.2024 07:30",6761.153,
"28.05.2024 07:45",4622.230,
"28.05.2024 08:00",9230.900,
"28.05.2024 08:15",6036.918,
"28.05.2024 08:30",11386.000,
"28.05.2024 08:45",4477.803,
"28.05.2024 09:00",5335.000,
"28.05.2024 09:15",7124.571,
"28.05.2024 09:30",9998.000,
"28.05.2024 09:45",11172.200,
"28.05.2024 10:00",8589.150,
"28.05.2024 10:15",8455.150,
"28.05.2024 10:30",7567.850,
"28.05.2024 10:45",9090.000,
"28.05.2024 11:00",8975.150,
"28.05.2024 11:15",12987.150,
"28.05.2024 11:30",9805.350,
"28.05.2024 11:45",15985.500,
"28.05.2024 12:00",22930.350,
"28.05.2024 12:15",37047.650,
"28.05.2024 12:30",15946.350,
"28.05.2024 12:45",11383.000,
"28.05.2024 13:00",18308.500,
"28.05.2024 13:15",19840.000,
"28.05.2024 13:30",16906.350,
"28.05.2024 13:45",19036.150,
"28.05.2024 14:00",32984.350,
"28.05.2024 14:15",22961.150,
"28.05.2024 14:30",61379.661,
"28.05.2024 14:45",28699.100,
"28.05.2024 15:00",36433.797,
"28.05.2024 15:15",59520.410,
"28.05.2024 15:30",61967.695,
"28.05.2024 15:45",64073.200,
"28.05.2024 16:00",46354.051,
"28.05.2024 16:15",47937.288,
"28.05.2024 16:30",22503.119,
"28.05.2024 16:45",53035.100,
"28.05.2024 17:00",14461.593,
"28.05.2024 17:15",22161.967,
"28.05.2024 17:30",37489.800,
"28.05.2024 17:45",45236.672,
"28.05.2024 18:00",34479.000,
"28.05.2024 18:15",9933.900,
"28.05.2024 18:30",24152.441,
"28.05.2024 18:45",19271.000,
"28.05.2024 19:00",17111.738,
"28.05.2024 19:15",13300.000,
"28.05.2024 19:30",8142.000,
"28.05.2024 19:45",5751.100,
"28.05.2024 20:00",3199.770,
"28.05.2024 20:15",2468.200,
"28.05.2024 20:30",2051.000,
"28.05.2024 20:45",1538.934,
"28.05.2024 21:00",977.200,
"28.05.2024 21:15",609.951,
"28.05.2024 21:30",249.951,
"28.05.2024 21:45",0.000,
"28.05.2024 22:00",0.000,
"28.05.2024 22:15",0.000,
"28.05.2024 22:30",0.000,
"28.05.2024 22:45",0.000,
"28.05.2024 23:00",0.000,
"28.05.2024 23:15",0.000,
"28.05.2024 23:30",0.000,
"28.05.2024 23:45",0.000,
"29.05.2024 00:00",0.000,
"29.05.2024 00:15",0.000,
"29.05.2024 00:30",0.000,
"29.05.2024 00:45",0.000,
"29.05.2024 01:00",0.000,
"29.05.2024 01:15",0.000,
"29.05.2024 01:30",0.000,
"29.05.2024 01:45",0.000,
"29.05.2024 02:00",0.000,
"29.05.2024 02:15",0.000,
"29.05.2024 02:30",0.000,
"29.05.2024 02:45",-0.450,
"29.05.2024 03:00",0.000,
"29.05.2024 03:15",0.000,
"29.05.2024 03:30",0.000,
"29.05.2024 03:45",0.000,
"29.05.2024 04:00",0.000,
"29.05.2024 04:15",0.000,
"29.05.2024 04:30",0.000,
"29.05.2024 04:45",0.000,
"29.05.2024 05:00",0.000,
"29.05.2024 05:15",0.000,
"29.05.2024 05:30",226.100,
"29.05.2024 05:45",427.000,
"29.05.2024 06:00",1337.213,
"29.05.2024 06:15",494.900,
"29.05.2024 06:30",844.220,
"29.05.2024 06:45",7532.100,
"29.05.2024 07:00",3845.576,
"29.05.2024 07:15",5020.100,
"29.05.2024 07:30",6752.800,
"29.05.2024 07:45",2703.100,
"29.05.2024 08:00",4068.800,
"29.05.2024 08:15",12235.100,
"29.05.2024 08:30",9602.800,
"29.05.2024 08:45",14582.000,
"29.05.2024 09:00",11238.356,
"29.05.2024 09:15",8683.900,
"29.05.2024 09:30",7163.627,
"29.05.2024 09:45",9190.000,
"29.05.2024 10:00",6851.900,
"29.05.2024 10:15",9550.492,
"29.05.2024 10:30",8780.898,
"29.05.2024 10:45",12664.881,
"29.05.2024 11:00",12982.100,
"29.05.2024 11:15",13683.213,
"29.05.2024 11:30",13193.644,
"29.05.2024 11:45",19685.607,
"29.05.2024 12:00",11461.085,
"29.05.2024 12:15",24925.016,
"29.05.2024 12:30",25541.410,
"29.05.2024 12:45",10597.885,
"29.05.2024 13:00",21390.279,
"29.05.2024 13:15",18140.746,
"29.05.2024 13:30",6346.984,
"29.05.2024 13:45",5146.000,
"29.05.2024 14:00",13630.237,
"29.05.2024 14:15",10607.000,
"29.05.2024 14:30",6991.246,
"29.05.2024 14:45",1908.197,
"29.05.2024 15:00",6074.900,
"29.05.2024 15:15",10454.200,
"29.05.2024 15:30",11016.000,
"29.05.2024 15:45",35507.200,
"29.05.2024 16:00",24024.100,
"29.05.2024 16:15",3928.900,
"29.05.2024 16:30",16754.100,
"29.05.2024 16:45",25304.220,
"29.05.2024 17:00",23454.000,
"29.05.2024 17:15",39382.100,
"29.05.2024 17:30",18676.100,
"29.05.2024 17:45",36268.000,
"29.05.2024 18:00",45769.900,
"29.05.2024 18:15",39128.220,
"29.05.2024 18:30",12501.800,
"29.05.2024 18:45",4466.000,
"29.05.2024 19:00",5221.000,
"29.05.2024 19:15",1083.797,
"29.05.2024 19:30",772.100,
"29.05.2024 19:45",1500.100,
"29.05.2024 20:00",5806.000,
"29.05.2024 20:15",3211.639,
"29.05.2024 20:30",1313.627,
"29.05.2024 20:45",986.000,
"29.05.2024 21:00",1363.627,
"29.05.2024 21:15",763.000,
"29.05.2024 21:30",264.000,
"29.05.2024 21:45",0.000,
"29.05.2024 22:00",0.000,
"29.05.2024 22:15",0.000,
"29.05.2024 22:30",0.000,
"29.05.2024 22:45",0.000,
"29.05.2024 23:00",0.000,
"29.05.2024 23:15",0.000,
"29.05.2024 23:30",0.000,
"29.05.2024 23:45",0.000,
"30.05.2024 00:00",0.000,
"30.05.2024 00:15",0.000,
"30.05.2024 00:30",0.000,
"30.05.2024 00:45",0.000,
"30.05.2024 01:00",0.000,
"30.05.2024 01:15",0.000,
"30.05.2024 01:30",0.000,
"30.05.2024 01:45",0.000,
"30.05.2024 02:00",0.000,
"30.05.2024 02:15",0.000,
"30.05.2024 02:30",0.000,
"30.05.2024 02:45",0.000,
"30.05.2024 03:00",0.000,
"30.05.2024 03:15",0.000,
"30.05.2024 03:30",0.000,
"30.05.2024 03:45",0.000,
"30.05.2024 04:00",0.000,
"30.05.2024 04:15",0.000,
"30.05.2024 04:30",0.000,
"30.05.2024 04:45",0.000,
"30.05.2024 05:00",0.000,
"30.05.2024 05:15",363.900,
"30.05.2024 05:30",1449.000,
"30.05.2024 05:45",1587.705,
"30.05.2024 06:00",2208.900,
"30.05.2024 06:15",1637.300,
"30.05.2024 06:30",5668.900,
"30.05.2024 06:45",6540.100,
"30.05.2024 07:00",10431.000,
"30.05.2024 07:15",10647.695,
"30.05.2024 07:30",12189.000,
"30.05.2024 07:45",13102.820,
"30.05.2024 08:00",10195.590,
"30.05.2024 08:15",13874.475,
"30.05.2024 08:30",10701.100,
"30.05.2024 08:45",18236.984,
"30.05.2024 09:00",27449.000,
"30.05.2024 09:15",11112.148,
"30.05.2024 09:30",21358.000,
"30.05.2024 09:45",19745.900,
"30.05.2024 10:00",46682.780,
"30.05.2024 10:15",32946.339,
"30.05.2024 10:30",16650.100,
"30.05.2024 10:45",18231.441,
"30.05.2024 11:00",67078.770,
"30.05.2024 11:15",27118.000,
"30.05.2024 11:30",59450.390,
"30.05.2024 11:45",48263.373,
"30.05.2024 12:00",15155.068,
"30.05.2024 12:15",61871.100,
"30.05.2024 12:30",63259.475,
"30.05.2024 12:45",58915.900,
"30.05.2024 13:00",59009.322,
"30.05.2024 13:15",61440.000,
"30.05.2024 13:30",57401.885,
"30.05.2024 13:45",58562.066,
"30.05.2024 14:00",58027.230,
"30.05.2024 14:15",15895.000,
"30.05.2024 14:30",59174.836,
"30.05.2024 14:45",59276.100,
"30.05.2024 15:00",57593.627,
"30.05.2024 15:15",55616.885,
"30.05.2024 15:30",56220.100,
"30.05.2024 15:45",10290.800,
"30.05.2024 16:00",46201.000,
"30.05.2024 16:15",25825.836,
"30.05.2024 16:30",12071.100,
"30.05.2024 16:45",22642.900,
"30.05.2024 17:00",21795.000,
"30.05.2024 17:15",23705.831,
"30.05.2024 17:30",43495.655,
"30.05.2024 17:45",36275.000,
"30.05.2024 18:00",33252.721,
"30.05.2024 18:15",26963.136,
"30.05.2024 18:30",10712.949,
"30.05.2024 18:45",21098.049,
"30.05.2024 19:00",17803.100,
"30.05.2024 19:15",15110.900,
"30.05.2024 19:30",13732.000,
"30.05.2024 19:45",10677.017,
"30.05.2024 20:00",7676.800,
"30.05.2024 20:15",6508.780,
"30.05.2024 20:30",3888.000,
"30.05.2024 20:45",3110.000,
"30.05.2024 21:00",1945.900,
"30.05.2024 21:15",967.787,
"30.05.2024 21:30",539.000,
"30.05.2024 21:45",300.900,
"30.05.2024 22:00",0.000,
"30.05.2024 22:15",0.000,
"30.05.2024 22:30",0.000,
"30.05.2024 22:45",0.000,
"30.05.2024 23:00",0.000,
"30.05.2024 23:15",0.000,
"30.05.2024 23:30",0.000,
"30.05.2024 23:45",0.000,
"31.05.2024 00:00",0.000,
"31.05.2024 00:15",0.000,
"31.05.2024 00:30",0.000,
"31.05.2024 00:45",0.000,
"31.05.2024 01:00",0.000,
"31.05.2024 01:15",0.000,
"31.05.2024 01:30",0.000,
"31.05.2024 01:45",0.000,
"31.05.2024 02:00",0.000,
"31.05.2024 02:15",0.000,
"31.05.2024 02:30",0.000,
"31.05.2024 02:45",0.000,
"31.05.2024 03:00",0.000,
"31.05.2024 03:15",0.000,
"31.05.2024 03:30",0.000,
"31.05.2024 03:45",0.000,
"31.05.2024 04:00",0.000,
"31.05.2024 04:15",0.000,
"31.05.2024 04:30",0.000,
"31.05.2024 04:45",0.000,
"31.05.2024 05:00",0.000,
"31.05.2024 05:15",0.000,
"31.05.2024 05:30",0.000,
"31.05.2024 05:45",0.000,
"31.05.2024 06:00",954.100,
"31.05.2024 06:15",1149.800,
"31.05.2024 06:30",3261.169,
"31.05.2024 06:45",2604.900,
"31.05.2024 07:00",1102.100,
"31.05.2024 07:15",1472.900,
"31.05.2024 07:30",2369.100,
"31.05.2024 07:45",2984.800,
"31.05.2024 08:00",3097.271,
"31.05.2024 08:15",6625.100,
"31.05.2024 08:30",4324.000,
"31.05.2024 08:45",2071.262,
"31.05.2024 09:00",2511.000,
"31.05.2024 09:15",6719.000,
"31.05.2024 09:30",11178.900,
"31.05.2024 09:45",18617.200,
"31.05.2024 10:00",9542.000,
"31.05.2024 10:15",7813.695,
"31.05.2024 10:30",12307.169,
"31.05.2024 10:45",9059.754,
"31.05.2024 11:00",9720.000,
"31.05.2024 11:15",7362.949,
"31.05.2024 11:30",13570.576,
"31.05.2024 11:45",10146.000,
"31.05.2024 12:00",14252.000,
"31.05.2024 12:15",20855.000,
"31.05.2024 12:30",10803.100,
"31.05.2024 12:45",19360.322,
"31.05.2024 13:00",27610.279,
"31.05.2024 13:15",31165.100,
"31.05.2024 13:30",40149.852,
"31.05.2024 13:45",7077.800,
"31.05.2024 14:00",66227.373,
"31.05.2024 14:15",67185.000,
"31.05.2024 14:30",53124.590,
"31.05.2024 14:45",39137.271,
"31.05.2024 15:00",22330.900,
"31.05.2024 15:15",44721.000,
"31.05.2024 15:30",25848.203,
"31.05.2024 15:45",48063.000,
"31.05.2024 16:00",49646.000,
"31.05.2024 16:15",53074.559,
"31.05.2024 16:30",28009.220,
"31.05.2024 16:45",15196.000,
"31.05.2024 17:00",13447.639,
"31.05.2024 17:15",16109.000,
"31.05.2024 17:30",9413.900,
"31.05.2024 17:45",15833.049,
"31.05.2024 18:00",13480.900,
"31.05.2024 18:15",11499.900,
"31.05.2024 18:30",15891.656,
"31.05.2024 18:45",14950.197,
"31.05.2024 19:00",9554.279,
"31.05.2024 19:15",6707.100,
"31.05.2024 19:30",5483.033,
"31.05.2024 19:45",4988.200,
"31.05.2024 20:00",3666.068,
"31.05.2024 20:15",2039.000,
"31.05.2024 20:30",941.000,
"31.05.2024 20:45",427.082,
"31.05.2024 21:00",464.000,
"31.05.2024 21:15",538.700,
"31.05.2024 21:30",143.800,
"31.05.2024 21:45",0.000,
"31.05.2024 22:00",0.000,
"31.05.2024 22:15",0.000,
"31.05.2024 22:30",0.000,
"31.05.2024 22:45",0.000,
"31.05.2024 23:00",0.000,
"31.05.2024 23:15",0.000,
"31.05.2024 23:30",0.000,
"31.05.2024 23:45",0.000,
"01.06.2024 00:00",0.000,
"01.06.2024 00:15",0.000,
"01.06.2024 00:30",0.000,
"01.06.2024 00:45",0.000,
"01.06.2024 01:00",0.000,
"01.06.2024 01:15",0.000,
"01.06.2024 01:30",0.000,
"01.06.2024 01:45",0.000,
"01.06.2024 02:00",0.000,
"01.06.2024 02:15",0.000,
"01.06.2024 02:30",0.000,
"01.06.2024 02:45",0.000,
"01.06.2024 03:00",0.000,
"01.06.2024 03:15",0.000,
"01.06.2024 03:30",0.000,
"01.06.2024 03:45",0.000,
"01.06.2024 04:00",0.000,
"01.06.2024 04:15",0.000,
"01.06.2024 04:30",0.000,
"01.06.2024 04:45",0.000,
"01.06.2024 05:00",214.000,
"01.06.2024 05:15",751.695,
"01.06.2024 05:30",1463.200,
"01.06.2024 05:45",2394.368,
"01.06.2024 06:00",3268.379,
"01.06.2024 06:15",4464.068,
"01.06.2024 06:30",7300.100,
"01.06.2024 06:45",9574.900,
"01.06.2024 07:00",11700.100,
"01.06.2024 07:15",11599.900,
"01.06.2024 07:30",12162.000,
"01.06.2024 07:45",17470.098,
"01.06.2024 08:00",22870.525,
"01.06.2024 08:15",11099.279,
"01.06.2024 08:30",7121.000,
"01.06.2024 08:45",9443.000,
"01.06.2024 09:00",16381.967,
"01.06.2024 09:15",18149.644,
"01.06.2024 09:30",20720.426,
"01.06.2024 09:45",50525.098,
"01.06.2024 10:00",21192.678,
"01.06.2024 10:15",20696.100,
"01.06.2024 10:30",48563.900,
"01.06.2024 10:45",21430.100,
"01.06.2024 11:00",24085.100,
"01.06.2024 11:15",54618.900,
"01.06.2024 11:30",13646.900,
"01.06.2024 11:45",55361.820,
"01.06.2024 12:00",22087.200,
"01.06.2024 12:15",55421.738,
"01.06.2024 12:30",55321.164,
"01.06.2024 12:45",54926.678,
"01.06.2024 13:00",55339.115,
"01.06.2024 13:15",56578.034,
"01.06.2024 13:30",54867.100,
"01.06.2024 13:45",55745.000,
"01.06.2024 14:00",33740.754,
"01.06.2024 14:15",56598.814,
"01.06.2024 14:30",54441.932,
"01.06.2024 14:45",53013.361,
"01.06.2024 15:00",52094.051,
"01.06.2024 15:15",52814.900,
"01.06.2024 15:30",50170.098,
"01.06.2024 15:45",48503.881,
"01.06.2024 16:00",50324.951,
"01.06.2024 16:15",44242.780,
"01.06.2024 16:30",42879.900,
"01.06.2024 16:45",39667.000,
"01.06.2024 17:00",39244.136,
"01.06.2024 17:15",34314.918,
"01.06.2024 17:30",33011.441,
"01.06.2024 17:45",29144.000,
"01.06.2024 18:00",26774.100,
"01.06.2024 18:15",25168.066,
"01.06.2024 18:30",20576.672,
"01.06.2024 18:45",19638.475,
"01.06.2024 19:00",17235.492,
"01.06.2024 19:15",13622.100,
"01.06.2024 19:30",9433.200,
"01.06.2024 19:45",5905.000,
"01.06.2024 20:00",3329.852,
"01.06.2024 20:15",2630.915,
"01.06.2024 20:30",2379.100,
"01.06.2024 20:45",1969.373,
"01.06.2024 21:00",1568.000,
"01.06.2024 21:15",979.390,
"01.06.2024 21:30",479.100,
"01.06.2024 21:45",163.705,
"01.06.2024 22:00",0.000,
"01.06.2024 22:15",0.000,
"01.06.2024 22:30",0.000,
"01.06.2024 22:45",0.000,
"01.06.2024 23:00",0.000,
"01.06.2024 23:15",0.000,
"01.06.2024 23:30",0.000,
"01.06.2024 23:45",0.000,
"02.06.2024 00:00",0.000,
"02.06.2024 00:15",0.000,
"02.06.2024 00:30",0.000,
"02.06.2024 00:45",0.000,
"02.06.2024 01:00",0.000,
"02.06.2024 01:15",0.000,
"02.06.2024 01:30",0.000,
"02.06.2024 01:45",0.000,
"02.06.2024 02:00",0.000,
"02.06.2024 02:15",0.000,
"02.06.2024 02:30",0.000,
"02.06.2024 02:45",-0.450,
"02.06.2024 03:00",0.000,
"02.06.2024 03:15",0.000,
"02.06.2024 03:30",0.000,
"02.06.2024 03:45",0.000,
"02.06.2024 04:00",0.000,
"02.06.2024 04:15",0.000,
"02.06.2024 04:30",0.000,
"02.06.2024 04:45",0.000,
"02.06.2024 05:00",0.000,
"02.06.2024 05:15",0.000,
"02.06.2024 05:30",386.153,
"02.06.2024 05:45",785.900,
"02.06.2024 06:00",966.000,
"02.06.2024 06:15",1922.066,
"02.06.2024 06:30",2655.900,
"02.06.2024 06:45",2352.300,
"02.06.2024 07:00",2070.443,
"02.06.2024 07:15",6426.237,
"02.06.2024 07:30",6354.033,
"02.06.2024 07:45",9288.951,
"02.06.2024 08:00",8276.000,
"02.06.2024 08:15",8457.100,
"02.06.2024 08:30",13322.800,
"02.06.2024 08:45",15760.033,
"02.06.2024 09:00",14213.458,
"02.06.2024 09:15",21597.885,
"02.06.2024 09:30",15830.900,
"02.06.2024 09:45",16919.407,
"02.06.2024 10:00",15545.000,
"02.06.2024 10:15",19277.000,
"02.06.2024 10:30",20765.339,
"02.06.2024 10:45",28283.000,
"02.06.2024 11:00",22010.100,
"02.06.2024 11:15",26703.017,
"02.06.2024 11:30",31761.100,
"02.06.2024 11:45",26829.100,
"02.06.2024 12:00",23910.900,
"02.06.2024 12:15",34434.000,
"02.06.2024 12:30",22363.100,
"02.06.2024 12:45",22552.721,
"02.06.2024 13:00",24345.153,
"02.06.2024 13:15",23448.900,
"02.06.2024 13:30",22921.424,
"02.06.2024 13:45",26394.661,
"02.06.2024 14:00",28072.900,
"02.06.2024 14:15",23802.373,
"02.06.2024 14:30",21032.721,
"02.06.2024 14:45",21733.967,
"02.06.2024 15:00",28890.900,
"02.06.2024 15:15",27980.900,
"02.06.2024 15:30",26130.900,
"02.06.2024 15:45",21962.119,
"02.06.2024 16:00",22862.100,
"02.06.2024 16:15",20036.426,
"02.06.2024 16:30",17953.705,
"02.06.2024 16:45",19748.900,
"02.06.2024 17:00",18484.000,
"02.06.2024 17:15",14861.100,
"02.06.2024 17:30",13309.443,
"02.06.2024 17:45",12419.689,
"02.06.2024 18:00",11396.492,
"02.06.2024 18:15",10225.119,
"02.06.2024 18:30",9060.100,
"02.06.2024 18:45",7355.000,
"02.06.2024 19:00",7654.458,
"02.06.2024 19:15",7590.915,
"02.06.2024 19:30",5672.356,
"02.06.2024 19:45",6100.900,
"02.06.2024 20:00",4093.864,
"02.06.2024 20:15",3247.441,
"02.06.2024 20:30",1964.508,
"02.06.2024 20:45",1257.900,
"02.06.2024 21:00",758.000,
"02.06.2024 21:15",457.200,
"02.06.2024 21:30",89.525,
"02.06.2024 21:45",0.000,
"02.06.2024 22:00",0.000,
"02.06.2024 22:15",0.000,
"02.06.2024 22:30",0.000,
"02.06.2024 22:45",0.000,
"02.06.2024 23:00",0.000,
"02.06.2024 23:15",0.000,
"02.06.2024 23:30",0.000,
"02.06.2024 23:45",0.000,
"03.06.2024 00:00",0.000,
"03.06.2024 00:15",0.000,
"03.06.2024 00:30",0.000,
"03.06.2024 00:45",0.000,
"03.06.2024 01:00",0.000,
"03.06.2024 01:15",0.000,
"03.06.2024 01:30",0.000,
"03.06.2024 01:45",0.000,
"03.06.2024 02:00",0.000,
"03.06.2024 02:15",0.000,
"03.06.2024 02:30",0.000,
"03.06.2024 02:45",0.000,
"03.06.2024 03:00",0.000,
"03.06.2024 03:15",0.000,
"03.06.2024 03:30",0.000,
"03.06.2024 03:45",0.000,
"03.06.2024 04:00",0.000,
"03.06.2024 04:15",0.000,
"03.06.2024 04:30",0.000,
"03.06.2024 04:45",0.000,
"03.06.2024 05:00",0.000,
"03.06.2024 05:15",0.000,
"03.06.2024 05:30",522.746,
"03.06.2024 05:45",1066.932,
"03.06.2024 06:00",1958.900,
"03.06.2024 06:15",2075.230,
"03.06.2024 06:30",3018.000,
"03.06.2024 06:45",4527.931,
"03.06.2024 07:00",5968.361,
"03.06.2024 07:15",5994.508,
"03.06.2024 07:30",5620.300,
"03.06.2024 07:45",6617.967,
"03.06.2024 08:00",9009.000,
"03.06.2024 08:15",10491.100,
"03.06.2024 08:30",14224.200,
"03.06.2024 08:45",12860.200,
"03.06.2024 09:00",16435.900,
"03.06.2024 09:15",21524.623,
"03.06.2024 09:30",20266.000,
"03.06.2024 09:45",19580.000,
"03.06.2024 10:00",19267.288,
"03.06.2024 10:15",20027.200,
"03.06.2024 10:30",18901.902,
"03.06.2024 10:45",15784.200,
"03.06.2024 11:00",24247.000,
"03.06.2024 11:15",14631.100,
"03.06.2024 11:30",25076.000,
"03.06.2024 11:45",14967.100,
"03.06.2024 12:00",23581.746,
"03.06.2024 12:15",32608.800,
"03.06.2024 12:30",30477.000,
"03.06.2024 12:45",19816.339,
"03.06.2024 13:00",30441.082,
"03.06.2024 13:15",16019.900,
"03.06.2024 13:30",8982.148,
"03.06.2024 13:45",8123.100,
"03.06.2024 14:00",15424.900,
"03.06.2024 14:15",20174.220,
"03.06.2024 14:30",11373.200,
"03.06.2024 14:45",4951.100,
"03.06.2024 15:00",3798.441,
"03.06.2024 15:15",4090.000,
"03.06.2024 15:30",4851.407,
"03.06.2024 15:45",4697.373,
"03.06.2024 16:00",6651.754,
"03.06.2024 16:15",7091.738,
"03.06.2024 16:30",2350.900,
"03.06.2024 16:45",3274.900,
"03.06.2024 17:00",9091.186,
"03.06.2024 17:15",6447.508,
"03.06.2024 17:30",3460.407,
"03.06.2024 17:45",3103.200,
"03.06.2024 18:00",3580.000,
"03.06.2024 18:15",2925.100,
"03.06.2024 18:30",7936.100,
"03.06.2024 18:45",2442.763,
"03.06.2024 19:00",1703.800,
"03.06.2024 19:15",1461.017,
"03.06.2024 19:30",1512.230,
"03.06.2024 19:45",1281.847,
"03.06.2024 20:00",1277.678,
"03.06.2024 20:15",1343.300,
"03.06.2024 20:30",2003.119,
"03.06.2024 20:45",1600.051,
"03.06.2024 21:00",612.100,
"03.06.2024 21:15",98.000,
"03.06.2024 21:30",0.000,
"03.06.2024 21:45",0.000,
"03.06.2024 22:00",0.000,
"03.06.2024 22:15",0.000,
"03.06.2024 22:30",0.000,
"03.06.2024 22:45",0.000,
"03.06.2024 23:00",0.000,
"03.06.2024 23:15",0.000,
"03.06.2024 23:30",0.000,
"03.06.2024 23:45",0.000,
"04.06.2024 00:00",0.000,
"04.06.2024 00:15",0.000,
"04.06.2024 00:30",0.000,
"04.06.2024 00:45",0.000,
"04.06.2024 01:00",0.000,
"04.06.2024 01:15",0.000,
"04.06.2024 01:30",0.000,
"04.06.2024 01:45",0.000,
"04.06.2024 02:00",0.000,
"04.06.2024 02:15",0.000,
"04.06.2024 02:30",0.000,
"04.06.2024 02:45",0.000,
"04.06.2024 03:00",0.000,
"04.06.2024 03:15",0.000,
"04.06.2024 03:30",0.000,
"04.06.2024 03:45",0.000,
"04.06.2024 04:00",0.000,
"04.06.2024 04:15",0.000,
"04.06.2024 04:30",0.000,
"04.06.2024 04:45",0.000,
"04.06.2024 05:00",0.000,
"04.06.2024 05:15",623.610,
"04.06.2024 05:30",577.900,
"04.06.2024 05:45",957.000,
"04.06.2024 06:00",976.000,
"04.06.2024 06:15",1231.984,
"04.06.2024 06:30",3170.200,
"04.06.2024 06:45",4025.847,
"04.06.2024 07:00",3886.000,
"04.06.2024 07:15",2690.836,
"04.06.2024 07:30",2861.066,
"04.06.2024 07:45",2080.900,
"04.06.2024 08:00",2011.738,
"04.06.2024 08:15",3013.787,
"04.06.2024 08:30",4631.100,
"04.06.2024 08:45",6432.356,
"04.06.2024 09:00",5774.100,
"04.06.2024 09:15",8829.800,
"04.06.2024 09:30",17530.000,
"04.06.2024 09:45",16634.200,
"04.06.2024 10:00",12428.100,
"04.06.2024 10:15",15062.738,
"04.06.2024 10:30",22204.900,
"04.06.2024 10:45",24376.100,
"04.06.2024 11:00",16604.966,
"04.06.2024 11:15",24367.100,
"04.06.2024 11:30",19181.864,
"04.06.2024 11:45",8473.000,
"04.06.2024 12:00",8370.000,
"04.06.2024 12:15",9860.800,
"04.06.2024 12:30",11121.424,
"04.06.2024 12:45",6512.492,
"04.06.2024 13:00",23882.136,
"04.06.2024 13:15",46578.934,
"04.06.2024 13:30",29264.288,
"04.06.2024 13:45",20829.900,
"04.06.2024 14:00",8581.000,
"04.06.2024 14:15",13905.000,
"04.06.2024 14:30",24629.443,
"04.06.2024 14:45",9579.100,
"04.06.2024 15:00",21484.623,
"04.06.2024 15:15",6432.900,
"04.06.2024 15:30",21597.900,
"04.06.2024 15:45",18223.000,
"04.06.2024 16:00",3448.000,
"04.06.2024 16:15",6410.656,
"04.06.2024 16:30",7301.900,
"04.06.2024 16:45",7121.900,
"04.06.2024 17:00",6744.000,
"04.06.2024 17:15",4498.900,
"04.06.2024 17:30",4423.770,
"04.06.2024 17:45",10050.169,
"04.06.2024 18:00",5958.200,
"04.06.2024 18:15",6278.881,
"04.06.2024 18:30",5865.100,
"04.06.2024 18:45",5234.000,
"04.06.2024 19:00",13281.000,
"04.06.2024 19:15",20027.814,
"04.06.2024 19:30",18334.000,
"04.06.2024 19:45",7631.356,
"04.06.2024 20:00",9315.100,
"04.06.2024 20:15",5758.623,
"04.06.2024 20:30",2485.900,
"04.06.2024 20:45",734.590,
"04.06.2024 21:00",208.967,
"04.06.2024 21:15",278.932,
"04.06.2024 21:30",87.000,
"04.06.2024 21:45",0.000,
"04.06.2024 22:00",0.000,
"04.06.2024 22:15",0.000,
"04.06.2024 22:30",0.000,
"04.06.2024 22:45",0.000,
"04.06.2024 23:00",0.000,
"04.06.2024 23:15",0.000,
"04.06.2024 23:30",0.000,
"04.06.2024 23:45",0.000,
"05.06.2024 00:00",0.000,
"05.06.2024 00:15",0.000,
"05.06.2024 00:30",0.000,
"05.06.2024 00:45",0.000,
"05.06.2024 01:00",0.000,
"05.06.2024 01:15",0.000,
"05.06.2024 01:30",0.000,
"05.06.2024 01:45",0.000,
"05.06.2024 02:00",0.000,
"05.06.2024 02:15",0.000,
"05.06.2024 02:30",0.000,
"05.06.2024 02:45",0.000,
"05.06.2024 03:00",0.000,
"05.06.2024 03:15",0.000,
"05.06.2024 03:30",0.000,
"05.06.2024 03:45",0.000,
"05.06.2024 04:00",0.000,
"05.06.2024 04:15",0.000,
"05.06.2024 04:30",0.000,
"05.06.2024 04:45",0.000,
"05.06.2024 05:00",0.000,
"05.06.2024 05:15",0.000,
"05.06.2024 05:30",0.000,
"05.06.2024 05:45",312.831,
"05.06.2024 06:00",663.000,
"05.06.2024 06:15",391.100,
"05.06.2024 06:30",2196.492,
"05.06.2024 06:45",5907.085,
"05.06.2024 07:00",6677.797,
"05.06.2024 07:15",15148.136,
"05.06.2024 07:30",17383.279,
"05.06.2024 07:45",20186.831,
"05.06.2024 08:00",22628.800,
"05.06.2024 08:15",25786.738,
"05.06.2024 08:30",13777.000,
"05.06.2024 08:45",37823.230,
"05.06.2024 09:00",21793.705,
"05.06.2024 09:15",20453.900,
"05.06.2024 09:30",35720.000,
"05.06.2024 09:45",47916.800,
"05.06.2024 10:00",49808.900,
"05.06.2024 10:15",20304.508,
"05.06.2024 10:30",46728.881,
"05.06.2024 10:45",57163.100,
"05.06.2024 11:00",42513.000,
"05.06.2024 11:15",42846.254,
"05.06.2024 11:30",16037.902,
"05.06.2024 11:45",62623.721,
"05.06.2024 12:00",18659.934,
"05.06.2024 12:15",10806.100,
"05.06.2024 12:30",65049.390,
"05.06.2024 12:45",65257.100,
"05.06.2024 13:00",44651.410,
"05.06.2024 13:15",20767.271,
"05.06.2024 13:30",64611.000,
"05.06.2024 13:45",38919.100,
"05.06.2024 14:00",59170.576,
"05.06.2024 14:15",56564.689,
"05.06.2024 14:30",68306.000,
"05.06.2024 14:45",24971.082,
"05.06.2024 15:00",41654.800,
"05.06.2024 15:15",61760.508,
"05.06.2024 15:30",60011.820,
"05.06.2024 15:45",22680.100,
"05.06.2024 16:00",54558.377,
"05.06.2024 16:15",53998.475,
"05.06.2024 16:30",19483.213,
"05.06.2024 16:45",51669.458,
"05.06.2024 17:00",49649.689,
"05.06.2024 17:15",38529.100,
"05.06.2024 17:30",35401.322,
"05.06.2024 17:45",23856.902,
"05.06.2024 18:00",34329.607,
"05.06.2024 18:15",9491.017,
"05.06.2024 18:30",9799.787,
"05.06.2024 18:45",11341.900,
"05.06.2024 19:00",19201.246,
"05.06.2024 19:15",6680.672,
"05.06.2024 19:30",7758.898,
"05.06.2024 19:45",7853.000,
"05.06.2024 20:00",5665.424,
"05.06.2024 20:15",2833.639,
"05.06.2024 20:30",2340.000,
"05.06.2024 20:45",1879.000,
"05.06.2024 21:00",1486.932,
"05.06.2024 21:15",967.000,
"05.06.2024 21:30",432.300,
"05.06.2024 21:45",140.800,
"05.06.2024 22:00",0.000,
"05.06.2024 22:15",0.000,
"05.06.2024 22:30",0.000,
"05.06.2024 22:45",0.000,
"05.06.2024 23:00",0.000,
"05.06.2024 23:15",0.000,
"05.06.2024 23:30",0.000,
"05.06.2024 23:45",0.000,
"06.06.2024 00:00",0.000,
"06.06.2024 00:15",0.000,
"06.06.2024 00:30",0.000,
"06.06.2024 00:45",0.000,
"06.06.2024 01:00",0.000,
"06.06.2024 01:15",0.000,
"06.06.2024 01:30",0.000,
"06.06.2024 01:45",0.000,
"06.06.2024 02:00",0.000,
"06.06.2024 02:15",0.000,
"06.06.2024 02:30",0.000,
"06.06.2024 02:45",-0.443,
"06.06.2024 03:00",0.000,
"06.06.2024 03:15",0.000,
"06.06.2024 03:30",0.000,
"06.06.2024 03:45",0.000,
"06.06.2024 04:00",0.000,
"06.06.2024 04:15",0.000,
"06.06.2024 04:30",0.000,
"06.06.2024 04:45",156.000,
"06.06.2024 05:00",325.220,
"06.06.2024 05:15",764.115,
"06.06.2024 05:30",1152.458,
"06.06.2024 05:45",2683.100,
"06.06.2024 06:00",3959.000,
"06.06.2024 06:15",3011.000,
"06.06.2024 06:30",8414.100,
"06.06.2024 06:45",12291.100,
"06.06.2024 07:00",12186.246,
"06.06.2024 07:15",9610.590,
"06.06.2024 07:30",16746.441,
"06.06.2024 07:45",17099.000,
"06.06.2024 08:00",11747.949,
"06.06.2024 08:15",13704.305,
"06.06.2024 08:30",15830.900,
"06.06.2024 08:45",29825.100,
"06.06.2024 09:00",21856.915,
"06.06.2024 09:15",24559.000,
"06.06.2024 09:30",26504.900,
"06.06.2024 09:45",26121.949,
"06.06.2024 10:00",16788.900,
"06.06.2024 10:15",9421.000,
"06.06.2024 10:30",9166.407,
"06.06.2024 10:45",9614.100,
"06.06.2024 11:00",8250.576,
"06.06.2024 11:15",3608.000,
"06.06.2024 11:30",12421.900,
"06.06.2024 11:45",20613.900,
"06.06.2024 12:00",22382.100,
"06.06.2024 12:15",14228.475,
"06.06.2024 12:30",28926.100,
"06.06.2024 12:45",4406.100,
"06.06.2024 13:00",8994.197,
"06.06.2024 13:15",5508.787,
"06.06.2024 13:30",11525.900,
"06.06.2024 13:45",12232.100,
"06.06.2024 14:00",29174.559,
"06.06.2024 14:15",31486.082,
"06.06.2024 14:30",29253.203,
"06.06.2024 14:45",21302.017,
"06.06.2024 15:00",23688.627,
"06.06.2024 15:15",23520.576,
"06.06.2024 15:30",16550.000,
"06.06.2024 15:45",8446.475,
"06.06.2024 16:00",7017.881,
"06.06.2024 16:15",17283.119,
"06.06.2024 16:30",7821.100,
"06.06.2024 16:45",9723.934,
"06.06.2024 17:00",7883.900,
"06.06.2024 17:15",9939.900,
"06.06.2024 17:30",8344.831,
"06.06.2024 17:45",5374.100,
"06.06.2024 18:00",6467.339,
"06.06.2024 18:15",8434.000,
"06.06.2024 18:30",5048.000,
"06.06.2024 18:45",3522.820,
"06.06.2024 19:00",3562.949,
"06.06.2024 19:15",5771.000,
"06.06.2024 19:30",11319.100,
"06.06.2024 19:45",9011.900,
"06.06.2024 20:00",6320.763,
"06.06.2024 20:15",4142.100,
"06.06.2024 20:30",4884.000,
"06.06.2024 20:45",4488.000,
"06.06.2024 21:00",2685.000,
"06.06.2024 21:15",1002.932,
"06.06.2024 21:30",418.610,
"06.06.2024 21:45",156.967,
"06.06.2024 22:00",0.000,
"06.06.2024 22:15",0.000,
"06.06.2024 22:30",0.000,
"06.06.2024 22:45",0.000,
"06.06.2024 23:00",0.000,
"06.06.2024 23:15",0.000,
"06.06.2024 23:30",0.000,
"06.06.2024 23:45",0.000,
"07.06.2024 00:00",0.000,
"07.06.2024 00:15",0.000,
"07.06.2024 00:30",0.000,
"07.06.2024 00:45",0.000,
"07.06.2024 01:00",0.000,
"07.06.2024 01:15",0.000,
"07.06.2024 01:30",0.000,
"07.06.2024 01:45",0.000,
"07.06.2024 02:00",0.000,
"07.06.2024 02:15",0.000,
"07.06.2024 02:30",0.000,
"07.06.2024 02:45",0.000,
"07.06.2024 03:00",0.000,
"07.06.2024 03:15",0.000,
"07.06.2024 03:30",0.000,
"07.06.2024 03:45",0.000,
"07.06.2024 04:00",0.000,
"07.06.2024 04:15",0.000,
"07.06.2024 04:30",0.000,
"07.06.2024 04:45",0.000,
"07.06.2024 05:00",323.279,
"07.06.2024 05:15",1331.900,
"07.06.2024 05:30",1530.000,
"07.06.2024 05:45",1054.000,
"07.06.2024 06:00",1133.458,
"07.06.2024 06:15",5248.000,
"07.06.2024 06:30",7458.300,
"07.06.2024 06:45",3763.200,
"07.06.2024 07:00",5999.390,
"07.06.2024 07:15",5182.656,
"07.06.2024 07:30",5287.000,
"07.06.2024 07:45",11502.738,
"07.06.2024 08:00",19509.900,
"07.06.2024 08:15",13704.000,
"07.06.2024 08:30",31331.661,
"07.06.2024 08:45",32926.082,
"07.06.2024 09:00",34398.800,
"07.06.2024 09:15",36501.100,
"07.06.2024 09:30",40058.678,
"07.06.2024 09:45",13788.800,
"07.06.2024 10:00",54664.900,
"07.06.2024 10:15",43741.900,
"07.06.2024 10:30",28422.066,
"07.06.2024 10:45",30690.016,
"07.06.2024 11:00",20803.951,
"07.06.2024 11:15",24383.000,
"07.06.2024 11:30",30266.695,
"07.06.2024 11:45",22881.000,
"07.06.2024 12:00",20178.000,
"07.06.2024 12:15",16798.100,
"07.06.2024 12:30",16348.644,
"07.06.2024 12:45",15789.000,
"07.06.2024 13:00",11552.900,
"07.06.2024 13:15",28092.984,
"07.06.2024 13:30",31744.900,
"07.06.2024 13:45",30826.836,
"07.06.2024 14:00",58601.000,
"07.06.2024 14:15",50279.644,
"07.06.2024 14:30",34489.100,
"07.06.2024 14:45",61637.100,
"07.06.2024 15:00",19066.169,
"07.06.2024 15:15",14163.900,
"07.06.2024 15:30",60585.180,
"07.06.2024 15:45",39374.305,
"07.06.2024 16:00",19394.000,
"07.06.2024 16:15",19285.390,
"07.06.2024 16:30",16652.967,
"07.06.2024 16:45",25569.100,
"07.06.2024 17:00",23122.200,
"07.06.2024 17:15",15352.800,
"07.06.2024 17:30",9662.295,
"07.06.2024 17:45",19385.820,
"07.06.2024 18:00",25970.934,
"07.06.2024 18:15",13971.800,
"07.06.2024 18:30",18335.153,
"07.06.2024 18:45",26677.441,
"07.06.2024 19:00",18897.100,
"07.06.2024 19:15",16410.000,
"07.06.2024 19:30",11960.607,
"07.06.2024 19:45",9816.746,
"07.06.2024 20:00",4214.900,
"07.06.2024 20:15",2779.900,
"07.06.2024 20:30",2091.847,
"07.06.2024 20:45",1902.100,
"07.06.2024 21:00",1212.100,
"07.06.2024 21:15",1109.000,
"07.06.2024 21:30",497.085,
"07.06.2024 21:45",111.400,
"07.06.2024 22:00",0.000,
"07.06.2024 22:15",0.000,
"07.06.2024 22:30",0.000,
"07.06.2024 22:45",0.000,
"07.06.2024 23:00",0.000,
"07.06.2024 23:15",0.000,
"07.06.2024 23:30",0.000,
"07.06.2024 23:45",0.000,
"08.06.2024 00:00",0.000,
"08.06.2024 00:15",0.000,
"08.06.2024 00:30",0.000,
"08.06.2024 00:45",0.000,
"08.06.2024 01:00",0.000,
"08.06.2024 01:15",0.000,
"08.06.2024 01:30",0.000,
"08.06.2024 01:45",0.000,
"08.06.2024 02:00",0.000,
"08.06.2024 02:15",0.000,
"08.06.2024 02:30",0.000,
"08.06.2024 02:45",0.000,
"08.06.2024 03:00",0.000,
"08.06.2024 03:15",0.000,
"08.06.2024 03:30",0.000,
"08.06.2024 03:45",0.000,
"08.06.2024 04:00",0.000,
"08.06.2024 04:15",0.000,
"08.06.2024 04:30",0.000,
"08.06.2024 04:45",0.000,
"08.06.2024 05:00",0.000,
"08.06.2024 05:15",0.000,
"08.06.2024 05:30",160.000,
"08.06.2024 05:45",408.600,
"08.06.2024 06:00",719.705,
"08.06.2024 06:15",1613.600,
"08.06.2024 06:30",1560.100,
"08.06.2024 06:45",1567.148,
"08.06.2024 07:00",2142.424,
"08.06.2024 07:15",2450.836,
"08.06.2024 07:30",2088.131,
"08.06.2024 07:45",5626.305,
"08.06.2024 08:00",6436.780,
"08.06.2024 08:15",9206.100,
"08.06.2024 08:30",8125.100,
"08.06.2024 08:45",11354.787,
"08.06.2024 09:00",16095.754,
"08.06.2024 09:15",23896.690,
"08.06.2024 09:30",21354.000,
"08.06.2024 09:45",30935.100,
"08.06.2024 10:00",35719.034,
"08.06.2024 10:15",30255.262,
"08.06.2024 10:30",38430.700,
"08.06.2024 10:45",40400.831,
"08.06.2024 11:00",54119.000,
"08.06.2024 11:15",49376.902,
"08.06.2024 11:30",49674.000,
"08.06.2024 11:45",57772.770,
"08.06.2024 12:00",61417.525,
"08.06.2024 12:15",51474.852,
"08.06.2024 12:30",37965.100,
"08.06.2024 12:45",18416.000,
"08.06.2024 13:00",20859.100,
"08.06.2024 13:15",11561.100,
"08.06.2024 13:30",13816.262,
"08.06.2024 13:45",3129.898,
"08.06.2024 14:00",7452.900,
"08.06.2024 14:15",18600.000,
"08.06.2024 14:30",30222.900,
"08.06.2024 14:45",21554.100,
"08.06.2024 15:00",39833.869,
"08.06.2024 15:15",35141.593,
"08.06.2024 15:30",15468.000,
"08.06.2024 15:45",8780.000,
"08.06.2024 16:00",4009.689,
"08.06.2024 16:15",7191.000,
"08.06.2024 16:30",2753.197,
"08.06.2024 16:45",2871.000,
"08.06.2024 17:00",4761.593,
"08.06.2024 17:15",4502.966,
"08.06.2024 17:30",4733.000,
"08.06.2024 17:45",6986.000,
"08.06.2024 18:00",9687.900,
"08.06.2024 18:15",8472.000,
"08.06.2024 18:30",6678.900,
"08.06.2024 18:45",8555.800,
"08.06.2024 19:00",7280.590,
"08.06.2024 19:15",9764.689,
"08.06.2024 19:30",9300.200,
"08.06.2024 19:45",5642.951,
"08.06.2024 20:00",2987.700,
"08.06.2024 20:15",1380.590,
"08.06.2024 20:30",0.000,
"08.06.2024 20:45",1135.100,
"08.06.2024 21:00",228.100,
"08.06.2024 21:15",477.100,
"08.06.2024 21:30",457.695,
"08.06.2024 21:45",510.900,
"08.06.2024 22:00",0.000,
"08.06.2024 22:15",0.000,
"08.06.2024 22:30",0.000,
"08.06.2024 22:45",0.000,
"08.06.2024 23:00",0.000,
"08.06.2024 23:15",0.000,
"08.06.2024 23:30",0.000,
"08.06.2024 23:45",0.000,
"09.06.2024 00:00",0.000,
"09.06.2024 00:15",0.000,
"09.06.2024 00:30",0.000,
"09.06.2024 00:45",0.000,
"09.06.2024 01:00",0.000,
"09.06.2024 01:15",0.000,
"09.06.2024 01:30",0.000,
"09.06.2024 01:45",0.000,
"09.06.2024 02:00",0.000,
"09.06.2024 02:15",0.000,
"09.06.2024 02:30",0.000,
"09.06.2024 02:45",0.000,
"09.06.2024 03:00",0.000,
"09.06.2024 03:15",0.000,
"09.06.2024 03:30",0.000,
"09.06.2024 03:45",0.000,
"09.06.2024 04:00",0.000,
"09.06.2024 04:15",0.000,
"09.06.2024 04:30",0.000,
"09.06.2024 04:45",0.000,
"09.06.2024 05:00",295.000,
"09.06.2024 05:15",651.900,
"09.06.2024 05:30",1086.000,
"09.06.2024 05:45",1833.200,
"09.06.2024 06:00",3557.200,
"09.06.2024 06:15",7639.322,
"09.06.2024 06:30",909.100,
"09.06.2024 06:45",12374.814,
"09.06.2024 07:00",3852.393,
"09.06.2024 07:15",15133.000,
"09.06.2024 07:30",5929.951,
"09.06.2024 07:45",21706.508,
"09.06.2024 08:00",11418.900,
"09.06.2024 08:15",38927.100,
"09.06.2024 08:30",35755.016,
"09.06.2024 08:45",8001.100,
"09.06.2024 09:00",22444.016,
"09.06.2024 09:15",12044.237,
"09.06.2024 09:30",26914.644,
"09.06.2024 09:45",5771.902,
"09.06.2024 10:00",2603.900,
"09.06.2024 10:15",8810.098,
"09.06.2024 10:30",27128.934,
"09.06.2024 10:45",33180.000,
"09.06.2024 11:00",7606.800,
"09.06.2024 11:15",19052.000,
"09.06.2024 11:30",68315.932,
"09.06.2024 11:45",15091.000,
"09.06.2024 12:00",28371.750,
"09.06.2024 12:15",12317.100,
"09.06.2024 12:30",36491.000,
"09.06.2024 12:45",20304.800,
"09.06.2024 13:00",22551.085,
"09.06.2024 13:15",18201.656,
"09.06.2024 13:30",14959.900,
"09.06.2024 13:45",17453.475,
"09.06.2024 14:00",3777.721,
"09.06.2024 14:15",16437.700,
"09.06.2024 14:30",6026.339,
"09.06.2024 14:45",9626.820,
"09.06.2024 15:00",11036.000,
"09.06.2024 15:15",16104.000,
"09.06.2024 15:30",31192.200,
"09.06.2024 15:45",6790.900,
"09.06.2024 16:00",15738.203,
"09.06.2024 16:15",49199.100,
"09.06.2024 16:30",50297.000,
"09.06.2024 16:45",18328.295,
"09.06.2024 17:00",24480.000,
"09.06.2024 17:15",21742.967,
"09.06.2024 17:30",19906.000,
"09.06.2024 17:45",12141.763,
"09.06.2024 18:00",29050.900,
"09.06.2024 18:15",29952.900,
"09.06.2024 18:30",10949.033,
"09.06.2024 18:45",11146.148,
"09.06.2024 19:00",11681.900,
"09.06.2024 19:15",12148.000,
"09.06.2024 19:30",7614.000,
"09.06.2024 19:45",9037.000,
"09.06.2024 20:00",5490.656,
"09.06.2024 20:15",4680.000,
"09.06.2024 20:30",5331.100,
"09.06.2024 20:45",6294.000,
"09.06.2024 21:00",2581.000,
"09.06.2024 21:15",1172.016,
"09.06.2024 21:30",218.750,
"09.06.2024 21:45",0.000,
"09.06.2024 22:00",0.000,
"09.06.2024 22:15",0.000,
"09.06.2024 22:30",0.000,
"09.06.2024 22:45",0.000,
"09.06.2024 23:00",0.000,
"09.06.2024 23:15",0.000,
"09.06.2024 23:30",0.000,
"09.06.2024 23:45",0.000,
"10.06.2024 00:00",0.000,
"10.06.2024 00:15",0.000,
"10.06.2024 00:30",0.000,
"10.06.2024 00:45",0.000,
"10.06.2024 01:00",0.000,
"10.06.2024 01:15",0.000,
"10.06.2024 01:30",0.000,
"10.06.2024 01:45",0.000,
"10.06.2024 02:00",0.000,
"10.06.2024 02:15",0.000,
"10.06.2024 02:30",0.000,
"10.06.2024 02:45",0.000,
"10.06.2024 03:00",0.000,
"10.06.2024 03:15",0.000,
"10.06.2024 03:30",0.000,
"10.06.2024 03:45",0.000,
"10.06.2024 04:00",0.000,
"10.06.2024 04:15",0.000,
"10.06.2024 04:30",0.000,
"10.06.2024 04:45",146.250,
"10.06.2024 05:00",316.800,
"10.06.2024 05:15",834.100,
"10.06.2024 05:30",817.847,
"10.06.2024 05:45",1864.831,
"10.06.2024 06:00",4939.390,
"10.06.2024 06:15",3870.016,
"10.06.2024 06:30",8096.000,
"10.06.2024 06:45",16544.689,
"10.06.2024 07:00",5547.695,
"10.06.2024 07:15",22055.424,
"10.06.2024 07:30",22632.100,
"10.06.2024 07:45",11364.689,
"10.06.2024 08:00",11867.695,
"10.06.2024 08:15",12896.100,
"10.06.2024 08:30",17284.288,
"10.06.2024 08:45",15843.900,
"10.06.2024 09:00",18341.932,
"10.06.2024 09:15",13519.100,
"10.06.2024 09:30",25314.100,
"10.06.2024 09:45",37358.000,
"10.06.2024 10:00",10620.678,
"10.06.2024 10:15",46359.770,
"10.06.2024 10:30",64113.000,
"10.06.2024 10:45",10652.100,
"10.06.2024 11:00",45596.000,
"10.06.2024 11:15",46605.000,
"10.06.2024 11:30",11408.541,
"10.06.2024 11:45",25062.295,
"10.06.2024 12:00",23566.656,
"10.06.2024 12:15",19166.441,
"10.06.2024 12:30",31453.017,
"10.06.2024 12:45",11110.100,
"10.06.2024 13:00",21104.000,
"10.06.2024 13:15",31717.900,
"10.06.2024 13:30",39677.475,
"10.06.2024 13:45",42150.068,
"10.06.2024 14:00",34070.200,
"10.06.2024 14:15",36661.000,
"10.06.2024 14:30",37691.100,
"10.06.2024 14:45",46026.900,
"10.06.2024 15:00",29419.115,
"10.06.2024 15:15",26878.000,
"10.06.2024 15:30",31747.000,
"10.06.2024 15:45",31948.186,
"10.06.2024 16:00",31428.393,
"10.06.2024 16:15",27900.424,
"10.06.2024 16:30",23183.803,
"10.06.2024 16:45",22787.639,
"10.06.2024 17:00",17356.000,
"10.06.2024 17:15",12500.200,
"10.06.2024 17:30",14362.100,
"10.06.2024 17:45",12061.424,
"10.06.2024 18:00",10147.900,
"10.06.2024 18:15",11617.100,
"10.06.2024 18:30",11143.000,
"10.06.2024 18:45",10067.656,
"10.06.2024 19:00",8661.000,
"10.06.2024 19:15",6153.705,
"10.06.2024 19:30",3886.902,
"10.06.2024 19:45",2441.593,
"10.06.2024 20:00",2139.000,
"10.06.2024 20:15",1563.200,
"10.06.2024 20:30",960.000,
"10.06.2024 20:45",576.847,
"10.06.2024 21:00",219.542,
"10.06.2024 21:15",127.000,
"10.06.2024 21:30",0.000,
"10.06.2024 21:45",0.000,
"10.06.2024 22:00",0.000,
"10.06.2024 22:15",0.000,
"10.06.2024 22:30",0.000,
"10.06.2024 22:45",0.000,
"10.06.2024 23:00",0.000,
"10.06.2024 23:15",0.000,
"10.06.2024 23:30",0.000,
"10.06.2024 23:45",0.000,
"11.06.2024 00:00",0.000,
"11.06.2024 00:15",0.000,
"11.06.2024 00:30",0.000,
"11.06.2024 00:45",0.000,
"11.06.2024 01:00",0.000,
"11.06.2024 01:15",0.000,
"11.06.2024 01:30",0.000,
"11.06.2024 01:45",0.000,
"11.06.2024 02:00",0.000,
"11.06.2024 02:15",0.000,
"11.06.2024 02:30",0.000,
"11.06.2024 02:45",0.000,
"11.06.2024 03:00",0.000,
"11.06.2024 03:15",0.000,
"11.06.2024 03:30",0.000,
"11.06.2024 03:45",0.000,
"11.06.2024 04:00",0.000,
"11.06.2024 04:15",0.000,
"11.06.2024 04:30",0.000,
"11.06.2024 04:45",0.000,
"11.06.2024 05:00",0.000,
"11.06.2024 05:15",186.068,
"11.06.2024 05:30",564.000,
"11.06.2024 05:45",1189.115,
"11.06.2024 06:00",2247.100,
"11.06.2024 06:15",4094.000,
"11.06.2024 06:30",6106.610,
"11.06.2024 06:45",2471.085,
"11.06.2024 07:00",4274.000,
"11.06.2024 07:15",15024.390,
"11.06.2024 07:30",15488.627,
"11.06.2024 07:45",17653.881,
"11.06.2024 08:00",21332.410,
"11.06.2024 08:15",20071.100,
"11.06.2024 08:30",12636.424,
"11.06.2024 08:45",19074.814,
"11.06.2024 09:00",23331.424,
"11.06.2024 09:15",15483.475,
"11.06.2024 09:30",14805.082,
"11.06.2024 09:45",39850.613,
"11.06.2024 10:00",45535.763,
"11.06.2024 10:15",35703.000,
"11.06.2024 10:30",24783.627,
"11.06.2024 10:45",12331.000,
"11.06.2024 11:00",32780.900,
"11.06.2024 11:15",24401.833,
"11.06.2024 11:30",11631.237,
"11.06.2024 11:45",15176.180,
"11.06.2024 12:00",11916.738,
"11.06.2024 12:15",8020.246,
"11.06.2024 12:30",11416.246,
"11.06.2024 12:45",13198.000,
"11.06.2024 13:00",54361.492,
"11.06.2024 13:15",37375.918,
"11.06.2024 13:30",34072.885,
"11.06.2024 13:45",30417.705,
"11.06.2024 14:00",5939.390,
"11.06.2024 14:15",10208.900,
"11.06.2024 14:30",11536.393,
"11.06.2024 14:45",24495.900,
"11.06.2024 15:00",30188.475,
"11.06.2024 15:15",23369.000,
"11.06.2024 15:30",29362.721,
"11.06.2024 15:45",19487.902,
"11.06.2024 16:00",22823.119,
"11.06.2024 16:15",19735.900,
"11.06.2024 16:30",15043.541,
"11.06.2024 16:45",18243.000,
"11.06.2024 17:00",36198.000,
"11.06.2024 17:15",48767.542,
"11.06.2024 17:30",48274.000,
"11.06.2024 17:45",37974.712,
"11.06.2024 18:00",34483.200,
"11.06.2024 18:15",13213.373,
"11.06.2024 18:30",20818.000,
"11.06.2024 18:45",13602.000,
"11.06.2024 19:00",7515.746,
"11.06.2024 19:15",5218.787,
"11.06.2024 19:30",6146.000,
"11.06.2024 19:45",6937.200,
"11.06.2024 20:00",2824.689,
"11.06.2024 20:15",2391.424,
"11.06.2024 20:30",1321.373,
"11.06.2024 20:45",1414.200,
"11.06.2024 21:00",364.082,
"11.06.2024 21:15",696.100,
"11.06.2024 21:30",507.100,
"11.06.2024 21:45",178.787,
"11.06.2024 22:00",0.000,
"11.06.2024 22:15",0.000,
"11.06.2024 22:30",0.000,
"11.06.2024 22:45",0.000,
"11.06.2024 23:00",0.000,
"11.06.2024 23:15",0.000,
"11.06.2024 23:30",0.000,
"11.06.2024 23:45",0.000,
"12.06.2024 00:00",0.000,
"12.06.2024 00:15",0.000,
"12.06.2024 00:30",0.000,
"12.06.2024 00:45",0.000,
"12.06.2024 01:00",0.000,
"12.06.2024 01:15",0.000,
"12.06.2024 01:30",0.000,
"12.06.2024 01:45",0.000,
"12.06.2024 02:00",0.000,
"12.06.2024 02:15",0.000,
"12.06.2024 02:30",0.000,
"12.06.2024 02:45",0.000,
"12.06.2024 03:00",0.000,
"12.06.2024 03:15",0.000,
"12.06.2024 03:30",0.000,
"12.06.2024 03:45",0.000,
"12.06.2024 04:00",0.000,
"12.06.2024 04:15",0.000,
"12.06.2024 04:30",0.000,
"12.06.2024 04:45",0.000,
"12.06.2024 05:00",186.100,
"12.06.2024 05:15",365.100,
"12.06.2024 05:30",417.885,
"12.06.2024 05:45",998.458,
"12.06.2024 06:00",3093.000,
"12.06.2024 06:15",4899.705,
"12.06.2024 06:30",9404.100,
"12.06.2024 06:45",2904.100,
"12.06.2024 07:00",2732.967,
"12.06.2024 07:15",4116.016,
"12.06.2024 07:30",12279.661,
"12.06.2024 07:45",10028.017,
"12.06.2024 08:00",11587.000,
"12.06.2024 08:15",26747.246,
"12.06.2024 08:30",23025.590,
"12.06.2024 08:45",27340.836,
"12.06.2024 09:00",13246.918,
"12.06.2024 09:15",14195.814,
"12.06.2024 09:30",42591.100,
"12.06.2024 09:45",43031.100,
"12.06.2024 10:00",9503.900,
"12.06.2024 10:15",54319.000,
"12.06.2024 10:30",17981.254,
"12.06.2024 10:45",19502.066,
"12.06.2024 11:00",15044.492,
"12.06.2024 11:15",27286.082,
"12.06.2024 11:30",61532.000,
"12.06.2024 11:45",8804.900,
"12.06.2024 12:00",14673.898,
"12.06.2024 12:15",17435.100,
"12.06.2024 12:30",30253.900,
"12.06.2024 12:45",64178.644,
"12.06.2024 13:00",13818.197,
"12.06.2024 13:15",27284.373,
"12.06.2024 13:30",34305.300,
"12.06.2024 13:45",37540.661,
"12.06.2024 14:00",33871.100,
"12.06.2024 14:15",40235.200,
"12.06.2024 14:30",68199.000,
"12.06.2024 14:45",17267.593,
"12.06.2024 15:00",13952.100,
"12.06.2024 15:15",62992.102,
"12.06.2024 15:30",50758.200,
"12.06.2024 15:45",61894.000,
"12.06.2024 16:00",11044.100,
"12.06.2024 16:15",16936.197,
"12.06.2024 16:30",25391.085,
"12.06.2024 16:45",14931.200,
"12.06.2024 17:00",12907.949,
"12.06.2024 17:15",11220.000,
"12.06.2024 17:30",13943.000,
"12.06.2024 17:45",38664.200,
"12.06.2024 18:00",12329.881,
"12.06.2024 18:15",6443.100,
"12.06.2024 18:30",8498.148,
"12.06.2024 18:45",6780.915,
"12.06.2024 19:00",5757.311,
"12.06.2024 19:15",26794.100,
"12.06.2024 19:30",14183.119,
"12.06.2024 19:45",10508.000,
"12.06.2024 20:00",7719.672,
"12.06.2024 20:15",4874.000,
"12.06.2024 20:30",3133.787,
"12.06.2024 20:45",1994.607,
"12.06.2024 21:00",1486.800,
"12.06.2024 21:15",1269.934,
"12.06.2024 21:30",572.200,
"12.06.2024 21:45",158.542,
"12.06.2024 22:00",0.000,
"12.06.2024 22:15",0.000,
"12.06.2024 22:30",0.000,
"12.06.2024 22:45",0.000,
"12.06.2024 23:00",0.000,
"12.06.2024 23:15",0.000,
"12.06.2024 23:30",0.000,
"12.06.2024 23:45",0.000,
"13.06.2024 00:00",0.000,
"13.06.2024 00:15",0.000,
"13.06.2024 00:30",0.000,
"13.06.2024 00:45",0.000,
"13.06.2024 01:00",0.000,
"13.06.2024 01:15",0.000,
"13.06.2024 01:30",0.000,
"13.06.2024 01:45",0.000,
"13.06.2024 02:00",0.000,
"13.06.2024 02:15",0.000,
"13.06.2024 02:30",0.000,
"13.06.2024 02:45",0.000,
"13.06.2024 03:00",0.000,
"13.06.2024 03:15",0.000,
"13.06.2024 03:30",0.000,
"13.06.2024 03:45",0.000,
"13.06.2024 04:00",0.000,
"13.06.2024 04:15",0.000,
"13.06.2024 04:30",0.000,
"13.06.2024 04:45",0.000,
"13.06.2024 05:00",0.000,
"13.06.2024 05:15",522.610,
"13.06.2024 05:30",952.525,
"13.06.2024 05:45",2231.000,
"13.06.2024 06:00",5828.623,
"13.06.2024 06:15",4308.869,
"13.06.2024 06:30",2327.700,
"13.06.2024 06:45",7831.000,
"13.06.2024 07:00",2728.100,
"13.06.2024 07:15",5163.458,
"13.06.2024 07:30",6484.000,
"13.06.2024 07:45",11428.797,
"13.06.2024 08:00",12182.900,
"13.06.2024 08:15",12010.164,
"13.06.2024 08:30",13581.787,
"13.06.2024 08:45",12812.000,
"13.06.2024 09:00",11396.254,
"13.06.2024 09:15",15163.356,
"13.06.2024 09:30",24863.000,
"13.06.2024 09:45",26303.200,
"13.06.2024 10:00",29927.186,
"13.06.2024 10:15",32817.900,
"13.06.2024 10:30",16620.200,
"13.06.2024 10:45",41369.361,
"13.06.2024 11:00",31562.797,
"13.06.2024 11:15",30303.033,
"13.06.2024 11:30",23630.153,
"13.06.2024 11:45",26782.900,
"13.06.2024 12:00",33664.525,
"13.06.2024 12:15",35826.672,
"13.06.2024 12:30",23752.800,
"13.06.2024 12:45",17471.100,
"13.06.2024 13:00",6439.746,
"13.06.2024 13:15",20075.574,
"13.06.2024 13:30",26977.900,
"13.06.2024 13:45",18308.623,
"13.06.2024 14:00",11429.800,
"13.06.2024 14:15",13791.180,
"13.06.2024 14:30",16805.098,
"13.06.2024 14:45",23824.051,
"13.06.2024 15:00",25611.148,
"13.06.2024 15:15",23531.000,
"13.06.2024 15:30",6393.900,
"13.06.2024 15:45",17757.763,
"13.06.2024 16:00",11972.000,
"13.06.2024 16:15",20437.900,
"13.06.2024 16:30",8105.197,
"13.06.2024 16:45",11959.100,
"13.06.2024 17:00",11830.100,
"13.06.2024 17:15",11038.034,
"13.06.2024 17:30",5260.100,
"13.06.2024 17:45",7743.000,
"13.06.2024 18:00",9049.607,
"13.06.2024 18:15",8918.295,
"13.06.2024 18:30",5585.100,
"13.06.2024 18:45",4892.610,
"13.06.2024 19:00",6695.100,
"13.06.2024 19:15",4767.213,
"13.06.2024 19:30",3758.800,
"13.06.2024 19:45",3553.900,
"13.06.2024 20:00",3918.100,
"13.06.2024 20:15",6033.100,
"13.06.2024 20:30",5543.000,
"13.06.2024 20:45",1972.721,
"13.06.2024 21:00",1225.672,
"13.06.2024 21:15",394.000,
"13.06.2024 21:30",125.305,
"13.06.2024 21:45",0.000,
"13.06.2024 22:00",0.000,
"13.06.2024 22:15",0.000,
"13.06.2024 22:30",0.000,
"13.06.2024 22:45",0.000,
"13.06.2024 23:00",0.000,
"13.06.2024 23:15",0.000,
"13.06.2024 23:30",0.000,
"13.06.2024 23:45",0.000,
"14.06.2024 00:00",0.000,
"14.06.2024 00:15",0.000,
"14.06.2024 00:30",0.000,
"14.06.2024 00:45",0.000,
"14.06.2024 01:00",0.000,
"14.06.2024 01:15",0.000,
"14.06.2024 01:30",0.000,
"14.06.2024 01:45",0.000,
"14.06.2024 02:00",0.000,
"14.06.2024 02:15",0.000,
"14.06.2024 02:30",0.000,
"14.06.2024 02:45",0.000,
"14.06.2024 03:00",0.000,
"14.06.2024 03:15",0.000,
"14.06.2024 03:30",0.000,
"14.06.2024 03:45",0.000,
"14.06.2024 04:00",0.000,
"14.06.2024 04:15",0.000,
"14.06.2024 04:30",0.000,
"14.06.2024 04:45",0.000,
"14.06.2024 05:00",0.000,
"14.06.2024 05:15",0.000,
"14.06.2024 05:30",0.000,
"14.06.2024 05:45",708.900,
"14.06.2024 06:00",2291.000,
"14.06.2024 06:15",2907.000,
"14.06.2024 06:30",2453.262,
"14.06.2024 06:45",4504.131,
"14.06.2024 07:00",5519.898,
"14.06.2024 07:15",13384.000,
"14.06.2024 07:30",22231.900,
"14.06.2024 07:45",21065.836,
"14.06.2024 08:00",23327.934,
"14.06.2024 08:15",32684.100,
"14.06.2024 08:30",12153.705,
"14.06.2024 08:45",34373.119,
"14.06.2024 09:00",32986.900,
"14.06.2024 09:15",48311.900,
"14.06.2024 09:30",27786.900,
"14.06.2024 09:45",32778.000,
"14.06.2024 10:00",24936.900,
"14.06.2024 10:15",45973.100,
"14.06.2024 10:30",15849.000,
"14.06.2024 10:45",13604.475,
"14.06.2024 11:00",18105.033,
"14.06.2024 11:15",22019.000,
"14.06.2024 11:30",24342.424,
"14.06.2024 11:45",26988.900,
"14.06.2024 12:00",40362.000,
"14.06.2024 12:15",35037.656,
"14.06.2024 12:30",30867.459,
"14.06.2024 12:45",33502.900,
"14.06.2024 13:00",37146.410,
"14.06.2024 13:15",39896.932,
"14.06.2024 13:30",35965.932,
"14.06.2024 13:45",22695.800,
"14.06.2024 14:00",29321.902,
"14.06.2024 14:15",31631.100,
"14.06.2024 14:30",40652.881,
"14.06.2024 14:45",29319.770,
"14.06.2024 15:00",48589.508,
"14.06.2024 15:15",49669.197,
"14.06.2024 15:30",39464.220,
"14.06.2024 15:45",39006.900,
"14.06.2024 16:00",29604.000,
"14.06.2024 16:15",15200.000,
"14.06.2024 16:30",11665.100,
"14.06.2024 16:45",14424.200,
"14.06.2024 17:00",21947.000,
"14.06.2024 17:15",22216.831,
"14.06.2024 17:30",20313.800,
"14.06.2024 17:45",14639.068,
"14.06.2024 18:00",15299.000,
"14.06.2024 18:15",9305.836,
"14.06.2024 18:30",7402.017,
"14.06.2024 18:45",6707.900,
"14.06.2024 19:00",6952.100,
"14.06.2024 19:15",1774.100,
"14.06.2024 19:30",3055.000,
"14.06.2024 19:45",2375.000,
"14.06.2024 20:00",1224.032,
"14.06.2024 20:15",1141.763,
"14.06.2024 20:30",2841.000,
"14.06.2024 20:45",1604.689,
"14.06.2024 21:00",456.900,
"14.06.2024 21:15",170.197,
"14.06.2024 21:30",327.885,
"14.06.2024 21:45",0.000,
"14.06.2024 22:00",0.000,
"14.06.2024 22:15",0.000,
"14.06.2024 22:30",0.000,
"14.06.2024 22:45",0.000,
"14.06.2024 23:00",0.000,
"14.06.2024 23:15",0.000,
"14.06.2024 23:30",0.000,
"14.06.2024 23:45",0.000,
"15.06.2024 00:00",0.000,
"15.06.2024 00:15",0.000,
"15.06.2024 00:30",0.000,
"15.06.2024 00:45",0.000,
"15.06.2024 01:00",0.000,
"15.06.2024 01:15",0.000,
"15.06.2024 01:30",0.000,
"15.06.2024 01:45",0.000,
"15.06.2024 02:00",0.000,
"15.06.2024 02:15",0.000,
"15.06.2024 02:30",0.000,
"15.06.2024 02:45",0.000,
"15.06.2024 03:00",0.000,
"15.06.2024 03:15",0.000,
"15.06.2024 03:30",0.000,
"15.06.2024 03:45",0.000,
"15.06.2024 04:00",0.000,
"15.06.2024 04:15",0.000,
"15.06.2024 04:30",0.000,
"15.06.2024 04:45",0.000,
"15.06.2024 05:00",235.115,
"15.06.2024 05:15",859.000,
"15.06.2024 05:30",900.000,
"15.06.2024 05:45",1074.900,
"15.06.2024 06:00",1625.898,
"15.06.2024 06:15",1710.100,
"15.06.2024 06:30",4459.797,
"15.06.2024 06:45",10028.900,
"15.06.2024 07:00",6288.100,
"15.06.2024 07:15",4841.000,
"15.06.2024 07:30",6130.082,
"15.06.2024 07:45",5763.525,
"15.06.2024 08:00",5107.000,
"15.06.2024 08:15",7977.100,
"15.06.2024 08:30",3100.100,
"15.06.2024 08:45",2507.000,
"15.06.2024 09:00",2083.966,
"15.06.2024 09:15",2659.864,
"15.06.2024 09:30",2177.934,
"15.06.2024 09:45",3321.000,
"15.06.2024 10:00",3248.000,
"15.06.2024 10:15",2386.593,
"15.06.2024 10:30",1050.000,
"15.06.2024 10:45",7132.000,
"15.06.2024 11:00",13538.900,
"15.06.2024 11:15",21879.115,
"15.06.2024 11:30",9357.900,
"15.06.2024 11:45",2166.100,
"15.06.2024 12:00",951.200,
"15.06.2024 12:15",3706.393,
"15.06.2024 12:30",24680.900,
"15.06.2024 12:45",64102.100,
"15.06.2024 13:00",46962.967,
"15.06.2024 13:15",9371.000,
"15.06.2024 13:30",28883.100,
"15.06.2024 13:45",54979.390,
"15.06.2024 14:00",47336.000,
"15.06.2024 14:15",18134.361,
"15.06.2024 14:30",24114.689,
"15.06.2024 14:45",18010.800,
"15.06.2024 15:00",33324.459,
"15.06.2024 15:15",3418.100,
"15.06.2024 15:30",27295.000,
"15.06.2024 15:45",22344.390,
"15.06.2024 16:00",50501.900,
"15.06.2024 16:15",11959.034,
"15.06.2024 16:30",5787.100,
"15.06.2024 16:45",16894.100,
"15.06.2024 17:00",18016.803,
"15.06.2024 17:15",25352.864,
"15.06.2024 17:30",23188.288,
"15.06.2024 17:45",6395.300,
"15.06.2024 18:00",1502.000,
"15.06.2024 18:15",32651.441,
"15.06.2024 18:30",12290.051,
"15.06.2024 18:45",14336.900,
"15.06.2024 19:00",22110.492,
"15.06.2024 19:15",16606.328,
"15.06.2024 19:30",12405.000,
"15.06.2024 19:45",7894.197,
"15.06.2024 20:00",4178.800,
"15.06.2024 20:15",3126.000,
"15.06.2024 20:30",1467.000,
"15.06.2024 20:45",666.153,
"15.06.2024 21:00",261.237,
"15.06.2024 21:15",0.000,
"15.06.2024 21:30",0.000,
"15.06.2024 21:45",0.000,
"15.06.2024 22:00",0.000,
"15.06.2024 22:15",0.000,
"15.06.2024 22:30",0.000,
"15.06.2024 22:45",0.000,
"15.06.2024 23:00",0.000,
"15.06.2024 23:15",0.000,
"15.06.2024 23:30",0.000,
"15.06.2024 23:45",0.000,
"16.06.2024 00:00",0.000,
"16.06.2024 00:15",0.000,
"16.06.2024 00:30",0.000,
"16.06.2024 00:45",0.000,
"16.06.2024 01:00",0.000,
"16.06.2024 01:15",0.000,
"16.06.2024 01:30",0.000,
"16.06.2024 01:45",0.000,
"16.06.2024 02:00",0.000,
"16.06.2024 02:15",0.000,
"16.06.2024 02:30",0.000,
"16.06.2024 02:45",0.000,
"16.06.2024 03:00",0.000,
"16.06.2024 03:15",0.000,
"16.06.2024 03:30",0.000,
"16.06.2024 03:45",0.000,
"16.06.2024 04:00",0.000,
"16.06.2024 04:15",0.000,
"16.06.2024 04:30",0.000,
"16.06.2024 04:45",0.000,
"16.06.2024 05:00",0.000,
"16.06.2024 05:15",198.017,
"16.06.2024 05:30",809.000,
"16.06.2024 05:45",1534.213,
"16.06.2024 06:00",4362.508,
"16.06.2024 06:15",4016.738,
"16.06.2024 06:30",2978.900,
"16.06.2024 06:45",6114.700,
"16.06.2024 07:00",8244.000,
"16.06.2024 07:15",7841.900,
"16.06.2024 07:30",6729.000,
"16.06.2024 07:45",14352.525,
"16.06.2024 08:00",15800.068,
"16.06.2024 08:15",13663.864,
"16.06.2024 08:30",4347.148,
"16.06.2024 08:45",12429.607,
"16.06.2024 09:00",10429.034,
"16.06.2024 09:15",11501.100,
"16.06.2024 09:30",13730.900,
"16.06.2024 09:45",12633.000,
"16.06.2024 10:00",5924.983,
"16.06.2024 10:15",9781.820,
"16.06.2024 10:30",7820.000,
"16.06.2024 10:45",24364.000,
"16.06.2024 11:00",28074.443,
"16.06.2024 11:15",31230.100,
"16.06.2024 11:30",30291.800,
"16.06.2024 11:45",18610.361,
"16.06.2024 12:00",15757.864,
"16.06.2024 12:15",32268.951,
"16.06.2024 12:30",29601.000,
"16.06.2024 12:45",42067.610,
"16.06.2024 13:00",47494.836,
"16.06.2024 13:15",29295.033,
"16.06.2024 13:30",51755.000,
"16.06.2024 13:45",29536.322,
"16.06.2024 14:00",62887.230,
"16.06.2024 14:15",23542.000,
"16.06.2024 14:30",50926.695,
"16.06.2024 14:45",55581.000,
"16.06.2024 15:00",57288.900,
"16.06.2024 15:15",50086.831,
"16.06.2024 15:30",51976.000,
"16.06.2024 15:45",18517.900,
"16.06.2024 16:00",21728.131,
"16.06.2024 16:15",3168.203,
"16.06.2024 16:30",38855.475,
"16.06.2024 16:45",50428.559,
"16.06.2024 17:00",25536.508,
"16.06.2024 17:15",22505.305,
"16.06.2024 17:30",13500.900,
"16.06.2024 17:45",3720.051,
"16.06.2024 18:00",5577.900,
"16.06.2024 18:15",18461.900,
"16.06.2024 18:30",17062.000,
"16.06.2024 18:45",10045.492,
"16.06.2024 19:00",7176.237,
"16.06.2024 19:15",4867.900,
"16.06.2024 19:30",4303.000,
"16.06.2024 19:45",4126.426,
"16.06.2024 20:00",775.621,
"16.06.2024 20:15",1753.213,
"16.06.2024 20:30",263.541,
"16.06.2024 20:45",516.000,
"16.06.2024 21:00",1884.424,
"16.06.2024 21:15",2640.000,
"16.06.2024 21:30",716.000,
"16.06.2024 21:45",399.951,
"16.06.2024 22:00",0.000,
"16.06.2024 22:15",0.000,
"16.06.2024 22:30",0.000,
"16.06.2024 22:45",0.000,
"16.06.2024 23:00",0.000,
"16.06.2024 23:15",0.000,
"16.06.2024 23:30",0.000,
"16.06.2024 23:45",0.000,
"17.06.2024 00:00",0.000,
"17.06.2024 00:15",0.000,
"17.06.2024 00:30",0.000,
"17.06.2024 00:45",0.000,
"17.06.2024 01:00",0.000,
"17.06.2024 01:15",0.000,
"17.06.2024 01:30",0.000,
"17.06.2024 01:45",0.000,
"17.06.2024 02:00",0.000,
"17.06.2024 02:15",0.000,
"17.06.2024 02:30",0.000,
"17.06.2024 02:45",0.000,
"17.06.2024 03:00",0.000,
"17.06.2024 03:15",0.000,
"17.06.2024 03:30",0.000,
"17.06.2024 03:45",0.000,
"17.06.2024 04:00",0.000,
"17.06.2024 04:15",0.000,
"17.06.2024 04:30",0.000,
"17.06.2024 04:45",186.915,
"17.06.2024 05:00",699.213,
"17.06.2024 05:15",1427.900,
"17.06.2024 05:30",2279.115,
"17.06.2024 05:45",3151.000,
"17.06.2024 06:00",3693.200,
"17.06.2024 06:15",5921.311,
"17.06.2024 06:30",6910.900,
"17.06.2024 06:45",6944.900,
"17.06.2024 07:00",7688.203,
"17.06.2024 07:15",13721.424,
"17.06.2024 07:30",12635.000,
"17.06.2024 07:45",11284.361,
"17.06.2024 08:00",14105.900,
"17.06.2024 08:15",11071.322,
"17.06.2024 08:30",10289.000,
"17.06.2024 08:45",13045.246,
"17.06.2024 09:00",13788.900,
"17.06.2024 09:15",14964.475,
"17.06.2024 09:30",7567.656,
"17.06.2024 09:45",10920.136,
"17.06.2024 10:00",5992.885,
"17.06.2024 10:15",8310.814,
"17.06.2024 10:30",11555.000,
"17.06.2024 10:45",15910.661,
"17.06.2024 11:00",37569.100,
"17.06.2024 11:15",44529.322,
"17.06.2024 11:30",44407.000,
"17.06.2024 11:45",52865.279,
"17.06.2024 12:00",56265.068,
"17.06.2024 12:15",18050.983,
"17.06.2024 12:30",45755.082,
"17.06.2024 12:45",67959.000,
"17.06.2024 13:00",62919.542,
"17.06.2024 13:15",18373.869,
"17.06.2024 13:30",64662.000,
"17.06.2024 13:45",67281.803,
"17.06.2024 14:00",51007.459,
"17.06.2024 14:15",64310.492,
"17.06.2024 14:30",14583.583,
"17.06.2024 14:45",62713.900,
"17.06.2024 15:00",64839.000,
"17.06.2024 15:15",18241.100,
"17.06.2024 15:30",54331.820,
"17.06.2024 15:45",26109.100,
"17.06.2024 16:00",22610.000,
"17.06.2024 16:15",9602.800,
"17.06.2024 16:30",6330.100,
"17.06.2024 16:45",54701.902,
"17.06.2024 17:00",42513.900,
"17.06.2024 17:15",26855.136,
"17.06.2024 17:30",38509.000,
"17.06.2024 17:45",38403.770,
"17.06.2024 18:00",32671.000,
"17.06.2024 18:15",35651.750,
"17.06.2024 18:30",32257.750,
"17.06.2024 18:45",7871.763,
"17.06.2024 19:00",13480.918,
"17.06.2024 19:15",11881.100,
"17.06.2024 19:30",18930.576,
"17.06.2024 19:45",6787.083,
"17.06.2024 20:00",7066.100,
"17.06.2024 20:15",5747.000,
"17.06.2024 20:30",3993.115,
"17.06.2024 20:45",2731.900,
"17.06.2024 21:00",1045.852,
"17.06.2024 21:15",426.000,
"17.06.2024 21:30",224.000,
"17.06.2024 21:45",0.000,
"17.06.2024 22:00",0.000,
"17.06.2024 22:15",0.000,
"17.06.2024 22:30",0.000,
"17.06.2024 22:45",0.000,
"17.06.2024 23:00",0.000,
"17.06.2024 23:15",0.000,
"17.06.2024 23:30",0.000,
"17.06.2024 23:45",0.000,
"18.06.2024 00:00",0.000,
"18.06.2024 00:15",0.000,
"18.06.2024 00:30",0.000,
"18.06.2024 00:45",0.000,
"18.06.2024 01:00",0.000,
"18.06.2024 01:15",0.000,
"18.06.2024 01:30",0.000,
"18.06.2024 01:45",0.000,
"18.06.2024 02:00",0.000,
"18.06.2024 02:15",0.000,
"18.06.2024 02:30",0.000,
"18.06.2024 02:45",-0.450,
"18.06.2024 03:00",0.000,
"18.06.2024 03:15",0.000,
"18.06.2024 03:30",0.000,
"18.06.2024 03:45",0.000,
"18.06.2024 04:00",0.000,
"18.06.2024 04:15",0.000,
"18.06.2024 04:30",0.000,
"18.06.2024 04:45",0.000,
"18.06.2024 05:00",335.100,
"18.06.2024 05:15",754.200,
"18.06.2024 05:30",1163.000,
"18.06.2024 05:45",1943.288,
"18.06.2024 06:00",3512.951,
"18.06.2024 06:15",5980.153,
"18.06.2024 06:30",8641.000,
"18.06.2024 06:45",10636.164,
"18.06.2024 07:00",12762.593,
"18.06.2024 07:15",15218.203,
"18.06.2024 07:30",17730.000,
"18.06.2024 07:45",20256.900,
"18.06.2024 08:00",22724.000,
"18.06.2024 08:15",25928.271,
"18.06.2024 08:30",28614.689,
"18.06.2024 08:45",31197.900,
"18.06.2024 09:00",33599.390,
"18.06.2024 09:15",36498.000,
"18.06.2024 09:30",39534.000,
"18.06.2024 09:45",17368.100,
"18.06.2024 10:00",43631.153,
"18.06.2024 10:15",45604.475,
"18.06.2024 10:30",48120.407,
"18.06.2024 10:45",53718.000,
"18.06.2024 11:00",59366.656,
"18.06.2024 11:15",59511.800,
"18.06.2024 11:30",15897.800,
"18.06.2024 11:45",19338.100,
"18.06.2024 12:00",50342.000,
"18.06.2024 12:15",66028.000,
"18.06.2024 12:30",18160.900,
"18.06.2024 12:45",24478.100,
"18.06.2024 13:00",57473.542,
"18.06.2024 13:15",41961.672,
"18.06.2024 13:30",30323.000,
"18.06.2024 13:45",62797.356,
"18.06.2024 14:00",58753.200,
"18.06.2024 14:15",50248.000,
"18.06.2024 14:30",42429.000,
"18.06.2024 14:45",31536.000,
"18.06.2024 15:00",32341.900,
"18.06.2024 15:15",32983.000,
"18.06.2024 15:30",27926.328,
"18.06.2024 15:45",26893.800,
"18.06.2024 16:00",21345.900,
"18.06.2024 16:15",20260.100,
"18.06.2024 16:30",17680.661,
"18.06.2024 16:45",17677.000,
"18.06.2024 17:00",20090.900,
"18.06.2024 17:15",16220.900,
"18.06.2024 17:30",13677.000,
"18.06.2024 17:45",10091.900,
"18.06.2024 18:00",7739.852,
"18.06.2024 18:15",7721.672,
"18.06.2024 18:30",6492.000,
"18.06.2024 18:45",5270.918,
"18.06.2024 19:00",6499.033,
"18.06.2024 19:15",5902.100,
"18.06.2024 19:30",4586.656,
"18.06.2024 19:45",3624.492,
"18.06.2024 20:00",1493.900,
"18.06.2024 20:15",805.800,
"18.06.2024 20:30",867.000,
"18.06.2024 20:45",671.305,
"18.06.2024 21:00",191.754,
"18.06.2024 21:15",0.000,
"18.06.2024 21:30",0.000,
"18.06.2024 21:45",871.746,
"18.06.2024 22:00",390.407,
"18.06.2024 22:15",0.000,
"18.06.2024 22:30",0.000,
"18.06.2024 22:45",0.000,
"18.06.2024 23:00",0.000,
"18.06.2024 23:15",0.000,
"18.06.2024 23:30",0.000,
"18.06.2024 23:45",0.000,
"19.06.2024 00:00",0.000,
"19.06.2024 00:15",0.000,
"19.06.2024 00:30",0.000,
"19.06.2024 00:45",0.000,
"19.06.2024 01:00",0.000,
"19.06.2024 01:15",0.000,
"19.06.2024 01:30",0.000,
"19.06.2024 01:45",0.000,
"19.06.2024 02:00",0.000,
"19.06.2024 02:15",0.000,
"19.06.2024 02:30",0.000,
"19.06.2024 02:45",0.000,
"19.06.2024 03:00",0.000,
"19.06.2024 03:15",0.000,
"19.06.2024 03:30",0.000,
"19.06.2024 03:45",0.000,
"19.06.2024 04:00",0.000,
"19.06.2024 04:15",0.000,
"19.06.2024 04:30",0.000,
"19.06.2024 04:45",0.000,
"19.06.2024 05:00",196.820,
"19.06.2024 05:15",642.200,
"19.06.2024 05:30",1113.200,
"19.06.2024 05:45",1857.356,
"19.06.2024 06:00",3578.066,
"19.06.2024 06:15",5099.700,
"19.06.2024 06:30",9107.508,
"19.06.2024 06:45",10911.900,
"19.06.2024 07:00",12778.869,
"19.06.2024 07:15",13611.000,
"19.06.2024 07:30",17879.000,
"19.06.2024 07:45",20634.000,
"19.06.2024 08:00",22759.361,
"19.06.2024 08:15",26066.593,
"19.06.2024 08:30",29053.869,
"19.06.2024 08:45",36182.864,
"19.06.2024 09:00",38534.900,
"19.06.2024 09:15",37012.102,
"19.06.2024 09:30",18031.763,
"19.06.2024 09:45",44674.934,
"19.06.2024 10:00",13795.000,
"19.06.2024 10:15",14679.000,
"19.06.2024 10:30",65911.200,
"19.06.2024 10:45",19535.800,
"19.06.2024 11:00",35567.738,
"19.06.2024 11:15",27388.542,
"19.06.2024 11:30",36308.900,
"19.06.2024 11:45",52034.361,
"19.06.2024 12:00",44132.393,
"19.06.2024 12:15",26767.800,
"19.06.2024 12:30",23168.797,
"19.06.2024 12:45",22808.900,
"19.06.2024 13:00",17542.000,
"19.06.2024 13:15",33062.100,
"19.06.2024 13:30",65207.410,
"19.06.2024 13:45",23849.197,
"19.06.2024 14:00",68336.000,
"19.06.2024 14:15",68237.100,
"19.06.2024 14:30",23742.900,
"19.06.2024 14:45",25257.949,
"19.06.2024 15:00",52534.900,
"19.06.2024 15:15",22320.820,
"19.06.2024 15:30",20311.200,
"19.06.2024 15:45",22280.197,
"19.06.2024 16:00",30544.934,
"19.06.2024 16:15",21281.915,
"19.06.2024 16:30",56991.900,
"19.06.2024 16:45",32147.900,
"19.06.2024 17:00",28712.100,
"19.06.2024 17:15",18977.900,
"19.06.2024 17:30",22513.800,
"19.06.2024 17:45",47123.000,
"19.06.2024 18:00",11148.459,
"19.06.2024 18:15",12295.100,
"19.06.2024 18:30",12111.000,
"19.06.2024 18:45",11671.100,
"19.06.2024 19:00",12643.000,
"19.06.2024 19:15",10622.000,
"19.06.2024 19:30",14777.000,
"19.06.2024 19:45",5681.328,
"19.06.2024 20:00",7118.542,
"19.06.2024 20:15",2956.100,
"19.06.2024 20:30",2074.900,
"19.06.2024 20:45",1990.246,
"19.06.2024 21:00",1210.100,
"19.06.2024 21:15",906.900,
"19.06.2024 21:30",571.902,
"19.06.2024 21:45",300.525,
"19.06.2024 22:00",78.800,
"19.06.2024 22:15",0.000,
"19.06.2024 22:30",0.000,
"19.06.2024 22:45",0.000,
"19.06.2024 23:00",0.000,
"19.06.2024 23:15",0.000,
"19.06.2024 23:30",0.000,
"19.06.2024 23:45",0.000,
"20.06.2024 00:00",0.000,
"20.06.2024 00:15",0.000,
"20.06.2024 00:30",0.000,
"20.06.2024 00:45",0.000,
"20.06.2024 01:00",0.000,
"20.06.2024 01:15",0.000,
"20.06.2024 01:30",0.000,
"20.06.2024 01:45",0.000,
"20.06.2024 02:00",0.000,
"20.06.2024 02:15",0.000,
"20.06.2024 02:30",0.000,
"20.06.2024 02:45",0.000,
"20.06.2024 03:00",0.000,
"20.06.2024 03:15",0.000,
"20.06.2024 03:30",0.000,
"20.06.2024 03:45",0.000,
"20.06.2024 04:00",0.000,
"20.06.2024 04:15",0.000,
"20.06.2024 04:30",0.000,
"20.06.2024 04:45",0.000,
"20.06.2024 05:00",485.197,
"20.06.2024 05:15",895.000,
"20.06.2024 05:30",1332.100,
"20.06.2024 05:45",2080.900,
"20.06.2024 06:00",4145.559,
"20.06.2024 06:15",6897.900,
"20.06.2024 06:30",9479.033,
"20.06.2024 06:45",9586.000,
"20.06.2024 07:00",13306.000,
"20.06.2024 07:15",15747.900,
"20.06.2024 07:30",18257.230,
"20.06.2024 07:45",20965.100,
"20.06.2024 08:00",23609.814,
"20.06.2024 08:15",26592.213,
"20.06.2024 08:30",29157.900,
"20.06.2024 08:45",32353.700,
"20.06.2024 09:00",35277.295,
"20.06.2024 09:15",37272.900,
"20.06.2024 09:30",39186.574,
"20.06.2024 09:45",38131.576,
"20.06.2024 10:00",19099.983,
"20.06.2024 10:15",28509.000,
"20.06.2024 10:30",56677.410,
"20.06.2024 10:45",49957.869,
"20.06.2024 11:00",27927.000,
"20.06.2024 11:15",29435.000,
"20.06.2024 11:30",55121.508,
"20.06.2024 11:45",58602.279,
"20.06.2024 12:00",51362.100,
"20.06.2024 12:15",60494.100,
"20.06.2024 12:30",48883.100,
"20.06.2024 12:45",65066.426,
"20.06.2024 13:00",61548.780,
"20.06.2024 13:15",42574.200,
"20.06.2024 13:30",57760.915,
"20.06.2024 13:45",59886.847,
"20.06.2024 14:00",57436.900,
"20.06.2024 14:15",52751.085,
"20.06.2024 14:30",57315.000,
"20.06.2024 14:45",54318.627,
"20.06.2024 15:00",22154.200,
"20.06.2024 15:15",45929.900,
"20.06.2024 15:30",46245.000,
"20.06.2024 15:45",36059.814,
"20.06.2024 16:00",36902.102,
"20.06.2024 16:15",35977.000,
"20.06.2024 16:30",28456.410,
"20.06.2024 16:45",47286.574,
"20.06.2024 17:00",40518.800,
"20.06.2024 17:15",36098.100,
"20.06.2024 17:30",35082.967,
"20.06.2024 17:45",33497.100,
"20.06.2024 18:00",29345.900,
"20.06.2024 18:15",28637.656,
"20.06.2024 18:30",25708.966,
"20.06.2024 18:45",23198.900,
"20.06.2024 19:00",20831.100,
"20.06.2024 19:15",11122.000,
"20.06.2024 19:30",8893.900,
"20.06.2024 19:45",8999.100,
"20.06.2024 20:00",5582.900,
"20.06.2024 20:15",4254.951,
"20.06.2024 20:30",3332.100,
"20.06.2024 20:45",2509.475,
"20.06.2024 21:00",1576.984,
"20.06.2024 21:15",503.000,
"20.06.2024 21:30",304.836,
"20.06.2024 21:45",0.000,
"20.06.2024 22:00",0.000,
"20.06.2024 22:15",0.000,
"20.06.2024 22:30",0.000,
"20.06.2024 22:45",0.000,
"20.06.2024 23:00",0.000,
"20.06.2024 23:15",0.000,
"20.06.2024 23:30",0.000,
"20.06.2024 23:45",0.000,
"21.06.2024 00:00",0.000,
"21.06.2024 00:15",0.000,
"21.06.2024 00:30",0.000,
"21.06.2024 00:45",0.000,
"21.06.2024 01:00",0.000,
"21.06.2024 01:15",0.000,
"21.06.2024 01:30",0.000,
"21.06.2024 01:45",0.000,
"21.06.2024 02:00",0.000,
"21.06.2024 02:15",0.000,
"21.06.2024 02:30",0.000,
"21.06.2024 02:45",0.000,
"21.06.2024 03:00",0.000,
"21.06.2024 03:15",0.000,
"21.06.2024 03:30",0.000,
"21.06.2024 03:45",0.000,
"21.06.2024 04:00",0.000,
"21.06.2024 04:15",0.000,
"21.06.2024 04:30",0.000,
"21.06.2024 04:45",0.000,
"21.06.2024 05:00",151.200,
"21.06.2024 05:15",680.100,
"21.06.2024 05:30",976.000,
"21.06.2024 05:45",1073.066,
"21.06.2024 06:00",1731.984,
"21.06.2024 06:15",2293.645,
"21.06.2024 06:30",3408.900,
"21.06.2024 06:45",3393.623,
"21.06.2024 07:00",3984.898,
"21.06.2024 07:15",9449.000,
"21.06.2024 07:30",14887.200,
"21.06.2024 07:45",28398.881,
"21.06.2024 08:00",11167.100,
"21.06.2024 08:15",8824.197,
"21.06.2024 08:30",12096.902,
"21.06.2024 08:45",16929.607,
"21.06.2024 09:00",15307.000,
"21.06.2024 09:15",14286.492,
"21.06.2024 09:30",13095.000,
"21.06.2024 09:45",18616.000,
"21.06.2024 10:00",14479.951,
"21.06.2024 10:15",14248.000,
"21.06.2024 10:30",8499.016,
"21.06.2024 10:45",10343.271,
"21.06.2024 11:00",11630.831,
"21.06.2024 11:15",11357.557,
"21.06.2024 11:30",9940.000,
"21.06.2024 11:45",16578.542,
"21.06.2024 12:00",9071.344,
"21.06.2024 12:15",17993.200,
"21.06.2024 12:30",22127.328,
"21.06.2024 12:45",8777.000,
"21.06.2024 13:00",11328.864,
"21.06.2024 13:15",14517.574,
"21.06.2024 13:30",16969.754,
"21.06.2024 13:45",19823.200,
"21.06.2024 14:00",10075.581,
"21.06.2024 14:15",8697.951,
"21.06.2024 14:30",13819.852,
"21.06.2024 14:45",12563.000,
"21.06.2024 15:00",17995.831,
"21.06.2024 15:15",14961.100,
"21.06.2024 15:30",13794.800,
"21.06.2024 15:45",7797.820,
"21.06.2024 16:00",3402.000,
"21.06.2024 16:15",11660.932,
"21.06.2024 16:30",13007.721,
"21.06.2024 16:45",15958.393,
"21.06.2024 17:00",13927.102,
"21.06.2024 17:15",13763.148,
"21.06.2024 17:30",8503.000,
"21.06.2024 17:45",5513.900,
"21.06.2024 18:00",2637.200,
"21.06.2024 18:15",1508.627,
"21.06.2024 18:30",941.000,
"21.06.2024 18:45",1130.000,
"21.06.2024 19:00",1099.100,
"21.06.2024 19:15",616.847,
"21.06.2024 19:30",569.066,
"21.06.2024 19:45",550.000,
"21.06.2024 20:00",752.610,
"21.06.2024 20:15",781.000,
"21.06.2024 20:30",726.153,
"21.06.2024 20:45",941.017,
"21.06.2024 21:00",2217.200,
"21.06.2024 21:15",1858.200,
"21.06.2024 21:30",616.820,
"21.06.2024 21:45",179.000,
"21.06.2024 22:00",0.000,
"21.06.2024 22:15",0.000,
"21.06.2024 22:30",0.000,
"21.06.2024 22:45",0.000,
"21.06.2024 23:00",0.000,
"21.06.2024 23:15",0.000,
"21.06.2024 23:30",0.000,
"21.06.2024 23:45",0.000,
"22.06.2024 00:00",0.000,
"22.06.2024 00:15",0.000,
"22.06.2024 00:30",0.000,
"22.06.2024 00:45",0.000,
"22.06.2024 01:00",0.000,
"22.06.2024 01:15",0.000,
"22.06.2024 01:30",0.000,
"22.06.2024 01:45",0.000,
"22.06.2024 02:00",0.000,
"22.06.2024 02:15",0.000,
"22.06.2024 02:30",0.000,
"22.06.2024 02:45",0.000,
"22.06.2024 03:00",0.000,
"22.06.2024 03:15",0.000,
"22.06.2024 03:30",0.000,
"22.06.2024 03:45",0.000,
"22.06.2024 04:00",0.000,
"22.06.2024 04:15",0.000,
"22.06.2024 04:30",0.000,
"22.06.2024 04:45",0.000,
"22.06.2024 05:00",0.000,
"22.06.2024 05:15",0.000,
"22.06.2024 05:30",0.000,
"22.06.2024 05:45",997.695,
"22.06.2024 06:00",287.271,
"22.06.2024 06:15",387.339,
"22.06.2024 06:30",431.153,
"22.06.2024 06:45",696.000,
"22.06.2024 07:00",662.967,
"22.06.2024 07:15",1592.885,
"22.06.2024 07:30",1540.051,
"22.06.2024 07:45",1674.900,
"22.06.2024 08:00",4321.833,
"22.06.2024 08:15",3334.797,
"22.06.2024 08:30",5114.576,
"22.06.2024 08:45",4144.900,
"22.06.2024 09:00",8515.033,
"22.06.2024 09:15",12298.695,
"22.06.2024 09:30",18018.983,
"22.06.2024 09:45",51035.153,
"22.06.2024 10:00",16507.900,
"22.06.2024 10:15",5535.068,
"22.06.2024 10:30",26398.100,
"22.06.2024 10:45",43802.100,
"22.06.2024 11:00",29935.098,
"22.06.2024 11:15",24615.410,
"22.06.2024 11:30",18626.847,
"22.06.2024 11:45",34648.934,
"22.06.2024 12:00",10918.000,
"22.06.2024 12:15",14377.900,
"22.06.2024 12:30",23411.311,
"22.06.2024 12:45",26342.800,
"22.06.2024 13:00",68178.689,
"22.06.2024 13:15",64831.339,
"22.06.2024 13:30",67366.200,
"22.06.2024 13:45",64705.207,
"22.06.2024 14:00",21923.200,
"22.06.2024 14:15",63065.016,
"22.06.2024 14:30",57250.672,
"22.06.2024 14:45",56573.220,
"22.06.2024 15:00",55434.153,
"22.06.2024 15:15",53942.459,
"22.06.2024 15:30",51810.000,
"22.06.2024 15:45",59128.000,
"22.06.2024 16:00",49792.441,
"22.06.2024 16:15",47903.000,
"22.06.2024 16:30",45183.115,
"22.06.2024 16:45",44076.900,
"22.06.2024 17:00",42014.100,
"22.06.2024 17:15",39868.644,
"22.06.2024 17:30",37245.576,
"22.06.2024 17:45",34407.000,
"22.06.2024 18:00",32592.186,
"22.06.2024 18:15",30001.410,
"22.06.2024 18:30",21525.508,
"22.06.2024 18:45",22929.200,
"22.06.2024 19:00",20097.034,
"22.06.2024 19:15",16331.820,
"22.06.2024 19:30",12563.100,
"22.06.2024 19:45",8568.898,
"22.06.2024 20:00",5109.900,
"22.06.2024 20:15",3383.100,
"22.06.2024 20:30",2518.049,
"22.06.2024 20:45",1990.237,
"22.06.2024 21:00",1560.900,
"22.06.2024 21:15",1137.695,
"22.06.2024 21:30",718.967,
"22.06.2024 21:45",328.000,
"22.06.2024 22:00",78.689,
"22.06.2024 22:15",0.000,
"22.06.2024 22:30",0.000,
"22.06.2024 22:45",0.000,
"22.06.2024 23:00",0.000,
"22.06.2024 23:15",0.000,
"22.06.2024 23:30",0.000,
"22.06.2024 23:45",0.000,
"23.06.2024 00:00",0.000,
"23.06.2024 00:15",0.000,
"23.06.2024 00:30",0.000,
"23.06.2024 00:45",0.000,
"23.06.2024 01:00",0.000,
"23.06.2024 01:15",0.000,
"23.06.2024 01:30",0.000,
"23.06.2024 01:45",0.000,
"23.06.2024 02:00",0.000,
"23.06.2024 02:15",0.000,
"23.06.2024 02:30",0.000,
"23.06.2024 02:45",0.000,
"23.06.2024 03:00",0.000,
"23.06.2024 03:15",0.000,
"23.06.2024 03:30",0.000,
"23.06.2024 03:45",0.000,
"23.06.2024 04:00",0.000,
"23.06.2024 04:15",0.000,
"23.06.2024 04:30",0.000,
"23.06.2024 04:45",0.000,
"23.06.2024 05:00",225.200,
"23.06.2024 05:15",681.763,
"23.06.2024 05:30",1325.000,
"23.06.2024 05:45",2029.000,
"23.06.2024 06:00",3966.328,
"23.06.2024 06:15",6069.051,
"23.06.2024 06:30",7637.000,
"23.06.2024 06:45",5889.797,
"23.06.2024 07:00",4513.000,
"23.06.2024 07:15",5174.689,
"23.06.2024 07:30",9327.639,
"23.06.2024 07:45",10517.932,
"23.06.2024 08:00",10334.705,
"23.06.2024 08:15",14990.082,
"23.06.2024 08:30",16642.800,
"23.06.2024 08:45",16762.311,
"23.06.2024 09:00",20400.918,
"23.06.2024 09:15",16572.900,
"23.06.2024 09:30",8885.900,
"23.06.2024 09:45",9760.574,
"23.06.2024 10:00",14234.000,
"23.06.2024 10:15",23657.949,
"23.06.2024 10:30",14542.200,
"23.06.2024 10:45",9239.033,
"23.06.2024 11:00",23683.115,
"23.06.2024 11:15",64104.576,
"23.06.2024 11:30",21112.200,
"23.06.2024 11:45",28262.695,
"23.06.2024 12:00",51282.230,
"23.06.2024 12:15",66558.186,
"23.06.2024 12:30",10627.900,
"23.06.2024 12:45",20731.016,
"23.06.2024 13:00",38658.639,
"23.06.2024 13:15",16950.000,
"23.06.2024 13:30",20888.000,
"23.06.2024 13:45",62854.131,
"23.06.2024 14:00",61564.200,
"23.06.2024 14:15",22825.492,
"23.06.2024 14:30",63515.000,
"23.06.2024 14:45",12684.100,
"23.06.2024 15:00",60572.100,
"23.06.2024 15:15",14867.100,
"23.06.2024 15:30",60509.100,
"23.06.2024 15:45",52776.780,
"23.06.2024 16:00",51065.279,
"23.06.2024 16:15",47618.100,
"23.06.2024 16:30",45895.407,
"23.06.2024 16:45",42710.100,
"23.06.2024 17:00",41583.542,
"23.06.2024 17:15",12120.100,
"23.06.2024 17:30",38558.051,
"23.06.2024 17:45",33043.934,
"23.06.2024 18:00",34343.627,
"23.06.2024 18:15",33342.864,
"23.06.2024 18:30",29070.100,
"23.06.2024 18:45",6410.100,
"23.06.2024 19:00",20640.000,
"23.06.2024 19:15",17969.000,
"23.06.2024 19:30",13194.237,
"23.06.2024 19:45",8718.898,
"23.06.2024 20:00",5024.900,
"23.06.2024 20:15",2963.200,
"23.06.2024 20:30",2042.847,
"23.06.2024 20:45",1872.000,
"23.06.2024 21:00",2087.000,
"23.06.2024 21:15",1772.983,
"23.06.2024 21:30",1149.754,
"23.06.2024 21:45",551.820,
"23.06.2024 22:00",139.610,
"23.06.2024 22:15",0.000,
"23.06.2024 22:30",0.000,
"23.06.2024 22:45",0.000,
"23.06.2024 23:00",0.000,
"23.06.2024 23:15",0.000,
"23.06.2024 23:30",0.000,
"23.06.2024 23:45",0.000,
"24.06.2024 00:00",0.000,
"24.06.2024 00:15",0.000,
"24.06.2024 00:30",0.000,
"24.06.2024 00:45",0.000,
"24.06.2024 01:00",0.000,
"24.06.2024 01:15",0.000,
"24.06.2024 01:30",0.000,
"24.06.2024 01:45",0.000,
"24.06.2024 02:00",0.000,
"24.06.2024 02:15",0.000,
"24.06.2024 02:30",0.000,
"24.06.2024 02:45",0.000,
"24.06.2024 03:00",0.000,
"24.06.2024 03:15",0.000,
"24.06.2024 03:30",0.000,
"24.06.2024 03:45",0.000,
"24.06.2024 04:00",0.000,
"24.06.2024 04:15",0.000,
"24.06.2024 04:30",0.000,
"24.06.2024 04:45",0.000,
"24.06.2024 05:00",286.136,
"24.06.2024 05:15",840.085,
"24.06.2024 05:30",1532.695,
"24.06.2024 05:45",2088.066,
"24.06.2024 06:00",3080.932,
"24.06.2024 06:15",4271.200,
"24.06.2024 06:30",6507.200,
"24.06.2024 06:45",8111.800,
"24.06.2024 07:00",10166.678,
"24.06.2024 07:15",9595.254,
"24.06.2024 07:30",11634.900,
"24.06.2024 07:45",11227.271,
"24.06.2024 08:00",15681.100,
"24.06.2024 08:15",25796.639,
"24.06.2024 08:30",29013.051,
"24.06.2024 08:45",23568.000,
"24.06.2024 09:00",20207.656,
"24.06.2024 09:15",48283.721,
"24.06.2024 09:30",14829.000,
"24.06.2024 09:45",18263.295,
"24.06.2024 10:00",20918.900,
"24.06.2024 10:15",57299.900,
"24.06.2024 10:30",20546.915,
"24.06.2024 10:45",19572.610,
"24.06.2024 11:00",26317.932,
"24.06.2024 11:15",52820.237,
"24.06.2024 11:30",25181.180,
"24.06.2024 11:45",24484.900,
"24.06.2024 12:00",37699.541,
"24.06.2024 12:15",33581.900,
"24.06.2024 12:30",20942.864,
"24.06.2024 12:45",68335.083,
"24.06.2024 13:00",21678.951,
"24.06.2024 13:15",22721.100,
"24.06.2024 13:30",19100.900,
"24.06.2024 13:45",27495.100,
"24.06.2024 14:00",22602.051,
"24.06.2024 14:15",64366.932,
"24.06.2024 14:30",52131.393,
"24.06.2024 14:45",18189.049,
"24.06.2024 15:00",60474.180,
"24.06.2024 15:15",64088.967,
"24.06.2024 15:30",59409.900,
"24.06.2024 15:45",51764.542,
"24.06.2024 16:00",52460.443,
"24.06.2024 16:15",51286.082,
"24.06.2024 16:30",13722.885,
"24.06.2024 16:45",47316.508,
"24.06.2024 17:00",46483.100,
"24.06.2024 17:15",11652.100,
"24.06.2024 17:30",22651.541,
"24.06.2024 17:45",25394.100,
"24.06.2024 18:00",33054.689,
"24.06.2024 18:15",35214.033,
"24.06.2024 18:30",11031.900,
"24.06.2024 18:45",23482.639,
"24.06.2024 19:00",19490.180,
"24.06.2024 19:15",16421.900,
"24.06.2024 19:30",12360.000,
"24.06.2024 19:45",8141.339,
"24.06.2024 20:00",4430.729,
"24.06.2024 20:15",2678.712,
"24.06.2024 20:30",1908.100,
"24.06.2024 20:45",1576.200,
"24.06.2024 21:00",1126.900,
"24.06.2024 21:15",1026.100,
"24.06.2024 21:30",707.066,
"24.06.2024 21:45",350.100,
"24.06.2024 22:00",78.678,
"24.06.2024 22:15",0.000,
"24.06.2024 22:30",0.000,
"24.06.2024 22:45",0.000,
"24.06.2024 23:00",0.000,
"24.06.2024 23:15",0.000,
"24.06.2024 23:30",0.000,
"24.06.2024 23:45",0.000,
"25.06.2024 00:00",0.000,
"25.06.2024 00:15",0.000,
"25.06.2024 00:30",0.000,
"25.06.2024 00:45",0.000,
"25.06.2024 01:00",0.000,
"25.06.2024 01:15",0.000,
"25.06.2024 01:30",0.000,
"25.06.2024 01:45",0.000,
"25.06.2024 02:00",0.000,
"25.06.2024 02:15",0.000,
"25.06.2024 02:30",0.000,
"25.06.2024 02:45",0.000,
"25.06.2024 03:00",0.000,
"25.06.2024 03:15",0.000,
"25.06.2024 03:30",0.000,
"25.06.2024 03:45",0.000,
"25.06.2024 04:00",0.000,
"25.06.2024 04:15",0.000,
"25.06.2024 04:30",0.000,
"25.06.2024 04:45",0.000,
"25.06.2024 05:00",264.200,
"25.06.2024 05:15",646.800,
"25.06.2024 05:30",1073.900,
"25.06.2024 05:45",1649.000,
"25.06.2024 06:00",3628.000,
"25.06.2024 06:15",5750.361,
"25.06.2024 06:30",8462.148,
"25.06.2024 06:45",10264.295,
"25.06.2024 07:00",12356.000,
"25.06.2024 07:15",14577.508,
"25.06.2024 07:30",17018.136,
"25.06.2024 07:45",19675.100,
"25.06.2024 08:00",22171.424,
"25.06.2024 08:15",25001.000,
"25.06.2024 08:30",27556.678,
"25.06.2024 08:45",30052.458,
"25.06.2024 09:00",32418.900,
"25.06.2024 09:15",34966.900,
"25.06.2024 09:30",37228.000,
"25.06.2024 09:45",39470.644,
"25.06.2024 10:00",41349.900,
"25.06.2024 10:15",43292.000,
"25.06.2024 10:30",45220.900,
"25.06.2024 10:45",46942.100,
"25.06.2024 11:00",49061.100,
"25.06.2024 11:15",51689.220,
"25.06.2024 11:30",14270.100,
"25.06.2024 11:45",61986.339,
"25.06.2024 12:00",38724.824,
"25.06.2024 12:15",62598.100,
"25.06.2024 12:30",19680.410,
"25.06.2024 12:45",64911.000,
"25.06.2024 13:00",67838.443,
"25.06.2024 13:15",66509.541,
"25.06.2024 13:30",19701.356,
"25.06.2024 13:45",58737.900,
"25.06.2024 14:00",55162.881,
"25.06.2024 14:15",55241.695,
"25.06.2024 14:30",54372.000,
"25.06.2024 14:45",53487.000,
"25.06.2024 15:00",52434.644,
"25.06.2024 15:15",51501.915,
"25.06.2024 15:30",49851.410,
"25.06.2024 15:45",48014.627,
"25.06.2024 16:00",46753.639,
"25.06.2024 16:15",45124.000,
"25.06.2024 16:30",42413.934,
"25.06.2024 16:45",41166.917,
"25.06.2024 17:00",38932.949,
"25.06.2024 17:15",37130.100,
"25.06.2024 17:30",34425.984,
"25.06.2024 17:45",31103.000,
"25.06.2024 18:00",29651.738,
"25.06.2024 18:15",27366.475,
"25.06.2024 18:30",24486.102,
"25.06.2024 18:45",21935.738,
"25.06.2024 19:00",18927.000,
"25.06.2024 19:15",16071.254,
"25.06.2024 19:30",12110.814,
"25.06.2024 19:45",8208.951,
"25.06.2024 20:00",4832.900,
"25.06.2024 20:15",2905.390,
"25.06.2024 20:30",2109.800,
"25.06.2024 20:45",1719.100,
"25.06.2024 21:00",1348.700,
"25.06.2024 21:15",989.148,
"25.06.2024 21:30",610.220,
"25.06.2024 21:45",299.000,
"25.06.2024 22:00",70.678,
"25.06.2024 22:15",0.000,
"25.06.2024 22:30",0.000,
"25.06.2024 22:45",0.000,
"25.06.2024 23:00",0.000,
"25.06.2024 23:15",0.000,
"25.06.2024 23:30",0.000,
"25.06.2024 23:45",0.000,
"26.06.2024 00:00",0.000,
"26.06.2024 00:15",0.000,
"26.06.2024 00:30",0.000,
"26.06.2024 00:45",0.000,
"26.06.2024 01:00",0.000,
"26.06.2024 01:15",0.000,
"26.06.2024 01:30",0.000,
"26.06.2024 01:45",0.000,
"26.06.2024 02:00",0.000,
"26.06.2024 02:15",0.000,
"26.06.2024 02:30",0.000,
"26.06.2024 02:45",-0.455,
"26.06.2024 03:00",0.000,
"26.06.2024 03:15",0.000,
"26.06.2024 03:30",0.000,
"26.06.2024 03:45",0.000,
"26.06.2024 04:00",0.000,
"26.06.2024 04:15",0.000,
"26.06.2024 04:30",0.000,
"26.06.2024 04:45",0.000,
"26.06.2024 05:00",257.153,
"26.06.2024 05:15",663.148,
"26.06.2024 05:30",1173.800,
"26.06.2024 05:45",1710.915,
"26.06.2024 06:00",3373.966,
"26.06.2024 06:15",5054.000,
"26.06.2024 06:30",8231.900,
"26.06.2024 06:45",10002.356,
"26.06.2024 07:00",11974.900,
"26.06.2024 07:15",14139.814,
"26.06.2024 07:30",16513.361,
"26.06.2024 07:45",19093.000,
"26.06.2024 08:00",21421.328,
"26.06.2024 08:15",24376.126,
"26.06.2024 08:30",26967.441,
"26.06.2024 08:45",29361.833,
"26.06.2024 09:00",31912.230,
"26.06.2024 09:15",34383.288,
"26.06.2024 09:30",36739.305,
"26.06.2024 09:45",38775.000,
"26.06.2024 10:00",40853.311,
"26.06.2024 10:15",42755.900,
"26.06.2024 10:30",44779.100,
"26.06.2024 10:45",46228.900,
"26.06.2024 11:00",48048.203,
"26.06.2024 11:15",53309.100,
"26.06.2024 11:30",50824.131,
"26.06.2024 11:45",52187.356,
"26.06.2024 12:00",52715.016,
"26.06.2024 12:15",51927.000,
"26.06.2024 12:30",55247.746,
"26.06.2024 12:45",60540.900,
"26.06.2024 13:00",25421.000,
"26.06.2024 13:15",58861.200,
"26.06.2024 13:30",56160.098,
"26.06.2024 13:45",55726.100,
"26.06.2024 14:00",54752.900,
"26.06.2024 14:15",54661.900,
"26.06.2024 14:30",53745.678,
"26.06.2024 14:45",53225.100,
"26.06.2024 15:00",52198.900,
"26.06.2024 15:15",51482.000,
"26.06.2024 15:30",49999.115,
"26.06.2024 15:45",48552.100,
"26.06.2024 16:00",47262.295,
"26.06.2024 16:15",45777.763,
"26.06.2024 16:30",42879.033,
"26.06.2024 16:45",41156.100,
"26.06.2024 17:00",39057.254,
"26.06.2024 17:15",36757.900,
"26.06.2024 17:30",34461.639,
"26.06.2024 17:45",32078.034,
"26.06.2024 18:00",29325.000,
"26.06.2024 18:15",27121.200,
"26.06.2024 18:30",24102.424,
"26.06.2024 18:45",21630.000,
"26.06.2024 19:00",19170.559,
"26.06.2024 19:15",15940.836,
"26.06.2024 19:30",12094.508,
"26.06.2024 19:45",8229.305,
"26.06.2024 20:00",4804.000,
"26.06.2024 20:15",3014.407,
"26.06.2024 20:30",2309.000,
"26.06.2024 20:45",1919.458,
"26.06.2024 21:00",1510.390,
"26.06.2024 21:15",1110.288,
"26.06.2024 21:30",728.049,
"26.06.2024 21:45",343.230,
"26.06.2024 22:00",79.180,
"26.06.2024 22:15",0.000,
"26.06.2024 22:30",0.000,
"26.06.2024 22:45",0.000,
"26.06.2024 23:00",0.000,
"26.06.2024 23:15",0.000,
"26.06.2024 23:30",0.000,
"26.06.2024 23:45",0.000,
"27.06.2024 00:00",0.000,
"27.06.2024 00:15",0.000,
"27.06.2024 00:30",0.000,
"27.06.2024 00:45",0.000,
"27.06.2024 01:00",0.000,
"27.06.2024 01:15",0.000,
"27.06.2024 01:30",0.000,
"27.06.2024 01:45",0.000,
"27.06.2024 02:00",0.000,
"27.06.2024 02:15",0.000,
"27.06.2024 02:30",0.000,
"27.06.2024 02:45",0.000,
"27.06.2024 03:00",0.000,
"27.06.2024 03:15",0.000,
"27.06.2024 03:30",0.000,
"27.06.2024 03:45",0.000,
"27.06.2024 04:00",0.000,
"27.06.2024 04:15",0.000,
"27.06.2024 04:30",0.000,
"27.06.2024 04:45",0.000,
"27.06.2024 05:00",196.153,
"27.06.2024 05:15",296.100,
"27.06.2024 05:30",711.180,
"27.06.2024 05:45",1791.017,
"27.06.2024 06:00",3583.100,
"27.06.2024 06:15",3664.644,
"27.06.2024 06:30",2581.100,
"27.06.2024 06:45",8976.900,
"27.06.2024 07:00",10346.100,
"27.06.2024 07:15",8508.966,
"27.06.2024 07:30",14625.932,
"27.06.2024 07:45",22078.000,
"27.06.2024 08:00",20341.900,
"27.06.2024 08:15",22803.800,
"27.06.2024 08:30",24638.557,
"27.06.2024 08:45",27500.000,
"27.06.2024 09:00",29805.492,
"27.06.2024 09:15",32080.344,
"27.06.2024 09:30",33343.100,
"27.06.2024 09:45",16359.000,
"27.06.2024 10:00",42520.200,
"27.06.2024 10:15",39321.593,
"27.06.2024 10:30",17168.542,
"27.06.2024 10:45",50155.100,
"27.06.2024 11:00",45688.542,
"27.06.2024 11:15",42282.000,
"27.06.2024 11:30",51078.949,
"27.06.2024 11:45",28288.541,
"27.06.2024 12:00",58738.800,
"27.06.2024 12:15",24340.700,
"27.06.2024 12:30",54996.902,
"27.06.2024 12:45",33337.100,
"27.06.2024 13:00",42322.213,
"27.06.2024 13:15",42849.770,
"27.06.2024 13:30",35141.864,
"27.06.2024 13:45",32942.900,
"27.06.2024 14:00",53598.100,
"27.06.2024 14:15",31205.559,
"27.06.2024 14:30",57083.610,
"27.06.2024 14:45",51453.000,
"27.06.2024 15:00",53295.164,
"27.06.2024 15:15",53418.203,
"27.06.2024 15:30",10010.407,
"27.06.2024 15:45",13938.100,
"27.06.2024 16:00",20788.186,
"27.06.2024 16:15",9059.136,
"27.06.2024 16:30",10251.984,
"27.06.2024 16:45",4041.800,
"27.06.2024 17:00",3808.695,
"27.06.2024 17:15",1691.100,
"27.06.2024 17:30",5625.000,
"27.06.2024 17:45",3239.197,
"27.06.2024 18:00",1465.361,
"27.06.2024 18:15",1917.186,
"27.06.2024 18:30",8111.200,
"27.06.2024 18:45",1494.607,
"27.06.2024 19:00",790.900,
"27.06.2024 19:15",633.100,
"27.06.2024 19:30",1092.525,
"27.06.2024 19:45",2377.295,
"27.06.2024 20:00",4452.100,
"27.06.2024 20:15",4872.803,
"27.06.2024 20:30",4433.000,
"27.06.2024 20:45",3325.000,
"27.06.2024 21:00",2339.049,
"27.06.2024 21:15",1755.085,
"27.06.2024 21:30",1675.100,
"27.06.2024 21:45",601.900,
"27.06.2024 22:00",255.885,
"27.06.2024 22:15",186.000,
"27.06.2024 22:30",0.000,
"27.06.2024 22:45",0.000,
"27.06.2024 23:00",0.000,
"27.06.2024 23:15",0.000,
"27.06.2024 23:30",0.000,
"27.06.2024 23:45",0.000,
"28.06.2024 00:00",0.000,
"28.06.2024 00:15",0.000,
"28.06.2024 00:30",0.000,
"28.06.2024 00:45",0.000,
"28.06.2024 01:00",0.000,
"28.06.2024 01:15",0.000,
"28.06.2024 01:30",0.000,
"28.06.2024 01:45",0.000,
"28.06.2024 02:00",0.000,
"28.06.2024 02:15",0.000,
"28.06.2024 02:30",0.000,
"28.06.2024 02:45",0.000,
"28.06.2024 03:00",0.000,
"28.06.2024 03:15",0.000,
"28.06.2024 03:30",0.000,
"28.06.2024 03:45",0.000,
"28.06.2024 04:00",0.000,
"28.06.2024 04:15",0.000,
"28.06.2024 04:30",0.000,
"28.06.2024 04:45",0.000,
"28.06.2024 05:00",326.900,
"28.06.2024 05:15",402.475,
"28.06.2024 05:30",603.700,
"28.06.2024 05:45",516.000,
"28.06.2024 06:00",1535.000,
"28.06.2024 06:15",843.627,
"28.06.2024 06:30",398.900,
"28.06.2024 06:45",1486.254,
"28.06.2024 07:00",9641.721,
"28.06.2024 07:15",6171.508,
"28.06.2024 07:30",6637.949,
"28.06.2024 07:45",3998.100,
"28.06.2024 08:00",16446.000,
"28.06.2024 08:15",10400.763,
"28.06.2024 08:30",9075.100,
"28.06.2024 08:45",10706.393,
"28.06.2024 09:00",5010.831,
"28.06.2024 09:15",7776.695,
"28.06.2024 09:30",42036.000,
"28.06.2024 09:45",22237.667,
"28.06.2024 10:00",47280.492,
"28.06.2024 10:15",17694.644,
"28.06.2024 10:30",19899.000,
"28.06.2024 10:45",53666.780,
"28.06.2024 11:00",54089.443,
"28.06.2024 11:15",22262.066,
"28.06.2024 11:30",17031.164,
"28.06.2024 11:45",62911.900,
"28.06.2024 12:00",58458.000,
"28.06.2024 12:15",60666.100,
"28.06.2024 12:30",56918.131,
"28.06.2024 12:45",60320.900,
"28.06.2024 13:00",60272.900,
"28.06.2024 13:15",31792.000,
"28.06.2024 13:30",61616.800,
"28.06.2024 13:45",26413.800,
"28.06.2024 14:00",59421.900,
"28.06.2024 14:15",58684.729,
"28.06.2024 14:30",60109.000,
"28.06.2024 14:45",58123.900,
"28.06.2024 15:00",56245.672,
"28.06.2024 15:15",54050.984,
"28.06.2024 15:30",54779.900,
"28.06.2024 15:45",53230.900,
"28.06.2024 16:00",10071.800,
"28.06.2024 16:15",49539.100,
"28.06.2024 16:30",46064.034,
"28.06.2024 16:45",44085.322,
"28.06.2024 17:00",42200.220,
"28.06.2024 17:15",38953.200,
"28.06.2024 17:30",36533.000,
"28.06.2024 17:45",34697.169,
"28.06.2024 18:00",32546.000,
"28.06.2024 18:15",27699.100,
"28.06.2024 18:30",5854.900,
"28.06.2024 18:45",24173.000,
"28.06.2024 19:00",19545.900,
"28.06.2024 19:15",16134.200,
"28.06.2024 19:30",6907.393,
"28.06.2024 19:45",7552.441,
"28.06.2024 20:00",4343.458,
"28.06.2024 20:15",5518.000,
"28.06.2024 20:30",4991.900,
"28.06.2024 20:45",2545.770,
"28.06.2024 21:00",1740.574,
"28.06.2024 21:15",988.627,
"28.06.2024 21:30",798.852,
"28.06.2024 21:45",501.085,
"28.06.2024 22:00",66.000,
"28.06.2024 22:15",0.000,
"28.06.2024 22:30",0.000,
"28.06.2024 22:45",0.000,
"28.06.2024 23:00",0.000,
"28.06.2024 23:15",0.000,
"28.06.2024 23:30",0.000,
"28.06.2024 23:45",0.000,
"29.06.2024 00:00",0.000,
"29.06.2024 00:15",0.000,
"29.06.2024 00:30",0.000,
"29.06.2024 00:45",0.000,
"29.06.2024 01:00",0.000,
"29.06.2024 01:15",0.000,
"29.06.2024 01:30",0.000,
"29.06.2024 01:45",0.000,
"29.06.2024 02:00",0.000,
"29.06.2024 02:15",0.000,
"29.06.2024 02:30",0.000,
"29.06.2024 02:45",0.000,
"29.06.2024 03:00",0.000,
"29.06.2024 03:15",0.000,
"29.06.2024 03:30",0.000,
"29.06.2024 03:45",0.000,
"29.06.2024 04:00",0.000,
"29.06.2024 04:15",0.000,
"29.06.2024 04:30",0.000,
"29.06.2024 04:45",0.000,
"29.06.2024 05:00",216.153,
"29.06.2024 05:15",594.800,
"29.06.2024 05:30",1288.800,
"29.06.2024 05:45",2209.000,
"29.06.2024 06:00",3112.164,
"29.06.2024 06:15",4157.136,
"29.06.2024 06:30",7479.153,
"29.06.2024 06:45",12920.407,
"29.06.2024 07:00",9365.000,
"29.06.2024 07:15",17182.100,
"29.06.2024 07:30",17107.000,
"29.06.2024 07:45",19465.900,
"29.06.2024 08:00",26410.656,
"29.06.2024 08:15",18478.000,
"29.06.2024 08:30",15019.153,
"29.06.2024 08:45",33137.787,
"29.06.2024 09:00",40945.000,
"29.06.2024 09:15",44741.254,
"29.06.2024 09:30",50205.100,
"29.06.2024 09:45",45460.000,
"29.06.2024 10:00",10498.100,
"29.06.2024 10:15",15166.100,
"29.06.2024 10:30",49260.051,
"29.06.2024 10:45",51234.000,
"29.06.2024 11:00",52268.900,
"29.06.2024 11:15",56281.800,
"29.06.2024 11:30",44963.000,
"29.06.2024 11:45",53696.000,
"29.06.2024 12:00",13974.443,
"29.06.2024 12:15",36198.000,
"29.06.2024 12:30",13861.000,
"29.06.2024 12:45",12700.100,
"29.06.2024 13:00",23202.200,
"29.06.2024 13:15",13474.100,
"29.06.2024 13:30",40282.200,
"29.06.2024 13:45",61975.831,
"29.06.2024 14:00",58633.627,
"29.06.2024 14:15",25784.746,
"29.06.2024 14:30",64703.100,
"29.06.2024 14:45",56842.610,
"29.06.2024 15:00",57770.000,
"29.06.2024 15:15",62078.000,
"29.06.2024 15:30",56549.115,
"29.06.2024 15:45",59494.136,
"29.06.2024 16:00",14883.000,
"29.06.2024 16:15",11062.902,
"29.06.2024 16:30",50256.339,
"29.06.2024 16:45",47000.900,
"29.06.2024 17:00",11072.066,
"29.06.2024 17:15",37749.900,
"29.06.2024 17:30",37633.881,
"29.06.2024 17:45",16232.000,
"29.06.2024 18:00",34949.361,
"29.06.2024 18:15",27492.000,
"29.06.2024 18:30",22179.000,
"29.06.2024 18:45",22266.100,
"29.06.2024 19:00",18745.000,
"29.06.2024 19:15",16116.000,
"29.06.2024 19:30",11806.000,
"29.06.2024 19:45",8452.475,
"29.06.2024 20:00",5122.721,
"29.06.2024 20:15",3219.100,
"29.06.2024 20:30",2776.763,
"29.06.2024 20:45",2265.100,
"29.06.2024 21:00",1597.797,
"29.06.2024 21:15",1130.100,
"29.06.2024 21:30",740.934,
"29.06.2024 21:45",220.390,
"29.06.2024 22:00",0.000,
"29.06.2024 22:15",0.000,
"29.06.2024 22:30",0.000,
"29.06.2024 22:45",0.000,
"29.06.2024 23:00",0.000,
"29.06.2024 23:15",0.000,
"29.06.2024 23:30",0.000,
"29.06.2024 23:45",0.000,
"30.06.2024 00:00",0.000,
"30.06.2024 00:15",0.000,
"30.06.2024 00:30",0.000,
"30.06.2024 00:45",0.000,
"30.06.2024 01:00",0.000,
"30.06.2024 01:15",0.000,
"30.06.2024 01:30",0.000,
"30.06.2024 01:45",0.000,
"30.06.2024 02:00",0.000,
"30.06.2024 02:15",0.000,
"30.06.2024 02:30",0.000,
"30.06.2024 02:45",0.000,
"30.06.2024 03:00",0.000,
"30.06.2024 03:15",0.000,
"30.06.2024 03:30",0.000,
"30.06.2024 03:45",0.000,
"30.06.2024 04:00",0.000,
"30.06.2024 04:15",0.000,
"30.06.2024 04:30",0.000,
"30.06.2024 04:45",0.000,
"30.06.2024 05:00",0.000,
"30.06.2024 05:15",0.000,
"30.06.2024 05:30",0.000,
"30.06.2024 05:45",0.000,
"30.06.2024 06:00",0.000,
"30.06.2024 06:15",0.000,
"30.06.2024 06:30",0.000,
"30.06.2024 06:45",0.000,
"30.06.2024 07:00",0.000,
"30.06.2024 07:15",398.610,
"30.06.2024 07:30",813.049,
"30.06.2024 07:45",1856.847,
"30.06.2024 08:00",3871.900,
"30.06.2024 08:15",5779.900,
"30.06.2024 08:30",7291.949,
"30.06.2024 08:45",5167.100,
"30.06.2024 09:00",4800.100,
"30.06.2024 09:15",6717.800,
"30.06.2024 09:30",2912.200,
"30.06.2024 09:45",4123.712,
"30.06.2024 10:00",2780.153,
"30.06.2024 10:15",2154.459,
"30.06.2024 10:30",4319.049,
"30.06.2024 10:45",10610.800,
"30.06.2024 11:00",8529.098,
"30.06.2024 11:15",10557.356,
"30.06.2024 11:30",11215.068,
"30.06.2024 11:45",12241.410,
"30.06.2024 12:00",15685.590,
"30.06.2024 12:15",13336.000,
"30.06.2024 12:30",14009.200,
"30.06.2024 12:45",13455.000,
"30.06.2024 13:00",27604.098,
"30.06.2024 13:15",7738.017,
"30.06.2024 13:30",9533.393,
"30.06.2024 13:45",8096.000,
"30.06.2024 14:00",6908.100,
"30.06.2024 14:15",5283.148,
"30.06.2024 14:30",3813.000,
"30.06.2024 14:45",3398.426,
"30.06.2024 15:00",6424.607,
"30.06.2024 15:15",7386.424,
"30.06.2024 15:30",7388.373,
"30.06.2024 15:45",9962.900,
"30.06.2024 16:00",4438.000,
"30.06.2024 16:15",7511.100,
"30.06.2024 16:30",6683.200,
"30.06.2024 16:45",10212.100,
"30.06.2024 17:00",6896.508,
"30.06.2024 17:15",13266.900,
"30.06.2024 17:30",4602.377,
"30.06.2024 17:45",12123.000,
"30.06.2024 18:00",16639.000,
"30.06.2024 18:15",1201.200,
"30.06.2024 18:30",4045.900,
"30.06.2024 18:45",2098.000,
"30.06.2024 19:00",1730.000,
"30.06.2024 19:15",1879.800,
"30.06.2024 19:30",3671.695,
"30.06.2024 19:45",3215.115,
"30.06.2024 20:00",769.900,
"30.06.2024 20:15",825.803,
"30.06.2024 20:30",916.000,
"30.06.2024 20:45",2036.100,
"30.06.2024 21:00",1791.082,
"30.06.2024 21:15",2186.847,
"30.06.2024 21:30",1779.459,
"30.06.2024 21:45",117.820,
"30.06.2024 22:00",7.800,
"30.06.2024 22:15",0.000,
"30.06.2024 22:30",0.000,
"30.06.2024 22:45",0.000,
"30.06.2024 23:00",0.000,
"30.06.2024 23:15",0.000,
"30.06.2024 23:30",0.000,
"30.06.2024 23:45",0.000,
"01.07.2024 00:00",0.000,
"01.07.2024 00:15",0.000,
"01.07.2024 00:30",0.000,
"01.07.2024 00:45",0.000,
"01.07.2024 01:00",0.000,
"01.07.2024 01:15",0.000,
"01.07.2024 01:30",0.000,
"01.07.2024 01:45",0.000,
"01.07.2024 02:00",0.000,
"01.07.2024 02:15",0.000,
"01.07.2024 02:30",0.000,
"01.07.2024 02:45",0.000,
"01.07.2024 03:00",0.000,
"01.07.2024 03:15",0.000,
"01.07.2024 03:30",0.000,
"01.07.2024 03:45",0.000,
"01.07.2024 04:00",0.000,
"01.07.2024 04:15",0.000,
"01.07.2024 04:30",0.000,
"01.07.2024 04:45",0.000,
"01.07.2024 05:00",151.200,
"01.07.2024 05:15",925.900,
"01.07.2024 05:30",3472.148,
"01.07.2024 05:45",1827.100,
"01.07.2024 06:00",1774.200,
"01.07.2024 06:15",2092.800,
"01.07.2024 06:30",1060.900,
"01.07.2024 06:45",2365.983,
"01.07.2024 07:00",801.678,
"01.07.2024 07:15",3378.000,
"01.07.2024 07:30",3816.900,
"01.07.2024 07:45",3376.164,
"01.07.2024 08:00",5761.763,
"01.07.2024 08:15",9441.000,
"01.07.2024 08:30",12156.000,
"01.07.2024 08:45",9351.102,
"01.07.2024 09:00",15185.100,
"01.07.2024 09:15",18855.902,
"01.07.2024 09:30",18400.800,
"01.07.2024 09:45",16262.593,
"01.07.2024 10:00",32636.984,
"01.07.2024 10:15",19958.900,
"01.07.2024 10:30",19501.738,
"01.07.2024 10:45",17235.148,
"01.07.2024 11:00",17431.864,
"01.07.2024 11:15",21789.900,
"01.07.2024 11:30",20881.576,
"01.07.2024 11:45",35047.000,
"01.07.2024 12:00",56524.100,
"01.07.2024 12:15",13085.918,
"01.07.2024 12:30",6159.729,
"01.07.2024 12:45",57940.900,
"01.07.2024 13:00",51724.800,
"01.07.2024 13:15",21475.424,
"01.07.2024 13:30",62975.800,
"01.07.2024 13:45",68293.000,
"01.07.2024 14:00",19282.000,
"01.07.2024 14:15",31820.814,
"01.07.2024 14:30",66175.100,
"01.07.2024 14:45",16271.803,
"01.07.2024 15:00",47934.049,
"01.07.2024 15:15",27765.016,
"01.07.2024 15:30",44638.967,
"01.07.2024 15:45",5204.623,
"01.07.2024 16:00",5739.900,
"01.07.2024 16:15",16518.900,
"01.07.2024 16:30",18797.475,
"01.07.2024 16:45",11030.800,
"01.07.2024 17:00",10458.193,
"01.07.2024 17:15",18688.373,
"01.07.2024 17:30",24594.900,
"01.07.2024 17:45",27374.100,
"01.07.2024 18:00",11871.525,
"01.07.2024 18:15",14193.951,
"01.07.2024 18:30",10850.100,
"01.07.2024 18:45",7609.100,
"01.07.2024 19:00",9655.407,
"01.07.2024 19:15",4643.000,
"01.07.2024 19:30",23253.000,
"01.07.2024 19:45",9230.576,
"01.07.2024 20:00",5737.100,
"01.07.2024 20:15",6408.627,
"01.07.2024 20:30",2987.900,
"01.07.2024 20:45",1278.710,
"01.07.2024 21:00",2100.033,
"01.07.2024 21:15",1330.100,
"01.07.2024 21:30",378.951,
"01.07.2024 21:45",70.787,
"01.07.2024 22:00",0.000,
"01.07.2024 22:15",0.000,
"01.07.2024 22:30",0.000,
"01.07.2024 22:45",0.000,
"01.07.2024 23:00",0.000,
"01.07.2024 23:15",0.000,
"01.07.2024 23:30",0.000,
"01.07.2024 23:45",0.000,
"02.07.2024 00:00",0.000,
"02.07.2024 00:15",0.000,
"02.07.2024 00:30",0.000,
"02.07.2024 00:45",0.000,
"02.07.2024 01:00",0.000,
"02.07.2024 01:15",0.000,
"02.07.2024 01:30",0.000,
"02.07.2024 01:45",0.000,
"02.07.2024 02:00",0.000,
"02.07.2024 02:15",0.000,
"02.07.2024 02:30",0.000,
"02.07.2024 02:45",0.000,
"02.07.2024 03:00",0.000,
"02.07.2024 03:15",0.000,
"02.07.2024 03:30",0.000,
"02.07.2024 03:45",0.000,
"02.07.2024 04:00",0.000,
"02.07.2024 04:15",0.000,
"02.07.2024 04:30",0.000,
"02.07.2024 04:45",0.000,
"02.07.2024 05:00",0.000,
"02.07.2024 05:15",0.000,
"02.07.2024 05:30",61.900,
"02.07.2024 05:45",413.542,
"02.07.2024 06:00",1084.213,
"02.07.2024 06:15",1934.213,
"02.07.2024 06:30",4443.100,
"02.07.2024 06:45",2233.000,
"02.07.2024 07:00",6013.695,
"02.07.2024 07:15",5769.400,
"02.07.2024 07:30",6814.898,
"02.07.2024 07:45",11092.820,
"02.07.2024 08:00",10760.729,
"02.07.2024 08:15",5592.000,
"02.07.2024 08:30",6598.373,
"02.07.2024 08:45",6651.492,
"02.07.2024 09:00",11850.000,
"02.07.2024 09:15",9781.100,
"02.07.2024 09:30",9546.557,
"02.07.2024 09:45",15159.623,
"02.07.2024 10:00",14898.339,
"02.07.2024 10:15",20900.900,
"02.07.2024 10:30",27862.763,
"02.07.2024 10:45",17247.800,
"02.07.2024 11:00",11846.900,
"02.07.2024 11:15",22283.900,
"02.07.2024 11:30",26256.000,
"02.07.2024 11:45",20580.100,
"02.07.2024 12:00",22486.426,
"02.07.2024 12:15",15851.407,
"02.07.2024 12:30",17375.900,
"02.07.2024 12:45",22175.000,
"02.07.2024 13:00",24581.441,
"02.07.2024 13:15",24291.590,
"02.07.2024 13:30",12414.100,
"02.07.2024 13:45",8747.475,
"02.07.2024 14:00",17455.246,
"02.07.2024 14:15",19267.000,
"02.07.2024 14:30",17581.000,
"02.07.2024 14:45",46295.344,
"02.07.2024 15:00",11377.800,
"02.07.2024 15:15",6497.356,
"02.07.2024 15:30",16449.900,
"02.07.2024 15:45",31226.000,
"02.07.2024 16:00",9261.100,
"02.07.2024 16:15",24914.000,
"02.07.2024 16:30",26370.800,
"02.07.2024 16:45",31753.000,
"02.07.2024 17:00",17044.000,
"02.07.2024 17:15",10518.559,
"02.07.2024 17:30",27900.000,
"02.07.2024 17:45",11621.230,
"02.07.2024 18:00",11136.237,
"02.07.2024 18:15",9799.220,
"02.07.2024 18:30",8985.200,
"02.07.2024 18:45",6594.100,
"02.07.2024 19:00",10767.000,
"02.07.2024 19:15",5266.900,
"02.07.2024 19:30",3138.100,
"02.07.2024 19:45",3153.900,
"02.07.2024 20:00",2980.390,
"02.07.2024 20:15",1447.800,
"02.07.2024 20:30",1493.712,
"02.07.2024 20:45",1125.000,
"02.07.2024 21:00",754.559,
"02.07.2024 21:15",648.559,
"02.07.2024 21:30",328.000,
"02.07.2024 21:45",0.000,
"02.07.2024 22:00",0.000,
"02.07.2024 22:15",0.000,
"02.07.2024 22:30",0.000,
"02.07.2024 22:45",0.000,
"02.07.2024 23:00",0.000,
"02.07.2024 23:15",0.000,
"02.07.2024 23:30",0.000,
"02.07.2024 23:45",0.000,
"03.07.2024 00:00",0.000,
"03.07.2024 00:15",0.000,
"03.07.2024 00:30",0.000,
"03.07.2024 00:45",0.000,
"03.07.2024 01:00",0.000,
"03.07.2024 01:15",0.000,
"03.07.2024 01:30",0.000,
"03.07.2024 01:45",0.000,
"03.07.2024 02:00",0.000,
"03.07.2024 02:15",0.000,
"03.07.2024 02:30",0.000,
"03.07.2024 02:45",0.000,
"03.07.2024 03:00",0.000,
"03.07.2024 03:15",0.000,
"03.07.2024 03:30",0.000,
"03.07.2024 03:45",0.000,
"03.07.2024 04:00",0.000,
"03.07.2024 04:15",0.000,
"03.07.2024 04:30",0.000,
"03.07.2024 04:45",0.000,
"03.07.2024 05:00",0.000,
"03.07.2024 05:15",156.918,
"03.07.2024 05:30",247.098,
"03.07.2024 05:45",1261.136,
"03.07.2024 06:00",2040.200,
"03.07.2024 06:15",2226.678,
"03.07.2024 06:30",4007.100,
"03.07.2024 06:45",5196.967,
"03.07.2024 07:00",3628.574,
"03.07.2024 07:15",6257.100,
"03.07.2024 07:30",5952.100,
"03.07.2024 07:45",18888.800,
"03.07.2024 08:00",16737.100,
"03.07.2024 08:15",15197.000,
"03.07.2024 08:30",35997.541,
"03.07.2024 08:45",19594.288,
"03.07.2024 09:00",17098.102,
"03.07.2024 09:15",11020.831,
"03.07.2024 09:30",12353.797,
"03.07.2024 09:45",13643.459,
"03.07.2024 10:00",16226.000,
"03.07.2024 10:15",19722.475,
"03.07.2024 10:30",28548.203,
"03.07.2024 10:45",44463.033,
"03.07.2024 11:00",30816.169,
"03.07.2024 11:15",36972.900,
"03.07.2024 11:30",38146.000,
"03.07.2024 11:45",68358.800,
"03.07.2024 12:00",20355.000,
"03.07.2024 12:15",29978.033,
"03.07.2024 12:30",14282.000,
"03.07.2024 12:45",40406.000,
"03.07.2024 13:00",25547.639,
"03.07.2024 13:15",15352.000,
"03.07.2024 13:30",5339.475,
"03.07.2024 13:45",21488.000,
"03.07.2024 14:00",21017.200,
"03.07.2024 14:15",34526.246,
"03.07.2024 14:30",35483.300,
"03.07.2024 14:45",29962.900,
"03.07.2024 15:00",27015.508,
"03.07.2024 15:15",20103.441,
"03.07.2024 15:30",20140.000,
"03.07.2024 15:45",14872.900,
"03.07.2024 16:00",19388.898,
"03.07.2024 16:15",13996.100,
"03.07.2024 16:30",18000.200,
"03.07.2024 16:45",17859.220,
"03.07.2024 17:00",10944.000,
"03.07.2024 17:15",37509.000,
"03.07.2024 17:30",13150.000,
"03.07.2024 17:45",1895.820,
"03.07.2024 18:00",2171.820,
"03.07.2024 18:15",17066.932,
"03.07.2024 18:30",7694.590,
"03.07.2024 18:45",7218.373,
"03.07.2024 19:00",6167.100,
"03.07.2024 19:15",4072.100,
"03.07.2024 19:30",5108.900,
"03.07.2024 19:45",4945.322,
"03.07.2024 20:00",3143.000,
"03.07.2024 20:15",609.100,
"03.07.2024 20:30",2544.900,
"03.07.2024 20:45",2324.000,
"03.07.2024 21:00",1781.000,
"03.07.2024 21:15",2859.800,
"03.07.2024 21:30",1392.900,
"03.07.2024 21:45",159.700,
"03.07.2024 22:00",6.492,
"03.07.2024 22:15",0.000,
"03.07.2024 22:30",0.000,
"03.07.2024 22:45",0.000,
"03.07.2024 23:00",0.000,
"03.07.2024 23:15",0.000,
"03.07.2024 23:30",0.000,
"03.07.2024 23:45",0.000,
"04.07.2024 00:00",0.000,
"04.07.2024 00:15",0.000,
"04.07.2024 00:30",0.000,
"04.07.2024 00:45",0.000,
"04.07.2024 01:00",0.000,
"04.07.2024 01:15",0.000,
"04.07.2024 01:30",0.000,
"04.07.2024 01:45",0.000,
"04.07.2024 02:00",0.000,
"04.07.2024 02:15",0.000,
"04.07.2024 02:30",0.000,
"04.07.2024 02:45",-0.450,
"04.07.2024 03:00",0.000,
"04.07.2024 03:15",0.000,
"04.07.2024 03:30",0.000,
"04.07.2024 03:45",0.000,
"04.07.2024 04:00",0.000,
"04.07.2024 04:15",0.000,
"04.07.2024 04:30",0.000,
"04.07.2024 04:45",0.000,
"04.07.2024 05:00",0.000,
"04.07.2024 05:15",0.000,
"04.07.2024 05:30",180.305,
"04.07.2024 05:45",590.098,
"04.07.2024 06:00",1732.000,
"04.07.2024 06:15",2130.100,
"04.07.2024 06:30",1787.639,
"04.07.2024 06:45",2410.100,
"04.07.2024 07:00",1286.254,
"04.07.2024 07:15",1507.000,
"04.07.2024 07:30",1635.153,
"04.07.2024 07:45",1311.721,
"04.07.2024 08:00",5036.900,
"04.07.2024 08:15",2742.000,
"04.07.2024 08:30",2548.557,
"04.07.2024 08:45",3391.180,
"04.07.2024 09:00",1720.525,
"04.07.2024 09:15",6217.200,
"04.07.2024 09:30",1900.576,
"04.07.2024 09:45",2321.836,
"04.07.2024 10:00",21025.100,
"04.07.2024 10:15",16646.847,
"04.07.2024 10:30",28050.836,
"04.07.2024 10:45",35265.100,
"04.07.2024 11:00",17236.900,
"04.07.2024 11:15",57774.100,
"04.07.2024 11:30",58578.100,
"04.07.2024 11:45",66769.100,
"04.07.2024 12:00",68166.100,
"04.07.2024 12:15",25173.049,
"04.07.2024 12:30",68256.900,
"04.07.2024 12:45",20391.900,
"04.07.2024 13:00",20325.763,
"04.07.2024 13:15",63946.100,
"04.07.2024 13:30",68356.098,
"04.07.2024 13:45",66849.559,
"04.07.2024 14:00",66509.900,
"04.07.2024 14:15",47060.000,
"04.07.2024 14:30",58777.000,
"04.07.2024 14:45",18279.100,
"04.07.2024 15:00",44886.814,
"04.07.2024 15:15",60002.900,
"04.07.2024 15:30",19795.153,
"04.07.2024 15:45",54417.864,
"04.07.2024 16:00",52263.000,
"04.07.2024 16:15",13212.203,
"04.07.2024 16:30",24559.100,
"04.07.2024 16:45",45005.361,
"04.07.2024 17:00",11212.000,
"04.07.2024 17:15",40216.000,
"04.07.2024 17:30",23854.100,
"04.07.2024 17:45",9405.100,
"04.07.2024 18:00",13295.100,
"04.07.2024 18:15",29894.000,
"04.07.2024 18:30",6928.000,
"04.07.2024 18:45",30819.712,
"04.07.2024 19:00",4629.770,
"04.07.2024 19:15",8797.900,
"04.07.2024 19:30",14849.900,
"04.07.2024 19:45",6359.100,
"04.07.2024 20:00",5299.153,
"04.07.2024 20:15",3252.900,
"04.07.2024 20:30",2716.800,
"04.07.2024 20:45",2145.016,
"04.07.2024 21:00",1270.082,
"04.07.2024 21:15",577.082,
"04.07.2024 21:30",327.967,
"04.07.2024 21:45",113.900,
"04.07.2024 22:00",0.000,
"04.07.2024 22:15",0.000,
"04.07.2024 22:30",0.000,
"04.07.2024 22:45",0.000,
"04.07.2024 23:00",0.000,
"04.07.2024 23:15",0.000,
"04.07.2024 23:30",0.000,
"04.07.2024 23:45",0.000,
"05.07.2024 00:00",0.000,
"05.07.2024 00:15",0.000,
"05.07.2024 00:30",0.000,
"05.07.2024 00:45",0.000,
"05.07.2024 01:00",0.000,
"05.07.2024 01:15",0.000,
"05.07.2024 01:30",0.000,
"05.07.2024 01:45",0.000,
"05.07.2024 02:00",0.000,
"05.07.2024 02:15",0.000,
"05.07.2024 02:30",0.000,
"05.07.2024 02:45",0.000,
"05.07.2024 03:00",0.000,
"05.07.2024 03:15",0.000,
"05.07.2024 03:30",0.000,
"05.07.2024 03:45",0.000,
"05.07.2024 04:00",0.000,
"05.07.2024 04:15",0.000,
"05.07.2024 04:30",0.000,
"05.07.2024 04:45",0.000,
"05.07.2024 05:00",0.000,
"05.07.2024 05:15",873.900,
"05.07.2024 05:30",2981.100,
"05.07.2024 05:45",360.559,
"05.07.2024 06:00",195.300,
"05.07.2024 06:15",1316.000,
"05.07.2024 06:30",1206.000,
"05.07.2024 06:45",1975.000,
"05.07.2024 07:00",3928.100,
"05.07.2024 07:15",4726.754,
"05.07.2024 07:30",7693.049,
"05.07.2024 07:45",8170.000,
"05.07.2024 08:00",26680.407,
"05.07.2024 08:15",13200.900,
"05.07.2024 08:30",17508.000,
"05.07.2024 08:45",30988.034,
"05.07.2024 09:00",11008.000,
"05.07.2024 09:15",21818.000,
"05.07.2024 09:30",39238.542,
"05.07.2024 09:45",46898.100,
"05.07.2024 10:00",40776.000,
"05.07.2024 10:15",45760.136,
"05.07.2024 10:30",51155.390,
"05.07.2024 10:45",61710.237,
"05.07.2024 11:00",13509.900,
"05.07.2024 11:15",24920.983,
"05.07.2024 11:30",6305.098,
"05.07.2024 11:45",1767.186,
"05.07.2024 12:00",2113.800,
"05.07.2024 12:15",30379.459,
"05.07.2024 12:30",37321.763,
"05.07.2024 12:45",65185.180,
"05.07.2024 13:00",59427.100,
"05.07.2024 13:15",61279.262,
"05.07.2024 13:30",27289.900,
"05.07.2024 13:45",63401.100,
"05.07.2024 14:00",23009.900,
"05.07.2024 14:15",14598.951,
"05.07.2024 14:30",7185.898,
"05.07.2024 14:45",36721.200,
"05.07.2024 15:00",65408.881,
"05.07.2024 15:15",18761.000,
"05.07.2024 15:30",63007.200,
"05.07.2024 15:45",15224.033,
"05.07.2024 16:00",58557.000,
"05.07.2024 16:15",30153.000,
"05.07.2024 16:30",11519.689,
"05.07.2024 16:45",23662.610,
"05.07.2024 17:00",20317.000,
"05.07.2024 17:15",39450.983,
"05.07.2024 17:30",39432.230,
"05.07.2024 17:45",35680.100,
"05.07.2024 18:00",33329.220,
"05.07.2024 18:15",29388.000,
"05.07.2024 18:30",11097.311,
"05.07.2024 18:45",17136.441,
"05.07.2024 19:00",9249.644,
"05.07.2024 19:15",10228.000,
"05.07.2024 19:30",3814.525,
"05.07.2024 19:45",1790.900,
"05.07.2024 20:00",1954.200,
"05.07.2024 20:15",1195.492,
"05.07.2024 20:30",1431.607,
"05.07.2024 20:45",1010.508,
"05.07.2024 21:00",6.000,
"05.07.2024 21:15",0.000,
"05.07.2024 21:30",0.000,
"05.07.2024 21:45",0.000,
"05.07.2024 22:00",0.000,
"05.07.2024 22:15",0.000,
"05.07.2024 22:30",0.000,
"05.07.2024 22:45",0.000,
"05.07.2024 23:00",0.000,
"05.07.2024 23:15",0.000,
"05.07.2024 23:30",0.000,
"05.07.2024 23:45",0.000,
"06.07.2024 00:00",0.000,
"06.07.2024 00:15",0.000,
"06.07.2024 00:30",0.000,
"06.07.2024 00:45",0.000,
"06.07.2024 01:00",0.000,
"06.07.2024 01:15",0.000,
"06.07.2024 01:30",0.000,
"06.07.2024 01:45",0.000,
"06.07.2024 02:00",0.000,
"06.07.2024 02:15",0.000,
"06.07.2024 02:30",0.000,
"06.07.2024 02:45",0.000,
"06.07.2024 03:00",0.000,
"06.07.2024 03:15",0.000,
"06.07.2024 03:30",0.000,
"06.07.2024 03:45",0.000,
"06.07.2024 04:00",0.000,
"06.07.2024 04:15",0.000,
"06.07.2024 04:30",0.000,
"06.07.2024 04:45",0.000,
"06.07.2024 05:00",0.000,
"06.07.2024 05:15",326.220,
"06.07.2024 05:30",506.068,
"06.07.2024 05:45",878.441,
"06.07.2024 06:00",2104.644,
"06.07.2024 06:15",4152.373,
"06.07.2024 06:30",3212.902,
"06.07.2024 06:45",2280.100,
"06.07.2024 07:00",1031.000,
"06.07.2024 07:15",6134.000,
"06.07.2024 07:30",8212.900,
"06.07.2024 07:45",11225.000,
"06.07.2024 08:00",8814.049,
"06.07.2024 08:15",4958.967,
"06.07.2024 08:30",10496.237,
"06.07.2024 08:45",18159.836,
"06.07.2024 09:00",32651.656,
"06.07.2024 09:15",21241.085,
"06.07.2024 09:30",36275.279,
"06.07.2024 09:45",29760.328,
"06.07.2024 10:00",25827.525,
"06.07.2024 10:15",36429.100,
"06.07.2024 10:30",43698.900,
"06.07.2024 10:45",41120.672,
"06.07.2024 11:00",43831.695,
"06.07.2024 11:15",51840.200,
"06.07.2024 11:30",27622.000,
"06.07.2024 11:45",48802.356,
"06.07.2024 12:00",48455.800,
"06.07.2024 12:15",50331.932,
"06.07.2024 12:30",28125.100,
"06.07.2024 12:45",49154.983,
"06.07.2024 13:00",46047.984,
"06.07.2024 13:15",43616.932,
"06.07.2024 13:30",30971.984,
"06.07.2024 13:45",22878.100,
"06.07.2024 14:00",51297.900,
"06.07.2024 14:15",16069.644,
"06.07.2024 14:30",28633.459,
"06.07.2024 14:45",26797.000,
"06.07.2024 15:00",25555.607,
"06.07.2024 15:15",22280.033,
"06.07.2024 15:30",13700.900,
"06.07.2024 15:45",2262.900,
"06.07.2024 16:00",17062.000,
"06.07.2024 16:15",9697.787,
"06.07.2024 16:30",12125.847,
"06.07.2024 16:45",5918.200,
"06.07.2024 17:00",602.000,
"06.07.2024 17:15",4343.000,
"06.07.2024 17:30",3089.787,
"06.07.2024 17:45",9924.200,
"06.07.2024 18:00",12614.034,
"06.07.2024 18:15",16341.100,
"06.07.2024 18:30",8307.800,
"06.07.2024 18:45",10897.200,
"06.07.2024 19:00",10962.441,
"06.07.2024 19:15",13510.508,
"06.07.2024 19:30",13546.200,
"06.07.2024 19:45",14375.322,
"06.07.2024 20:00",9902.100,
"06.07.2024 20:15",8571.100,
"06.07.2024 20:30",6610.000,
"06.07.2024 20:45",4490.100,
"06.07.2024 21:00",1671.900,
"06.07.2024 21:15",731.000,
"06.07.2024 21:30",399.100,
"06.07.2024 21:45",287.100,
"06.07.2024 22:00",0.000,
"06.07.2024 22:15",0.000,
"06.07.2024 22:30",0.000,
"06.07.2024 22:45",0.000,
"06.07.2024 23:00",0.000,
"06.07.2024 23:15",0.000,
"06.07.2024 23:30",0.000,
"06.07.2024 23:45",0.000,
"07.07.2024 00:00",0.000,
"07.07.2024 00:15",0.000,
"07.07.2024 00:30",0.000,
"07.07.2024 00:45",0.000,
"07.07.2024 01:00",0.000,
"07.07.2024 01:15",0.000,
"07.07.2024 01:30",0.000,
"07.07.2024 01:45",0.000,
"07.07.2024 02:00",0.000,
"07.07.2024 02:15",0.000,
"07.07.2024 02:30",0.000,
"07.07.2024 02:45",0.000,
"07.07.2024 03:00",0.000,
"07.07.2024 03:15",0.000,
"07.07.2024 03:30",0.000,
"07.07.2024 03:45",0.000,
"07.07.2024 04:00",0.000,
"07.07.2024 04:15",0.000,
"07.07.2024 04:30",0.000,
"07.07.2024 04:45",0.000,
"07.07.2024 05:00",0.000,
"07.07.2024 05:15",0.000,
"07.07.2024 05:30",0.000,
"07.07.2024 05:45",0.000,
"07.07.2024 06:00",2024.200,
"07.07.2024 06:15",2010.100,
"07.07.2024 06:30",2386.098,
"07.07.2024 06:45",2797.000,
"07.07.2024 07:00",5680.246,
"07.07.2024 07:15",14772.311,
"07.07.2024 07:30",11197.066,
"07.07.2024 07:45",8935.000,
"07.07.2024 08:00",21897.100,
"07.07.2024 08:15",25395.746,
"07.07.2024 08:30",16899.000,
"07.07.2024 08:45",36535.900,
"07.07.2024 09:00",11925.746,
"07.07.2024 09:15",42392.000,
"07.07.2024 09:30",43307.800,
"07.07.2024 09:45",43759.542,
"07.07.2024 10:00",53466.574,
"07.07.2024 10:15",23641.100,
"07.07.2024 10:30",58798.000,
"07.07.2024 10:45",27768.000,
"07.07.2024 11:00",34974.197,
"07.07.2024 11:15",37533.000,
"07.07.2024 11:30",64739.100,
"07.07.2024 11:45",57363.213,
"07.07.2024 12:00",63123.100,
"07.07.2024 12:15",62363.100,
"07.07.2024 12:30",62353.377,
"07.07.2024 12:45",63035.754,
"07.07.2024 13:00",58653.186,
"07.07.2024 13:15",61386.593,
"07.07.2024 13:30",13332.000,
"07.07.2024 13:45",64737.949,
"07.07.2024 14:00",63440.426,
"07.07.2024 14:15",62453.541,
"07.07.2024 14:30",62028.000,
"07.07.2024 14:45",20705.000,
"07.07.2024 15:00",27663.295,
"07.07.2024 15:15",11353.898,
"07.07.2024 15:30",22564.237,
"07.07.2024 15:45",21417.311,
"07.07.2024 16:00",63070.068,
"07.07.2024 16:15",49017.000,
"07.07.2024 16:30",15998.869,
"07.07.2024 16:45",48407.695,
"07.07.2024 17:00",41332.900,
"07.07.2024 17:15",35990.576,
"07.07.2024 17:30",28493.100,
"07.07.2024 17:45",16539.541,
"07.07.2024 18:00",8673.200,
"07.07.2024 18:15",11043.311,
"07.07.2024 18:30",4440.200,
"07.07.2024 18:45",10052.102,
"07.07.2024 19:00",13303.934,
"07.07.2024 19:15",7816.100,
"07.07.2024 19:30",5872.000,
"07.07.2024 19:45",3827.100,
"07.07.2024 20:00",3378.700,
"07.07.2024 20:15",1167.100,
"07.07.2024 20:30",3293.100,
"07.07.2024 20:45",1676.900,
"07.07.2024 21:00",1269.852,
"07.07.2024 21:15",922.100,
"07.07.2024 21:30",367.800,
"07.07.2024 21:45",0.000,
"07.07.2024 22:00",0.000,
"07.07.2024 22:15",0.000,
"07.07.2024 22:30",0.000,
"07.07.2024 22:45",0.000,
"07.07.2024 23:00",0.000,
"07.07.2024 23:15",0.000,
"07.07.2024 23:30",0.000,
"07.07.2024 23:45",0.000,
"08.07.2024 00:00",0.000,
"08.07.2024 00:15",0.000,
"08.07.2024 00:30",0.000,
"08.07.2024 00:45",0.000,
"08.07.2024 01:00",0.000,
"08.07.2024 01:15",0.000,
"08.07.2024 01:30",0.000,
"08.07.2024 01:45",0.000,
"08.07.2024 02:00",0.000,
"08.07.2024 02:15",0.000,
"08.07.2024 02:30",0.000,
"08.07.2024 02:45",0.000,
"08.07.2024 03:00",0.000,
"08.07.2024 03:15",0.000,
"08.07.2024 03:30",0.000,
"08.07.2024 03:45",0.000,
"08.07.2024 04:00",0.000,
"08.07.2024 04:15",0.000,
"08.07.2024 04:30",0.000,
"08.07.2024 04:45",0.000,
"08.07.2024 05:00",0.000,
"08.07.2024 05:15",0.000,
"08.07.2024 05:30",158.034,
"08.07.2024 05:45",1051.695,
"08.07.2024 06:00",782.721,
"08.07.2024 06:15",858.200,
"08.07.2024 06:30",1576.900,
"08.07.2024 06:45",3565.200,
"08.07.2024 07:00",2653.705,
"08.07.2024 07:15",4054.119,
"08.07.2024 07:30",3036.000,
"08.07.2024 07:45",3861.576,
"08.07.2024 08:00",4660.100,
"08.07.2024 08:15",8132.066,
"08.07.2024 08:30",17103.295,
"08.07.2024 08:45",32272.000,
"08.07.2024 09:00",32122.100,
"08.07.2024 09:15",34957.100,
"08.07.2024 09:30",37264.000,
"08.07.2024 09:45",42211.738,
"08.07.2024 10:00",31207.800,
"08.07.2024 10:15",50360.902,
"08.07.2024 10:30",22551.000,
"08.07.2024 10:45",16841.000,
"08.07.2024 11:00",55497.000,
"08.07.2024 11:15",20835.197,
"08.07.2024 11:30",14057.085,
"08.07.2024 11:45",38049.100,
"08.07.2024 12:00",60962.393,
"08.07.2024 12:15",59805.746,
"08.07.2024 12:30",68128.800,
"08.07.2024 12:45",60538.131,
"08.07.2024 13:00",59848.000,
"08.07.2024 13:15",61062.900,
"08.07.2024 13:30",59294.443,
"08.07.2024 13:45",58243.393,
"08.07.2024 14:00",40519.508,
"08.07.2024 14:15",57646.164,
"08.07.2024 14:30",33556.763,
"08.07.2024 14:45",58187.000,
"08.07.2024 15:00",55724.797,
"08.07.2024 15:15",53860.754,
"08.07.2024 15:30",52992.100,
"08.07.2024 15:45",51622.148,
"08.07.2024 16:00",29533.814,
"08.07.2024 16:15",47774.344,
"08.07.2024 16:30",45055.164,
"08.07.2024 16:45",43723.131,
"08.07.2024 17:00",40960.098,
"08.07.2024 17:15",38113.780,
"08.07.2024 17:30",36719.200,
"08.07.2024 17:45",33313.900,
"08.07.2024 18:00",30519.900,
"08.07.2024 18:15",27943.213,
"08.07.2024 18:30",25147.254,
"08.07.2024 18:45",25125.900,
"08.07.2024 19:00",4195.678,
"08.07.2024 19:15",16076.100,
"08.07.2024 19:30",10583.800,
"08.07.2024 19:45",7555.100,
"08.07.2024 20:00",3186.800,
"08.07.2024 20:15",2846.000,
"08.07.2024 20:30",3182.000,
"08.07.2024 20:45",3595.900,
"08.07.2024 21:00",3553.885,
"08.07.2024 21:15",2595.000,
"08.07.2024 21:30",643.780,
"08.07.2024 21:45",226.180,
"08.07.2024 22:00",0.000,
"08.07.2024 22:15",0.000,
"08.07.2024 22:30",0.000,
"08.07.2024 22:45",0.000,
"08.07.2024 23:00",0.000,
"08.07.2024 23:15",0.000,
"08.07.2024 23:30",0.000,
"08.07.2024 23:45",0.000,
"09.07.2024 00:00",0.000,
"09.07.2024 00:15",0.000,
"09.07.2024 00:30",0.000,
"09.07.2024 00:45",0.000,
"09.07.2024 01:00",0.000,
"09.07.2024 01:15",0.000,
"09.07.2024 01:30",0.000,
"09.07.2024 01:45",0.000,
"09.07.2024 02:00",0.000,
"09.07.2024 02:15",0.000,
"09.07.2024 02:30",0.000,
"09.07.2024 02:45",0.000,
"09.07.2024 03:00",0.000,
"09.07.2024 03:15",0.000,
"09.07.2024 03:30",0.000,
"09.07.2024 03:45",0.000,
"09.07.2024 04:00",0.000,
"09.07.2024 04:15",0.000,
"09.07.2024 04:30",0.000,
"09.07.2024 04:45",0.000,
"09.07.2024 05:00",0.000,
"09.07.2024 05:15",0.000,
"09.07.2024 05:30",0.000,
"09.07.2024 05:45",178.220,
"09.07.2024 06:00",3022.000,
"09.07.2024 06:15",1721.000,
"09.07.2024 06:30",2891.593,
"09.07.2024 06:45",3184.100,
"09.07.2024 07:00",2719.049,
"09.07.2024 07:15",2650.068,
"09.07.2024 07:30",2558.542,
"09.07.2024 07:45",4706.066,
"09.07.2024 08:00",5213.373,
"09.07.2024 08:15",13041.000,
"09.07.2024 08:30",10565.000,
"09.07.2024 08:45",5743.361,
"09.07.2024 09:00",5279.590,
"09.07.2024 09:15",5206.885,
"09.07.2024 09:30",5108.393,
"09.07.2024 09:45",12563.898,
"09.07.2024 10:00",32211.424,
"09.07.2024 10:15",44005.672,
"09.07.2024 10:30",52844.644,
"09.07.2024 10:45",39579.119,
"09.07.2024 11:00",52324.607,
"09.07.2024 11:15",50495.000,
"09.07.2024 11:30",58459.672,
"09.07.2024 11:45",31635.200,
"09.07.2024 12:00",50534.814,
"09.07.2024 12:15",38401.900,
"09.07.2024 12:30",42993.787,
"09.07.2024 12:45",37324.100,
"09.07.2024 13:00",64297.900,
"09.07.2024 13:15",49370.492,
"09.07.2024 13:30",57952.100,
"09.07.2024 13:45",59204.441,
"09.07.2024 14:00",54538.000,
"09.07.2024 14:15",54761.100,
"09.07.2024 14:30",56161.900,
"09.07.2024 14:45",43664.770,
"09.07.2024 15:00",47175.900,
"09.07.2024 15:15",33575.915,
"09.07.2024 15:30",49315.000,
"09.07.2024 15:45",46749.508,
"09.07.2024 16:00",31284.100,
"09.07.2024 16:15",25118.000,
"09.07.2024 16:30",25346.000,
"09.07.2024 16:45",35054.100,
"09.07.2024 17:00",23140.000,
"09.07.2024 17:15",21020.237,
"09.07.2024 17:30",17735.000,
"09.07.2024 17:45",18035.000,
"09.07.2024 18:00",19084.900,
"09.07.2024 18:15",17986.102,
"09.07.2024 18:30",21374.200,
"09.07.2024 18:45",9171.847,
"09.07.2024 19:00",8074.900,
"09.07.2024 19:15",6386.000,
"09.07.2024 19:30",6198.000,
"09.07.2024 19:45",6614.754,
"09.07.2024 20:00",6098.000,
"09.07.2024 20:15",5103.100,
"09.07.2024 20:30",4117.000,
"09.07.2024 20:45",2814.836,
"09.07.2024 21:00",1715.900,
"09.07.2024 21:15",1173.000,
"09.07.2024 21:30",562.000,
"09.07.2024 21:45",0.000,
"09.07.2024 22:00",0.000,
"09.07.2024 22:15",0.000,
"09.07.2024 22:30",0.000,
"09.07.2024 22:45",0.000,
"09.07.2024 23:00",0.000,
"09.07.2024 23:15",0.000,
"09.07.2024 23:30",0.000,
"09.07.2024 23:45",0.000,
"10.07.2024 00:00",0.000,
"10.07.2024 00:15",0.000,
"10.07.2024 00:30",0.000,
"10.07.2024 00:45",0.000,
"10.07.2024 01:00",0.000,
"10.07.2024 01:15",0.000,
"10.07.2024 01:30",0.000,
"10.07.2024 01:45",0.000,
"10.07.2024 02:00",0.000,
"10.07.2024 02:15",0.000,
"10.07.2024 02:30",0.000,
"10.07.2024 02:45",0.000,
"10.07.2024 03:00",0.000,
"10.07.2024 03:15",0.000,
"10.07.2024 03:30",0.000,
"10.07.2024 03:45",0.000,
"10.07.2024 04:00",0.000,
"10.07.2024 04:15",0.000,
"10.07.2024 04:30",0.000,
"10.07.2024 04:45",0.000,
"10.07.2024 05:00",0.000,
"10.07.2024 05:15",196.000,
"10.07.2024 05:30",710.847,
"10.07.2024 05:45",896.900,
"10.07.2024 06:00",1314.918,
"10.07.2024 06:15",1946.100,
"10.07.2024 06:30",4229.983,
"10.07.2024 06:45",4641.000,
"10.07.2024 07:00",15542.800,
"10.07.2024 07:15",9111.661,
"10.07.2024 07:30",6950.000,
"10.07.2024 07:45",13288.441,
"10.07.2024 08:00",14768.203,
"10.07.2024 08:15",16036.656,
"10.07.2024 08:30",13411.100,
"10.07.2024 08:45",20654.542,
"10.07.2024 09:00",34857.000,
"10.07.2024 09:15",11946.200,
"10.07.2024 09:30",19327.379,
"10.07.2024 09:45",14569.800,
"10.07.2024 10:00",18702.000,
"10.07.2024 10:15",10183.017,
"10.07.2024 10:30",4725.200,
"10.07.2024 10:45",14649.934,
"10.07.2024 11:00",10701.900,
"10.07.2024 11:15",13506.695,
"10.07.2024 11:30",5136.800,
"10.07.2024 11:45",8319.705,
"10.07.2024 12:00",5935.016,
"10.07.2024 12:15",12461.949,
"10.07.2024 12:30",25592.213,
"10.07.2024 12:45",42046.328,
"10.07.2024 13:00",29232.820,
"10.07.2024 13:15",49609.220,
"10.07.2024 13:30",31162.100,
"10.07.2024 13:45",34145.590,
"10.07.2024 14:00",47530.211,
"10.07.2024 14:15",63551.508,
"10.07.2024 14:30",61832.068,
"10.07.2024 14:45",61844.459,
"10.07.2024 15:00",18926.900,
"10.07.2024 15:15",59231.100,
"10.07.2024 15:30",17104.900,
"10.07.2024 15:45",16335.656,
"10.07.2024 16:00",58650.900,
"10.07.2024 16:15",21987.695,
"10.07.2024 16:30",21301.918,
"10.07.2024 16:45",18115.167,
"10.07.2024 17:00",16572.780,
"10.07.2024 17:15",33341.639,
"10.07.2024 17:30",13559.475,
"10.07.2024 17:45",18736.644,
"10.07.2024 18:00",30815.508,
"10.07.2024 18:15",28276.339,
"10.07.2024 18:30",26351.085,
"10.07.2024 18:45",22594.852,
"10.07.2024 19:00",19799.800,
"10.07.2024 19:15",16014.373,
"10.07.2024 19:30",7356.836,
"10.07.2024 19:45",2935.770,
"10.07.2024 20:00",1952.695,
"10.07.2024 20:15",1824.000,
"10.07.2024 20:30",2506.869,
"10.07.2024 20:45",4020.900,
"10.07.2024 21:00",1597.100,
"10.07.2024 21:15",348.610,
"10.07.2024 21:30",68.967,
"10.07.2024 21:45",0.000,
"10.07.2024 22:00",0.000,
"10.07.2024 22:15",0.000,
"10.07.2024 22:30",0.000,
"10.07.2024 22:45",0.000,
"10.07.2024 23:00",0.000,
"10.07.2024 23:15",0.000,
"10.07.2024 23:30",0.000,
"10.07.2024 23:45",0.000,
"11.07.2024 00:00",0.000,
"11.07.2024 00:15",0.000,
"11.07.2024 00:30",0.000,
"11.07.2024 00:45",0.000,
"11.07.2024 01:00",0.000,
"11.07.2024 01:15",0.000,
"11.07.2024 01:30",0.000,
"11.07.2024 01:45",0.000,
"11.07.2024 02:00",0.000,
"11.07.2024 02:15",0.000,
"11.07.2024 02:30",0.000,
"11.07.2024 02:45",0.000,
"11.07.2024 03:00",0.000,
"11.07.2024 03:15",0.000,
"11.07.2024 03:30",0.000,
"11.07.2024 03:45",0.000,
"11.07.2024 04:00",0.000,
"11.07.2024 04:15",0.000,
"11.07.2024 04:30",0.000,
"11.07.2024 04:45",0.000,
"11.07.2024 05:00",0.000,
"11.07.2024 05:15",304.475,
"11.07.2024 05:30",686.559,
"11.07.2024 05:45",922.900,
"11.07.2024 06:00",1939.000,
"11.07.2024 06:15",3536.000,
"11.07.2024 06:30",5830.746,
"11.07.2024 06:45",9015.098,
"11.07.2024 07:00",10520.100,
"11.07.2024 07:15",13010.915,
"11.07.2024 07:30",15922.311,
"11.07.2024 07:45",17032.000,
"11.07.2024 08:00",17609.033,
"11.07.2024 08:15",25219.000,
"11.07.2024 08:30",27521.000,
"11.07.2024 08:45",21516.492,
"11.07.2024 09:00",20566.508,
"11.07.2024 09:15",30397.100,
"11.07.2024 09:30",15897.458,
"11.07.2024 09:45",35117.186,
"11.07.2024 10:00",22786.623,
"11.07.2024 10:15",21125.220,
"11.07.2024 10:30",55850.836,
"11.07.2024 10:45",22133.100,
"11.07.2024 11:00",52656.100,
"11.07.2024 11:15",35206.900,
"11.07.2024 11:30",21791.508,
"11.07.2024 11:45",15254.136,
"11.07.2024 12:00",31954.644,
"11.07.2024 12:15",24620.344,
"11.07.2024 12:30",65198.864,
"11.07.2024 12:45",48378.712,
"11.07.2024 13:00",33757.966,
"11.07.2024 13:15",23805.000,
"11.07.2024 13:30",26470.100,
"11.07.2024 13:45",49512.967,
"11.07.2024 14:00",20749.607,
"11.07.2024 14:15",68345.100,
"11.07.2024 14:30",60810.000,
"11.07.2024 14:45",60344.203,
"11.07.2024 15:00",58102.820,
"11.07.2024 15:15",56267.900,
"11.07.2024 15:30",62388.593,
"11.07.2024 15:45",50489.770,
"11.07.2024 16:00",49644.900,
"11.07.2024 16:15",46456.000,
"11.07.2024 16:30",43472.393,
"11.07.2024 16:45",9614.033,
"11.07.2024 17:00",40018.443,
"11.07.2024 17:15",18722.900,
"11.07.2024 17:30",10632.441,
"11.07.2024 17:45",13809.000,
"11.07.2024 18:00",11522.967,
"11.07.2024 18:15",12600.900,
"11.07.2024 18:30",8997.377,
"11.07.2024 18:45",5504.900,
"11.07.2024 19:00",5005.426,
"11.07.2024 19:15",7481.424,
"11.07.2024 19:30",4905.508,
"11.07.2024 19:45",4997.100,
"11.07.2024 20:00",4780.542,
"11.07.2024 20:15",3445.200,
"11.07.2024 20:30",2654.900,
"11.07.2024 20:45",1710.746,
"11.07.2024 21:00",1173.627,
"11.07.2024 21:15",610.305,
"11.07.2024 21:30",379.390,
"11.07.2024 21:45",110.356,
"11.07.2024 22:00",0.000,
"11.07.2024 22:15",0.000,
"11.07.2024 22:30",0.000,
"11.07.2024 22:45",0.000,
"11.07.2024 23:00",0.000,
"11.07.2024 23:15",0.000,
"11.07.2024 23:30",0.000,
"11.07.2024 23:45",0.000,
"12.07.2024 00:00",0.000,
"12.07.2024 00:15",0.000,
"12.07.2024 00:30",0.000,
"12.07.2024 00:45",0.000,
"12.07.2024 01:00",0.000,
"12.07.2024 01:15",0.000,
"12.07.2024 01:30",0.000,
"12.07.2024 01:45",0.000,
"12.07.2024 02:00",0.000,
"12.07.2024 02:15",0.000,
"12.07.2024 02:30",0.000,
"12.07.2024 02:45",0.000,
"12.07.2024 03:00",0.000,
"12.07.2024 03:15",0.000,
"12.07.2024 03:30",0.000,
"12.07.2024 03:45",0.000,
"12.07.2024 04:00",0.000,
"12.07.2024 04:15",0.000,
"12.07.2024 04:30",0.000,
"12.07.2024 04:45",0.000,
"12.07.2024 05:00",0.000,
"12.07.2024 05:15",0.000,
"12.07.2024 05:30",593.542,
"12.07.2024 05:45",1012.610,
"12.07.2024 06:00",1653.049,
"12.07.2024 06:15",2566.000,
"12.07.2024 06:30",4213.900,
"12.07.2024 06:45",10682.667,
"12.07.2024 07:00",11623.000,
"12.07.2024 07:15",13211.410,
"12.07.2024 07:30",15702.500,
"12.07.2024 07:45",17804.033,
"12.07.2024 08:00",20856.900,
"12.07.2024 08:15",25914.644,
"12.07.2024 08:30",31230.000,
"12.07.2024 08:45",35653.100,
"12.07.2024 09:00",37282.000,
"12.07.2024 09:15",23732.169,
"12.07.2024 09:30",47706.100,
"12.07.2024 09:45",46905.770,
"12.07.2024 10:00",48301.100,
"12.07.2024 10:15",16367.966,
"12.07.2024 10:30",21213.288,
"12.07.2024 10:45",18126.000,
"12.07.2024 11:00",64354.525,
"12.07.2024 11:15",60281.508,
"12.07.2024 11:30",39342.900,
"12.07.2024 11:45",23812.881,
"12.07.2024 12:00",64293.800,
"12.07.2024 12:15",55458.119,
"12.07.2024 12:30",32966.407,
"12.07.2024 12:45",28029.900,
"12.07.2024 13:00",29903.049,
"12.07.2024 13:15",27304.443,
"12.07.2024 13:30",31629.000,
"12.07.2024 13:45",38654.288,
"12.07.2024 14:00",59744.379,
"12.07.2024 14:15",29242.800,
"12.07.2024 14:30",27301.900,
"12.07.2024 14:45",52036.100,
"12.07.2024 15:00",59067.271,
"12.07.2024 15:15",24183.115,
"12.07.2024 15:30",23673.852,
"12.07.2024 15:45",16497.508,
"12.07.2024 16:00",17059.100,
"12.07.2024 16:15",21474.000,
"12.07.2024 16:30",6747.949,
"12.07.2024 16:45",6152.900,
"12.07.2024 17:00",9700.424,
"12.07.2024 17:15",15573.900,
"12.07.2024 17:30",7472.000,
"12.07.2024 17:45",10802.000,
"12.07.2024 18:00",5738.542,
"12.07.2024 18:15",2647.900,
"12.07.2024 18:30",1063.885,
"12.07.2024 18:45",4822.311,
"12.07.2024 19:00",4034.131,
"12.07.2024 19:15",1253.100,
"12.07.2024 19:30",182.984,
"12.07.2024 19:45",3178.712,
"12.07.2024 20:00",907.200,
"12.07.2024 20:15",886.800,
"12.07.2024 20:30",1858.082,
"12.07.2024 20:45",3292.200,
"12.07.2024 21:00",907.780,
"12.07.2024 21:15",571.932,
"12.07.2024 21:30",258.066,
"12.07.2024 21:45",78.789,
"12.07.2024 22:00",0.000,
"12.07.2024 22:15",0.000,
"12.07.2024 22:30",0.000,
"12.07.2024 22:45",0.000,
"12.07.2024 23:00",0.000,
"12.07.2024 23:15",0.000,
"12.07.2024 23:30",0.000,
"12.07.2024 23:45",0.000,
"13.07.2024 00:00",0.000,
"13.07.2024 00:15",0.000,
"13.07.2024 00:30",0.000,
"13.07.2024 00:45",0.000,
"13.07.2024 01:00",0.000,
"13.07.2024 01:15",0.000,
"13.07.2024 01:30",0.000,
"13.07.2024 01:45",0.000,
"13.07.2024 02:00",0.000,
"13.07.2024 02:15",0.000,
"13.07.2024 02:30",0.000,
"13.07.2024 02:45",-0.458,
"13.07.2024 03:00",0.000,
"13.07.2024 03:15",0.000,
"13.07.2024 03:30",0.000,
"13.07.2024 03:45",0.000,
"13.07.2024 04:00",0.000,
"13.07.2024 04:15",0.000,
"13.07.2024 04:30",0.000,
"13.07.2024 04:45",0.000,
"13.07.2024 05:00",0.000,
"13.07.2024 05:15",0.000,
"13.07.2024 05:30",0.000,
"13.07.2024 05:45",0.000,
"13.07.2024 06:00",0.000,
"13.07.2024 06:15",185.033,
"13.07.2024 06:30",537.000,
"13.07.2024 06:45",613.100,
"13.07.2024 07:00",1758.475,
"13.07.2024 07:15",2267.803,
"13.07.2024 07:30",3574.100,
"13.07.2024 07:45",3377.820,
"13.07.2024 08:00",3217.186,
"13.07.2024 08:15",3275.100,
"13.07.2024 08:30",3284.729,
"13.07.2024 08:45",2501.200,
"13.07.2024 09:00",8235.000,
"13.07.2024 09:15",11580.115,
"13.07.2024 09:30",7445.672,
"13.07.2024 09:45",11214.000,
"13.07.2024 10:00",19466.098,
"13.07.2024 10:15",18471.407,
"13.07.2024 10:30",17377.100,
"13.07.2024 10:45",15800.800,
"13.07.2024 11:00",27954.000,
"13.07.2024 11:15",15952.900,
"13.07.2024 11:30",17354.000,
"13.07.2024 11:45",12805.100,
"13.07.2024 12:00",23816.393,
"13.07.2024 12:15",10609.900,
"13.07.2024 12:30",37984.852,
"13.07.2024 12:45",39243.000,
"13.07.2024 13:00",25155.754,
"13.07.2024 13:15",14265.900,
"13.07.2024 13:30",38618.000,
"13.07.2024 13:45",14403.542,
"13.07.2024 14:00",21156.000,
"13.07.2024 14:15",61957.356,
"13.07.2024 14:30",46292.900,
"13.07.2024 14:45",62902.610,
"13.07.2024 15:00",16645.100,
"13.07.2024 15:15",15832.623,
"13.07.2024 15:30",30420.836,
"13.07.2024 15:45",16354.000,
"13.07.2024 16:00",9484.508,
"13.07.2024 16:15",24963.288,
"13.07.2024 16:30",23558.983,
"13.07.2024 16:45",21376.100,
"13.07.2024 17:00",12311.639,
"13.07.2024 17:15",9127.100,
"13.07.2024 17:30",17757.780,
"13.07.2024 17:45",12433.373,
"13.07.2024 18:00",9607.459,
"13.07.2024 18:15",5575.754,
"13.07.2024 18:30",1330.322,
"13.07.2024 18:45",7830.672,
"13.07.2024 19:00",16956.885,
"13.07.2024 19:15",1623.966,
"13.07.2024 19:30",1905.661,
"13.07.2024 19:45",1555.197,
"13.07.2024 20:00",1443.328,
"13.07.2024 20:15",1837.230,
"13.07.2024 20:30",1501.932,
"13.07.2024 20:45",712.787,
"13.07.2024 21:00",487.967,
"13.07.2024 21:15",688.000,
"13.07.2024 21:30",596.787,
"13.07.2024 21:45",128.900,
"13.07.2024 22:00",0.000,
"13.07.2024 22:15",0.000,
"13.07.2024 22:30",0.000,
"13.07.2024 22:45",0.000,
"13.07.2024 23:00",0.000,
"13.07.2024 23:15",0.000,
"13.07.2024 23:30",0.000,
"13.07.2024 23:45",0.000,
"14.07.2024 00:00",0.000,
"14.07.2024 00:15",0.000,
"14.07.2024 00:30",0.000,
"14.07.2024 00:45",0.000,
"14.07.2024 01:00",0.000,
"14.07.2024 01:15",0.000,
"14.07.2024 01:30",0.000,
"14.07.2024 01:45",0.000,
"14.07.2024 02:00",0.000,
"14.07.2024 02:15",0.000,
"14.07.2024 02:30",0.000,
"14.07.2024 02:45",0.000,
"14.07.2024 03:00",0.000,
"14.07.2024 03:15",0.000,
"14.07.2024 03:30",0.000,
"14.07.2024 03:45",0.000,
"14.07.2024 04:00",0.000,
"14.07.2024 04:15",0.000,
"14.07.2024 04:30",0.000,
"14.07.2024 04:45",0.000,
"14.07.2024 05:00",0.000,
"14.07.2024 05:15",186.115,
"14.07.2024 05:30",614.458,
"14.07.2024 05:45",1258.000,
"14.07.2024 06:00",2026.339,
"14.07.2024 06:15",3050.180,
"14.07.2024 06:30",4404.100,
"14.07.2024 06:45",9424.607,
"14.07.2024 07:00",11633.900,
"14.07.2024 07:15",14950.900,
"14.07.2024 07:30",15355.508,
"14.07.2024 07:45",17870.831,
"14.07.2024 08:00",20259.000,
"14.07.2024 08:15",23692.574,
"14.07.2024 08:30",27232.864,
"14.07.2024 08:45",29173.525,
"14.07.2024 09:00",31683.797,
"14.07.2024 09:15",35181.100,
"14.07.2024 09:30",33738.136,
"14.07.2024 09:45",26969.100,
"14.07.2024 10:00",20772.900,
"14.07.2024 10:15",47172.100,
"14.07.2024 10:30",37399.590,
"14.07.2024 10:45",25555.915,
"14.07.2024 11:00",13900.898,
"14.07.2024 11:15",38976.186,
"14.07.2024 11:30",33187.000,
"14.07.2024 11:45",38860.590,
"14.07.2024 12:00",58423.800,
"14.07.2024 12:15",16194.000,
"14.07.2024 12:30",68364.100,
"14.07.2024 12:45",68334.200,
"14.07.2024 13:00",57051.100,
"14.07.2024 13:15",63015.424,
"14.07.2024 13:30",52544.814,
"14.07.2024 13:45",24999.000,
"14.07.2024 14:00",17652.271,
"14.07.2024 14:15",65235.836,
"14.07.2024 14:30",33393.900,
"14.07.2024 14:45",64447.800,
"14.07.2024 15:00",44478.000,
"14.07.2024 15:15",37939.016,
"14.07.2024 15:30",39468.049,
"14.07.2024 15:45",22568.000,
"14.07.2024 16:00",23233.424,
"14.07.2024 16:15",45248.541,
"14.07.2024 16:30",19177.000,
"14.07.2024 16:45",23502.100,
"14.07.2024 17:00",17077.864,
"14.07.2024 17:15",15506.900,
"14.07.2024 17:30",3884.814,
"14.07.2024 17:45",4585.900,
"14.07.2024 18:00",4917.000,
"14.07.2024 18:15",11883.213,
"14.07.2024 18:30",14727.639,
"14.07.2024 18:45",21661.100,
"14.07.2024 19:00",6284.951,
"14.07.2024 19:15",7328.951,
"14.07.2024 19:30",4556.180,
"14.07.2024 19:45",6473.541,
"14.07.2024 20:00",6513.797,
"14.07.2024 20:15",3016.100,
"14.07.2024 20:30",2388.885,
"14.07.2024 20:45",354.800,
"14.07.2024 21:00",232.833,
"14.07.2024 21:15",187.918,
"14.07.2024 21:30",90.000,
"14.07.2024 21:45",0.000,
"14.07.2024 22:00",0.000,
"14.07.2024 22:15",0.000,
"14.07.2024 22:30",0.000,
"14.07.2024 22:45",0.000,
"14.07.2024 23:00",0.000,
"14.07.2024 23:15",0.000,
"14.07.2024 23:30",0.000,
"14.07.2024 23:45",0.000,
"15.07.2024 00:00",0.000,
"15.07.2024 00:15",0.000,
"15.07.2024 00:30",0.000,
"15.07.2024 00:45",0.000,
"15.07.2024 01:00",0.000,
"15.07.2024 01:15",0.000,
"15.07.2024 01:30",0.000,
"15.07.2024 01:45",0.000,
"15.07.2024 02:00",0.000,
"15.07.2024 02:15",0.000,
"15.07.2024 02:30",0.000,
"15.07.2024 02:45",0.000,
"15.07.2024 03:00",0.000,
"15.07.2024 03:15",0.000,
"15.07.2024 03:30",0.000,
"15.07.2024 03:45",0.000,
"15.07.2024 04:00",0.000,
"15.07.2024 04:15",0.000,
"15.07.2024 04:30",0.000,
"15.07.2024 04:45",0.000,
"15.07.2024 05:00",0.000,
"15.07.2024 05:15",0.000,
"15.07.2024 05:30",24.712,
"15.07.2024 05:45",462.552,
"15.07.2024 06:00",930.237,
"15.07.2024 06:15",2316.000,
"15.07.2024 06:30",3608.230,
"15.07.2024 06:45",4151.100,
"15.07.2024 07:00",14297.949,
"15.07.2024 07:15",8239.051,
"15.07.2024 07:30",10286.721,
"15.07.2024 07:45",15378.000,
"15.07.2024 08:00",21662.900,
"15.07.2024 08:15",20334.136,
"15.07.2024 08:30",17018.627,
"15.07.2024 08:45",21988.885,
"15.07.2024 09:00",31652.169,
"15.07.2024 09:15",30995.000,
"15.07.2024 09:30",15973.100,
"15.07.2024 09:45",15344.100,
"15.07.2024 10:00",41924.700,
"15.07.2024 10:15",23041.610,
"15.07.2024 10:30",19333.000,
"15.07.2024 10:45",18551.492,
"15.07.2024 11:00",21745.197,
"15.07.2024 11:15",61443.000,
"15.07.2024 11:30",50729.000,
"15.07.2024 11:45",16229.136,
"15.07.2024 12:00",24670.852,
"15.07.2024 12:15",11858.305,
"15.07.2024 12:30",58281.254,
"15.07.2024 12:45",26454.814,
"15.07.2024 13:00",16551.847,
"15.07.2024 13:15",63526.100,
"15.07.2024 13:30",61467.800,
"15.07.2024 13:45",59532.705,
"15.07.2024 14:00",58842.525,
"15.07.2024 14:15",21780.918,
"15.07.2024 14:30",16656.000,
"15.07.2024 14:45",57404.800,
"15.07.2024 15:00",62781.169,
"15.07.2024 15:15",21243.000,
"15.07.2024 15:30",54196.424,
"15.07.2024 15:45",52571.000,
"15.07.2024 16:00",52694.900,
"15.07.2024 16:15",46730.100,
"15.07.2024 16:30",46508.000,
"15.07.2024 16:45",45386.328,
"15.07.2024 17:00",39107.200,
"15.07.2024 17:15",36694.000,
"15.07.2024 17:30",32292.000,
"15.07.2024 17:45",32229.607,
"15.07.2024 18:00",31996.574,
"15.07.2024 18:15",20974.900,
"15.07.2024 18:30",14685.000,
"15.07.2024 18:45",12631.746,
"15.07.2024 19:00",16275.836,
"15.07.2024 19:15",15011.410,
"15.07.2024 19:30",10464.000,
"15.07.2024 19:45",6601.000,
"15.07.2024 20:00",4018.200,
"15.07.2024 20:15",3617.066,
"15.07.2024 20:30",2863.200,
"15.07.2024 20:45",1921.900,
"15.07.2024 21:00",1563.049,
"15.07.2024 21:15",1254.000,
"15.07.2024 21:30",482.085,
"15.07.2024 21:45",0.000,
"15.07.2024 22:00",0.000,
"15.07.2024 22:15",0.000,
"15.07.2024 22:30",0.000,
"15.07.2024 22:45",0.000,
"15.07.2024 23:00",0.000,
"15.07.2024 23:15",0.000,
"15.07.2024 23:30",0.000,
"15.07.2024 23:45",0.000,
"16.07.2024 00:00",0.000,
"16.07.2024 00:15",0.000,
"16.07.2024 00:30",0.000,
"16.07.2024 00:45",0.000,
"16.07.2024 01:00",0.000,
"16.07.2024 01:15",0.000,
"16.07.2024 01:30",0.000,
"16.07.2024 01:45",0.000,
"16.07.2024 02:00",0.000,
"16.07.2024 02:15",0.000,
"16.07.2024 02:30",0.000,
"16.07.2024 02:45",0.000,
"16.07.2024 03:00",0.000,
"16.07.2024 03:15",0.000,
"16.07.2024 03:30",0.000,
"16.07.2024 03:45",0.000,
"16.07.2024 04:00",0.000,
"16.07.2024 04:15",0.000,
"16.07.2024 04:30",0.000,
"16.07.2024 04:45",0.000,
"16.07.2024 05:00",0.000,
"16.07.2024 05:15",0.000,
"16.07.2024 05:30",0.000,
"16.07.2024 05:45",0.000,
"16.07.2024 06:00",0.000,
"16.07.2024 06:15",0.000,
"16.07.2024 06:30",118.000,
"16.07.2024 06:45",78.000,
"16.07.2024 07:00",60.000,
"16.07.2024 07:15",300.900,
"16.07.2024 07:30",404.000,
"16.07.2024 07:45",420.885,
"16.07.2024 08:00",204.902,
"16.07.2024 08:15",293.100,
"16.07.2024 08:30",3128.000,
"16.07.2024 08:45",5938.000,
"16.07.2024 09:00",9381.153,
"16.07.2024 09:15",21487.864,
"16.07.2024 09:30",32318.458,
"16.07.2024 09:45",22040.754,
"16.07.2024 10:00",17864.295,
"16.07.2024 10:15",21477.148,
"16.07.2024 10:30",31652.763,
"16.07.2024 10:45",9935.100,
"16.07.2024 11:00",9533.115,
"16.07.2024 11:15",9286.237,
"16.07.2024 11:30",7764.661,
"16.07.2024 11:45",8135.678,
"16.07.2024 12:00",64917.164,
"16.07.2024 12:15",23196.932,
"16.07.2024 12:30",23992.541,
"16.07.2024 12:45",7891.100,
"16.07.2024 13:00",24322.475,
"16.07.2024 13:15",30051.000,
"16.07.2024 13:30",22875.800,
"16.07.2024 13:45",59192.426,
"16.07.2024 14:00",41369.800,
"16.07.2024 14:15",23873.754,
"16.07.2024 14:30",65672.525,
"16.07.2024 14:45",42493.885,
"16.07.2024 15:00",25361.344,
"16.07.2024 15:15",20197.100,
"16.07.2024 15:30",53647.377,
"16.07.2024 15:45",57102.000,
"16.07.2024 16:00",16069.800,
"16.07.2024 16:15",50954.100,
"16.07.2024 16:30",13109.541,
"16.07.2024 16:45",53529.623,
"16.07.2024 17:00",41188.200,
"16.07.2024 17:15",38863.100,
"16.07.2024 17:30",35288.949,
"16.07.2024 17:45",10315.237,
"16.07.2024 18:00",14090.322,
"16.07.2024 18:15",32539.100,
"16.07.2024 18:30",24136.900,
"16.07.2024 18:45",5039.918,
"16.07.2024 19:00",5388.000,
"16.07.2024 19:15",15009.644,
"16.07.2024 19:30",7102.800,
"16.07.2024 19:45",6374.915,
"16.07.2024 20:00",4660.000,
"16.07.2024 20:15",2434.729,
"16.07.2024 20:30",1457.864,
"16.07.2024 20:45",257.100,
"16.07.2024 21:00",1975.900,
"16.07.2024 21:15",1216.262,
"16.07.2024 21:30",1055.322,
"16.07.2024 21:45",246.000,
"16.07.2024 22:00",0.000,
"16.07.2024 22:15",0.000,
"16.07.2024 22:30",0.000,
"16.07.2024 22:45",0.000,
"16.07.2024 23:00",0.000,
"16.07.2024 23:15",0.000,
"16.07.2024 23:30",0.000,
"16.07.2024 23:45",0.000,
"17.07.2024 00:00",0.000,
"17.07.2024 00:15",0.000,
"17.07.2024 00:30",0.000,
"17.07.2024 00:45",0.000,
"17.07.2024 01:00",0.000,
"17.07.2024 01:15",0.000,
"17.07.2024 01:30",0.000,
"17.07.2024 01:45",0.000,
"17.07.2024 02:00",0.000,
"17.07.2024 02:15",0.000,
"17.07.2024 02:30",0.000,
"17.07.2024 02:45",-0.454,
"17.07.2024 03:00",0.000,
"17.07.2024 03:15",0.000,
"17.07.2024 03:30",0.000,
"17.07.2024 03:45",0.000,
"17.07.2024 04:00",0.000,
"17.07.2024 04:15",0.000,
"17.07.2024 04:30",0.000,
"17.07.2024 04:45",0.000,
"17.07.2024 05:00",0.000,
"17.07.2024 05:15",0.000,
"17.07.2024 05:30",0.000,
"17.07.2024 05:45",0.000,
"17.07.2024 06:00",217.000,
"17.07.2024 06:15",1949.115,
"17.07.2024 06:30",2106.000,
"17.07.2024 06:45",6869.541,
"17.07.2024 07:00",3651.164,
"17.07.2024 07:15",1513.900,
"17.07.2024 07:30",11288.000,
"17.07.2024 07:45",5967.000,
"17.07.2024 08:00",4886.016,
"17.07.2024 08:15",11313.271,
"17.07.2024 08:30",34488.000,
"17.07.2024 08:45",3468.797,
"17.07.2024 09:00",12654.475,
"17.07.2024 09:15",37114.607,
"17.07.2024 09:30",4759.932,
"17.07.2024 09:45",38898.869,
"17.07.2024 10:00",22223.900,
"17.07.2024 10:15",7273.966,
"17.07.2024 10:30",6917.780,
"17.07.2024 10:45",12932.000,
"17.07.2024 11:00",11944.898,
"17.07.2024 11:15",6459.000,
"17.07.2024 11:30",8660.689,
"17.07.2024 11:45",10922.000,
"17.07.2024 12:00",11056.754,
"17.07.2024 12:15",6397.900,
"17.07.2024 12:30",14833.279,
"17.07.2024 12:45",8347.800,
"17.07.2024 13:00",11823.000,
"17.07.2024 13:15",9721.100,
"17.07.2024 13:30",21484.836,
"17.07.2024 13:45",5085.000,
"17.07.2024 14:00",10226.164,
"17.07.2024 14:15",27593.279,
"17.07.2024 14:30",13514.900,
"17.07.2024 14:45",26543.100,
"17.07.2024 15:00",25932.000,
"17.07.2024 15:15",18834.424,
"17.07.2024 15:30",27910.083,
"17.07.2024 15:45",7133.100,
"17.07.2024 16:00",4674.443,
"17.07.2024 16:15",8067.639,
"17.07.2024 16:30",5153.607,
"17.07.2024 16:45",4816.100,
"17.07.2024 17:00",3087.000,
"17.07.2024 17:15",2935.492,
"17.07.2024 17:30",2243.102,
"17.07.2024 17:45",2834.200,
"17.07.2024 18:00",3403.639,
"17.07.2024 18:15",3144.900,
"17.07.2024 18:30",5566.180,
"17.07.2024 18:45",4037.695,
"17.07.2024 19:00",5968.800,
"17.07.2024 19:15",11157.800,
"17.07.2024 19:30",12534.525,
"17.07.2024 19:45",4931.100,
"17.07.2024 20:00",3064.661,
"17.07.2024 20:15",2135.900,
"17.07.2024 20:30",1724.100,
"17.07.2024 20:45",762.100,
"17.07.2024 21:00",321.800,
"17.07.2024 21:15",180.390,
"17.07.2024 21:30",100.600,
"17.07.2024 21:45",0.000,
"17.07.2024 22:00",0.000,
"17.07.2024 22:15",0.000,
"17.07.2024 22:30",0.000,
"17.07.2024 22:45",0.000,
"17.07.2024 23:00",0.000,
"17.07.2024 23:15",0.000,
"17.07.2024 23:30",0.000,
"17.07.2024 23:45",0.000,
"18.07.2024 00:00",0.000,
"18.07.2024 00:15",0.000,
"18.07.2024 00:30",0.000,
"18.07.2024 00:45",0.000,
"18.07.2024 01:00",0.000,
"18.07.2024 01:15",0.000,
"18.07.2024 01:30",0.000,
"18.07.2024 01:45",0.000,
"18.07.2024 02:00",0.000,
"18.07.2024 02:15",0.000,
"18.07.2024 02:30",0.000,
"18.07.2024 02:45",0.000,
"18.07.2024 03:00",0.000,
"18.07.2024 03:15",0.000,
"18.07.2024 03:30",0.000,
"18.07.2024 03:45",0.000,
"18.07.2024 04:00",0.000,
"18.07.2024 04:15",0.000,
"18.07.2024 04:30",0.000,
"18.07.2024 04:45",0.000,
"18.07.2024 05:00",0.000,
"18.07.2024 05:15",0.000,
"18.07.2024 05:30",0.000,
"18.07.2024 05:45",406.900,
"18.07.2024 06:00",1008.131,
"18.07.2024 06:15",1231.932,
"18.07.2024 06:30",2155.085,
"18.07.2024 06:45",2709.100,
"18.07.2024 07:00",2592.695,
"18.07.2024 07:15",3270.203,
"18.07.2024 07:30",3493.148,
"18.07.2024 07:45",4299.800,
"18.07.2024 08:00",4587.525,
"18.07.2024 08:15",6199.900,
"18.07.2024 08:30",5324.333,
"18.07.2024 08:45",5852.610,
"18.07.2024 09:00",8270.000,
"18.07.2024 09:15",10785.100,
"18.07.2024 09:30",17006.098,
"18.07.2024 09:45",21436.721,
"18.07.2024 10:00",24234.000,
"18.07.2024 10:15",24958.000,
"18.07.2024 10:30",21119.100,
"18.07.2024 10:45",27644.559,
"18.07.2024 11:00",15408.390,
"18.07.2024 11:15",17106.164,
"18.07.2024 11:30",28462.164,
"18.07.2024 11:45",54897.000,
"18.07.2024 12:00",20541.932,
"18.07.2024 12:15",26958.800,
"18.07.2024 12:30",23531.000,
"18.07.2024 12:45",33633.136,
"18.07.2024 13:00",31020.800,
"18.07.2024 13:15",32141.000,
"18.07.2024 13:30",15308.459,
"18.07.2024 13:45",20643.690,
"18.07.2024 14:00",29677.000,
"18.07.2024 14:15",25784.100,
"18.07.2024 14:30",45611.100,
"18.07.2024 14:45",56352.000,
"18.07.2024 15:00",46422.000,
"18.07.2024 15:15",36736.000,
"18.07.2024 15:30",44495.738,
"18.07.2024 15:45",47660.900,
"18.07.2024 16:00",46496.780,
"18.07.2024 16:15",44613.200,
"18.07.2024 16:30",48390.426,
"18.07.2024 16:45",48864.200,
"18.07.2024 17:00",14151.902,
"18.07.2024 17:15",44239.900,
"18.07.2024 17:30",24027.254,
"18.07.2024 17:45",34015.932,
"18.07.2024 18:00",30526.574,
"18.07.2024 18:15",26651.197,
"18.07.2024 18:30",23009.167,
"18.07.2024 18:45",20603.100,
"18.07.2024 19:00",17200.000,
"18.07.2024 19:15",14074.900,
"18.07.2024 19:30",10193.900,
"18.07.2024 19:45",5880.246,
"18.07.2024 20:00",2932.000,
"18.07.2024 20:15",2339.200,
"18.07.2024 20:30",1816.000,
"18.07.2024 20:45",1297.100,
"18.07.2024 21:00",1116.984,
"18.07.2024 21:15",768.066,
"18.07.2024 21:30",346.864,
"18.07.2024 21:45",0.000,
"18.07.2024 22:00",0.000,
"18.07.2024 22:15",0.000,
"18.07.2024 22:30",0.000,
"18.07.2024 22:45",0.000,
"18.07.2024 23:00",0.000,
"18.07.2024 23:15",0.000,
"18.07.2024 23:30",0.000,
"18.07.2024 23:45",0.000,
"19.07.2024 00:00",0.000,
"19.07.2024 00:15",0.000,
"19.07.2024 00:30",0.000,
"19.07.2024 00:45",0.000,
"19.07.2024 01:00",0.000,
"19.07.2024 01:15",0.000,
"19.07.2024 01:30",0.000,
"19.07.2024 01:45",0.000,
"19.07.2024 02:00",0.000,
"19.07.2024 02:15",0.000,
"19.07.2024 02:30",0.000,
"19.07.2024 02:45",0.000,
"19.07.2024 03:00",0.000,
"19.07.2024 03:15",0.000,
"19.07.2024 03:30",0.000,
"19.07.2024 03:45",0.000,
"19.07.2024 04:00",0.000,
"19.07.2024 04:15",0.000,
"19.07.2024 04:30",0.000,
"19.07.2024 04:45",0.000,
"19.07.2024 05:00",0.000,
"19.07.2024 05:15",139.754,
"19.07.2024 05:30",542.049,
"19.07.2024 05:45",1021.000,
"19.07.2024 06:00",1550.100,
"19.07.2024 06:15",2209.016,
"19.07.2024 06:30",4093.900,
"19.07.2024 06:45",7652.900,
"19.07.2024 07:00",9790.344,
"19.07.2024 07:15",11853.000,
"19.07.2024 07:30",14005.900,
"19.07.2024 07:45",16444.051,
"19.07.2024 08:00",18919.000,
"19.07.2024 08:15",21748.000,
"19.07.2024 08:30",24284.898,
"19.07.2024 08:45",26798.361,
"19.07.2024 09:00",29501.100,
"19.07.2024 09:15",32113.900,
"19.07.2024 09:30",34239.000,
"19.07.2024 09:45",36706.000,
"19.07.2024 10:00",38721.441,
"19.07.2024 10:15",39896.900,
"19.07.2024 10:30",42597.000,
"19.07.2024 10:45",43677.328,
"19.07.2024 11:00",45540.915,
"19.07.2024 11:15",47053.034,
"19.07.2024 11:30",27646.200,
"19.07.2024 11:45",51990.915,
"19.07.2024 12:00",52218.000,
"19.07.2024 12:15",51583.100,
"19.07.2024 12:30",54060.746,
"19.07.2024 12:45",41559.000,
"19.07.2024 13:00",50386.200,
"19.07.2024 13:15",54831.984,
"19.07.2024 13:30",53745.590,
"19.07.2024 13:45",53670.344,
"19.07.2024 14:00",53003.900,
"19.07.2024 14:15",53541.885,
"19.07.2024 14:30",54795.000,
"19.07.2024 14:45",18733.213,
"19.07.2024 15:00",52490.339,
"19.07.2024 15:15",53323.966,
"19.07.2024 15:30",49218.900,
"19.07.2024 15:45",39794.100,
"19.07.2024 16:00",46646.000,
"19.07.2024 16:15",45146.424,
"19.07.2024 16:30",19376.169,
"19.07.2024 16:45",23762.000,
"19.07.2024 17:00",37969.200,
"19.07.2024 17:15",36356.254,
"19.07.2024 17:30",28147.100,
"19.07.2024 17:45",31305.900,
"19.07.2024 18:00",27997.000,
"19.07.2024 18:15",24630.672,
"19.07.2024 18:30",22030.746,
"19.07.2024 18:45",19790.852,
"19.07.2024 19:00",15365.900,
"19.07.2024 19:15",13336.656,
"19.07.2024 19:30",9430.000,
"19.07.2024 19:45",6476.800,
"19.07.2024 20:00",4312.000,
"19.07.2024 20:15",3419.983,
"19.07.2024 20:30",2748.967,
"19.07.2024 20:45",1980.305,
"19.07.2024 21:00",1368.900,
"19.07.2024 21:15",819.000,
"19.07.2024 21:30",318.542,
"19.07.2024 21:45",0.000,
"19.07.2024 22:00",0.000,
"19.07.2024 22:15",0.000,
"19.07.2024 22:30",0.000,
"19.07.2024 22:45",0.000,
"19.07.2024 23:00",0.000,
"19.07.2024 23:15",0.000,
"19.07.2024 23:30",0.000,
"19.07.2024 23:45",0.000,
"20.07.2024 00:00",0.000,
"20.07.2024 00:15",0.000,
"20.07.2024 00:30",0.000,
"20.07.2024 00:45",0.000,
"20.07.2024 01:00",0.000,
"20.07.2024 01:15",0.000,
"20.07.2024 01:30",0.000,
"20.07.2024 01:45",0.000,
"20.07.2024 02:00",0.000,
"20.07.2024 02:15",0.000,
"20.07.2024 02:30",0.000,
"20.07.2024 02:45",0.000,
"20.07.2024 03:00",0.000,
"20.07.2024 03:15",0.000,
"20.07.2024 03:30",0.000,
"20.07.2024 03:45",0.000,
"20.07.2024 04:00",0.000,
"20.07.2024 04:15",0.000,
"20.07.2024 04:30",0.000,
"20.07.2024 04:45",0.000,
"20.07.2024 05:00",0.000,
"20.07.2024 05:15",0.000,
"20.07.2024 05:30",344.136,
"20.07.2024 05:45",892.750,
"20.07.2024 06:00",1424.458,
"20.07.2024 06:15",2051.085,
"20.07.2024 06:30",3664.000,
"20.07.2024 06:45",6921.100,
"20.07.2024 07:00",9185.100,
"20.07.2024 07:15",11341.000,
"20.07.2024 07:30",13554.119,
"20.07.2024 07:45",15937.610,
"20.07.2024 08:00",17934.900,
"20.07.2024 08:15",20934.900,
"20.07.2024 08:30",23669.746,
"20.07.2024 08:45",26349.000,
"20.07.2024 09:00",28850.100,
"20.07.2024 09:15",31390.800,
"20.07.2024 09:30",33701.000,
"20.07.2024 09:45",35950.831,
"20.07.2024 10:00",38246.328,
"20.07.2024 10:15",39875.136,
"20.07.2024 10:30",41843.203,
"20.07.2024 10:45",43586.000,
"20.07.2024 11:00",45242.148,
"20.07.2024 11:15",46365.492,
"20.07.2024 11:30",47780.000,
"20.07.2024 11:45",48670.262,
"20.07.2024 12:00",50296.885,
"20.07.2024 12:15",51018.100,
"20.07.2024 12:30",51414.200,
"20.07.2024 12:45",52211.200,
"20.07.2024 13:00",52488.458,
"20.07.2024 13:15",52437.246,
"20.07.2024 13:30",54343.213,
"20.07.2024 13:45",27457.000,
"20.07.2024 14:00",51499.000,
"20.07.2024 14:15",56492.100,
"20.07.2024 14:30",56330.000,
"20.07.2024 14:45",57812.100,
"20.07.2024 15:00",56556.900,
"20.07.2024 15:15",53568.100,
"20.07.2024 15:30",52163.525,
"20.07.2024 15:45",45116.100,
"20.07.2024 16:00",27826.915,
"20.07.2024 16:15",44406.100,
"20.07.2024 16:30",42234.900,
"20.07.2024 16:45",39972.100,
"20.07.2024 17:00",37277.082,
"20.07.2024 17:15",33276.100,
"20.07.2024 17:30",31735.000,
"20.07.2024 17:45",29520.983,
"20.07.2024 18:00",27130.100,
"20.07.2024 18:15",23958.607,
"20.07.2024 18:30",21882.780,
"20.07.2024 18:45",17926.984,
"20.07.2024 19:00",16508.129,
"20.07.2024 19:15",12957.100,
"20.07.2024 19:30",9222.203,
"20.07.2024 19:45",5611.000,
"20.07.2024 20:00",3221.169,
"20.07.2024 20:15",2408.900,
"20.07.2024 20:30",1936.017,
"20.07.2024 20:45",1529.049,
"20.07.2024 21:00",1109.900,
"20.07.2024 21:15",661.700,
"20.07.2024 21:30",239.951,
"20.07.2024 21:45",0.000,
"20.07.2024 22:00",0.000,
"20.07.2024 22:15",0.000,
"20.07.2024 22:30",0.000,
"20.07.2024 22:45",0.000,
"20.07.2024 23:00",0.000,
"20.07.2024 23:15",0.000,
"20.07.2024 23:30",0.000,
"20.07.2024 23:45",0.000,
"21.07.2024 00:00",0.000,
"21.07.2024 00:15",0.000,
"21.07.2024 00:30",0.000,
"21.07.2024 00:45",0.000,
"21.07.2024 01:00",0.000,
"21.07.2024 01:15",0.000,
"21.07.2024 01:30",0.000,
"21.07.2024 01:45",0.000,
"21.07.2024 02:00",0.000,
"21.07.2024 02:15",0.000,
"21.07.2024 02:30",0.000,
"21.07.2024 02:45",0.000,
"21.07.2024 03:00",0.000,
"21.07.2024 03:15",0.000,
"21.07.2024 03:30",0.000,
"21.07.2024 03:45",0.000,
"21.07.2024 04:00",0.000,
"21.07.2024 04:15",0.000,
"21.07.2024 04:30",0.000,
"21.07.2024 04:45",0.000,
"21.07.2024 05:00",0.000,
"21.07.2024 05:15",0.000,
"21.07.2024 05:30",36.508,
"21.07.2024 05:45",845.288,
"21.07.2024 06:00",1481.153,
"21.07.2024 06:15",2214.934,
"21.07.2024 06:30",3372.695,
"21.07.2024 06:45",4590.390,
"21.07.2024 07:00",4173.000,
"21.07.2024 07:15",9707.311,
"21.07.2024 07:30",9235.100,
"21.07.2024 07:45",14844.051,
"21.07.2024 08:00",17177.000,
"21.07.2024 08:15",22322.864,
"21.07.2024 08:30",26836.000,
"21.07.2024 08:45",25294.295,
"21.07.2024 09:00",14362.100,
"21.07.2024 09:15",30906.000,
"21.07.2024 09:30",27312.000,
"21.07.2024 09:45",23696.593,
"21.07.2024 10:00",29729.800,
"21.07.2024 10:15",26508.000,
"21.07.2024 10:30",19229.200,
"21.07.2024 10:45",43143.459,
"21.07.2024 11:00",46748.279,
"21.07.2024 11:15",46016.672,
"21.07.2024 11:30",31176.200,
"21.07.2024 11:45",32161.083,
"21.07.2024 12:00",24221.000,
"21.07.2024 12:15",41271.900,
"21.07.2024 12:30",39207.593,
"21.07.2024 12:45",53501.900,
"21.07.2024 13:00",54049.525,
"21.07.2024 13:15",48352.900,
"21.07.2024 13:30",50320.115,
"21.07.2024 13:45",50580.098,
"21.07.2024 14:00",48328.373,
"21.07.2024 14:15",32108.623,
"21.07.2024 14:30",52552.900,
"21.07.2024 14:45",51120.918,
"21.07.2024 15:00",48693.000,
"21.07.2024 15:15",48583.900,
"21.07.2024 15:30",21513.881,
"21.07.2024 15:45",45609.279,
"21.07.2024 16:00",43973.373,
"21.07.2024 16:15",25080.390,
"21.07.2024 16:30",15719.115,
"21.07.2024 16:45",15261.738,
"21.07.2024 17:00",12695.100,
"21.07.2024 17:15",10593.000,
"21.07.2024 17:30",14259.000,
"21.07.2024 17:45",14889.900,
"21.07.2024 18:00",13856.000,
"21.07.2024 18:15",13476.695,
"21.07.2024 18:30",15903.900,
"21.07.2024 18:45",23973.729,
"21.07.2024 19:00",16000.100,
"21.07.2024 19:15",13994.100,
"21.07.2024 19:30",7147.000,
"21.07.2024 19:45",7711.100,
"21.07.2024 20:00",4174.200,
"21.07.2024 20:15",3280.068,
"21.07.2024 20:30",3558.542,
"21.07.2024 20:45",3148.900,
"21.07.2024 21:00",2365.100,
"21.07.2024 21:15",1300.900,
"21.07.2024 21:30",219.951,
"21.07.2024 21:45",0.000,
"21.07.2024 22:00",0.000,
"21.07.2024 22:15",0.000,
"21.07.2024 22:30",0.000,
"21.07.2024 22:45",0.000,
"21.07.2024 23:00",0.000,
"21.07.2024 23:15",0.000,
"21.07.2024 23:30",0.000,
"21.07.2024 23:45",0.000,
"22.07.2024 00:00",0.000,
"22.07.2024 00:15",0.000,
"22.07.2024 00:30",0.000,
"22.07.2024 00:45",0.000,
"22.07.2024 01:00",0.000,
"22.07.2024 01:15",0.000,
"22.07.2024 01:30",0.000,
"22.07.2024 01:45",0.000,
"22.07.2024 02:00",0.000,
"22.07.2024 02:15",0.000,
"22.07.2024 02:30",0.000,
"22.07.2024 02:45",0.000,
"22.07.2024 03:00",0.000,
"22.07.2024 03:15",0.000,
"22.07.2024 03:30",0.000,
"22.07.2024 03:45",0.000,
"22.07.2024 04:00",0.000,
"22.07.2024 04:15",0.000,
"22.07.2024 04:30",0.000,
"22.07.2024 04:45",0.000,
"22.07.2024 05:00",0.000,
"22.07.2024 05:15",0.000,
"22.07.2024 05:30",0.000,
"22.07.2024 05:45",0.000,
"22.07.2024 06:00",187.847,
"22.07.2024 06:15",257.900,
"22.07.2024 06:30",0.000,
"22.07.2024 06:45",0.000,
"22.07.2024 07:00",276.200,
"22.07.2024 07:15",288.695,
"22.07.2024 07:30",463.200,
"22.07.2024 07:45",1346.800,
"22.07.2024 08:00",1192.780,
"22.07.2024 08:15",3169.100,
"22.07.2024 08:30",7288.864,
"22.07.2024 08:45",2834.689,
"22.07.2024 09:00",10147.000,
"22.07.2024 09:15",7567.186,
"22.07.2024 09:30",11648.393,
"22.07.2024 09:45",16467.000,
"22.07.2024 10:00",13491.410,
"22.07.2024 10:15",14664.000,
"22.07.2024 10:30",13328.541,
"22.07.2024 10:45",22513.000,
"22.07.2024 11:00",31549.180,
"22.07.2024 11:15",7230.344,
"22.07.2024 11:30",13808.000,
"22.07.2024 11:45",20865.100,
"22.07.2024 12:00",9897.100,
"22.07.2024 12:15",14341.738,
"22.07.2024 12:30",25374.900,
"22.07.2024 12:45",46219.983,
"22.07.2024 13:00",67379.900,
"22.07.2024 13:15",23310.000,
"22.07.2024 13:30",27531.000,
"22.07.2024 13:45",28947.967,
"22.07.2024 14:00",60613.459,
"22.07.2024 14:15",18725.814,
"22.07.2024 14:30",68282.148,
"22.07.2024 14:45",35757.000,
"22.07.2024 15:00",64328.583,
"22.07.2024 15:15",62135.000,
"22.07.2024 15:30",24511.068,
"22.07.2024 15:45",61546.000,
"22.07.2024 16:00",18912.900,
"22.07.2024 16:15",49092.820,
"22.07.2024 16:30",46188.900,
"22.07.2024 16:45",51313.100,
"22.07.2024 17:00",30581.484,
"22.07.2024 17:15",33096.100,
"22.07.2024 17:30",15001.949,
"22.07.2024 17:45",35515.246,
"22.07.2024 18:00",6266.763,
"22.07.2024 18:15",12118.900,
"22.07.2024 18:30",29221.068,
"22.07.2024 18:45",21949.900,
"22.07.2024 19:00",18940.000,
"22.07.2024 19:15",13557.377,
"22.07.2024 19:30",8828.066,
"22.07.2024 19:45",5234.700,
"22.07.2024 20:00",2354.900,
"22.07.2024 20:15",1947.967,
"22.07.2024 20:30",1606.082,
"22.07.2024 20:45",1298.951,
"22.07.2024 21:00",763.864,
"22.07.2024 21:15",532.967,
"22.07.2024 21:30",197.000,
"22.07.2024 21:45",0.000,
"22.07.2024 22:00",0.000,
"22.07.2024 22:15",0.000,
"22.07.2024 22:30",0.000,
"22.07.2024 22:45",0.000,
"22.07.2024 23:00",0.000,
"22.07.2024 23:15",0.000,
"22.07.2024 23:30",0.000,
"22.07.2024 23:45",0.000,
"23.07.2024 00:00",0.000,
"23.07.2024 00:15",0.000,
"23.07.2024 00:30",0.000,
"23.07.2024 00:45",0.000,
"23.07.2024 01:00",0.000,
"23.07.2024 01:15",0.000,
"23.07.2024 01:30",0.000,
"23.07.2024 01:45",0.000,
"23.07.2024 02:00",0.000,
"23.07.2024 02:15",0.000,
"23.07.2024 02:30",0.000,
"23.07.2024 02:45",0.000,
"23.07.2024 03:00",0.000,
"23.07.2024 03:15",0.000,
"23.07.2024 03:30",0.000,
"23.07.2024 03:45",0.000,
"23.07.2024 04:00",0.000,
"23.07.2024 04:15",0.000,
"23.07.2024 04:30",0.000,
"23.07.2024 04:45",0.000,
"23.07.2024 05:00",0.000,
"23.07.2024 05:15",0.000,
"23.07.2024 05:30",0.000,
"23.07.2024 05:45",471.900,
"23.07.2024 06:00",1238.200,
"23.07.2024 06:15",1539.131,
"23.07.2024 06:30",1658.900,
"23.07.2024 06:45",3489.000,
"23.07.2024 07:00",4878.800,
"23.07.2024 07:15",8486.590,
"23.07.2024 07:30",6561.100,
"23.07.2024 07:45",5113.900,
"23.07.2024 08:00",4471.100,
"23.07.2024 08:15",7241.607,
"23.07.2024 08:30",7161.068,
"23.07.2024 08:45",16673.100,
"23.07.2024 09:00",24433.525,
"23.07.2024 09:15",8436.322,
"23.07.2024 09:30",18772.900,
"23.07.2024 09:45",22751.902,
"23.07.2024 10:00",44947.949,
"23.07.2024 10:15",46953.583,
"23.07.2024 10:30",18763.200,
"23.07.2024 10:45",50856.672,
"23.07.2024 11:00",21126.164,
"23.07.2024 11:15",14978.656,
"23.07.2024 11:30",7242.721,
"23.07.2024 11:45",13473.000,
"23.07.2024 12:00",22959.459,
"23.07.2024 12:15",56913.900,
"23.07.2024 12:30",18327.100,
"23.07.2024 12:45",17819.000,
"23.07.2024 13:00",29824.754,
"23.07.2024 13:15",23532.900,
"23.07.2024 13:30",6626.738,
"23.07.2024 13:45",4332.900,
"23.07.2024 14:00",4467.639,
"23.07.2024 14:15",3736.100,
"23.07.2024 14:30",8458.100,
"23.07.2024 14:45",13493.100,
"23.07.2024 15:00",52928.797,
"23.07.2024 15:15",46638.780,
"23.07.2024 15:30",39357.100,
"23.07.2024 15:45",40010.361,
"23.07.2024 16:00",25936.754,
"23.07.2024 16:15",22555.068,
"23.07.2024 16:30",24259.900,
"23.07.2024 16:45",20293.100,
"23.07.2024 17:00",19079.475,
"23.07.2024 17:15",19720.426,
"23.07.2024 17:30",35625.131,
"23.07.2024 17:45",40020.661,
"23.07.2024 18:00",34159.557,
"23.07.2024 18:15",29558.034,
"23.07.2024 18:30",11097.627,
"23.07.2024 18:45",8948.305,
"23.07.2024 19:00",12161.900,
"23.07.2024 19:15",8720.593,
"23.07.2024 19:30",9953.900,
"23.07.2024 19:45",5585.852,
"23.07.2024 20:00",3630.100,
"23.07.2024 20:15",2398.220,
"23.07.2024 20:30",2928.000,
"23.07.2024 20:45",1759.000,
"23.07.2024 21:00",1139.900,
"23.07.2024 21:15",640.800,
"23.07.2024 21:30",227.984,
"23.07.2024 21:45",0.000,
"23.07.2024 22:00",0.000,
"23.07.2024 22:15",0.000,
"23.07.2024 22:30",0.000,
"23.07.2024 22:45",0.000,
"23.07.2024 23:00",0.000,
"23.07.2024 23:15",0.000,
"23.07.2024 23:30",0.000,
"23.07.2024 23:45",0.000,
"24.07.2024 00:00",0.000,
"24.07.2024 00:15",0.000,
"24.07.2024 00:30",0.000,
"24.07.2024 00:45",0.000,
"24.07.2024 01:00",0.000,
"24.07.2024 01:15",0.000,
"24.07.2024 01:30",0.000,
"24.07.2024 01:45",0.000,
"24.07.2024 02:00",0.000,
"24.07.2024 02:15",0.000,
"24.07.2024 02:30",0.000,
"24.07.2024 02:45",0.000,
"24.07.2024 03:00",0.000,
"24.07.2024 03:15",0.000,
"24.07.2024 03:30",0.000,
"24.07.2024 03:45",0.000,
"24.07.2024 04:00",0.000,
"24.07.2024 04:15",0.000,
"24.07.2024 04:30",0.000,
"24.07.2024 04:45",0.000,
"24.07.2024 05:00",0.000,
"24.07.2024 05:15",0.000,
"24.07.2024 05:30",263.000,
"24.07.2024 05:45",823.000,
"24.07.2024 06:00",1393.100,
"24.07.2024 06:15",1921.100,
"24.07.2024 06:30",2824.900,
"24.07.2024 06:45",5808.623,
"24.07.2024 07:00",8666.610,
"24.07.2024 07:15",11041.000,
"24.07.2024 07:30",13418.900,
"24.07.2024 07:45",15922.949,
"24.07.2024 08:00",18468.033,
"24.07.2024 08:15",19615.000,
"24.07.2024 08:30",14880.000,
"24.07.2024 08:45",29729.729,
"24.07.2024 09:00",33240.508,
"24.07.2024 09:15",15426.000,
"24.07.2024 09:30",12003.000,
"24.07.2024 09:45",42309.900,
"24.07.2024 10:00",17217.656,
"24.07.2024 10:15",42420.361,
"24.07.2024 10:30",17138.169,
"24.07.2024 10:45",50465.900,
"24.07.2024 11:00",51833.100,
"24.07.2024 11:15",25063.900,
"24.07.2024 11:30",56033.377,
"24.07.2024 11:45",33413.373,
"24.07.2024 12:00",43488.000,
"24.07.2024 12:15",19535.644,
"24.07.2024 12:30",57528.100,
"24.07.2024 12:45",23874.136,
"24.07.2024 13:00",59499.115,
"24.07.2024 13:15",60320.525,
"24.07.2024 13:30",55052.885,
"24.07.2024 13:45",65478.100,
"24.07.2024 14:00",55180.800,
"24.07.2024 14:15",53706.066,
"24.07.2024 14:30",51401.100,
"24.07.2024 14:45",23090.237,
"24.07.2024 15:00",26687.610,
"24.07.2024 15:15",61252.000,
"24.07.2024 15:30",13500.407,
"24.07.2024 15:45",50361.237,
"24.07.2024 16:00",31171.672,
"24.07.2024 16:15",49689.689,
"24.07.2024 16:30",46930.407,
"24.07.2024 16:45",41837.000,
"24.07.2024 17:00",39659.000,
"24.07.2024 17:15",37620.900,
"24.07.2024 17:30",9442.295,
"24.07.2024 17:45",34683.119,
"24.07.2024 18:00",30136.847,
"24.07.2024 18:15",28986.100,
"24.07.2024 18:30",8902.541,
"24.07.2024 18:45",21483.100,
"24.07.2024 19:00",17031.000,
"24.07.2024 19:15",4557.000,
"24.07.2024 19:30",6081.695,
"24.07.2024 19:45",6784.525,
"24.07.2024 20:00",3524.607,
"24.07.2024 20:15",2817.100,
"24.07.2024 20:30",1494.250,
"24.07.2024 20:45",704.852,
"24.07.2024 21:00",461.169,
"24.07.2024 21:15",225.984,
"24.07.2024 21:30",0.000,
"24.07.2024 21:45",0.000,
"24.07.2024 22:00",0.000,
"24.07.2024 22:15",0.000,
"24.07.2024 22:30",0.000,
"24.07.2024 22:45",0.000,
"24.07.2024 23:00",0.000,
"24.07.2024 23:15",0.000,
"24.07.2024 23:30",0.000,
"24.07.2024 23:45",0.000,
"25.07.2024 00:00",0.000,
"25.07.2024 00:15",0.000,
"25.07.2024 00:30",0.000,
"25.07.2024 00:45",0.000,
"25.07.2024 01:00",0.000,
"25.07.2024 01:15",0.000,
"25.07.2024 01:30",0.000,
"25.07.2024 01:45",0.000,
"25.07.2024 02:00",0.000,
"25.07.2024 02:15",0.000,
"25.07.2024 02:30",0.000,
"25.07.2024 02:45",0.000,
"25.07.2024 03:00",0.000,
"25.07.2024 03:15",0.000,
"25.07.2024 03:30",0.000,
"25.07.2024 03:45",0.000,
"25.07.2024 04:00",0.000,
"25.07.2024 04:15",0.000,
"25.07.2024 04:30",0.000,
"25.07.2024 04:45",0.000,
"25.07.2024 05:00",0.000,
"25.07.2024 05:15",0.000,
"25.07.2024 05:30",0.000,
"25.07.2024 05:45",613.610,
"25.07.2024 06:00",1484.600,
"25.07.2024 06:15",2306.000,
"25.07.2024 06:30",3208.131,
"25.07.2024 06:45",5797.100,
"25.07.2024 07:00",9303.966,
"25.07.2024 07:15",11017.900,
"25.07.2024 07:30",9454.200,
"25.07.2024 07:45",9169.770,
"25.07.2024 08:00",16867.100,
"25.07.2024 08:15",21258.100,
"25.07.2024 08:30",23864.607,
"25.07.2024 08:45",27212.311,
"25.07.2024 09:00",29637.339,
"25.07.2024 09:15",33943.000,
"25.07.2024 09:30",36054.898,
"25.07.2024 09:45",31964.000,
"25.07.2024 10:00",29036.932,
"25.07.2024 10:15",54118.203,
"25.07.2024 10:30",40212.475,
"25.07.2024 10:45",38516.900,
"25.07.2024 11:00",48015.344,
"25.07.2024 11:15",46027.000,
"25.07.2024 11:30",50476.576,
"25.07.2024 11:45",16843.689,
"25.07.2024 12:00",18395.100,
"25.07.2024 12:15",53079.237,
"25.07.2024 12:30",55262.949,
"25.07.2024 12:45",61876.700,
"25.07.2024 13:00",53117.102,
"25.07.2024 13:15",57864.100,
"25.07.2024 13:30",60587.000,
"25.07.2024 13:45",56187.000,
"25.07.2024 14:00",41669.627,
"25.07.2024 14:15",32511.754,
"25.07.2024 14:30",23309.900,
"25.07.2024 14:45",35658.885,
"25.07.2024 15:00",30674.000,
"25.07.2024 15:15",27154.627,
"25.07.2024 15:30",56122.000,
"25.07.2024 15:45",23090.279,
"25.07.2024 16:00",21513.800,
"25.07.2024 16:15",19770.237,
"25.07.2024 16:30",17774.197,
"25.07.2024 16:45",19973.279,
"25.07.2024 17:00",28705.200,
"25.07.2024 17:15",23866.900,
"25.07.2024 17:30",30647.100,
"25.07.2024 17:45",12660.590,
"25.07.2024 18:00",10399.100,
"25.07.2024 18:15",6075.000,
"25.07.2024 18:30",7965.918,
"25.07.2024 18:45",6537.705,
"25.07.2024 19:00",7614.000,
"25.07.2024 19:15",4966.639,
"25.07.2024 19:30",2054.852,
"25.07.2024 19:45",1684.967,
"25.07.2024 20:00",3331.000,
"25.07.2024 20:15",3777.100,
"25.07.2024 20:30",2435.000,
"25.07.2024 20:45",1912.712,
"25.07.2024 21:00",851.100,
"25.07.2024 21:15",340.934,
"25.07.2024 21:30",0.000,
"25.07.2024 21:45",0.000,
"25.07.2024 22:00",0.000,
"25.07.2024 22:15",0.000,
"25.07.2024 22:30",0.000,
"25.07.2024 22:45",0.000,
"25.07.2024 23:00",0.000,
"25.07.2024 23:15",0.000,
"25.07.2024 23:30",0.000,
"25.07.2024 23:45",0.000,
"26.07.2024 00:00",0.000,
"26.07.2024 00:15",0.000,
"26.07.2024 00:30",0.000,
"26.07.2024 00:45",0.000,
"26.07.2024 01:00",0.000,
"26.07.2024 01:15",0.000,
"26.07.2024 01:30",0.000,
"26.07.2024 01:45",0.000,
"26.07.2024 02:00",0.000,
"26.07.2024 02:15",0.000,
"26.07.2024 02:30",0.000,
"26.07.2024 02:45",-0.455,
"26.07.2024 03:00",0.000,
"26.07.2024 03:15",0.000,
"26.07.2024 03:30",0.000,
"26.07.2024 03:45",0.000,
"26.07.2024 04:00",0.000,
"26.07.2024 04:15",0.000,
"26.07.2024 04:30",0.000,
"26.07.2024 04:45",0.000,
"26.07.2024 05:00",0.000,
"26.07.2024 05:15",0.000,
"26.07.2024 05:30",0.000,
"26.07.2024 05:45",207.900,
"26.07.2024 06:00",128.000,
"26.07.2024 06:15",620.746,
"26.07.2024 06:30",1384.458,
"26.07.2024 06:45",2187.590,
"26.07.2024 07:00",857.000,
"26.07.2024 07:15",2742.066,
"26.07.2024 07:30",3494.000,
"26.07.2024 07:45",2347.000,
"26.07.2024 08:00",7168.361,
"26.07.2024 08:15",7362.864,
"26.07.2024 08:30",4099.729,
"26.07.2024 08:45",4794.100,
"26.07.2024 09:00",5366.407,
"26.07.2024 09:15",9199.831,
"26.07.2024 09:30",2940.576,
"26.07.2024 09:45",2590.000,
"26.07.2024 10:00",1749.100,
"26.07.2024 10:15",2775.180,
"26.07.2024 10:30",4823.797,
"26.07.2024 10:45",7033.000,
"26.07.2024 11:00",8483.100,
"26.07.2024 11:15",8302.656,
"26.07.2024 11:30",12138.900,
"26.07.2024 11:45",15845.678,
"26.07.2024 12:00",14610.000,
"26.07.2024 12:15",13441.254,
"26.07.2024 12:30",11405.508,
"26.07.2024 12:45",11163.000,
"26.07.2024 13:00",5486.328,
"26.07.2024 13:15",5341.246,
"26.07.2024 13:30",3495.295,
"26.07.2024 13:45",8734.623,
"26.07.2024 14:00",16143.475,
"26.07.2024 14:15",8599.934,
"26.07.2024 14:30",9619.407,
"26.07.2024 14:45",7697.410,
"26.07.2024 15:00",9234.983,
"26.07.2024 15:15",14964.983,
"26.07.2024 15:30",9858.017,
"26.07.2024 15:45",23668.000,
"26.07.2024 16:00",14317.000,
"26.07.2024 16:15",26795.900,
"26.07.2024 16:30",16184.000,
"26.07.2024 16:45",29717.900,
"26.07.2024 17:00",43882.610,
"26.07.2024 17:15",22368.197,
"26.07.2024 17:30",12765.051,
"26.07.2024 17:45",11493.000,
"26.07.2024 18:00",14085.000,
"26.07.2024 18:15",17967.900,
"26.07.2024 18:30",13106.672,
"26.07.2024 18:45",9741.900,
"26.07.2024 19:00",7462.900,
"26.07.2024 19:15",15108.900,
"26.07.2024 19:30",8281.900,
"26.07.2024 19:45",5470.000,
"26.07.2024 20:00",5610.033,
"26.07.2024 20:15",3412.967,
"26.07.2024 20:30",2768.627,
"26.07.2024 20:45",1883.746,
"26.07.2024 21:00",869.100,
"26.07.2024 21:15",312.600,
"26.07.2024 21:30",0.000,
"26.07.2024 21:45",0.000,
"26.07.2024 22:00",0.000,
"26.07.2024 22:15",0.000,
"26.07.2024 22:30",0.000,
"26.07.2024 22:45",0.000,
"26.07.2024 23:00",0.000,
"26.07.2024 23:15",0.000,
"26.07.2024 23:30",0.000,
"26.07.2024 23:45",0.000,
"27.07.2024 00:00",0.000,
"27.07.2024 00:15",0.000,
"27.07.2024 00:30",0.000,
"27.07.2024 00:45",0.000,
"27.07.2024 01:00",0.000,
"27.07.2024 01:15",0.000,
"27.07.2024 01:30",0.000,
"27.07.2024 01:45",0.000,
"27.07.2024 02:00",0.000,
"27.07.2024 02:15",0.000,
"27.07.2024 02:30",0.000,
"27.07.2024 02:45",0.000,
"27.07.2024 03:00",0.000,
"27.07.2024 03:15",0.000,
"27.07.2024 03:30",0.000,
"27.07.2024 03:45",0.000,
"27.07.2024 04:00",0.000,
"27.07.2024 04:15",0.000,
"27.07.2024 04:30",0.000,
"27.07.2024 04:45",0.000,
"27.07.2024 05:00",0.000,
"27.07.2024 05:15",0.000,
"27.07.2024 05:30",0.000,
"27.07.2024 05:45",366.068,
"27.07.2024 06:00",950.800,
"27.07.2024 06:15",1743.000,
"27.07.2024 06:30",2580.220,
"27.07.2024 06:45",4726.000,
"27.07.2024 07:00",9690.590,
"27.07.2024 07:15",11120.900,
"27.07.2024 07:30",13069.900,
"27.07.2024 07:45",11262.900,
"27.07.2024 08:00",9831.000,
"27.07.2024 08:15",18720.098,
"27.07.2024 08:30",17951.186,
"27.07.2024 08:45",20175.754,
"27.07.2024 09:00",15111.763,
"27.07.2024 09:15",29801.800,
"27.07.2024 09:30",17752.311,
"27.07.2024 09:45",11323.000,
"27.07.2024 10:00",27135.492,
"27.07.2024 10:15",45970.000,
"27.07.2024 10:30",32305.831,
"27.07.2024 10:45",13120.100,
"27.07.2024 11:00",47497.000,
"27.07.2024 11:15",32320.000,
"27.07.2024 11:30",9127.763,
"27.07.2024 11:45",53748.800,
"27.07.2024 12:00",55899.869,
"27.07.2024 12:15",53876.246,
"27.07.2024 12:30",55386.016,
"27.07.2024 12:45",56419.607,
"27.07.2024 13:00",56850.492,
"27.07.2024 13:15",16182.000,
"27.07.2024 13:30",60520.000,
"27.07.2024 13:45",50588.900,
"27.07.2024 14:00",61109.407,
"27.07.2024 14:15",37476.000,
"27.07.2024 14:30",60222.695,
"27.07.2024 14:45",20303.000,
"27.07.2024 15:00",14641.900,
"27.07.2024 15:15",56085.153,
"27.07.2024 15:30",24176.100,
"27.07.2024 15:45",25897.100,
"27.07.2024 16:00",12063.966,
"27.07.2024 16:15",18795.000,
"27.07.2024 16:30",24755.200,
"27.07.2024 16:45",21013.311,
"27.07.2024 17:00",11963.627,
"27.07.2024 17:15",14082.328,
"27.07.2024 17:30",14521.984,
"27.07.2024 17:45",16015.900,
"27.07.2024 18:00",27934.100,
"27.07.2024 18:15",24918.000,
"27.07.2024 18:30",22077.100,
"27.07.2024 18:45",21120.000,
"27.07.2024 19:00",9427.000,
"27.07.2024 19:15",15940.000,
"27.07.2024 19:30",10216.100,
"27.07.2024 19:45",9126.200,
"27.07.2024 20:00",5701.000,
"27.07.2024 20:15",5921.656,
"27.07.2024 20:30",4325.200,
"27.07.2024 20:45",3612.678,
"27.07.2024 21:00",3073.900,
"27.07.2024 21:15",1327.000,
"27.07.2024 21:30",334.900,
"27.07.2024 21:45",0.000,
"27.07.2024 22:00",0.000,
"27.07.2024 22:15",0.000,
"27.07.2024 22:30",0.000,
"27.07.2024 22:45",0.000,
"27.07.2024 23:00",0.000,
"27.07.2024 23:15",0.000,
"27.07.2024 23:30",0.000,
"27.07.2024 23:45",0.000,
"28.07.2024 00:00",0.000,
"28.07.2024 00:15",0.000,
"28.07.2024 00:30",0.000,
"28.07.2024 00:45",0.000,
"28.07.2024 01:00",0.000,
"28.07.2024 01:15",0.000,
"28.07.2024 01:30",0.000,
"28.07.2024 01:45",0.000,
"28.07.2024 02:00",0.000,
"28.07.2024 02:15",0.000,
"28.07.2024 02:30",0.000,
"28.07.2024 02:45",0.000,
"28.07.2024 03:00",0.000,
"28.07.2024 03:15",0.000,
"28.07.2024 03:30",0.000,
"28.07.2024 03:45",0.000,
"28.07.2024 04:00",0.000,
"28.07.2024 04:15",0.000,
"28.07.2024 04:30",0.000,
"28.07.2024 04:45",0.000,
"28.07.2024 05:00",0.000,
"28.07.2024 05:15",0.000,
"28.07.2024 05:30",0.000,
"28.07.2024 05:45",494.115,
"28.07.2024 06:00",1400.918,
"28.07.2024 06:15",2010.700,
"28.07.2024 06:30",1586.800,
"28.07.2024 06:45",2759.051,
"28.07.2024 07:00",8657.610,
"28.07.2024 07:15",11191.190,
"28.07.2024 07:30",10343.983,
"28.07.2024 07:45",4913.288,
"28.07.2024 08:00",17356.678,
"28.07.2024 08:15",19666.426,
"28.07.2024 08:30",22369.814,
"28.07.2024 08:45",25195.525,
"28.07.2024 09:00",28202.508,
"28.07.2024 09:15",37917.100,
"28.07.2024 09:30",30502.311,
"28.07.2024 09:45",2243.300,
"28.07.2024 10:00",7264.377,
"28.07.2024 10:15",10266.000,
"28.07.2024 10:30",44648.900,
"28.07.2024 10:45",44809.900,
"28.07.2024 11:00",50986.000,
"28.07.2024 11:15",51014.443,
"28.07.2024 11:30",49319.900,
"28.07.2024 11:45",50752.000,
"28.07.2024 12:00",53700.900,
"28.07.2024 12:15",55954.100,
"28.07.2024 12:30",54995.900,
"28.07.2024 12:45",56706.164,
"28.07.2024 13:00",61248.288,
"28.07.2024 13:15",56977.100,
"28.07.2024 13:30",56627.100,
"28.07.2024 13:45",59613.373,
"28.07.2024 14:00",57136.885,
"28.07.2024 14:15",55627.100,
"28.07.2024 14:30",53583.393,
"28.07.2024 14:45",54433.220,
"28.07.2024 15:00",56328.000,
"28.07.2024 15:15",52773.000,
"28.07.2024 15:30",50590.754,
"28.07.2024 15:45",49393.951,
"28.07.2024 16:00",8068.900,
"28.07.2024 16:15",44285.100,
"28.07.2024 16:30",42330.746,
"28.07.2024 16:45",43366.900,
"28.07.2024 17:00",40432.100,
"28.07.2024 17:15",8698.900,
"28.07.2024 17:30",37096.900,
"28.07.2024 17:45",6671.800,
"28.07.2024 18:00",27501.900,
"28.07.2024 18:15",24120.900,
"28.07.2024 18:30",22010.100,
"28.07.2024 18:45",20209.983,
"28.07.2024 19:00",15907.200,
"28.07.2024 19:15",12092.000,
"28.07.2024 19:30",7251.672,
"28.07.2024 19:45",3865.508,
"28.07.2024 20:00",2352.932,
"28.07.2024 20:15",2005.915,
"28.07.2024 20:30",1560.100,
"28.07.2024 20:45",1157.864,
"28.07.2024 21:00",728.712,
"28.07.2024 21:15",320.700,
"28.07.2024 21:30",0.000,
"28.07.2024 21:45",0.000,
"28.07.2024 22:00",0.000,
"28.07.2024 22:15",0.000,
"28.07.2024 22:30",0.000,
"28.07.2024 22:45",0.000,
"28.07.2024 23:00",0.000,
"28.07.2024 23:15",0.000,
"28.07.2024 23:30",0.000,
"28.07.2024 23:45",0.000,
"29.07.2024 00:00",0.000,
"29.07.2024 00:15",0.000,
"29.07.2024 00:30",0.000,
"29.07.2024 00:45",0.000,
"29.07.2024 01:00",0.000,
"29.07.2024 01:15",0.000,
"29.07.2024 01:30",0.000,
"29.07.2024 01:45",0.000,
"29.07.2024 02:00",0.000,
"29.07.2024 02:15",0.000,
"29.07.2024 02:30",0.000,
"29.07.2024 02:45",0.000,
"29.07.2024 03:00",0.000,
"29.07.2024 03:15",0.000,
"29.07.2024 03:30",0.000,
"29.07.2024 03:45",0.000,
"29.07.2024 04:00",0.000,
"29.07.2024 04:15",0.000,
"29.07.2024 04:30",0.000,
"29.07.2024 04:45",0.000,
"29.07.2024 05:00",0.000,
"29.07.2024 05:15",0.000,
"29.07.2024 05:30",165.900,
"29.07.2024 05:45",535.000,
"29.07.2024 06:00",973.525,
"29.07.2024 06:15",1434.288,
"29.07.2024 06:30",1970.393,
"29.07.2024 06:45",3515.262,
"29.07.2024 07:00",8352.000,
"29.07.2024 07:15",10479.898,
"29.07.2024 07:30",11042.525,
"29.07.2024 07:45",15049.100,
"29.07.2024 08:00",17272.421,
"29.07.2024 08:15",20569.100,
"29.07.2024 08:30",23044.000,
"29.07.2024 08:45",25694.100,
"29.07.2024 09:00",28922.000,
"29.07.2024 09:15",35101.322,
"29.07.2024 09:30",17753.800,
"29.07.2024 09:45",32871.900,
"29.07.2024 10:00",32639.136,
"29.07.2024 10:15",41940.180,
"29.07.2024 10:30",45672.452,
"29.07.2024 10:45",48536.100,
"29.07.2024 11:00",14719.900,
"29.07.2024 11:15",50618.230,
"29.07.2024 11:30",50287.100,
"29.07.2024 11:45",55463.100,
"29.07.2024 12:00",51722.885,
"29.07.2024 12:15",13668.100,
"29.07.2024 12:30",58530.100,
"29.07.2024 12:45",54951.902,
"29.07.2024 13:00",55968.900,
"29.07.2024 13:15",56688.100,
"29.07.2024 13:30",56199.390,
"29.07.2024 13:45",55719.279,
"29.07.2024 14:00",46605.000,
"29.07.2024 14:15",48846.328,
"29.07.2024 14:30",37640.000,
"29.07.2024 14:45",50447.900,
"29.07.2024 15:00",50536.000,
"29.07.2024 15:15",48742.000,
"29.07.2024 15:30",48231.847,
"29.07.2024 15:45",47009.900,
"29.07.2024 16:00",45133.100,
"29.07.2024 16:15",43421.820,
"29.07.2024 16:30",41570.475,
"29.07.2024 16:45",40006.967,
"29.07.2024 17:00",37500.836,
"29.07.2024 17:15",36091.000,
"29.07.2024 17:30",32118.700,
"29.07.2024 17:45",27245.098,
"29.07.2024 18:00",25979.852,
"29.07.2024 18:15",23014.934,
"29.07.2024 18:30",22471.271,
"29.07.2024 18:45",17752.164,
"29.07.2024 19:00",15550.559,
"29.07.2024 19:15",11575.237,
"29.07.2024 19:30",7471.000,
"29.07.2024 19:45",3885.661,
"29.07.2024 20:00",2299.049,
"29.07.2024 20:15",1687.000,
"29.07.2024 20:30",1300.305,
"29.07.2024 20:45",999.458,
"29.07.2024 21:00",648.164,
"29.07.2024 21:15",269.100,
"29.07.2024 21:30",0.000,
"29.07.2024 21:45",0.000,
"29.07.2024 22:00",0.000,
"29.07.2024 22:15",0.000,
"29.07.2024 22:30",0.000,
"29.07.2024 22:45",0.000,
"29.07.2024 23:00",0.000,
"29.07.2024 23:15",0.000,
"29.07.2024 23:30",0.000,
"29.07.2024 23:45",0.000,
"30.07.2024 00:00",0.000,
"30.07.2024 00:15",0.000,
"30.07.2024 00:30",0.000,
"30.07.2024 00:45",0.000,
"30.07.2024 01:00",0.000,
"30.07.2024 01:15",0.000,
"30.07.2024 01:30",0.000,
"30.07.2024 01:45",0.000,
"30.07.2024 02:00",0.000,
"30.07.2024 02:15",0.000,
"30.07.2024 02:30",0.000,
"30.07.2024 02:45",0.000,
"30.07.2024 03:00",0.000,
"30.07.2024 03:15",0.000,
"30.07.2024 03:30",0.000,
"30.07.2024 03:45",0.000,
"30.07.2024 04:00",0.000,
"30.07.2024 04:15",0.000,
"30.07.2024 04:30",0.000,
"30.07.2024 04:45",0.000,
"30.07.2024 05:00",0.000,
"30.07.2024 05:15",0.000,
"30.07.2024 05:30",0.000,
"30.07.2024 05:45",225.100,
"30.07.2024 06:00",831.900,
"30.07.2024 06:15",1335.900,
"30.07.2024 06:30",1400.800,
"30.07.2024 06:45",3197.656,
"30.07.2024 07:00",7991.661,
"30.07.2024 07:15",9743.000,
"30.07.2024 07:30",11684.197,
"30.07.2024 07:45",14510.000,
"30.07.2024 08:00",17170.000,
"30.07.2024 08:15",19891.424,
"30.07.2024 08:30",22403.131,
"30.07.2024 08:45",25190.262,
"30.07.2024 09:00",27890.000,
"30.07.2024 09:15",30567.900,
"30.07.2024 09:30",32928.066,
"30.07.2024 09:45",35532.000,
"30.07.2024 10:00",37560.016,
"30.07.2024 10:15",39454.100,
"30.07.2024 10:30",41332.356,
"30.07.2024 10:45",42980.200,
"30.07.2024 11:00",44584.390,
"30.07.2024 11:15",46086.803,
"30.07.2024 11:30",45932.203,
"30.07.2024 11:45",48691.148,
"30.07.2024 12:00",51000.000,
"30.07.2024 12:15",51743.100,
"30.07.2024 12:30",49951.153,
"30.07.2024 12:45",50403.000,
"30.07.2024 13:00",50916.246,
"30.07.2024 13:15",48161.593,
"30.07.2024 13:30",51704.197,
"30.07.2024 13:45",51794.458,
"30.07.2024 14:00",51358.200,
"30.07.2024 14:15",50749.000,
"30.07.2024 14:30",50844.000,
"30.07.2024 14:45",49984.220,
"30.07.2024 15:00",48584.424,
"30.07.2024 15:15",47323.689,
"30.07.2024 15:30",46152.780,
"30.07.2024 15:45",44741.082,
"30.07.2024 16:00",40336.246,
"30.07.2024 16:15",41553.797,
"30.07.2024 16:30",40146.900,
"30.07.2024 16:45",38271.831,
"30.07.2024 17:00",35473.000,
"30.07.2024 17:15",33557.557,
"30.07.2024 17:30",30468.623,
"30.07.2024 17:45",23486.915,
"30.07.2024 18:00",25738.900,
"30.07.2024 18:15",23370.900,
"30.07.2024 18:30",20200.068,
"30.07.2024 18:45",18403.705,
"30.07.2024 19:00",14361.424,
"30.07.2024 19:15",10671.900,
"30.07.2024 19:30",6748.220,
"30.07.2024 19:45",3496.424,
"30.07.2024 20:00",2379.852,
"30.07.2024 20:15",1960.800,
"30.07.2024 20:30",1488.100,
"30.07.2024 20:45",1080.100,
"30.07.2024 21:00",537.000,
"30.07.2024 21:15",184.390,
"30.07.2024 21:30",0.000,
"30.07.2024 21:45",0.000,
"30.07.2024 22:00",0.000,
"30.07.2024 22:15",0.000,
"30.07.2024 22:30",0.000,
"30.07.2024 22:45",0.000,
"30.07.2024 23:00",0.000,
"30.07.2024 23:15",0.000,
"30.07.2024 23:30",0.000,
"30.07.2024 23:45",0.000,
"31.07.2024 00:00",0.000,
"31.07.2024 00:15",0.000,
"31.07.2024 00:30",0.000,
"31.07.2024 00:45",0.000,
"31.07.2024 01:00",0.000,
"31.07.2024 01:15",0.000,
"31.07.2024 01:30",0.000,
"31.07.2024 01:45",0.000,
"31.07.2024 02:00",0.000,
"31.07.2024 02:15",0.000,
"31.07.2024 02:30",0.000,
"31.07.2024 02:45",0.000,
"31.07.2024 03:00",0.000,
"31.07.2024 03:15",0.000,
"31.07.2024 03:30",0.000,
"31.07.2024 03:45",0.000,
"31.07.2024 04:00",0.000,
"31.07.2024 04:15",0.000,
"31.07.2024 04:30",0.000,
"31.07.2024 04:45",0.000,
"31.07.2024 05:00",0.000,
"31.07.2024 05:15",0.000,
"31.07.2024 05:30",225.100,
"31.07.2024 05:45",703.049,
"31.07.2024 06:00",1281.136,
"31.07.2024 06:15",1974.900,
"31.07.2024 06:30",2008.000,
"31.07.2024 06:45",3416.800,
"31.07.2024 07:00",7553.100,
"31.07.2024 07:15",9699.966,
"31.07.2024 07:30",11931.100,
"31.07.2024 07:45",9412.356,
"31.07.2024 08:00",15156.000,
"31.07.2024 08:15",11673.100,
"31.07.2024 08:30",15223.787,
"31.07.2024 08:45",15825.932,
"31.07.2024 09:00",29220.656,
"31.07.2024 09:15",30267.869,
"31.07.2024 09:30",31799.339,
"31.07.2024 09:45",34345.800,
"31.07.2024 10:00",34500.000,
"31.07.2024 10:15",27328.200,
"31.07.2024 10:30",42750.098,
"31.07.2024 10:45",32854.115,
"31.07.2024 11:00",45797.458,
"31.07.2024 11:15",43018.900,
"31.07.2024 11:30",26811.000,
"31.07.2024 11:45",38388.525,
"31.07.2024 12:00",48422.900,
"31.07.2024 12:15",53508.000,
"31.07.2024 12:30",38197.186,
"31.07.2024 12:45",38285.328,
"31.07.2024 13:00",50012.000,
"31.07.2024 13:15",54179.000,
"31.07.2024 13:30",36588.966,
"31.07.2024 13:45",43612.803,
"31.07.2024 14:00",51105.900,
"31.07.2024 14:15",50989.000,
"31.07.2024 14:30",49885.000,
"31.07.2024 14:45",52126.339,
"31.07.2024 15:00",42187.017,
"31.07.2024 15:15",34738.102,
"31.07.2024 15:30",40552.311,
"31.07.2024 15:45",38082.949,
"31.07.2024 16:00",33961.100,
"31.07.2024 16:15",13753.900,
"31.07.2024 16:30",33236.100,
"31.07.2024 16:45",36628.000,
"31.07.2024 17:00",34381.100,
"31.07.2024 17:15",32348.000,
"31.07.2024 17:30",29693.000,
"31.07.2024 17:45",26982.900,
"31.07.2024 18:00",24415.100,
"31.07.2024 18:15",21869.000,
"31.07.2024 18:30",19579.689,
"31.07.2024 18:45",16883.000,
"31.07.2024 19:00",13101.424,
"31.07.2024 19:15",9901.000,
"31.07.2024 19:30",5976.200,
"31.07.2024 19:45",3766.949,
"31.07.2024 20:00",2778.951,
"31.07.2024 20:15",2229.458,
"31.07.2024 20:30",1730.492,
"31.07.2024 20:45",1188.049,
"31.07.2024 21:00",670.288,
"31.07.2024 21:15",179.900,
"31.07.2024 21:30",0.000,
"31.07.2024 21:45",0.000,
"31.07.2024 22:00",0.000,
"31.07.2024 22:15",0.000,
"31.07.2024 22:30",0.000,
"31.07.2024 22:45",0.000,
"31.07.2024 23:00",0.000,
"31.07.2024 23:15",0.000,
"31.07.2024 23:30",0.000,
"31.07.2024 23:45",0.000,
"01.08.2024 00:00",0.000,
"01.08.2024 00:15",0.000,
"01.08.2024 00:30",0.000,
"01.08.2024 00:45",0.000,
"01.08.2024 01:00",0.000,
"01.08.2024 01:15",0.000,
"01.08.2024 01:30",0.000,
"01.08.2024 01:45",0.000,
"01.08.2024 02:00",0.000,
"01.08.2024 02:15",0.000,
"01.08.2024 02:30",0.000,
"01.08.2024 02:45",0.000,
"01.08.2024 03:00",0.000,
"01.08.2024 03:15",0.000,
"01.08.2024 03:30",0.000,
"01.08.2024 03:45",0.000,
"01.08.2024 04:00",0.000,
"01.08.2024 04:15",0.000,
"01.08.2024 04:30",0.000,
"01.08.2024 04:45",0.000,
"01.08.2024 05:00",0.000,
"01.08.2024 05:15",0.000,
"01.08.2024 05:30",0.000,
"01.08.2024 05:45",274.100,
"01.08.2024 06:00",812.610,
"01.08.2024 06:15",1371.180,
"01.08.2024 06:30",1884.115,
"01.08.2024 06:45",3066.000,
"01.08.2024 07:00",7319.000,
"01.08.2024 07:15",9740.000,
"01.08.2024 07:30",12010.100,
"01.08.2024 07:45",14449.295,
"01.08.2024 08:00",17014.898,
"01.08.2024 08:15",19611.678,
"01.08.2024 08:30",22019.377,
"01.08.2024 08:45",25353.034,
"01.08.2024 09:00",27777.623,
"01.08.2024 09:15",31085.000,
"01.08.2024 09:30",32134.900,
"01.08.2024 09:45",35131.000,
"01.08.2024 10:00",37247.246,
"01.08.2024 10:15",39382.800,
"01.08.2024 10:30",21118.800,
"01.08.2024 10:45",43507.900,
"01.08.2024 11:00",44530.068,
"01.08.2024 11:15",46255.900,
"01.08.2024 11:30",47496.644,
"01.08.2024 11:45",48844.000,
"01.08.2024 12:00",49840.000,
"01.08.2024 12:15",50953.100,
"01.08.2024 12:30",50214.305,
"01.08.2024 12:45",52097.695,
"01.08.2024 13:00",51989.729,
"01.08.2024 13:15",52322.864,
"01.08.2024 13:30",52482.148,
"01.08.2024 13:45",52452.000,
"01.08.2024 14:00",52599.900,
"01.08.2024 14:15",52757.295,
"01.08.2024 14:30",51299.000,
"01.08.2024 14:45",51211.864,
"01.08.2024 15:00",49957.000,
"01.08.2024 15:15",49316.100,
"01.08.2024 15:30",45254.459,
"01.08.2024 15:45",38144.250,
"01.08.2024 16:00",38357.900,
"01.08.2024 16:15",32198.900,
"01.08.2024 16:30",23683.100,
"01.08.2024 16:45",20784.814,
"01.08.2024 17:00",21121.918,
"01.08.2024 17:15",26116.000,
"01.08.2024 17:30",24003.131,
"01.08.2024 17:45",20500.000,
"01.08.2024 18:00",14618.441,
"01.08.2024 18:15",12810.900,
"01.08.2024 18:30",11572.000,
"01.08.2024 18:45",10100.407,
"01.08.2024 19:00",8244.900,
"01.08.2024 19:15",6381.932,
"01.08.2024 19:30",5603.705,
"01.08.2024 19:45",5097.780,
"01.08.2024 20:00",4865.305,
"01.08.2024 20:15",3845.100,
"01.08.2024 20:30",2503.800,
"01.08.2024 20:45",1308.721,
"01.08.2024 21:00",460.237,
"01.08.2024 21:15",0.000,
"01.08.2024 21:30",0.000,
"01.08.2024 21:45",0.000,
"01.08.2024 22:00",0.000,
"01.08.2024 22:15",0.000,
"01.08.2024 22:30",0.000,
"01.08.2024 22:45",0.000,
"01.08.2024 23:00",0.000,
"01.08.2024 23:15",0.000,
"01.08.2024 23:30",0.000,
"01.08.2024 23:45",0.000,
"02.08.2024 00:00",0.000,
"02.08.2024 00:15",0.000,
"02.08.2024 00:30",0.000,
"02.08.2024 00:45",0.000,
"02.08.2024 01:00",0.000,
"02.08.2024 01:15",0.000,
"02.08.2024 01:30",0.000,
"02.08.2024 01:45",0.000,
"02.08.2024 02:00",0.000,
"02.08.2024 02:15",0.000,
"02.08.2024 02:30",0.000,
"02.08.2024 02:45",0.000,
"02.08.2024 03:00",0.000,
"02.08.2024 03:15",0.000,
"02.08.2024 03:30",0.000,
"02.08.2024 03:45",0.000,
"02.08.2024 04:00",0.000,
"02.08.2024 04:15",0.000,
"02.08.2024 04:30",0.000,
"02.08.2024 04:45",0.000,
"02.08.2024 05:00",0.000,
"02.08.2024 05:15",0.000,
"02.08.2024 05:30",0.000,
"02.08.2024 05:45",0.000,
"02.08.2024 06:00",0.000,
"02.08.2024 06:15",296.100,
"02.08.2024 06:30",704.016,
"02.08.2024 06:45",904.390,
"02.08.2024 07:00",1233.148,
"02.08.2024 07:15",2070.098,
"02.08.2024 07:30",2732.100,
"02.08.2024 07:45",3312.148,
"02.08.2024 08:00",3609.900,
"02.08.2024 08:15",4371.746,
"02.08.2024 08:30",6421.678,
"02.08.2024 08:45",10400.000,
"02.08.2024 09:00",9358.885,
"02.08.2024 09:15",9787.344,
"02.08.2024 09:30",12016.410,
"02.08.2024 09:45",14335.729,
"02.08.2024 10:00",15712.441,
"02.08.2024 10:15",16638.610,
"02.08.2024 10:30",11705.100,
"02.08.2024 10:45",9546.100,
"02.08.2024 11:00",11185.900,
"02.08.2024 11:15",11398.000,
"02.08.2024 11:30",12863.900,
"02.08.2024 11:45",13236.780,
"02.08.2024 12:00",12816.900,
"02.08.2024 12:15",13795.279,
"02.08.2024 12:30",16009.898,
"02.08.2024 12:45",16875.900,
"02.08.2024 13:00",16915.000,
"02.08.2024 13:15",18615.000,
"02.08.2024 13:30",20530.746,
"02.08.2024 13:45",22414.000,
"02.08.2024 14:00",24147.246,
"02.08.2024 14:15",24682.900,
"02.08.2024 14:30",20225.492,
"02.08.2024 14:45",19177.246,
"02.08.2024 15:00",21709.051,
"02.08.2024 15:15",31628.288,
"02.08.2024 15:30",36056.672,
"02.08.2024 15:45",23751.820,
"02.08.2024 16:00",17563.136,
"02.08.2024 16:15",13650.831,
"02.08.2024 16:30",19196.068,
"02.08.2024 16:45",15684.000,
"02.08.2024 17:00",24039.576,
"02.08.2024 17:15",26352.410,
"02.08.2024 17:30",20575.746,
"02.08.2024 17:45",19107.377,
"02.08.2024 18:00",10544.100,
"02.08.2024 18:15",7983.000,
"02.08.2024 18:30",4921.100,
"02.08.2024 18:45",4625.836,
"02.08.2024 19:00",7072.800,
"02.08.2024 19:15",7014.220,
"02.08.2024 19:30",6343.000,
"02.08.2024 19:45",3848.200,
"02.08.2024 20:00",2374.000,
"02.08.2024 20:15",1353.900,
"02.08.2024 20:30",910.000,
"02.08.2024 20:45",506.885,
"02.08.2024 21:00",231.085,
"02.08.2024 21:15",0.000,
"02.08.2024 21:30",0.000,
"02.08.2024 21:45",0.000,
"02.08.2024 22:00",0.000,
"02.08.2024 22:15",0.000,
"02.08.2024 22:30",0.000,
"02.08.2024 22:45",0.000,
"02.08.2024 23:00",0.000,
"02.08.2024 23:15",0.000,
"02.08.2024 23:30",0.000,
"02.08.2024 23:45",0.000,
"03.08.2024 00:00",0.000,
"03.08.2024 00:15",0.000,
"03.08.2024 00:30",0.000,
"03.08.2024 00:45",0.000,
"03.08.2024 01:00",0.000,
"03.08.2024 01:15",0.000,
"03.08.2024 01:30",0.000,
"03.08.2024 01:45",0.000,
"03.08.2024 02:00",0.000,
"03.08.2024 02:15",0.000,
"03.08.2024 02:30",0.000,
"03.08.2024 02:45",0.000,
"03.08.2024 03:00",0.000,
"03.08.2024 03:15",0.000,
"03.08.2024 03:30",0.000,
"03.08.2024 03:45",0.000,
"03.08.2024 04:00",0.000,
"03.08.2024 04:15",0.000,
"03.08.2024 04:30",0.000,
"03.08.2024 04:45",0.000,
"03.08.2024 05:00",0.000,
"03.08.2024 05:15",0.000,
"03.08.2024 05:30",0.000,
"03.08.2024 05:45",253.100,
"03.08.2024 06:00",843.525,
"03.08.2024 06:15",1341.900,
"03.08.2024 06:30",2524.390,
"03.08.2024 06:45",5362.017,
"03.08.2024 07:00",6603.000,
"03.08.2024 07:15",8322.230,
"03.08.2024 07:30",10483.213,
"03.08.2024 07:45",12475.800,
"03.08.2024 08:00",14439.900,
"03.08.2024 08:15",17272.100,
"03.08.2024 08:30",19681.763,
"03.08.2024 08:45",22970.689,
"03.08.2024 09:00",30012.610,
"03.08.2024 09:15",31780.800,
"03.08.2024 09:30",30617.164,
"03.08.2024 09:45",32640.100,
"03.08.2024 10:00",34210.915,
"03.08.2024 10:15",37639.869,
"03.08.2024 10:30",39411.902,
"03.08.2024 10:45",41787.000,
"03.08.2024 11:00",42133.644,
"03.08.2024 11:15",44124.100,
"03.08.2024 11:30",33492.328,
"03.08.2024 11:45",28608.000,
"03.08.2024 12:00",26224.900,
"03.08.2024 12:15",31314.983,
"03.08.2024 12:30",36703.719,
"03.08.2024 12:45",22483.803,
"03.08.2024 13:00",22517.542,
"03.08.2024 13:15",14793.869,
"03.08.2024 13:30",33878.900,
"03.08.2024 13:45",47558.541,
"03.08.2024 14:00",42820.576,
"03.08.2024 14:15",36877.672,
"03.08.2024 14:30",28650.164,
"03.08.2024 14:45",55292.984,
"03.08.2024 15:00",30880.800,
"03.08.2024 15:15",44423.712,
"03.08.2024 15:30",23876.000,
"03.08.2024 15:45",21706.102,
"03.08.2024 16:00",27745.902,
"03.08.2024 16:15",12877.100,
"03.08.2024 16:30",10514.576,
"03.08.2024 16:45",17177.459,
"03.08.2024 17:00",12740.410,
"03.08.2024 17:15",7815.180,
"03.08.2024 17:30",4537.200,
"03.08.2024 17:45",3265.000,
"03.08.2024 18:00",5072.475,
"03.08.2024 18:15",5531.508,
"03.08.2024 18:30",3376.934,
"03.08.2024 18:45",4377.900,
"03.08.2024 19:00",5113.607,
"03.08.2024 19:15",4258.525,
"03.08.2024 19:30",3884.542,
"03.08.2024 19:45",3474.900,
"03.08.2024 20:00",3863.390,
"03.08.2024 20:15",2908.852,
"03.08.2024 20:30",2807.000,
"03.08.2024 20:45",1538.102,
"03.08.2024 21:00",444.754,
"03.08.2024 21:15",139.951,
"03.08.2024 21:30",0.000,
"03.08.2024 21:45",0.000,
"03.08.2024 22:00",0.000,
"03.08.2024 22:15",0.000,
"03.08.2024 22:30",0.000,
"03.08.2024 22:45",0.000,
"03.08.2024 23:00",0.000,
"03.08.2024 23:15",0.000,
"03.08.2024 23:30",0.000,
"03.08.2024 23:45",0.000,
"04.08.2024 00:00",0.000,
"04.08.2024 00:15",0.000,
"04.08.2024 00:30",0.000,
"04.08.2024 00:45",0.000,
"04.08.2024 01:00",0.000,
"04.08.2024 01:15",0.000,
"04.08.2024 01:30",0.000,
"04.08.2024 01:45",0.000,
"04.08.2024 02:00",0.000,
"04.08.2024 02:15",0.000,
"04.08.2024 02:30",0.000,
"04.08.2024 02:45",0.000,
"04.08.2024 03:00",0.000,
"04.08.2024 03:15",0.000,
"04.08.2024 03:30",0.000,
"04.08.2024 03:45",0.000,
"04.08.2024 04:00",0.000,
"04.08.2024 04:15",0.000,
"04.08.2024 04:30",0.000,
"04.08.2024 04:45",0.000,
"04.08.2024 05:00",0.000,
"04.08.2024 05:15",0.000,
"04.08.2024 05:30",0.000,
"04.08.2024 05:45",0.000,
"04.08.2024 06:00",0.000,
"04.08.2024 06:15",586.000,
"04.08.2024 06:30",2110.836,
"04.08.2024 06:45",2046.164,
"04.08.2024 07:00",3653.441,
"04.08.2024 07:15",3249.100,
"04.08.2024 07:30",3006.051,
"04.08.2024 07:45",6683.393,
"04.08.2024 08:00",5729.200,
"04.08.2024 08:15",2940.000,
"04.08.2024 08:30",14034.000,
"04.08.2024 08:45",25330.000,
"04.08.2024 09:00",21564.900,
"04.08.2024 09:15",21392.639,
"04.08.2024 09:30",12456.200,
"04.08.2024 09:45",17740.443,
"04.08.2024 10:00",21799.900,
"04.08.2024 10:15",16271.441,
"04.08.2024 10:30",24202.475,
"04.08.2024 10:45",24054.213,
"04.08.2024 11:00",16409.900,
"04.08.2024 11:15",20141.915,
"04.08.2024 11:30",16059.119,
"04.08.2024 11:45",12500.800,
"04.08.2024 12:00",7812.800,
"04.08.2024 12:15",9334.100,
"04.08.2024 12:30",4471.339,
"04.08.2024 12:45",5636.000,
"04.08.2024 13:00",9229.180,
"04.08.2024 13:15",14324.390,
"04.08.2024 13:30",17286.100,
"04.08.2024 13:45",23542.100,
"04.08.2024 14:00",16320.100,
"04.08.2024 14:15",14423.900,
"04.08.2024 14:30",23348.770,
"04.08.2024 14:45",16244.034,
"04.08.2024 15:00",6800.607,
"04.08.2024 15:15",36179.000,
"04.08.2024 15:30",22890.100,
"04.08.2024 15:45",23085.220,
"04.08.2024 16:00",32787.100,
"04.08.2024 16:15",53262.000,
"04.08.2024 16:30",40465.237,
"04.08.2024 16:45",43697.610,
"04.08.2024 17:00",8431.000,
"04.08.2024 17:15",35158.695,
"04.08.2024 17:30",34601.800,
"04.08.2024 17:45",29686.100,
"04.08.2024 18:00",28475.098,
"04.08.2024 18:15",24296.000,
"04.08.2024 18:30",20124.000,
"04.08.2024 18:45",4221.000,
"04.08.2024 19:00",12397.475,
"04.08.2024 19:15",8935.900,
"04.08.2024 19:30",5042.458,
"04.08.2024 19:45",2862.200,
"04.08.2024 20:00",2171.721,
"04.08.2024 20:15",1676.934,
"04.08.2024 20:30",1367.712,
"04.08.2024 20:45",761.900,
"04.08.2024 21:00",278.000,
"04.08.2024 21:15",0.000,
"04.08.2024 21:30",0.000,
"04.08.2024 21:45",0.000,
"04.08.2024 22:00",0.000,
"04.08.2024 22:15",0.000,
"04.08.2024 22:30",0.000,
"04.08.2024 22:45",0.000,
"04.08.2024 23:00",0.000,
"04.08.2024 23:15",0.000,
"04.08.2024 23:30",0.000,
"04.08.2024 23:45",0.000,
"05.08.2024 00:00",0.000,
"05.08.2024 00:15",0.000,
"05.08.2024 00:30",0.000,
"05.08.2024 00:45",0.000,
"05.08.2024 01:00",0.000,
"05.08.2024 01:15",0.000,
"05.08.2024 01:30",0.000,
"05.08.2024 01:45",0.000,
"05.08.2024 02:00",0.000,
"05.08.2024 02:15",0.000,
"05.08.2024 02:30",0.000,
"05.08.2024 02:45",-0.450,
"05.08.2024 03:00",0.000,
"05.08.2024 03:15",0.000,
"05.08.2024 03:30",0.000,
"05.08.2024 03:45",0.000,
"05.08.2024 04:00",0.000,
"05.08.2024 04:15",0.000,
"05.08.2024 04:30",0.000,
"05.08.2024 04:45",0.000,
"05.08.2024 05:00",0.000,
"05.08.2024 05:15",0.000,
"05.08.2024 05:30",0.000,
"05.08.2024 05:45",0.000,
"05.08.2024 06:00",636.000,
"05.08.2024 06:15",1077.780,
"05.08.2024 06:30",1191.831,
"05.08.2024 06:45",2932.508,
"05.08.2024 07:00",4777.373,
"05.08.2024 07:15",6739.000,
"05.08.2024 07:30",7501.100,
"05.08.2024 07:45",17597.000,
"05.08.2024 08:00",14415.900,
"05.08.2024 08:15",5513.131,
"05.08.2024 08:30",5202.610,
"05.08.2024 08:45",24216.000,
"05.08.2024 09:00",16995.098,
"05.08.2024 09:15",11129.049,
"05.08.2024 09:30",6727.627,
"05.08.2024 09:45",16367.100,
"05.08.2024 10:00",12204.136,
"05.08.2024 10:15",13198.000,
"05.08.2024 10:30",41762.186,
"05.08.2024 10:45",47667.000,
"05.08.2024 11:00",46906.100,
"05.08.2024 11:15",14930.000,
"05.08.2024 11:30",22592.000,
"05.08.2024 11:45",16247.393,
"05.08.2024 12:00",17374.900,
"05.08.2024 12:15",13849.900,
"05.08.2024 12:30",19746.000,
"05.08.2024 12:45",23793.000,
"05.08.2024 13:00",25327.900,
"05.08.2024 13:15",18131.763,
"05.08.2024 13:30",14553.200,
"05.08.2024 13:45",8950.900,
"05.08.2024 14:00",12595.100,
"05.08.2024 14:15",23570.000,
"05.08.2024 14:30",24981.695,
"05.08.2024 14:45",26719.607,
"05.08.2024 15:00",26065.254,
"05.08.2024 15:15",66848.000,
"05.08.2024 15:30",12891.900,
"05.08.2024 15:45",45935.900,
"05.08.2024 16:00",12725.279,
"05.08.2024 16:15",6570.984,
"05.08.2024 16:30",8463.000,
"05.08.2024 16:45",35934.100,
"05.08.2024 17:00",11608.100,
"05.08.2024 17:15",15555.426,
"05.08.2024 17:30",7491.000,
"05.08.2024 17:45",10262.000,
"05.08.2024 18:00",4625.200,
"05.08.2024 18:15",6582.000,
"05.08.2024 18:30",5769.831,
"05.08.2024 18:45",2421.068,
"05.08.2024 19:00",4693.900,
"05.08.2024 19:15",3478.100,
"05.08.2024 19:30",3383.100,
"05.08.2024 19:45",4455.237,
"05.08.2024 20:00",4945.322,
"05.08.2024 20:15",2850.100,
"05.08.2024 20:30",2269.200,
"05.08.2024 20:45",1065.100,
"05.08.2024 21:00",343.559,
"05.08.2024 21:15",0.000,
"05.08.2024 21:30",0.000,
"05.08.2024 21:45",0.000,
"05.08.2024 22:00",0.000,
"05.08.2024 22:15",0.000,
"05.08.2024 22:30",0.000,
"05.08.2024 22:45",0.000,
"05.08.2024 23:00",0.000,
"05.08.2024 23:15",0.000,
"05.08.2024 23:30",0.000,
"05.08.2024 23:45",0.000,
"06.08.2024 00:00",0.000,
"06.08.2024 00:15",0.000,
"06.08.2024 00:30",0.000,
"06.08.2024 00:45",0.000,
"06.08.2024 01:00",0.000,
"06.08.2024 01:15",0.000,
"06.08.2024 01:30",0.000,
"06.08.2024 01:45",0.000,
"06.08.2024 02:00",0.000,
"06.08.2024 02:15",0.000,
"06.08.2024 02:30",0.000,
"06.08.2024 02:45",0.000,
"06.08.2024 03:00",0.000,
"06.08.2024 03:15",0.000,
"06.08.2024 03:30",0.000,
"06.08.2024 03:45",0.000,
"06.08.2024 04:00",0.000,
"06.08.2024 04:15",0.000,
"06.08.2024 04:30",0.000,
"06.08.2024 04:45",0.000,
"06.08.2024 05:00",0.000,
"06.08.2024 05:15",0.000,
"06.08.2024 05:30",0.000,
"06.08.2024 05:45",0.000,
"06.08.2024 06:00",529.200,
"06.08.2024 06:15",1024.373,
"06.08.2024 06:30",1556.068,
"06.08.2024 06:45",2254.000,
"06.08.2024 07:00",4774.000,
"06.08.2024 07:15",8191.100,
"06.08.2024 07:30",10046.000,
"06.08.2024 07:45",12246.100,
"06.08.2024 08:00",14610.800,
"06.08.2024 08:15",17026.900,
"06.08.2024 08:30",19576.100,
"06.08.2024 08:45",22653.000,
"06.08.2024 09:00",19496.271,
"06.08.2024 09:15",7366.200,
"06.08.2024 09:30",23933.900,
"06.08.2024 09:45",33728.800,
"06.08.2024 10:00",28114.016,
"06.08.2024 10:15",25306.900,
"06.08.2024 10:30",31581.712,
"06.08.2024 10:45",40943.000,
"06.08.2024 11:00",44553.627,
"06.08.2024 11:15",43829.100,
"06.08.2024 11:30",45028.100,
"06.08.2024 11:45",45752.441,
"06.08.2024 12:00",47300.000,
"06.08.2024 12:15",48271.068,
"06.08.2024 12:30",48299.100,
"06.08.2024 12:45",49469.000,
"06.08.2024 13:00",49002.000,
"06.08.2024 13:15",49152.000,
"06.08.2024 13:30",49331.254,
"06.08.2024 13:45",49669.213,
"06.08.2024 14:00",48768.220,
"06.08.2024 14:15",49909.000,
"06.08.2024 14:30",30464.000,
"06.08.2024 14:45",39414.443,
"06.08.2024 15:00",54598.900,
"06.08.2024 15:15",46904.787,
"06.08.2024 15:30",43619.237,
"06.08.2024 15:45",15722.000,
"06.08.2024 16:00",42692.593,
"06.08.2024 16:15",34144.900,
"06.08.2024 16:30",37511.000,
"06.08.2024 16:45",35797.712,
"06.08.2024 17:00",31821.610,
"06.08.2024 17:15",29904.000,
"06.08.2024 17:30",27518.148,
"06.08.2024 17:45",18080.754,
"06.08.2024 18:00",18575.900,
"06.08.2024 18:15",19413.288,
"06.08.2024 18:30",19993.100,
"06.08.2024 18:45",16093.900,
"06.08.2024 19:00",11322.000,
"06.08.2024 19:15",9226.169,
"06.08.2024 19:30",5633.705,
"06.08.2024 19:45",3927.017,
"06.08.2024 20:00",2471.541,
"06.08.2024 20:15",999.542,
"06.08.2024 20:30",1246.068,
"06.08.2024 20:45",750.100,
"06.08.2024 21:00",154.000,
"06.08.2024 21:15",0.000,
"06.08.2024 21:30",0.000,
"06.08.2024 21:45",0.000,
"06.08.2024 22:00",0.000,
"06.08.2024 22:15",0.000,
"06.08.2024 22:30",0.000,
"06.08.2024 22:45",0.000,
"06.08.2024 23:00",0.000,
"06.08.2024 23:15",0.000,
"06.08.2024 23:30",0.000,
"06.08.2024 23:45",0.000,
"07.08.2024 00:00",0.000,
"07.08.2024 00:15",0.000,
"07.08.2024 00:30",0.000,
"07.08.2024 00:45",0.000,
"07.08.2024 01:00",0.000,
"07.08.2024 01:15",0.000,
"07.08.2024 01:30",0.000,
"07.08.2024 01:45",0.000,
"07.08.2024 02:00",0.000,
"07.08.2024 02:15",0.000,
"07.08.2024 02:30",0.000,
"07.08.2024 02:45",0.000,
"07.08.2024 03:00",0.000,
"07.08.2024 03:15",0.000,
"07.08.2024 03:30",0.000,
"07.08.2024 03:45",0.000,
"07.08.2024 04:00",0.000,
"07.08.2024 04:15",0.000,
"07.08.2024 04:30",0.000,
"07.08.2024 04:45",0.000,
"07.08.2024 05:00",0.000,
"07.08.2024 05:15",0.000,
"07.08.2024 05:30",0.000,
"07.08.2024 05:45",0.000,
"07.08.2024 06:00",226.800,
"07.08.2024 06:15",1068.000,
"07.08.2024 06:30",1533.951,
"07.08.2024 06:45",2744.475,
"07.08.2024 07:00",2963.049,
"07.08.2024 07:15",6611.738,
"07.08.2024 07:30",6544.661,
"07.08.2024 07:45",10049.900,
"07.08.2024 08:00",14556.254,
"07.08.2024 08:15",19097.305,
"07.08.2024 08:30",18669.000,
"07.08.2024 08:45",27124.459,
"07.08.2024 09:00",29653.458,
"07.08.2024 09:15",25573.900,
"07.08.2024 09:30",29534.000,
"07.08.2024 09:45",31566.000,
"07.08.2024 10:00",34601.803,
"07.08.2024 10:15",34943.100,
"07.08.2024 10:30",26776.831,
"07.08.2024 10:45",16068.881,
"07.08.2024 11:00",25138.100,
"07.08.2024 11:15",41243.100,
"07.08.2024 11:30",41953.967,
"07.08.2024 11:45",29884.576,
"07.08.2024 12:00",35099.186,
"07.08.2024 12:15",24718.000,
"07.08.2024 12:30",34613.295,
"07.08.2024 12:45",23350.900,
"07.08.2024 13:00",21407.900,
"07.08.2024 13:15",6968.100,
"07.08.2024 13:30",11162.525,
"07.08.2024 13:45",9352.424,
"07.08.2024 14:00",25116.000,
"07.08.2024 14:15",24321.900,
"07.08.2024 14:30",25424.967,
"07.08.2024 14:45",26104.100,
"07.08.2024 15:00",22688.100,
"07.08.2024 15:15",22478.049,
"07.08.2024 15:30",24844.000,
"07.08.2024 15:45",18979.900,
"07.08.2024 16:00",9445.100,
"07.08.2024 16:15",12094.000,
"07.08.2024 16:30",9172.000,
"07.08.2024 16:45",7202.000,
"07.08.2024 17:00",8445.000,
"07.08.2024 17:15",6220.068,
"07.08.2024 17:30",6813.797,
"07.08.2024 17:45",3240.576,
"07.08.2024 18:00",1625.410,
"07.08.2024 18:15",873.900,
"07.08.2024 18:30",607.800,
"07.08.2024 18:45",608.100,
"07.08.2024 19:00",7232.000,
"07.08.2024 19:15",7032.356,
"07.08.2024 19:30",3954.441,
"07.08.2024 19:45",5908.627,
"07.08.2024 20:00",4038.966,
"07.08.2024 20:15",1762.066,
"07.08.2024 20:30",1409.542,
"07.08.2024 20:45",1060.169,
"07.08.2024 21:00",181.900,
"07.08.2024 21:15",0.000,
"07.08.2024 21:30",0.000,
"07.08.2024 21:45",0.000,
"07.08.2024 22:00",0.000,
"07.08.2024 22:15",0.000,
"07.08.2024 22:30",0.000,
"07.08.2024 22:45",0.000,
"07.08.2024 23:00",0.000,
"07.08.2024 23:15",0.000,
"07.08.2024 23:30",0.000,
"07.08.2024 23:45",0.000,
"08.08.2024 00:00",0.000,
"08.08.2024 00:15",0.000,
"08.08.2024 00:30",0.000,
"08.08.2024 00:45",0.000,
"08.08.2024 01:00",0.000,
"08.08.2024 01:15",0.000,
"08.08.2024 01:30",0.000,
"08.08.2024 01:45",0.000,
"08.08.2024 02:00",0.000,
"08.08.2024 02:15",0.000,
"08.08.2024 02:30",0.000,
"08.08.2024 02:45",0.000,
"08.08.2024 03:00",0.000,
"08.08.2024 03:15",0.000,
"08.08.2024 03:30",0.000,
"08.08.2024 03:45",0.000,
"08.08.2024 04:00",0.000,
"08.08.2024 04:15",0.000,
"08.08.2024 04:30",0.000,
"08.08.2024 04:45",0.000,
"08.08.2024 05:00",0.000,
"08.08.2024 05:15",0.000,
"08.08.2024 05:30",0.000,
"08.08.2024 05:45",0.000,
"08.08.2024 06:00",581.746,
"08.08.2024 06:15",1407.900,
"08.08.2024 06:30",1383.900,
"08.08.2024 06:45",2161.164,
"08.08.2024 07:00",4706.098,
"08.08.2024 07:15",6960.000,
"08.08.2024 07:30",7428.000,
"08.08.2024 07:45",6326.610,
"08.08.2024 08:00",6138.049,
"08.08.2024 08:15",7225.000,
"08.08.2024 08:30",8334.000,
"08.08.2024 08:45",8435.000,
"08.08.2024 09:00",11047.885,
"08.08.2024 09:15",16496.918,
"08.08.2024 09:30",16419.000,
"08.08.2024 09:45",19745.100,
"08.08.2024 10:00",21698.051,
"08.08.2024 10:15",17700.426,
"08.08.2024 10:30",15263.458,
"08.08.2024 10:45",14472.000,
"08.08.2024 11:00",15943.390,
"08.08.2024 11:15",13790.407,
"08.08.2024 11:30",63832.780,
"08.08.2024 11:45",30744.525,
"08.08.2024 12:00",42753.000,
"08.08.2024 12:15",32781.000,
"08.08.2024 12:30",67136.949,
"08.08.2024 12:45",14121.200,
"08.08.2024 13:00",23305.000,
"08.08.2024 13:15",17759.390,
"08.08.2024 13:30",9911.000,
"08.08.2024 13:45",31410.169,
"08.08.2024 14:00",42736.820,
"08.08.2024 14:15",39269.377,
"08.08.2024 14:30",28542.066,
"08.08.2024 14:45",52996.508,
"08.08.2024 15:00",53726.780,
"08.08.2024 15:15",33340.900,
"08.08.2024 15:30",18205.100,
"08.08.2024 15:45",23511.900,
"08.08.2024 16:00",31997.288,
"08.08.2024 16:15",37511.100,
"08.08.2024 16:30",34408.000,
"08.08.2024 16:45",45724.814,
"08.08.2024 17:00",15397.000,
"08.08.2024 17:15",33705.590,
"08.08.2024 17:30",28986.100,
"08.08.2024 17:45",27482.885,
"08.08.2024 18:00",31584.900,
"08.08.2024 18:15",6499.333,
"08.08.2024 18:30",17970.983,
"08.08.2024 18:45",17236.900,
"08.08.2024 19:00",11130.443,
"08.08.2024 19:15",4283.458,
"08.08.2024 19:30",3845.800,
"08.08.2024 19:45",3250.918,
"08.08.2024 20:00",2637.763,
"08.08.2024 20:15",1814.000,
"08.08.2024 20:30",931.902,
"08.08.2024 20:45",388.951,
"08.08.2024 21:00",0.000,
"08.08.2024 21:15",0.000,
"08.08.2024 21:30",0.000,
"08.08.2024 21:45",0.000,
"08.08.2024 22:00",0.000,
"08.08.2024 22:15",0.000,
"08.08.2024 22:30",0.000,
"08.08.2024 22:45",0.000,
"08.08.2024 23:00",0.000,
"08.08.2024 23:15",0.000,
"08.08.2024 23:30",0.000,
"08.08.2024 23:45",0.000,
"09.08.2024 00:00",0.000,
"09.08.2024 00:15",0.000,
"09.08.2024 00:30",0.000,
"09.08.2024 00:45",0.000,
"09.08.2024 01:00",0.000,
"09.08.2024 01:15",0.000,
"09.08.2024 01:30",0.000,
"09.08.2024 01:45",0.000,
"09.08.2024 02:00",0.000,
"09.08.2024 02:15",0.000,
"09.08.2024 02:30",0.000,
"09.08.2024 02:45",0.000,
"09.08.2024 03:00",0.000,
"09.08.2024 03:15",0.000,
"09.08.2024 03:30",0.000,
"09.08.2024 03:45",0.000,
"09.08.2024 04:00",0.000,
"09.08.2024 04:15",0.000,
"09.08.2024 04:30",0.000,
"09.08.2024 04:45",0.000,
"09.08.2024 05:00",0.000,
"09.08.2024 05:15",0.000,
"09.08.2024 05:30",0.000,
"09.08.2024 05:45",0.000,
"09.08.2024 06:00",0.000,
"09.08.2024 06:15",396.984,
"09.08.2024 06:30",734.983,
"09.08.2024 06:45",1064.049,
"09.08.2024 07:00",1393.770,
"09.08.2024 07:15",1291.082,
"09.08.2024 07:30",1557.000,
"09.08.2024 07:45",2703.000,
"09.08.2024 08:00",1481.068,
"09.08.2024 08:15",3418.100,
"09.08.2024 08:30",2515.390,
"09.08.2024 08:45",2674.311,
"09.08.2024 09:00",2640.900,
"09.08.2024 09:15",4585.200,
"09.08.2024 09:30",3842.949,
"09.08.2024 09:45",4993.639,
"09.08.2024 10:00",3788.017,
"09.08.2024 10:15",5806.915,
"09.08.2024 10:30",4161.424,
"09.08.2024 10:45",12030.000,
"09.08.2024 11:00",7082.102,
"09.08.2024 11:15",4387.610,
"09.08.2024 11:30",4698.559,
"09.08.2024 11:45",5205.000,
"09.08.2024 12:00",5965.424,
"09.08.2024 12:15",6130.016,
"09.08.2024 12:30",10246.738,
"09.08.2024 12:45",11022.900,
"09.08.2024 13:00",15577.100,
"09.08.2024 13:15",10022.627,
"09.08.2024 13:30",7366.900,
"09.08.2024 13:45",2747.000,
"09.08.2024 14:00",36572.820,
"09.08.2024 14:15",10696.900,
"09.08.2024 14:30",28952.574,
"09.08.2024 14:45",14260.900,
"09.08.2024 15:00",46246.100,
"09.08.2024 15:15",29189.426,
"09.08.2024 15:30",27948.695,
"09.08.2024 15:45",19669.898,
"09.08.2024 16:00",40710.984,
"09.08.2024 16:15",18692.820,
"09.08.2024 16:30",43344.100,
"09.08.2024 16:45",14176.000,
"09.08.2024 17:00",38533.983,
"09.08.2024 17:15",7310.800,
"09.08.2024 17:30",39059.661,
"09.08.2024 17:45",30436.200,
"09.08.2024 18:00",28087.750,
"09.08.2024 18:15",17548.525,
"09.08.2024 18:30",20877.000,
"09.08.2024 18:45",14578.119,
"09.08.2024 19:00",8049.200,
"09.08.2024 19:15",7592.525,
"09.08.2024 19:30",4750.000,
"09.08.2024 19:45",2844.000,
"09.08.2024 20:00",3275.016,
"09.08.2024 20:15",2074.100,
"09.08.2024 20:30",1011.000,
"09.08.2024 20:45",553.678,
"09.08.2024 21:00",131.200,
"09.08.2024 21:15",0.000,
"09.08.2024 21:30",0.000,
"09.08.2024 21:45",0.000,
"09.08.2024 22:00",0.000,
"09.08.2024 22:15",0.000,
"09.08.2024 22:30",0.000,
"09.08.2024 22:45",0.000,
"09.08.2024 23:00",0.000,
"09.08.2024 23:15",0.000,
"09.08.2024 23:30",0.000,
"09.08.2024 23:45",0.000,
"10.08.2024 00:00",0.000,
"10.08.2024 00:15",0.000,
"10.08.2024 00:30",0.000,
"10.08.2024 00:45",0.000,
"10.08.2024 01:00",0.000,
"10.08.2024 01:15",0.000,
"10.08.2024 01:30",0.000,
"10.08.2024 01:45",0.000,
"10.08.2024 02:00",0.000,
"10.08.2024 02:15",0.000,
"10.08.2024 02:30",0.000,
"10.08.2024 02:45",-0.454,
"10.08.2024 03:00",0.000,
"10.08.2024 03:15",0.000,
"10.08.2024 03:30",0.000,
"10.08.2024 03:45",0.000,
"10.08.2024 04:00",0.000,
"10.08.2024 04:15",0.000,
"10.08.2024 04:30",0.000,
"10.08.2024 04:45",0.000,
"10.08.2024 05:00",0.000,
"10.08.2024 05:15",0.000,
"10.08.2024 05:30",0.000,
"10.08.2024 05:45",0.000,
"10.08.2024 06:00",0.000,
"10.08.2024 06:15",285.900,
"10.08.2024 06:30",845.153,
"10.08.2024 06:45",649.213,
"10.08.2024 07:00",1529.016,
"10.08.2024 07:15",7266.780,
"10.08.2024 07:30",10485.915,
"10.08.2024 07:45",3214.407,
"10.08.2024 08:00",11376.237,
"10.08.2024 08:15",9929.900,
"10.08.2024 08:30",9262.000,
"10.08.2024 08:45",13069.000,
"10.08.2024 09:00",6043.200,
"10.08.2024 09:15",11147.000,
"10.08.2024 09:30",31057.393,
"10.08.2024 09:45",42345.100,
"10.08.2024 10:00",33460.900,
"10.08.2024 10:15",39333.000,
"10.08.2024 10:30",26478.148,
"10.08.2024 10:45",40972.864,
"10.08.2024 11:00",57073.475,
"10.08.2024 11:15",3698.373,
"10.08.2024 11:30",17442.864,
"10.08.2024 11:45",20094.900,
"10.08.2024 12:00",7856.000,
"10.08.2024 12:15",52799.100,
"10.08.2024 12:30",51587.900,
"10.08.2024 12:45",52424.900,
"10.08.2024 13:00",52438.279,
"10.08.2024 13:15",57380.900,
"10.08.2024 13:30",21924.000,
"10.08.2024 13:45",12627.639,
"10.08.2024 14:00",52993.900,
"10.08.2024 14:15",54617.803,
"10.08.2024 14:30",27009.279,
"10.08.2024 14:45",55464.644,
"10.08.2024 15:00",42635.000,
"10.08.2024 15:15",56208.305,
"10.08.2024 15:30",25013.034,
"10.08.2024 15:45",51866.200,
"10.08.2024 16:00",48183.000,
"10.08.2024 16:15",32349.754,
"10.08.2024 16:30",40721.695,
"10.08.2024 16:45",36327.900,
"10.08.2024 17:00",34155.100,
"10.08.2024 17:15",31533.000,
"10.08.2024 17:30",30227.000,
"10.08.2024 17:45",27364.000,
"10.08.2024 18:00",23589.627,
"10.08.2024 18:15",21033.900,
"10.08.2024 18:30",18478.898,
"10.08.2024 18:45",15567.738,
"10.08.2024 19:00",10128.458,
"10.08.2024 19:15",6594.000,
"10.08.2024 19:30",4176.900,
"10.08.2024 19:45",2496.237,
"10.08.2024 20:00",1770.033,
"10.08.2024 20:15",1370.033,
"10.08.2024 20:30",1100.100,
"10.08.2024 20:45",617.000,
"10.08.2024 21:00",97.900,
"10.08.2024 21:15",0.000,
"10.08.2024 21:30",0.000,
"10.08.2024 21:45",0.000,
"10.08.2024 22:00",0.000,
"10.08.2024 22:15",0.000,
"10.08.2024 22:30",0.000,
"10.08.2024 22:45",0.000,
"10.08.2024 23:00",0.000,
"10.08.2024 23:15",0.000,
"10.08.2024 23:30",0.000,
"10.08.2024 23:45",0.000,
"11.08.2024 00:00",0.000,
"11.08.2024 00:15",0.000,
"11.08.2024 00:30",0.000,
"11.08.2024 00:45",0.000,
"11.08.2024 01:00",0.000,
"11.08.2024 01:15",0.000,
"11.08.2024 01:30",0.000,
"11.08.2024 01:45",0.000,
"11.08.2024 02:00",0.000,
"11.08.2024 02:15",0.000,
"11.08.2024 02:30",0.000,
"11.08.2024 02:45",0.000,
"11.08.2024 03:00",0.000,
"11.08.2024 03:15",0.000,
"11.08.2024 03:30",0.000,
"11.08.2024 03:45",0.000,
"11.08.2024 04:00",0.000,
"11.08.2024 04:15",0.000,
"11.08.2024 04:30",0.000,
"11.08.2024 04:45",0.000,
"11.08.2024 05:00",0.000,
"11.08.2024 05:15",0.000,
"11.08.2024 05:30",0.000,
"11.08.2024 05:45",0.000,
"11.08.2024 06:00",296.918,
"11.08.2024 06:15",923.230,
"11.08.2024 06:30",1595.000,
"11.08.2024 06:45",2914.100,
"11.08.2024 07:00",4510.000,
"11.08.2024 07:15",7025.100,
"11.08.2024 07:30",9495.000,
"11.08.2024 07:45",11565.016,
"11.08.2024 08:00",14165.082,
"11.08.2024 08:15",16895.000,
"11.08.2024 08:30",19517.900,
"11.08.2024 08:45",22378.900,
"11.08.2024 09:00",25221.656,
"11.08.2024 09:15",28687.885,
"11.08.2024 09:30",5873.246,
"11.08.2024 09:45",11884.689,
"11.08.2024 10:00",38851.000,
"11.08.2024 10:15",39935.262,
"11.08.2024 10:30",42179.900,
"11.08.2024 10:45",44819.220,
"11.08.2024 11:00",45507.100,
"11.08.2024 11:15",41111.186,
"11.08.2024 11:30",50983.627,
"11.08.2024 11:45",17524.361,
"11.08.2024 12:00",48189.869,
"11.08.2024 12:15",55815.115,
"11.08.2024 12:30",57680.746,
"11.08.2024 12:45",52368.393,
"11.08.2024 13:00",53530.000,
"11.08.2024 13:15",54125.000,
"11.08.2024 13:30",35084.049,
"11.08.2024 13:45",15502.066,
"11.08.2024 14:00",31511.016,
"11.08.2024 14:15",56176.000,
"11.08.2024 14:30",55470.250,
"11.08.2024 14:45",59435.492,
"11.08.2024 15:00",54301.000,
"11.08.2024 15:15",52931.000,
"11.08.2024 15:30",40578.100,
"11.08.2024 15:45",11993.000,
"11.08.2024 16:00",50835.200,
"11.08.2024 16:15",45479.136,
"11.08.2024 16:30",10092.100,
"11.08.2024 16:45",33791.475,
"11.08.2024 17:00",35531.918,
"11.08.2024 17:15",34824.237,
"11.08.2024 17:30",28959.200,
"11.08.2024 17:45",26332.100,
"11.08.2024 18:00",23608.100,
"11.08.2024 18:15",20969.559,
"11.08.2024 18:30",18512.393,
"11.08.2024 18:45",16376.000,
"11.08.2024 19:00",13728.900,
"11.08.2024 19:15",6686.424,
"11.08.2024 19:30",5937.803,
"11.08.2024 19:45",5607.803,
"11.08.2024 20:00",2894.492,
"11.08.2024 20:15",1521.949,
"11.08.2024 20:30",810.900,
"11.08.2024 20:45",311.000,
"11.08.2024 21:00",0.000,
"11.08.2024 21:15",0.000,
"11.08.2024 21:30",0.000,
"11.08.2024 21:45",0.000,
"11.08.2024 22:00",0.000,
"11.08.2024 22:15",0.000,
"11.08.2024 22:30",0.000,
"11.08.2024 22:45",0.000,
"11.08.2024 23:00",0.000,
"11.08.2024 23:15",0.000,
"11.08.2024 23:30",0.000,
"11.08.2024 23:45",0.000,
"12.08.2024 00:00",0.000,
"12.08.2024 00:15",0.000,
"12.08.2024 00:30",0.000,
"12.08.2024 00:45",0.000,
"12.08.2024 01:00",0.000,
"12.08.2024 01:15",0.000,
"12.08.2024 01:30",0.000,
"12.08.2024 01:45",0.000,
"12.08.2024 02:00",0.000,
"12.08.2024 02:15",0.000,
"12.08.2024 02:30",0.000,
"12.08.2024 02:45",0.000,
"12.08.2024 03:00",0.000,
"12.08.2024 03:15",0.000,
"12.08.2024 03:30",0.000,
"12.08.2024 03:45",0.000,
"12.08.2024 04:00",0.000,
"12.08.2024 04:15",0.000,
"12.08.2024 04:30",0.000,
"12.08.2024 04:45",0.000,
"12.08.2024 05:00",0.000,
"12.08.2024 05:15",0.000,
"12.08.2024 05:30",0.000,
"12.08.2024 05:45",0.000,
"12.08.2024 06:00",195.131,
"12.08.2024 06:15",751.900,
"12.08.2024 06:30",1525.000,
"12.08.2024 06:45",1652.900,
"12.08.2024 07:00",2655.900,
"12.08.2024 07:15",7034.900,
"12.08.2024 07:30",10127.393,
"12.08.2024 07:45",12284.000,
"12.08.2024 08:00",14667.100,
"12.08.2024 08:15",17123.203,
"12.08.2024 08:30",19819.000,
"12.08.2024 08:45",22590.344,
"12.08.2024 09:00",25472.393,
"12.08.2024 09:15",27929.033,
"12.08.2024 09:30",30541.900,
"12.08.2024 09:45",32970.246,
"12.08.2024 10:00",35388.295,
"12.08.2024 10:15",37596.900,
"12.08.2024 10:30",39522.000,
"12.08.2024 10:45",41369.900,
"12.08.2024 11:00",43071.000,
"12.08.2024 11:15",44380.900,
"12.08.2024 11:30",45826.237,
"12.08.2024 11:45",47021.763,
"12.08.2024 12:00",48037.695,
"12.08.2024 12:15",48727.000,
"12.08.2024 12:30",49562.000,
"12.08.2024 12:45",49845.000,
"12.08.2024 13:00",50392.393,
"12.08.2024 13:15",50464.932,
"12.08.2024 13:30",50349.729,
"12.08.2024 13:45",49825.820,
"12.08.2024 14:00",50004.900,
"12.08.2024 14:15",49241.900,
"12.08.2024 14:30",48598.475,
"12.08.2024 14:45",47838.000,
"12.08.2024 15:00",46813.100,
"12.08.2024 15:15",45627.559,
"12.08.2024 15:30",44036.900,
"12.08.2024 15:45",42405.492,
"12.08.2024 16:00",40581.339,
"12.08.2024 16:15",38847.000,
"12.08.2024 16:30",36946.902,
"12.08.2024 16:45",34811.100,
"12.08.2024 17:00",32361.800,
"12.08.2024 17:15",30464.475,
"12.08.2024 17:30",27964.000,
"12.08.2024 17:45",25157.787,
"12.08.2024 18:00",22666.016,
"12.08.2024 18:15",20108.655,
"12.08.2024 18:30",17517.738,
"12.08.2024 18:45",14123.541,
"12.08.2024 19:00",8916.492,
"12.08.2024 19:15",5144.100,
"12.08.2024 19:30",2517.847,
"12.08.2024 19:45",1860.000,
"12.08.2024 20:00",1535.900,
"12.08.2024 20:15",1188.695,
"12.08.2024 20:30",928.000,
"12.08.2024 20:45",470.000,
"12.08.2024 21:00",0.000,
"12.08.2024 21:15",0.000,
"12.08.2024 21:30",0.000,
"12.08.2024 21:45",0.000,
"12.08.2024 22:00",0.000,
"12.08.2024 22:15",0.000,
"12.08.2024 22:30",0.000,
"12.08.2024 22:45",0.000,
"12.08.2024 23:00",0.000,
"12.08.2024 23:15",0.000,
"12.08.2024 23:30",0.000,
"12.08.2024 23:45",0.000,
"13.08.2024 00:00",0.000,
"13.08.2024 00:15",0.000,
"13.08.2024 00:30",0.000,
"13.08.2024 00:45",0.000,
"13.08.2024 01:00",0.000,
"13.08.2024 01:15",0.000,
"13.08.2024 01:30",0.000,
"13.08.2024 01:45",0.000,
"13.08.2024 02:00",0.000,
"13.08.2024 02:15",0.000,
"13.08.2024 02:30",0.000,
"13.08.2024 02:45",0.000,
"13.08.2024 03:00",0.000,
"13.08.2024 03:15",0.000,
"13.08.2024 03:30",0.000,
"13.08.2024 03:45",0.000,
"13.08.2024 04:00",0.000,
"13.08.2024 04:15",0.000,
"13.08.2024 04:30",0.000,
"13.08.2024 04:45",0.000,
"13.08.2024 05:00",0.000,
"13.08.2024 05:15",0.000,
"13.08.2024 05:30",0.000,
"13.08.2024 05:45",0.000,
"13.08.2024 06:00",0.000,
"13.08.2024 06:15",574.033,
"13.08.2024 06:30",1004.458,
"13.08.2024 06:45",1406.700,
"13.08.2024 07:00",2198.100,
"13.08.2024 07:15",6316.610,
"13.08.2024 07:30",9044.983,
"13.08.2024 07:45",10999.200,
"13.08.2024 08:00",13112.678,
"13.08.2024 08:15",15414.000,
"13.08.2024 08:30",17982.900,
"13.08.2024 08:45",20476.100,
"13.08.2024 09:00",23380.000,
"13.08.2024 09:15",25996.525,
"13.08.2024 09:30",28640.661,
"13.08.2024 09:45",30868.100,
"13.08.2024 10:00",33390.661,
"13.08.2024 10:15",35290.900,
"13.08.2024 10:30",37334.000,
"13.08.2024 10:45",38888.000,
"13.08.2024 11:00",40155.000,
"13.08.2024 11:15",42046.900,
"13.08.2024 11:30",41920.738,
"13.08.2024 11:45",44248.000,
"13.08.2024 12:00",45242.900,
"13.08.2024 12:15",46554.197,
"13.08.2024 12:30",46884.458,
"13.08.2024 12:45",47345.800,
"13.08.2024 13:00",47592.393,
"13.08.2024 13:15",47501.885,
"13.08.2024 13:30",47690.746,
"13.08.2024 13:45",47506.000,
"13.08.2024 14:00",47459.712,
"13.08.2024 14:15",45865.169,
"13.08.2024 14:30",44158.066,
"13.08.2024 14:45",45310.068,
"13.08.2024 15:00",44422.102,
"13.08.2024 15:15",43391.100,
"13.08.2024 15:30",42401.100,
"13.08.2024 15:45",38523.393,
"13.08.2024 16:00",37135.900,
"13.08.2024 16:15",36772.356,
"13.08.2024 16:30",34938.797,
"13.08.2024 16:45",31426.085,
"13.08.2024 17:00",27313.541,
"13.08.2024 17:15",27852.034,
"13.08.2024 17:30",24760.900,
"13.08.2024 17:45",22580.098,
"13.08.2024 18:00",19177.900,
"13.08.2024 18:15",16284.000,
"13.08.2024 18:30",14451.200,
"13.08.2024 18:45",8979.898,
"13.08.2024 19:00",6817.900,
"13.08.2024 19:15",4976.339,
"13.08.2024 19:30",3063.100,
"13.08.2024 19:45",2156.100,
"13.08.2024 20:00",1051.900,
"13.08.2024 20:15",938.000,
"13.08.2024 20:30",635.220,
"13.08.2024 20:45",196.034,
"13.08.2024 21:00",0.000,
"13.08.2024 21:15",0.000,
"13.08.2024 21:30",0.000,
"13.08.2024 21:45",0.000,
"13.08.2024 22:00",0.000,
"13.08.2024 22:15",0.000,
"13.08.2024 22:30",0.000,
"13.08.2024 22:45",0.000,
"13.08.2024 23:00",0.000,
"13.08.2024 23:15",0.000,
"13.08.2024 23:30",0.000,
"13.08.2024 23:45",0.000,
"14.08.2024 00:00",0.000,
"14.08.2024 00:15",0.000,
"14.08.2024 00:30",0.000,
"14.08.2024 00:45",0.000,
"14.08.2024 01:00",0.000,
"14.08.2024 01:15",0.000,
"14.08.2024 01:30",0.000,
"14.08.2024 01:45",0.000,
"14.08.2024 02:00",0.000,
"14.08.2024 02:15",0.000,
"14.08.2024 02:30",0.000,
"14.08.2024 02:45",0.000,
"14.08.2024 03:00",0.000,
"14.08.2024 03:15",0.000,
"14.08.2024 03:30",0.000,
"14.08.2024 03:45",0.000,
"14.08.2024 04:00",0.000,
"14.08.2024 04:15",0.000,
"14.08.2024 04:30",0.000,
"14.08.2024 04:45",0.000,
"14.08.2024 05:00",0.000,
"14.08.2024 05:15",0.000,
"14.08.2024 05:30",0.000,
"14.08.2024 05:45",0.000,
"14.08.2024 06:00",0.000,
"14.08.2024 06:15",0.000,
"14.08.2024 06:30",0.000,
"14.08.2024 06:45",472.000,
"14.08.2024 07:00",1317.525,
"14.08.2024 07:15",2435.033,
"14.08.2024 07:30",3923.230,
"14.08.2024 07:45",4080.100,
"14.08.2024 08:00",3810.262,
"14.08.2024 08:15",3296.800,
"14.08.2024 08:30",1129.000,
"14.08.2024 08:45",1211.100,
"14.08.2024 09:00",3761.656,
"14.08.2024 09:15",2920.000,
"14.08.2024 09:30",1296.102,
"14.08.2024 09:45",1197.900,
"14.08.2024 10:00",1282.885,
"14.08.2024 10:15",2301.800,
"14.08.2024 10:30",5352.900,
"14.08.2024 10:45",9744.661,
"14.08.2024 11:00",12484.934,
"14.08.2024 11:15",23116.311,
"14.08.2024 11:30",19056.763,
"14.08.2024 11:45",23122.885,
"14.08.2024 12:00",21625.576,
"14.08.2024 12:15",52177.085,
"14.08.2024 12:30",46826.000,
"14.08.2024 12:45",22162.100,
"14.08.2024 13:00",36044.770,
"14.08.2024 13:15",22965.100,
"14.08.2024 13:30",20401.656,
"14.08.2024 13:45",14467.102,
"14.08.2024 14:00",10747.525,
"14.08.2024 14:15",5264.746,
"14.08.2024 14:30",2043.100,
"14.08.2024 14:45",2550.016,
"14.08.2024 15:00",5622.102,
"14.08.2024 15:15",12053.200,
"14.08.2024 15:30",10272.000,
"14.08.2024 15:45",8932.000,
"14.08.2024 16:00",6961.508,
"14.08.2024 16:15",5702.627,
"14.08.2024 16:30",4872.000,
"14.08.2024 16:45",3850.000,
"14.08.2024 17:00",3518.186,
"14.08.2024 17:15",3243.627,
"14.08.2024 17:30",3009.033,
"14.08.2024 17:45",7732.885,
"14.08.2024 18:00",9912.656,
"14.08.2024 18:15",6656.100,
"14.08.2024 18:30",3155.000,
"14.08.2024 18:45",3870.000,
"14.08.2024 19:00",2556.900,
"14.08.2024 19:15",1685.000,
"14.08.2024 19:30",1497.885,
"14.08.2024 19:45",1031.800,
"14.08.2024 20:00",938.525,
"14.08.2024 20:15",608.000,
"14.08.2024 20:30",130.441,
"14.08.2024 20:45",0.000,
"14.08.2024 21:00",0.000,
"14.08.2024 21:15",0.000,
"14.08.2024 21:30",0.000,
"14.08.2024 21:45",0.000,
"14.08.2024 22:00",0.000,
"14.08.2024 22:15",0.000,
"14.08.2024 22:30",0.000,
"14.08.2024 22:45",0.000,
"14.08.2024 23:00",0.000,
"14.08.2024 23:15",0.000,
"14.08.2024 23:30",0.000,
"14.08.2024 23:45",0.000,
"15.08.2024 00:00",0.000,
"15.08.2024 00:15",0.000,
"15.08.2024 00:30",0.000,
"15.08.2024 00:45",0.000,
"15.08.2024 01:00",0.000,
"15.08.2024 01:15",0.000,
"15.08.2024 01:30",0.000,
"15.08.2024 01:45",0.000,
"15.08.2024 02:00",0.000,
"15.08.2024 02:15",0.000,
"15.08.2024 02:30",0.000,
"15.08.2024 02:45",0.000,
"15.08.2024 03:00",0.000,
"15.08.2024 03:15",0.000,
"15.08.2024 03:30",0.000,
"15.08.2024 03:45",0.000,
"15.08.2024 04:00",0.000,
"15.08.2024 04:15",0.000,
"15.08.2024 04:30",0.000,
"15.08.2024 04:45",0.000,
"15.08.2024 05:00",0.000,
"15.08.2024 05:15",0.000,
"15.08.2024 05:30",0.000,
"15.08.2024 05:45",0.000,
"15.08.2024 06:00",0.000,
"15.08.2024 06:15",0.000,
"15.08.2024 06:30",237.915,
"15.08.2024 06:45",485.220,
"15.08.2024 07:00",834.000,
"15.08.2024 07:15",2497.458,
"15.08.2024 07:30",8005.900,
"15.08.2024 07:45",10128.900,
"15.08.2024 08:00",12825.000,
"15.08.2024 08:15",6816.200,
"15.08.2024 08:30",4474.100,
"15.08.2024 08:45",8766.410,
"15.08.2024 09:00",9058.100,
"15.08.2024 09:15",7959.934,
"15.08.2024 09:30",8227.763,
"15.08.2024 09:45",5031.672,
"15.08.2024 10:00",6082.780,
"15.08.2024 10:15",5481.000,
"15.08.2024 10:30",9828.542,
"15.08.2024 10:45",13406.410,
"15.08.2024 11:00",17540.100,
"15.08.2024 11:15",14610.836,
"15.08.2024 11:30",21315.847,
"15.08.2024 11:45",22345.115,
"15.08.2024 12:00",50936.100,
"15.08.2024 12:15",11919.200,
"15.08.2024 12:30",15068.119,
"15.08.2024 12:45",12004.200,
"15.08.2024 13:00",22433.100,
"15.08.2024 13:15",24090.576,
"15.08.2024 13:30",57908.542,
"15.08.2024 13:45",44565.800,
"15.08.2024 14:00",14840.689,
"15.08.2024 14:15",48655.153,
"15.08.2024 14:30",48172.102,
"15.08.2024 14:45",47326.661,
"15.08.2024 15:00",41433.541,
"15.08.2024 15:15",37051.100,
"15.08.2024 15:30",43860.100,
"15.08.2024 15:45",36938.852,
"15.08.2024 16:00",30717.000,
"15.08.2024 16:15",27175.068,
"15.08.2024 16:30",31957.900,
"15.08.2024 16:45",29130.900,
"15.08.2024 17:00",22839.900,
"15.08.2024 17:15",23622.410,
"15.08.2024 17:30",19360.085,
"15.08.2024 17:45",15239.295,
"15.08.2024 18:00",13493.900,
"15.08.2024 18:15",11441.082,
"15.08.2024 18:30",11885.100,
"15.08.2024 18:45",10018.033,
"15.08.2024 19:00",10443.787,
"15.08.2024 19:15",8230.033,
"15.08.2024 19:30",4037.750,
"15.08.2024 19:45",2370.610,
"15.08.2024 20:00",1397.787,
"15.08.2024 20:15",1502.000,
"15.08.2024 20:30",474.900,
"15.08.2024 20:45",0.000,
"15.08.2024 21:00",0.000,
"15.08.2024 21:15",0.000,
"15.08.2024 21:30",0.000,
"15.08.2024 21:45",0.000,
"15.08.2024 22:00",0.000,
"15.08.2024 22:15",0.000,
"15.08.2024 22:30",0.000,
"15.08.2024 22:45",0.000,
"15.08.2024 23:00",0.000,
"15.08.2024 23:15",0.000,
"15.08.2024 23:30",0.000,
"15.08.2024 23:45",0.000,
"16.08.2024 00:00",0.000,
"16.08.2024 00:15",0.000,
"16.08.2024 00:30",0.000,
"16.08.2024 00:45",0.000,
"16.08.2024 01:00",0.000,
"16.08.2024 01:15",0.000,
"16.08.2024 01:30",0.000,
"16.08.2024 01:45",0.000,
"16.08.2024 02:00",0.000,
"16.08.2024 02:15",0.000,
"16.08.2024 02:30",0.000,
"16.08.2024 02:45",0.000,
"16.08.2024 03:00",0.000,
"16.08.2024 03:15",0.000,
"16.08.2024 03:30",0.000,
"16.08.2024 03:45",0.000,
"16.08.2024 04:00",0.000,
"16.08.2024 04:15",0.000,
"16.08.2024 04:30",0.000,
"16.08.2024 04:45",0.000,
"16.08.2024 05:00",0.000,
"16.08.2024 05:15",0.000,
"16.08.2024 05:30",0.000,
"16.08.2024 05:45",0.000,
"16.08.2024 06:00",0.000,
"16.08.2024 06:15",350.100,
"16.08.2024 06:30",387.102,
"16.08.2024 06:45",529.115,
"16.08.2024 07:00",801.200,
"16.08.2024 07:15",485.000,
"16.08.2024 07:30",1684.800,
"16.08.2024 07:45",1759.800,
"16.08.2024 08:00",1735.000,
"16.08.2024 08:15",2078.000,
"16.08.2024 08:30",2877.000,
"16.08.2024 08:45",2826.900,
"16.08.2024 09:00",3109.100,
"16.08.2024 09:15",4914.900,
"16.08.2024 09:30",3198.033,
"16.08.2024 09:45",9898.787,
"16.08.2024 10:00",7169.900,
"16.08.2024 10:15",5241.180,
"16.08.2024 10:30",5167.803,
"16.08.2024 10:45",6255.508,
"16.08.2024 11:00",6931.590,
"16.08.2024 11:15",12059.115,
"16.08.2024 11:30",10606.610,
"16.08.2024 11:45",14450.831,
"16.08.2024 12:00",2962.254,
"16.08.2024 12:15",9992.800,
"16.08.2024 12:30",9604.100,
"16.08.2024 12:45",12696.000,
"16.08.2024 13:00",9547.102,
"16.08.2024 13:15",11987.000,
"16.08.2024 13:30",9779.000,
"16.08.2024 13:45",7888.100,
"16.08.2024 14:00",4368.100,
"16.08.2024 14:15",7001.200,
"16.08.2024 14:30",14142.814,
"16.08.2024 14:45",13429.377,
"16.08.2024 15:00",16379.934,
"16.08.2024 15:15",15772.820,
"16.08.2024 15:30",12295.900,
"16.08.2024 15:45",16695.000,
"16.08.2024 16:00",16652.820,
"16.08.2024 16:15",15942.712,
"16.08.2024 16:30",32867.311,
"16.08.2024 16:45",37824.136,
"16.08.2024 17:00",31665.644,
"16.08.2024 17:15",31419.000,
"16.08.2024 17:30",22790.800,
"16.08.2024 17:45",25343.279,
"16.08.2024 18:00",10021.800,
"16.08.2024 18:15",22314.900,
"16.08.2024 18:30",19013.000,
"16.08.2024 18:45",16442.475,
"16.08.2024 19:00",7165.000,
"16.08.2024 19:15",3251.900,
"16.08.2024 19:30",2551.900,
"16.08.2024 19:45",1971.918,
"16.08.2024 20:00",1476.085,
"16.08.2024 20:15",1231.100,
"16.08.2024 20:30",511.200,
"16.08.2024 20:45",162.051,
"16.08.2024 21:00",0.000,
"16.08.2024 21:15",0.000,
"16.08.2024 21:30",0.000,
"16.08.2024 21:45",0.000,
"16.08.2024 22:00",0.000,
"16.08.2024 22:15",0.000,
"16.08.2024 22:30",0.000,
"16.08.2024 22:45",0.000,
"16.08.2024 23:00",0.000,
"16.08.2024 23:15",0.000,
"16.08.2024 23:30",0.000,
"16.08.2024 23:45",0.000,
"17.08.2024 00:00",0.000,
"17.08.2024 00:15",0.000,
"17.08.2024 00:30",0.000,
"17.08.2024 00:45",0.000,
"17.08.2024 01:00",0.000,
"17.08.2024 01:15",0.000,
"17.08.2024 01:30",0.000,
"17.08.2024 01:45",0.000,
"17.08.2024 02:00",0.000,
"17.08.2024 02:15",0.000,
"17.08.2024 02:30",0.000,
"17.08.2024 02:45",0.000,
"17.08.2024 03:00",0.000,
"17.08.2024 03:15",0.000,
"17.08.2024 03:30",0.000,
"17.08.2024 03:45",0.000,
"17.08.2024 04:00",0.000,
"17.08.2024 04:15",0.000,
"17.08.2024 04:30",0.000,
"17.08.2024 04:45",0.000,
"17.08.2024 05:00",0.000,
"17.08.2024 05:15",0.000,
"17.08.2024 05:30",0.000,
"17.08.2024 05:45",0.000,
"17.08.2024 06:00",0.000,
"17.08.2024 06:15",150.300,
"17.08.2024 06:30",829.900,
"17.08.2024 06:45",1840.700,
"17.08.2024 07:00",1945.197,
"17.08.2024 07:15",4350.250,
"17.08.2024 07:30",8318.203,
"17.08.2024 07:45",11011.678,
"17.08.2024 08:00",13789.220,
"17.08.2024 08:15",17384.100,
"17.08.2024 08:30",10793.639,
"17.08.2024 08:45",24762.475,
"17.08.2024 09:00",26514.644,
"17.08.2024 09:15",25830.644,
"17.08.2024 09:30",29385.800,
"17.08.2024 09:45",7793.541,
"17.08.2024 10:00",32918.220,
"17.08.2024 10:15",38074.051,
"17.08.2024 10:30",40264.934,
"17.08.2024 10:45",22376.525,
"17.08.2024 11:00",18778.900,
"17.08.2024 11:15",10356.169,
"17.08.2024 11:30",55109.361,
"17.08.2024 11:45",24622.525,
"17.08.2024 12:00",54165.000,
"17.08.2024 12:15",55946.593,
"17.08.2024 12:30",54076.900,
"17.08.2024 12:45",52783.034,
"17.08.2024 13:00",54951.574,
"17.08.2024 13:15",50969.797,
"17.08.2024 13:30",53734.525,
"17.08.2024 13:45",22605.310,
"17.08.2024 14:00",45425.000,
"17.08.2024 14:15",20108.098,
"17.08.2024 14:30",47757.492,
"17.08.2024 14:45",46677.800,
"17.08.2024 15:00",43727.100,
"17.08.2024 15:15",44664.000,
"17.08.2024 15:30",17379.900,
"17.08.2024 15:45",17567.100,
"17.08.2024 16:00",45412.639,
"17.08.2024 16:15",18909.100,
"17.08.2024 16:30",14958.100,
"17.08.2024 16:45",34207.000,
"17.08.2024 17:00",31830.100,
"17.08.2024 17:15",28569.390,
"17.08.2024 17:30",25982.230,
"17.08.2024 17:45",23549.770,
"17.08.2024 18:00",20453.627,
"17.08.2024 18:15",16107.100,
"17.08.2024 18:30",13621.800,
"17.08.2024 18:45",11172.902,
"17.08.2024 19:00",7583.000,
"17.08.2024 19:15",5477.900,
"17.08.2024 19:30",4238.475,
"17.08.2024 19:45",3421.016,
"17.08.2024 20:00",2592.200,
"17.08.2024 20:15",1635.390,
"17.08.2024 20:30",702.000,
"17.08.2024 20:45",121.000,
"17.08.2024 21:00",0.000,
"17.08.2024 21:15",0.000,
"17.08.2024 21:30",0.000,
"17.08.2024 21:45",0.000,
"17.08.2024 22:00",0.000,
"17.08.2024 22:15",0.000,
"17.08.2024 22:30",0.000,
"17.08.2024 22:45",0.000,
"17.08.2024 23:00",0.000,
"17.08.2024 23:15",0.000,
"17.08.2024 23:30",0.000,
"17.08.2024 23:45",0.000,
"18.08.2024 00:00",0.000,
"18.08.2024 00:15",0.000,
"18.08.2024 00:30",0.000,
"18.08.2024 00:45",0.000,
"18.08.2024 01:00",0.000,
"18.08.2024 01:15",0.000,
"18.08.2024 01:30",0.000,
"18.08.2024 01:45",0.000,
"18.08.2024 02:00",0.000,
"18.08.2024 02:15",0.000,
"18.08.2024 02:30",0.000,
"18.08.2024 02:45",0.000,
"18.08.2024 03:00",0.000,
"18.08.2024 03:15",0.000,
"18.08.2024 03:30",0.000,
"18.08.2024 03:45",0.000,
"18.08.2024 04:00",0.000,
"18.08.2024 04:15",0.000,
"18.08.2024 04:30",0.000,
"18.08.2024 04:45",0.000,
"18.08.2024 05:00",0.000,
"18.08.2024 05:15",0.000,
"18.08.2024 05:30",0.000,
"18.08.2024 05:45",0.000,
"18.08.2024 06:00",0.000,
"18.08.2024 06:15",0.000,
"18.08.2024 06:30",1311.763,
"18.08.2024 06:45",1774.322,
"18.08.2024 07:00",3210.180,
"18.08.2024 07:15",3289.900,
"18.08.2024 07:30",3349.000,
"18.08.2024 07:45",4829.115,
"18.08.2024 08:00",6758.100,
"18.08.2024 08:15",7291.200,
"18.08.2024 08:30",8831.100,
"18.08.2024 08:45",9315.902,
"18.08.2024 09:00",12894.492,
"18.08.2024 09:15",20276.000,
"18.08.2024 09:30",15299.661,
"18.08.2024 09:45",16368.356,
"18.08.2024 10:00",13213.541,
"18.08.2024 10:15",17756.100,
"18.08.2024 10:30",25964.900,
"18.08.2024 10:45",21406.000,
"18.08.2024 11:00",21162.311,
"18.08.2024 11:15",21319.262,
"18.08.2024 11:30",20943.610,
"18.08.2024 11:45",20314.100,
"18.08.2024 12:00",18908.356,
"18.08.2024 12:15",21005.000,
"18.08.2024 12:30",27139.729,
"18.08.2024 12:45",25904.541,
"18.08.2024 13:00",24976.426,
"18.08.2024 13:15",38389.033,
"18.08.2024 13:30",41576.082,
"18.08.2024 13:45",51178.542,
"18.08.2024 14:00",26520.051,
"18.08.2024 14:15",37624.213,
"18.08.2024 14:30",18297.847,
"18.08.2024 14:45",15510.016,
"18.08.2024 15:00",28863.000,
"18.08.2024 15:15",35474.800,
"18.08.2024 15:30",28702.610,
"18.08.2024 15:45",27060.000,
"18.08.2024 16:00",25098.951,
"18.08.2024 16:15",23487.410,
"18.08.2024 16:30",33829.770,
"18.08.2024 16:45",14925.100,
"18.08.2024 17:00",18671.143,
"18.08.2024 17:15",16951.847,
"18.08.2024 17:30",16809.200,
"18.08.2024 17:45",14845.100,
"18.08.2024 18:00",13645.934,
"18.08.2024 18:15",14758.780,
"18.08.2024 18:30",12162.100,
"18.08.2024 18:45",11322.610,
"18.08.2024 19:00",10544.051,
"18.08.2024 19:15",8745.237,
"18.08.2024 19:30",8042.900,
"18.08.2024 19:45",6226.169,
"18.08.2024 20:00",4226.169,
"18.08.2024 20:15",2527.900,
"18.08.2024 20:30",963.000,
"18.08.2024 20:45",240.951,
"18.08.2024 21:00",0.000,
"18.08.2024 21:15",0.000,
"18.08.2024 21:30",0.000,
"18.08.2024 21:45",0.000,
"18.08.2024 22:00",0.000,
"18.08.2024 22:15",0.000,
"18.08.2024 22:30",0.000,
"18.08.2024 22:45",0.000,
"18.08.2024 23:00",0.000,
"18.08.2024 23:15",0.000,
"18.08.2024 23:30",0.000,
"18.08.2024 23:45",0.000,
"19.08.2024 00:00",0.000,
"19.08.2024 00:15",0.000,
"19.08.2024 00:30",0.000,
"19.08.2024 00:45",0.000,
"19.08.2024 01:00",0.000,
"19.08.2024 01:15",0.000,
"19.08.2024 01:30",0.000,
"19.08.2024 01:45",0.000,
"19.08.2024 02:00",0.000,
"19.08.2024 02:15",0.000,
"19.08.2024 02:30",0.000,
"19.08.2024 02:45",0.000,
"19.08.2024 03:00",0.000,
"19.08.2024 03:15",0.000,
"19.08.2024 03:30",0.000,
"19.08.2024 03:45",0.000,
"19.08.2024 04:00",0.000,
"19.08.2024 04:15",0.000,
"19.08.2024 04:30",0.000,
"19.08.2024 04:45",0.000,
"19.08.2024 05:00",0.000,
"19.08.2024 05:15",0.000,
"19.08.2024 05:30",0.000,
"19.08.2024 05:45",0.000,
"19.08.2024 06:00",0.000,
"19.08.2024 06:15",186.000,
"19.08.2024 06:30",634.000,
"19.08.2024 06:45",1387.066,
"19.08.2024 07:00",2317.525,
"19.08.2024 07:15",3404.672,
"19.08.2024 07:30",4264.705,
"19.08.2024 07:45",9606.900,
"19.08.2024 08:00",12318.583,
"19.08.2024 08:15",14299.098,
"19.08.2024 08:30",16224.200,
"19.08.2024 08:45",18502.800,
"19.08.2024 09:00",22276.900,
"19.08.2024 09:15",25224.800,
"19.08.2024 09:30",32178.900,
"19.08.2024 09:45",31763.100,
"19.08.2024 10:00",31161.000,
"19.08.2024 10:15",37603.900,
"19.08.2024 10:30",10516.900,
"19.08.2024 10:45",50159.279,
"19.08.2024 11:00",13033.100,
"19.08.2024 11:15",17780.254,
"19.08.2024 11:30",25594.689,
"19.08.2024 11:45",49900.100,
"19.08.2024 12:00",47350.900,
"19.08.2024 12:15",56577.750,
"19.08.2024 12:30",12748.797,
"19.08.2024 12:45",27931.661,
"19.08.2024 13:00",25274.220,
"19.08.2024 13:15",53242.951,
"19.08.2024 13:30",53681.918,
"19.08.2024 13:45",23056.000,
"19.08.2024 14:00",53379.644,
"19.08.2024 14:15",23772.148,
"19.08.2024 14:30",21610.746,
"19.08.2024 14:45",21517.441,
"19.08.2024 15:00",16841.763,
"19.08.2024 15:15",50046.410,
"19.08.2024 15:30",10722.800,
"19.08.2024 15:45",15094.361,
"19.08.2024 16:00",42823.000,
"19.08.2024 16:15",38941.000,
"19.08.2024 16:30",37201.900,
"19.08.2024 16:45",27980.900,
"19.08.2024 17:00",33700.068,
"19.08.2024 17:15",8010.900,
"19.08.2024 17:30",26116.508,
"19.08.2024 17:45",26945.900,
"19.08.2024 18:00",18452.295,
"19.08.2024 18:15",15870.900,
"19.08.2024 18:30",12411.508,
"19.08.2024 18:45",8072.000,
"19.08.2024 19:00",6396.017,
"19.08.2024 19:15",4124.800,
"19.08.2024 19:30",3427.000,
"19.08.2024 19:45",2868.000,
"19.08.2024 20:00",2298.770,
"19.08.2024 20:15",1125.000,
"19.08.2024 20:30",333.967,
"19.08.2024 20:45",0.000,
"19.08.2024 21:00",0.000,
"19.08.2024 21:15",0.000,
"19.08.2024 21:30",0.000,
"19.08.2024 21:45",0.000,
"19.08.2024 22:00",0.000,
"19.08.2024 22:15",0.000,
"19.08.2024 22:30",0.000,
"19.08.2024 22:45",0.000,
"19.08.2024 23:00",0.000,
"19.08.2024 23:15",0.000,
"19.08.2024 23:30",0.000,
"19.08.2024 23:45",0.000,
"20.08.2024 00:00",0.000,
"20.08.2024 00:15",0.000,
"20.08.2024 00:30",0.000,
"20.08.2024 00:45",0.000,
"20.08.2024 01:00",0.000,
"20.08.2024 01:15",0.000,
"20.08.2024 01:30",0.000,
"20.08.2024 01:45",0.000,
"20.08.2024 02:00",0.000,
"20.08.2024 02:15",0.000,
"20.08.2024 02:30",0.000,
"20.08.2024 02:45",0.000,
"20.08.2024 03:00",0.000,
"20.08.2024 03:15",0.000,
"20.08.2024 03:30",0.000,
"20.08.2024 03:45",0.000,
"20.08.2024 04:00",0.000,
"20.08.2024 04:15",0.000,
"20.08.2024 04:30",0.000,
"20.08.2024 04:45",0.000,
"20.08.2024 05:00",0.000,
"20.08.2024 05:15",0.000,
"20.08.2024 05:30",0.000,
"20.08.2024 05:45",0.000,
"20.08.2024 06:00",0.000,
"20.08.2024 06:15",234.131,
"20.08.2024 06:30",913.049,
"20.08.2024 06:45",2025.000,
"20.08.2024 07:00",3606.100,
"20.08.2024 07:15",5710.800,
"20.08.2024 07:30",7554.305,
"20.08.2024 07:45",9112.800,
"20.08.2024 08:00",12622.864,
"20.08.2024 08:15",15137.066,
"20.08.2024 08:30",13637.393,
"20.08.2024 08:45",12063.627,
"20.08.2024 09:00",15278.770,
"20.08.2024 09:15",14610.100,
"20.08.2024 09:30",13213.203,
"20.08.2024 09:45",25087.900,
"20.08.2024 10:00",32169.237,
"20.08.2024 10:15",26029.200,
"20.08.2024 10:30",18466.949,
"20.08.2024 10:45",33204.900,
"20.08.2024 11:00",40746.656,
"20.08.2024 11:15",41702.900,
"20.08.2024 11:30",35147.541,
"20.08.2024 11:45",42993.742,
"20.08.2024 12:00",25969.900,
"20.08.2024 12:15",41307.082,
"20.08.2024 12:30",39553.200,
"20.08.2024 12:45",43358.542,
"20.08.2024 13:00",43173.100,
"20.08.2024 13:15",44007.803,
"20.08.2024 13:30",44774.000,
"20.08.2024 13:45",40749.000,
"20.08.2024 14:00",38354.100,
"20.08.2024 14:15",35469.000,
"20.08.2024 14:30",34782.780,
"20.08.2024 14:45",44660.000,
"20.08.2024 15:00",44047.738,
"20.08.2024 15:15",42286.085,
"20.08.2024 15:30",40570.836,
"20.08.2024 15:45",41363.100,
"20.08.2024 16:00",37734.814,
"20.08.2024 16:15",31761.000,
"20.08.2024 16:30",22962.000,
"20.08.2024 16:45",26949.797,
"20.08.2024 17:00",26365.100,
"20.08.2024 17:15",17518.279,
"20.08.2024 17:30",21144.852,
"20.08.2024 17:45",11526.100,
"20.08.2024 18:00",13542.100,
"20.08.2024 18:15",13194.000,
"20.08.2024 18:30",11254.852,
"20.08.2024 18:45",8616.000,
"20.08.2024 19:00",5933.729,
"20.08.2024 19:15",4279.000,
"20.08.2024 19:30",2406.738,
"20.08.2024 19:45",1433.542,
"20.08.2024 20:00",844.305,
"20.08.2024 20:15",1039.000,
"20.08.2024 20:30",145.200,
"20.08.2024 20:45",0.000,
"20.08.2024 21:00",0.000,
"20.08.2024 21:15",0.000,
"20.08.2024 21:30",0.000,
"20.08.2024 21:45",0.000,
"20.08.2024 22:00",0.000,
"20.08.2024 22:15",0.000,
"20.08.2024 22:30",0.000,
"20.08.2024 22:45",0.000,
"20.08.2024 23:00",0.000,
"20.08.2024 23:15",0.000,
"20.08.2024 23:30",0.000,
"20.08.2024 23:45",0.000,
"21.08.2024 00:00",0.000,
"21.08.2024 00:15",0.000,
"21.08.2024 00:30",0.000,
"21.08.2024 00:45",0.000,
"21.08.2024 01:00",0.000,
"21.08.2024 01:15",0.000,
"21.08.2024 01:30",0.000,
"21.08.2024 01:45",0.000,
"21.08.2024 02:00",0.000,
"21.08.2024 02:15",0.000,
"21.08.2024 02:30",0.000,
"21.08.2024 02:45",0.000,
"21.08.2024 03:00",0.000,
"21.08.2024 03:15",0.000,
"21.08.2024 03:30",0.000,
"21.08.2024 03:45",0.000,
"21.08.2024 04:00",0.000,
"21.08.2024 04:15",0.000,
"21.08.2024 04:30",0.000,
"21.08.2024 04:45",0.000,
"21.08.2024 05:00",0.000,
"21.08.2024 05:15",0.000,
"21.08.2024 05:30",0.000,
"21.08.2024 05:45",0.000,
"21.08.2024 06:00",0.000,
"21.08.2024 06:15",0.000,
"21.08.2024 06:30",394.213,
"21.08.2024 06:45",1267.148,
"21.08.2024 07:00",2822.000,
"21.08.2024 07:15",3721.100,
"21.08.2024 07:30",3601.915,
"21.08.2024 07:45",3959.869,
"21.08.2024 08:00",5280.800,
"21.08.2024 08:15",12866.246,
"21.08.2024 08:30",2881.000,
"21.08.2024 08:45",8048.000,
"21.08.2024 09:00",21690.153,
"21.08.2024 09:15",24782.542,
"21.08.2024 09:30",27478.373,
"21.08.2024 09:45",29995.000,
"21.08.2024 10:00",32163.000,
"21.08.2024 10:15",40561.780,
"21.08.2024 10:30",24091.200,
"21.08.2024 10:45",14095.262,
"21.08.2024 11:00",9070.000,
"21.08.2024 11:15",4420.983,
"21.08.2024 11:30",36278.100,
"21.08.2024 11:45",21266.100,
"21.08.2024 12:00",48222.885,
"21.08.2024 12:15",44069.836,
"21.08.2024 12:30",4954.100,
"21.08.2024 12:45",16875.000,
"21.08.2024 13:00",51553.305,
"21.08.2024 13:15",13541.000,
"21.08.2024 13:30",9149.700,
"21.08.2024 13:45",13867.574,
"21.08.2024 14:00",53542.656,
"21.08.2024 14:15",27506.721,
"21.08.2024 14:30",59849.525,
"21.08.2024 14:45",26952.900,
"21.08.2024 15:00",8641.100,
"21.08.2024 15:15",26599.000,
"21.08.2024 15:30",13842.131,
"21.08.2024 15:45",5193.900,
"21.08.2024 16:00",25805.900,
"21.08.2024 16:15",19903.288,
"21.08.2024 16:30",11373.951,
"21.08.2024 16:45",17364.900,
"21.08.2024 17:00",11933.800,
"21.08.2024 17:15",10570.900,
"21.08.2024 17:30",12254.220,
"21.08.2024 17:45",7783.645,
"21.08.2024 18:00",21032.100,
"21.08.2024 18:15",23761.311,
"21.08.2024 18:30",6814.098,
"21.08.2024 18:45",5644.900,
"21.08.2024 19:00",4480.000,
"21.08.2024 19:15",3313.100,
"21.08.2024 19:30",2516.262,
"21.08.2024 19:45",1177.000,
"21.08.2024 20:00",1262.000,
"21.08.2024 20:15",821.983,
"21.08.2024 20:30",188.627,
"21.08.2024 20:45",0.000,
"21.08.2024 21:00",0.000,
"21.08.2024 21:15",0.000,
"21.08.2024 21:30",0.000,
"21.08.2024 21:45",0.000,
"21.08.2024 22:00",0.000,
"21.08.2024 22:15",0.000,
"21.08.2024 22:30",0.000,
"21.08.2024 22:45",0.000,
"21.08.2024 23:00",0.000,
"21.08.2024 23:15",0.000,
"21.08.2024 23:30",0.000,
"21.08.2024 23:45",0.000,
"22.08.2024 00:00",0.000,
"22.08.2024 00:15",0.000,
"22.08.2024 00:30",0.000,
"22.08.2024 00:45",0.000,
"22.08.2024 01:00",0.000,
"22.08.2024 01:15",0.000,
"22.08.2024 01:30",0.000,
"22.08.2024 01:45",0.000,
"22.08.2024 02:00",0.000,
"22.08.2024 02:15",0.000,
"22.08.2024 02:30",0.000,
"22.08.2024 02:45",0.000,
"22.08.2024 03:00",0.000,
"22.08.2024 03:15",0.000,
"22.08.2024 03:30",0.000,
"22.08.2024 03:45",0.000,
"22.08.2024 04:00",0.000,
"22.08.2024 04:15",0.000,
"22.08.2024 04:30",0.000,
"22.08.2024 04:45",0.000,
"22.08.2024 05:00",0.000,
"22.08.2024 05:15",0.000,
"22.08.2024 05:30",0.000,
"22.08.2024 05:45",0.000,
"22.08.2024 06:00",0.000,
"22.08.2024 06:15",0.000,
"22.08.2024 06:30",0.000,
"22.08.2024 06:45",0.000,
"22.08.2024 07:00",312.508,
"22.08.2024 07:15",436.900,
"22.08.2024 07:30",704.900,
"22.08.2024 07:45",835.153,
"22.08.2024 08:00",914.000,
"22.08.2024 08:15",1713.542,
"22.08.2024 08:30",2927.100,
"22.08.2024 08:45",2778.900,
"22.08.2024 09:00",4374.203,
"22.08.2024 09:15",6630.000,
"22.08.2024 09:30",6618.373,
"22.08.2024 09:45",11780.000,
"22.08.2024 10:00",13270.847,
"22.08.2024 10:15",22812.100,
"22.08.2024 10:30",24366.590,
"22.08.2024 10:45",24151.000,
"22.08.2024 11:00",21072.000,
"22.08.2024 11:15",28316.100,
"22.08.2024 11:30",24087.100,
"22.08.2024 11:45",19362.085,
"22.08.2024 12:00",22780.262,
"22.08.2024 12:15",22944.934,
"22.08.2024 12:30",28648.900,
"22.08.2024 12:45",24062.721,
"22.08.2024 13:00",23530.000,
"22.08.2024 13:15",10571.102,
"22.08.2024 13:30",19020.322,
"22.08.2024 13:45",14701.800,
"22.08.2024 14:00",10298.800,
"22.08.2024 14:15",3835.262,
"22.08.2024 14:30",16557.377,
"22.08.2024 14:45",16354.900,
"22.08.2024 15:00",16077.000,
"22.08.2024 15:15",17970.000,
"22.08.2024 15:30",20503.000,
"22.08.2024 15:45",27354.900,
"22.08.2024 16:00",17962.100,
"22.08.2024 16:15",19971.200,
"22.08.2024 16:30",16170.000,
"22.08.2024 16:45",15739.800,
"22.08.2024 17:00",8860.508,
"22.08.2024 17:15",17735.800,
"22.08.2024 17:30",12709.900,
"22.08.2024 17:45",8286.169,
"22.08.2024 18:00",5303.966,
"22.08.2024 18:15",5348.000,
"22.08.2024 18:30",5141.200,
"22.08.2024 18:45",4130.426,
"22.08.2024 19:00",966.984,
"22.08.2024 19:15",915.918,
"22.08.2024 19:30",973.623,
"22.08.2024 19:45",882.610,
"22.08.2024 20:00",247.695,
"22.08.2024 20:15",0.000,
"22.08.2024 20:30",0.000,
"22.08.2024 20:45",0.000,
"22.08.2024 21:00",0.000,
"22.08.2024 21:15",0.000,
"22.08.2024 21:30",0.000,
"22.08.2024 21:45",0.000,
"22.08.2024 22:00",0.000,
"22.08.2024 22:15",0.000,
"22.08.2024 22:30",0.000,
"22.08.2024 22:45",0.000,
"22.08.2024 23:00",0.000,
"22.08.2024 23:15",0.000,
"22.08.2024 23:30",0.000,
"22.08.2024 23:45",0.000,
"23.08.2024 00:00",0.000,
"23.08.2024 00:15",0.000,
"23.08.2024 00:30",0.000,
"23.08.2024 00:45",0.000,
"23.08.2024 01:00",0.000,
"23.08.2024 01:15",0.000,
"23.08.2024 01:30",0.000,
"23.08.2024 01:45",0.000,
"23.08.2024 02:00",0.000,
"23.08.2024 02:15",0.000,
"23.08.2024 02:30",0.000,
"23.08.2024 02:45",0.000,
"23.08.2024 03:00",0.000,
"23.08.2024 03:15",0.000,
"23.08.2024 03:30",0.000,
"23.08.2024 03:45",0.000,
"23.08.2024 04:00",0.000,
"23.08.2024 04:15",0.000,
"23.08.2024 04:30",0.000,
"23.08.2024 04:45",0.000,
"23.08.2024 05:00",0.000,
"23.08.2024 05:15",0.000,
"23.08.2024 05:30",0.000,
"23.08.2024 05:45",0.000,
"23.08.2024 06:00",0.000,
"23.08.2024 06:15",0.000,
"23.08.2024 06:30",0.000,
"23.08.2024 06:45",612.000,
"23.08.2024 07:00",1073.100,
"23.08.2024 07:15",1529.220,
"23.08.2024 07:30",3162.525,
"23.08.2024 07:45",4838.525,
"23.08.2024 08:00",4341.900,
"23.08.2024 08:15",10403.885,
"23.08.2024 08:30",9147.300,
"23.08.2024 08:45",16051.590,
"23.08.2024 09:00",9040.000,
"23.08.2024 09:15",16389.542,
"23.08.2024 09:30",20598.869,
"23.08.2024 09:45",17791.763,
"23.08.2024 10:00",29394.559,
"23.08.2024 10:15",18240.644,
"23.08.2024 10:30",19190.000,
"23.08.2024 10:45",15882.186,
"23.08.2024 11:00",13065.000,
"23.08.2024 11:15",11028.559,
"23.08.2024 11:30",16060.000,
"23.08.2024 11:45",16853.949,
"23.08.2024 12:00",21327.200,
"23.08.2024 12:15",31692.593,
"23.08.2024 12:30",19634.000,
"23.08.2024 12:45",24970.361,
"23.08.2024 13:00",11850.100,
"23.08.2024 13:15",14518.100,
"23.08.2024 13:30",2847.410,
"23.08.2024 13:45",9113.869,
"23.08.2024 14:00",3856.000,
"23.08.2024 14:15",6554.288,
"23.08.2024 14:30",5377.508,
"23.08.2024 14:45",6538.900,
"23.08.2024 15:00",6233.900,
"23.08.2024 15:15",4950.787,
"23.08.2024 15:30",8117.186,
"23.08.2024 15:45",6669.400,
"23.08.2024 16:00",1186.164,
"23.08.2024 16:15",11025.900,
"23.08.2024 16:30",7344.900,
"23.08.2024 16:45",15567.900,
"23.08.2024 17:00",16618.000,
"23.08.2024 17:15",11538.377,
"23.08.2024 17:30",22854.814,
"23.08.2024 17:45",19231.410,
"23.08.2024 18:00",8228.800,
"23.08.2024 18:15",7547.900,
"23.08.2024 18:30",7430.836,
"23.08.2024 18:45",5772.311,
"23.08.2024 19:00",4678.541,
"23.08.2024 19:15",4630.100,
"23.08.2024 19:30",2792.847,
"23.08.2024 19:45",2640.492,
"23.08.2024 20:00",1708.951,
"23.08.2024 20:15",1192.000,
"23.08.2024 20:30",451.100,
"23.08.2024 20:45",0.000,
"23.08.2024 21:00",0.000,
"23.08.2024 21:15",0.000,
"23.08.2024 21:30",0.000,
"23.08.2024 21:45",0.000,
"23.08.2024 22:00",0.000,
"23.08.2024 22:15",0.000,
"23.08.2024 22:30",0.000,
"23.08.2024 22:45",0.000,
"23.08.2024 23:00",0.000,
"23.08.2024 23:15",0.000,
"23.08.2024 23:30",0.000,
"23.08.2024 23:45",0.000,
"24.08.2024 00:00",0.000,
"24.08.2024 00:15",0.000,
"24.08.2024 00:30",0.000,
"24.08.2024 00:45",0.000,
"24.08.2024 01:00",0.000,
"24.08.2024 01:15",0.000,
"24.08.2024 01:30",0.000,
"24.08.2024 01:45",0.000,
"24.08.2024 02:00",0.000,
"24.08.2024 02:15",0.000,
"24.08.2024 02:30",0.000,
"24.08.2024 02:45",-0.454,
"24.08.2024 03:00",0.000,
"24.08.2024 03:15",0.000,
"24.08.2024 03:30",0.000,
"24.08.2024 03:45",0.000,
"24.08.2024 04:00",0.000,
"24.08.2024 04:15",0.000,
"24.08.2024 04:30",0.000,
"24.08.2024 04:45",0.000,
"24.08.2024 05:00",0.000,
"24.08.2024 05:15",0.000,
"24.08.2024 05:30",0.000,
"24.08.2024 05:45",0.000,
"24.08.2024 06:00",0.000,
"24.08.2024 06:15",0.000,
"24.08.2024 06:30",518.000,
"24.08.2024 06:45",1054.049,
"24.08.2024 07:00",1791.800,
"24.08.2024 07:15",1951.083,
"24.08.2024 07:30",4803.900,
"24.08.2024 07:45",4098.789,
"24.08.2024 08:00",5858.186,
"24.08.2024 08:15",4241.000,
"24.08.2024 08:30",9388.237,
"24.08.2024 08:45",14470.000,
"24.08.2024 09:00",13947.525,
"24.08.2024 09:15",9403.000,
"24.08.2024 09:30",15696.754,
"24.08.2024 09:45",22748.295,
"24.08.2024 10:00",42526.164,
"24.08.2024 10:15",29399.900,
"24.08.2024 10:30",31917.900,
"24.08.2024 10:45",22986.100,
"24.08.2024 11:00",19183.900,
"24.08.2024 11:15",18591.900,
"24.08.2024 11:30",22759.119,
"24.08.2024 11:45",24585.000,
"24.08.2024 12:00",24743.417,
"24.08.2024 12:15",25083.800,
"24.08.2024 12:30",48240.800,
"24.08.2024 12:45",27442.000,
"24.08.2024 13:00",59848.119,
"24.08.2024 13:15",52614.607,
"24.08.2024 13:30",47517.186,
"24.08.2024 13:45",30528.213,
"24.08.2024 14:00",14883.000,
"24.08.2024 14:15",45537.100,
"24.08.2024 14:30",55189.000,
"24.08.2024 14:45",46814.000,
"24.08.2024 15:00",48282.100,
"24.08.2024 15:15",41210.576,
"24.08.2024 15:30",48165.508,
"24.08.2024 15:45",22642.049,
"24.08.2024 16:00",33178.373,
"24.08.2024 16:15",13942.000,
"24.08.2024 16:30",40624.918,
"24.08.2024 16:45",29694.746,
"24.08.2024 17:00",10312.000,
"24.08.2024 17:15",25189.000,
"24.08.2024 17:30",22654.200,
"24.08.2024 17:45",19832.900,
"24.08.2024 18:00",17172.900,
"24.08.2024 18:15",14565.390,
"24.08.2024 18:30",10598.000,
"24.08.2024 18:45",2886.763,
"24.08.2024 19:00",3681.803,
"24.08.2024 19:15",2420.902,
"24.08.2024 19:30",1976.864,
"24.08.2024 19:45",1518.627,
"24.08.2024 20:00",753.000,
"24.08.2024 20:15",122.721,
"24.08.2024 20:30",0.000,
"24.08.2024 20:45",0.000,
"24.08.2024 21:00",0.000,
"24.08.2024 21:15",0.000,
"24.08.2024 21:30",0.000,
"24.08.2024 21:45",0.000,
"24.08.2024 22:00",0.000,
"24.08.2024 22:15",0.000,
"24.08.2024 22:30",0.000,
"24.08.2024 22:45",0.000,
"24.08.2024 23:00",0.000,
"24.08.2024 23:15",0.000,
"24.08.2024 23:30",0.000,
"24.08.2024 23:45",0.000,
"25.08.2024 00:00",0.000,
"25.08.2024 00:15",0.000,
"25.08.2024 00:30",0.000,
"25.08.2024 00:45",0.000,
"25.08.2024 01:00",0.000,
"25.08.2024 01:15",0.000,
"25.08.2024 01:30",0.000,
"25.08.2024 01:45",0.000,
"25.08.2024 02:00",0.000,
"25.08.2024 02:15",0.000,
"25.08.2024 02:30",0.000,
"25.08.2024 02:45",0.000,
"25.08.2024 03:00",0.000,
"25.08.2024 03:15",0.000,
"25.08.2024 03:30",0.000,
"25.08.2024 03:45",0.000,
"25.08.2024 04:00",0.000,
"25.08.2024 04:15",0.000,
"25.08.2024 04:30",0.000,
"25.08.2024 04:45",0.000,
"25.08.2024 05:00",0.000,
"25.08.2024 05:15",0.000,
"25.08.2024 05:30",0.000,
"25.08.2024 05:45",0.000,
"25.08.2024 06:00",0.000,
"25.08.2024 06:15",0.000,
"25.08.2024 06:30",0.000,
"25.08.2024 06:45",0.000,
"25.08.2024 07:00",608.542,
"25.08.2024 07:15",3347.900,
"25.08.2024 07:30",5195.000,
"25.08.2024 07:45",3144.197,
"25.08.2024 08:00",4707.100,
"25.08.2024 08:15",4170.000,
"25.08.2024 08:30",8322.100,
"25.08.2024 08:45",13055.305,
"25.08.2024 09:00",21840.900,
"25.08.2024 09:15",33559.576,
"25.08.2024 09:30",4972.271,
"25.08.2024 09:45",986.000,
"25.08.2024 10:00",15318.377,
"25.08.2024 10:15",17715.900,
"25.08.2024 10:30",43696.000,
"25.08.2024 10:45",47712.623,
"25.08.2024 11:00",41672.885,
"25.08.2024 11:15",41574.000,
"25.08.2024 11:30",43791.254,
"25.08.2024 11:45",48705.820,
"25.08.2024 12:00",47157.574,
"25.08.2024 12:15",48590.754,
"25.08.2024 12:30",15429.900,
"25.08.2024 12:45",55241.000,
"25.08.2024 13:00",50225.083,
"25.08.2024 13:15",51866.900,
"25.08.2024 13:30",11554.700,
"25.08.2024 13:45",6876.100,
"25.08.2024 14:00",11121.000,
"25.08.2024 14:15",18925.607,
"25.08.2024 14:30",53383.100,
"25.08.2024 14:45",10365.800,
"25.08.2024 15:00",14473.100,
"25.08.2024 15:15",19200.900,
"25.08.2024 15:30",35750.984,
"25.08.2024 15:45",45154.800,
"25.08.2024 16:00",32742.900,
"25.08.2024 16:15",48735.197,
"25.08.2024 16:30",24768.951,
"25.08.2024 16:45",35652.542,
"25.08.2024 17:00",29680.754,
"25.08.2024 17:15",26669.180,
"25.08.2024 17:30",10331.678,
"25.08.2024 17:45",19831.000,
"25.08.2024 18:00",8560.000,
"25.08.2024 18:15",5777.900,
"25.08.2024 18:30",3829.000,
"25.08.2024 18:45",4545.000,
"25.08.2024 19:00",7289.000,
"25.08.2024 19:15",3596.000,
"25.08.2024 19:30",2440.237,
"25.08.2024 19:45",1803.000,
"25.08.2024 20:00",1021.000,
"25.08.2024 20:15",474.305,
"25.08.2024 20:30",7.800,
"25.08.2024 20:45",0.000,
"25.08.2024 21:00",0.000,
"25.08.2024 21:15",0.000,
"25.08.2024 21:30",0.000,
"25.08.2024 21:45",0.000,
"25.08.2024 22:00",0.000,
"25.08.2024 22:15",0.000,
"25.08.2024 22:30",0.000,
"25.08.2024 22:45",0.000,
"25.08.2024 23:00",0.000,
"25.08.2024 23:15",0.000,
"25.08.2024 23:30",0.000,
"25.08.2024 23:45",0.000,
"26.08.2024 00:00",0.000,
"26.08.2024 00:15",0.000,
"26.08.2024 00:30",0.000,
"26.08.2024 00:45",0.000,
"26.08.2024 01:00",0.000,
"26.08.2024 01:15",0.000,
"26.08.2024 01:30",0.000,
"26.08.2024 01:45",0.000,
"26.08.2024 02:00",0.000,
"26.08.2024 02:15",0.000,
"26.08.2024 02:30",0.000,
"26.08.2024 02:45",0.000,
"26.08.2024 03:00",0.000,
"26.08.2024 03:15",0.000,
"26.08.2024 03:30",0.000,
"26.08.2024 03:45",0.000,
"26.08.2024 04:00",0.000,
"26.08.2024 04:15",0.000,
"26.08.2024 04:30",0.000,
"26.08.2024 04:45",0.000,
"26.08.2024 05:00",0.000,
"26.08.2024 05:15",0.000,
"26.08.2024 05:30",0.000,
"26.08.2024 05:45",0.000,
"26.08.2024 06:00",0.000,
"26.08.2024 06:15",0.000,
"26.08.2024 06:30",345.458,
"26.08.2024 06:45",1316.552,
"26.08.2024 07:00",2786.148,
"26.08.2024 07:15",2589.100,
"26.08.2024 07:30",3899.100,
"26.08.2024 07:45",8098.119,
"26.08.2024 08:00",11852.900,
"26.08.2024 08:15",15359.136,
"26.08.2024 08:30",16115.000,
"26.08.2024 08:45",19129.100,
"26.08.2024 09:00",14378.034,
"26.08.2024 09:15",9123.417,
"26.08.2024 09:30",25999.443,
"26.08.2024 09:45",27761.000,
"26.08.2024 10:00",30129.033,
"26.08.2024 10:15",32749.000,
"26.08.2024 10:30",33413.869,
"26.08.2024 10:45",35593.393,
"26.08.2024 11:00",37995.000,
"26.08.2024 11:15",39114.279,
"26.08.2024 11:30",42252.900,
"26.08.2024 11:45",40280.100,
"26.08.2024 12:00",47690.085,
"26.08.2024 12:15",42510.900,
"26.08.2024 12:30",50290.814,
"26.08.2024 12:45",43466.900,
"26.08.2024 13:00",54063.000,
"26.08.2024 13:15",49305.800,
"26.08.2024 13:30",54237.017,
"26.08.2024 13:45",47472.100,
"26.08.2024 14:00",24498.000,
"26.08.2024 14:15",30173.525,
"26.08.2024 14:30",49953.295,
"26.08.2024 14:45",15705.344,
"26.08.2024 15:00",11323.100,
"26.08.2024 15:15",17295.426,
"26.08.2024 15:30",12325.820,
"26.08.2024 15:45",10045.344,
"26.08.2024 16:00",14097.800,
"26.08.2024 16:15",15995.661,
"26.08.2024 16:30",10049.900,
"26.08.2024 16:45",13428.102,
"26.08.2024 17:00",21427.100,
"26.08.2024 17:15",10626.100,
"26.08.2024 17:30",28758.881,
"26.08.2024 17:45",6422.750,
"26.08.2024 18:00",10451.000,
"26.08.2024 18:15",3136.000,
"26.08.2024 18:30",3371.763,
"26.08.2024 18:45",5061.328,
"26.08.2024 19:00",3872.900,
"26.08.2024 19:15",3350.984,
"26.08.2024 19:30",3476.902,
"26.08.2024 19:45",2400.426,
"26.08.2024 20:00",681.085,
"26.08.2024 20:15",178.000,
"26.08.2024 20:30",0.000,
"26.08.2024 20:45",0.000,
"26.08.2024 21:00",0.000,
"26.08.2024 21:15",0.000,
"26.08.2024 21:30",0.000,
"26.08.2024 21:45",0.000,
"26.08.2024 22:00",0.000,
"26.08.2024 22:15",0.000,
"26.08.2024 22:30",0.000,
"26.08.2024 22:45",0.000,
"26.08.2024 23:00",0.000,
"26.08.2024 23:15",0.000,
"26.08.2024 23:30",0.000,
"26.08.2024 23:45",0.000,
"27.08.2024 00:00",0.000,
"27.08.2024 00:15",0.000,
"27.08.2024 00:30",0.000,
"27.08.2024 00:45",0.000,
"27.08.2024 01:00",0.000,
"27.08.2024 01:15",0.000,
"27.08.2024 01:30",0.000,
"27.08.2024 01:45",0.000,
"27.08.2024 02:00",0.000,
"27.08.2024 02:15",0.000,
"27.08.2024 02:30",0.000,
"27.08.2024 02:45",0.000,
"27.08.2024 03:00",0.000,
"27.08.2024 03:15",0.000,
"27.08.2024 03:30",0.000,
"27.08.2024 03:45",0.000,
"27.08.2024 04:00",0.000,
"27.08.2024 04:15",0.000,
"27.08.2024 04:30",0.000,
"27.08.2024 04:45",0.000,
"27.08.2024 05:00",0.000,
"27.08.2024 05:15",0.000,
"27.08.2024 05:30",0.000,
"27.08.2024 05:45",0.000,
"27.08.2024 06:00",0.000,
"27.08.2024 06:15",0.000,
"27.08.2024 06:30",264.200,
"27.08.2024 06:45",892.984,
"27.08.2024 07:00",1570.915,
"27.08.2024 07:15",2430.915,
"27.08.2024 07:30",2587.885,
"27.08.2024 07:45",6599.000,
"27.08.2024 08:00",10479.220,
"27.08.2024 08:15",9728.869,
"27.08.2024 08:30",14690.820,
"27.08.2024 08:45",13961.949,
"27.08.2024 09:00",18778.000,
"27.08.2024 09:15",22040.000,
"27.08.2024 09:30",25185.000,
"27.08.2024 09:45",25657.100,
"27.08.2024 10:00",30718.200,
"27.08.2024 10:15",32842.610,
"27.08.2024 10:30",34728.000,
"27.08.2024 10:45",37166.271,
"27.08.2024 11:00",36932.475,
"27.08.2024 11:15",38854.852,
"27.08.2024 11:30",38320.407,
"27.08.2024 11:45",41279.051,
"27.08.2024 12:00",43911.000,
"27.08.2024 12:15",40843.100,
"27.08.2024 12:30",46322.200,
"27.08.2024 12:45",48096.424,
"27.08.2024 13:00",29498.900,
"27.08.2024 13:15",48598.951,
"27.08.2024 13:30",44789.900,
"27.08.2024 13:45",44685.344,
"27.08.2024 14:00",39204.361,
"27.08.2024 14:15",45615.000,
"27.08.2024 14:30",41646.000,
"27.08.2024 14:45",40611.441,
"27.08.2024 15:00",42501.169,
"27.08.2024 15:15",22751.410,
"27.08.2024 15:30",45234.200,
"27.08.2024 15:45",41185.590,
"27.08.2024 16:00",41561.656,
"27.08.2024 16:15",15475.738,
"27.08.2024 16:30",34315.000,
"27.08.2024 16:45",27474.000,
"27.08.2024 17:00",26906.820,
"27.08.2024 17:15",25489.542,
"27.08.2024 17:30",17329.869,
"27.08.2024 17:45",17905.085,
"27.08.2024 18:00",8511.000,
"27.08.2024 18:15",6927.085,
"27.08.2024 18:30",6360.983,
"27.08.2024 18:45",8280.492,
"27.08.2024 19:00",6781.700,
"27.08.2024 19:15",5324.934,
"27.08.2024 19:30",4530.322,
"27.08.2024 19:45",2607.797,
"27.08.2024 20:00",1441.000,
"27.08.2024 20:15",363.780,
"27.08.2024 20:30",0.000,
"27.08.2024 20:45",0.000,
"27.08.2024 21:00",0.000,
"27.08.2024 21:15",0.000,
"27.08.2024 21:30",0.000,
"27.08.2024 21:45",0.000,
"27.08.2024 22:00",0.000,
"27.08.2024 22:15",0.000,
"27.08.2024 22:30",0.000,
"27.08.2024 22:45",0.000,
"27.08.2024 23:00",0.000,
"27.08.2024 23:15",0.000,
"27.08.2024 23:30",0.000,
"27.08.2024 23:45",0.000,
"28.08.2024 00:00",0.000,
"28.08.2024 00:15",0.000,
"28.08.2024 00:30",0.000,
"28.08.2024 00:45",0.000,
"28.08.2024 01:00",0.000,
"28.08.2024 01:15",0.000,
"28.08.2024 01:30",0.000,
"28.08.2024 01:45",0.000,
"28.08.2024 02:00",0.000,
"28.08.2024 02:15",0.000,
"28.08.2024 02:30",0.000,
"28.08.2024 02:45",-0.450,
"28.08.2024 03:00",0.000,
"28.08.2024 03:15",0.000,
"28.08.2024 03:30",0.000,
"28.08.2024 03:45",0.000,
"28.08.2024 04:00",0.000,
"28.08.2024 04:15",0.000,
"28.08.2024 04:30",0.000,
"28.08.2024 04:45",0.000,
"28.08.2024 05:00",0.000,
"28.08.2024 05:15",0.000,
"28.08.2024 05:30",0.000,
"28.08.2024 05:45",0.000,
"28.08.2024 06:00",0.000,
"28.08.2024 06:15",0.000,
"28.08.2024 06:30",254.900,
"28.08.2024 06:45",773.100,
"28.08.2024 07:00",1293.951,
"28.08.2024 07:15",1814.148,
"28.08.2024 07:30",2959.000,
"28.08.2024 07:45",6160.100,
"28.08.2024 08:00",9871.100,
"28.08.2024 08:15",12184.213,
"28.08.2024 08:30",14597.593,
"28.08.2024 08:45",17087.100,
"28.08.2024 09:00",19360.033,
"28.08.2024 09:15",22491.000,
"28.08.2024 09:30",24914.295,
"28.08.2024 09:45",27499.983,
"28.08.2024 10:00",29957.000,
"28.08.2024 10:15",32197.000,
"28.08.2024 10:30",34408.393,
"28.08.2024 10:45",36051.610,
"28.08.2024 11:00",37861.820,
"28.08.2024 11:15",39836.831,
"28.08.2024 11:30",41401.000,
"28.08.2024 11:45",40119.000,
"28.08.2024 12:00",43873.131,
"28.08.2024 12:15",44567.000,
"28.08.2024 12:30",44913.869,
"28.08.2024 12:45",44524.475,
"28.08.2024 13:00",45911.800,
"28.08.2024 13:15",45886.902,
"28.08.2024 13:30",46177.900,
"28.08.2024 13:45",43466.100,
"28.08.2024 14:00",44926.900,
"28.08.2024 14:15",44591.000,
"28.08.2024 14:30",43758.119,
"28.08.2024 14:45",42725.593,
"28.08.2024 15:00",41924.000,
"28.08.2024 15:15",40335.033,
"28.08.2024 15:30",38497.100,
"28.08.2024 15:45",36751.000,
"28.08.2024 16:00",35200.000,
"28.08.2024 16:15",33257.000,
"28.08.2024 16:30",31162.787,
"28.08.2024 16:45",29072.000,
"28.08.2024 17:00",26536.738,
"28.08.2024 17:15",23909.100,
"28.08.2024 17:30",21584.607,
"28.08.2024 17:45",19013.705,
"28.08.2024 18:00",16472.721,
"28.08.2024 18:15",13531.100,
"28.08.2024 18:30",9572.102,
"28.08.2024 18:45",4836.475,
"28.08.2024 19:00",2439.305,
"28.08.2024 19:15",1967.770,
"28.08.2024 19:30",1519.000,
"28.08.2024 19:45",1086.780,
"28.08.2024 20:00",597.695,
"28.08.2024 20:15",148.542,
"28.08.2024 20:30",0.000,
"28.08.2024 20:45",0.000,
"28.08.2024 21:00",0.000,
"28.08.2024 21:15",0.000,
"28.08.2024 21:30",0.000,
"28.08.2024 21:45",0.000,
"28.08.2024 22:00",0.000,
"28.08.2024 22:15",0.000,
"28.08.2024 22:30",0.000,
"28.08.2024 22:45",0.000,
"28.08.2024 23:00",0.000,
"28.08.2024 23:15",0.000,
"28.08.2024 23:30",0.000,
"28.08.2024 23:45",0.000,
"29.08.2024 00:00",0.000,
"29.08.2024 00:15",0.000,
"29.08.2024 00:30",0.000,
"29.08.2024 00:45",0.000,
"29.08.2024 01:00",0.000,
"29.08.2024 01:15",0.000,
"29.08.2024 01:30",0.000,
"29.08.2024 01:45",0.000,
"29.08.2024 02:00",0.000,
"29.08.2024 02:15",0.000,
"29.08.2024 02:30",0.000,
"29.08.2024 02:45",0.000,
"29.08.2024 03:00",0.000,
"29.08.2024 03:15",0.000,
"29.08.2024 03:30",0.000,
"29.08.2024 03:45",0.000,
"29.08.2024 04:00",0.000,
"29.08.2024 04:15",0.000,
"29.08.2024 04:30",0.000,
"29.08.2024 04:45",0.000,
"29.08.2024 05:00",0.000,
"29.08.2024 05:15",0.000,
"29.08.2024 05:30",0.000,
"29.08.2024 05:45",0.000,
"29.08.2024 06:00",0.000,
"29.08.2024 06:15",0.000,
"29.08.2024 06:30",555.983,
"29.08.2024 06:45",954.000,
"29.08.2024 07:00",1833.033,
"29.08.2024 07:15",2242.763,
"29.08.2024 07:30",2013.900,
"29.08.2024 07:45",5546.102,
"29.08.2024 08:00",8985.068,
"29.08.2024 08:15",10640.000,
"29.08.2024 08:30",12939.934,
"29.08.2024 08:45",15163.627,
"29.08.2024 09:00",18035.900,
"29.08.2024 09:15",20768.900,
"29.08.2024 09:30",23310.426,
"29.08.2024 09:45",25290.000,
"29.08.2024 10:00",27464.100,
"29.08.2024 10:15",29518.000,
"29.08.2024 10:30",31437.900,
"29.08.2024 10:45",34994.000,
"29.08.2024 11:00",36474.262,
"29.08.2024 11:15",35872.932,
"29.08.2024 11:30",38816.000,
"29.08.2024 11:45",39988.803,
"29.08.2024 12:00",42083.000,
"29.08.2024 12:15",27583.459,
"29.08.2024 12:30",38854.407,
"29.08.2024 12:45",42949.831,
"29.08.2024 13:00",42498.100,
"29.08.2024 13:15",39827.847,
"29.08.2024 13:30",43118.000,
"29.08.2024 13:45",40519.000,
"29.08.2024 14:00",36153.900,
"29.08.2024 14:15",43375.136,
"29.08.2024 14:30",41936.525,
"29.08.2024 14:45",32723.900,
"29.08.2024 15:00",18890.947,
"29.08.2024 15:15",36307.100,
"29.08.2024 15:30",34195.623,
"29.08.2024 15:45",28663.797,
"29.08.2024 16:00",30412.186,
"29.08.2024 16:15",20496.656,
"29.08.2024 16:30",29768.000,
"29.08.2024 16:45",26596.000,
"29.08.2024 17:00",24269.770,
"29.08.2024 17:15",22201.721,
"29.08.2024 17:30",19856.085,
"29.08.2024 17:45",17756.186,
"29.08.2024 18:00",14953.000,
"29.08.2024 18:15",13758.000,
"29.08.2024 18:30",7208.100,
"29.08.2024 18:45",5204.100,
"29.08.2024 19:00",4382.100,
"29.08.2024 19:15",5156.900,
"29.08.2024 19:30",3041.900,
"29.08.2024 19:45",1328.417,
"29.08.2024 20:00",302.700,
"29.08.2024 20:15",0.000,
"29.08.2024 20:30",0.000,
"29.08.2024 20:45",0.000,
"29.08.2024 21:00",0.000,
"29.08.2024 21:15",0.000,
"29.08.2024 21:30",0.000,
"29.08.2024 21:45",0.000,
"29.08.2024 22:00",0.000,
"29.08.2024 22:15",0.000,
"29.08.2024 22:30",0.000,
"29.08.2024 22:45",0.000,
"29.08.2024 23:00",0.000,
"29.08.2024 23:15",0.000,
"29.08.2024 23:30",0.000,
"29.08.2024 23:45",0.000,
"30.08.2024 00:00",0.000,
"30.08.2024 00:15",0.000,
"30.08.2024 00:30",0.000,
"30.08.2024 00:45",0.000,
"30.08.2024 01:00",0.000,
"30.08.2024 01:15",0.000,
"30.08.2024 01:30",0.000,
"30.08.2024 01:45",0.000,
"30.08.2024 02:00",0.000,
"30.08.2024 02:15",0.000,
"30.08.2024 02:30",0.000,
"30.08.2024 02:45",0.000,
"30.08.2024 03:00",0.000,
"30.08.2024 03:15",0.000,
"30.08.2024 03:30",0.000,
"30.08.2024 03:45",0.000,
"30.08.2024 04:00",0.000,
"30.08.2024 04:15",0.000,
"30.08.2024 04:30",0.000,
"30.08.2024 04:45",0.000,
"30.08.2024 05:00",0.000,
"30.08.2024 05:15",0.000,
"30.08.2024 05:30",0.000,
"30.08.2024 05:45",0.000,
"30.08.2024 06:00",0.000,
"30.08.2024 06:15",0.000,
"30.08.2024 06:30",0.000,
"30.08.2024 06:45",445.000,
"30.08.2024 07:00",1373.525,
"30.08.2024 07:15",2312.000,
"30.08.2024 07:30",2933.148,
"30.08.2024 07:45",3327.148,
"30.08.2024 08:00",4813.373,
"30.08.2024 08:15",4453.800,
"30.08.2024 08:30",6299.000,
"30.08.2024 08:45",8283.213,
"30.08.2024 09:00",10182.966,
"30.08.2024 09:15",13846.100,
"30.08.2024 09:30",11282.475,
"30.08.2024 09:45",11430.831,
"30.08.2024 10:00",10982.000,
"30.08.2024 10:15",13794.607,
"30.08.2024 10:30",31931.180,
"30.08.2024 10:45",16224.100,
"30.08.2024 11:00",44795.984,
"30.08.2024 11:15",37159.900,
"30.08.2024 11:30",46112.787,
"30.08.2024 11:45",37402.881,
"30.08.2024 12:00",12256.068,
"30.08.2024 12:15",42850.900,
"30.08.2024 12:30",37605.915,
"30.08.2024 12:45",23735.000,
"30.08.2024 13:00",48180.729,
"30.08.2024 13:15",43124.100,
"30.08.2024 13:30",34058.900,
"30.08.2024 13:45",20221.000,
"30.08.2024 14:00",46423.000,
"30.08.2024 14:15",53184.770,
"30.08.2024 14:30",18465.164,
"30.08.2024 14:45",17059.644,
"30.08.2024 15:00",47911.085,
"30.08.2024 15:15",44201.574,
"30.08.2024 15:30",46026.000,
"30.08.2024 15:45",42068.033,
"30.08.2024 16:00",35398.049,
"30.08.2024 16:15",32164.000,
"30.08.2024 16:30",31929.000,
"30.08.2024 16:45",30420.576,
"30.08.2024 17:00",30203.864,
"30.08.2024 17:15",28849.443,
"30.08.2024 17:30",24897.100,
"30.08.2024 17:45",19465.033,
"30.08.2024 18:00",17750.763,
"30.08.2024 18:15",15202.000,
"30.08.2024 18:30",8759.100,
"30.08.2024 18:45",3914.607,
"30.08.2024 19:00",2748.610,
"30.08.2024 19:15",2060.800,
"30.08.2024 19:30",1560.934,
"30.08.2024 19:45",1150.900,
"30.08.2024 20:00",641.836,
"30.08.2024 20:15",155.098,
"30.08.2024 20:30",0.000,
"30.08.2024 20:45",0.000,
"30.08.2024 21:00",0.000,
"30.08.2024 21:15",0.000,
"30.08.2024 21:30",0.000,
"30.08.2024 21:45",0.000,
"30.08.2024 22:00",0.000,
"30.08.2024 22:15",0.000,
"30.08.2024 22:30",0.000,
"30.08.2024 22:45",0.000,
"30.08.2024 23:00",0.000,
"30.08.2024 23:15",0.000,
"30.08.2024 23:30",0.000,
"30.08.2024 23:45",0.000,
"31.08.2024 00:00",0.000,
"31.08.2024 00:15",0.000,
"31.08.2024 00:30",0.000,
"31.08.2024 00:45",0.000,
"31.08.2024 01:00",0.000,
"31.08.2024 01:15",0.000,
"31.08.2024 01:30",0.000,
"31.08.2024 01:45",0.000,
"31.08.2024 02:00",0.000,
"31.08.2024 02:15",0.000,
"31.08.2024 02:30",0.000,
"31.08.2024 02:45",0.000,
"31.08.2024 03:00",0.000,
"31.08.2024 03:15",0.000,
"31.08.2024 03:30",0.000,
"31.08.2024 03:45",0.000,
"31.08.2024 04:00",0.000,
"31.08.2024 04:15",0.000,
"31.08.2024 04:30",0.000,
"31.08.2024 04:45",0.000,
"31.08.2024 05:00",0.000,
"31.08.2024 05:15",0.000,
"31.08.2024 05:30",0.000,
"31.08.2024 05:45",0.000,
"31.08.2024 06:00",0.000,
"31.08.2024 06:15",0.000,
"31.08.2024 06:30",142.200,
"31.08.2024 06:45",673.049,
"31.08.2024 07:00",1360.000,
"31.08.2024 07:15",2040.197,
"31.08.2024 07:30",2989.098,
"31.08.2024 07:45",5925.831,
"31.08.2024 08:00",9111.356,
"31.08.2024 08:15",11793.131,
"31.08.2024 08:30",14247.000,
"31.08.2024 08:45",16675.344,
"31.08.2024 09:00",19425.100,
"31.08.2024 09:15",22466.576,
"31.08.2024 09:30",25077.100,
"31.08.2024 09:45",27545.180,
"31.08.2024 10:00",30123.475,
"31.08.2024 10:15",32512.000,
"31.08.2024 10:30",32904.100,
"31.08.2024 10:45",21669.475,
"31.08.2024 11:00",31056.311,
"31.08.2024 11:15",17410.900,
"31.08.2024 11:30",48915.000,
"31.08.2024 11:45",47937.000,
"31.08.2024 12:00",40415.000,
"31.08.2024 12:15",30130.590,
"31.08.2024 12:30",47345.410,
"31.08.2024 12:45",46329.729,
"31.08.2024 13:00",45073.770,
"31.08.2024 13:15",46992.356,
"31.08.2024 13:30",45310.426,
"31.08.2024 13:45",37413.000,
"31.08.2024 14:00",45696.322,
"31.08.2024 14:15",43872.508,
"31.08.2024 14:30",45211.984,
"31.08.2024 14:45",43121.153,
"31.08.2024 15:00",42466.000,
"31.08.2024 15:15",38530.000,
"31.08.2024 15:30",40876.656,
"31.08.2024 15:45",39465.900,
"31.08.2024 16:00",34675.754,
"31.08.2024 16:15",36137.441,
"31.08.2024 16:30",29953.100,
"31.08.2024 16:45",33156.164,
"31.08.2024 17:00",17395.100,
"31.08.2024 17:15",18583.100,
"31.08.2024 17:30",22578.900,
"31.08.2024 17:45",19529.900,
"31.08.2024 18:00",17202.900,
"31.08.2024 18:15",13460.492,
"31.08.2024 18:30",7399.033,
"31.08.2024 18:45",3341.689,
"31.08.2024 19:00",1983.000,
"31.08.2024 19:15",1557.900,
"31.08.2024 19:30",1238.000,
"31.08.2024 19:45",800.900,
"31.08.2024 20:00",357.900,
"31.08.2024 20:15",0.000,
"31.08.2024 20:30",0.000,
"31.08.2024 20:45",0.000,
"31.08.2024 21:00",0.000,
"31.08.2024 21:15",0.000,
"31.08.2024 21:30",0.000,
"31.08.2024 21:45",0.000,
"31.08.2024 22:00",0.000,
"31.08.2024 22:15",0.000,
"31.08.2024 22:30",0.000,
"31.08.2024 22:45",0.000,
"31.08.2024 23:00",0.000,
"31.08.2024 23:15",0.000,
"31.08.2024 23:30",0.000,
"31.08.2024 23:45",0.000,
"01.09.2024 00:00",0.000,
"01.09.2024 00:15",0.000,
"01.09.2024 00:30",0.000,
"01.09.2024 00:45",0.000,
"01.09.2024 01:00",0.000,
"01.09.2024 01:15",0.000,
"01.09.2024 01:30",0.000,
"01.09.2024 01:45",0.000,
"01.09.2024 02:00",0.000,
"01.09.2024 02:15",0.000,
"01.09.2024 02:30",0.000,
"01.09.2024 02:45",0.000,
"01.09.2024 03:00",0.000,
"01.09.2024 03:15",0.000,
"01.09.2024 03:30",0.000,
"01.09.2024 03:45",0.000,
"01.09.2024 04:00",0.000,
"01.09.2024 04:15",0.000,
"01.09.2024 04:30",0.000,
"01.09.2024 04:45",0.000,
"01.09.2024 05:00",0.000,
"01.09.2024 05:15",0.000,
"01.09.2024 05:30",0.000,
"01.09.2024 05:45",0.000,
"01.09.2024 06:00",0.000,
"01.09.2024 06:15",0.000,
"01.09.2024 06:30",0.000,
"01.09.2024 06:45",704.900,
"01.09.2024 07:00",982.763,
"01.09.2024 07:15",1307.800,
"01.09.2024 07:30",1854.373,
"01.09.2024 07:45",4044.390,
"01.09.2024 08:00",9084.900,
"01.09.2024 08:15",12339.153,
"01.09.2024 08:30",14648.000,
"01.09.2024 08:45",17046.426,
"01.09.2024 09:00",19724.900,
"01.09.2024 09:15",21095.100,
"01.09.2024 09:30",22573.100,
"01.09.2024 09:45",28471.328,
"01.09.2024 10:00",30539.000,
"01.09.2024 10:15",32759.407,
"01.09.2024 10:30",34858.000,
"01.09.2024 10:45",36243.869,
"01.09.2024 11:00",39502.000,
"01.09.2024 11:15",41066.068,
"01.09.2024 11:30",33639.100,
"01.09.2024 11:45",41523.000,
"01.09.2024 12:00",43271.344,
"01.09.2024 12:15",39812.000,
"01.09.2024 12:30",45890.900,
"01.09.2024 12:45",46385.016,
"01.09.2024 13:00",34383.049,
"01.09.2024 13:15",44849.508,
"01.09.2024 13:30",40084.000,
"01.09.2024 13:45",38891.000,
"01.09.2024 14:00",43203.983,
"01.09.2024 14:15",37696.836,
"01.09.2024 14:30",43559.100,
"01.09.2024 14:45",34894.100,
"01.09.2024 15:00",40006.000,
"01.09.2024 15:15",36699.934,
"01.09.2024 15:30",33337.100,
"01.09.2024 15:45",36839.000,
"01.09.2024 16:00",34050.900,
"01.09.2024 16:15",35508.000,
"01.09.2024 16:30",27278.797,
"01.09.2024 16:45",27148.131,
"01.09.2024 17:00",21008.705,
"01.09.2024 17:15",21654.100,
"01.09.2024 17:30",16543.607,
"01.09.2024 17:45",17842.667,
"01.09.2024 18:00",14025.508,
"01.09.2024 18:15",9980.800,
"01.09.2024 18:30",8715.000,
"01.09.2024 18:45",6742.900,
"01.09.2024 19:00",4631.000,
"01.09.2024 19:15",3274.900,
"01.09.2024 19:30",2163.900,
"01.09.2024 19:45",1181.820,
"01.09.2024 20:00",440.918,
"01.09.2024 20:15",112.803,
"01.09.2024 20:30",0.000,
"01.09.2024 20:45",0.000,
"01.09.2024 21:00",0.000,
"01.09.2024 21:15",0.000,
"01.09.2024 21:30",0.000,
"01.09.2024 21:45",0.000,
"01.09.2024 22:00",0.000,
"01.09.2024 22:15",0.000,
"01.09.2024 22:30",0.000,
"01.09.2024 22:45",0.000,
"01.09.2024 23:00",0.000,
"01.09.2024 23:15",0.000,
"01.09.2024 23:30",0.000,
"01.09.2024 23:45",0.000,
"02.09.2024 00:00",0.000,
"02.09.2024 00:15",0.000,
"02.09.2024 00:30",0.000,
"02.09.2024 00:45",0.000,
"02.09.2024 01:00",0.000,
"02.09.2024 01:15",0.000,
"02.09.2024 01:30",0.000,
"02.09.2024 01:45",0.000,
"02.09.2024 02:00",0.000,
"02.09.2024 02:15",0.000,
"02.09.2024 02:30",0.000,
"02.09.2024 02:45",0.000,
"02.09.2024 03:00",0.000,
"02.09.2024 03:15",0.000,
"02.09.2024 03:30",0.000,
"02.09.2024 03:45",0.000,
"02.09.2024 04:00",0.000,
"02.09.2024 04:15",0.000,
"02.09.2024 04:30",0.000,
"02.09.2024 04:45",0.000,
"02.09.2024 05:00",0.000,
"02.09.2024 05:15",0.000,
"02.09.2024 05:30",0.000,
"02.09.2024 05:45",0.000,
"02.09.2024 06:00",0.000,
"02.09.2024 06:15",0.000,
"02.09.2024 06:30",0.000,
"02.09.2024 06:45",672.000,
"02.09.2024 07:00",1296.000,
"02.09.2024 07:15",1810.700,
"02.09.2024 07:30",2900.153,
"02.09.2024 07:45",5831.100,
"02.09.2024 08:00",8870.800,
"02.09.2024 08:15",10929.900,
"02.09.2024 08:30",10265.900,
"02.09.2024 08:45",12703.900,
"02.09.2024 09:00",16521.800,
"02.09.2024 09:15",19171.900,
"02.09.2024 09:30",20591.803,
"02.09.2024 09:45",21472.900,
"02.09.2024 10:00",29007.100,
"02.09.2024 10:15",30110.000,
"02.09.2024 10:30",33205.590,
"02.09.2024 10:45",35158.000,
"02.09.2024 11:00",36990.377,
"02.09.2024 11:15",38651.000,
"02.09.2024 11:30",39406.763,
"02.09.2024 11:45",36820.000,
"02.09.2024 12:00",36086.900,
"02.09.2024 12:15",38410.000,
"02.09.2024 12:30",40350.000,
"02.09.2024 12:45",44313.900,
"02.09.2024 13:00",45419.458,
"02.09.2024 13:15",42044.000,
"02.09.2024 13:30",40923.557,
"02.09.2024 13:45",41418.800,
"02.09.2024 14:00",42242.557,
"02.09.2024 14:15",35822.200,
"02.09.2024 14:30",30833.288,
"02.09.2024 14:45",38025.770,
"02.09.2024 15:00",38955.100,
"02.09.2024 15:15",36957.424,
"02.09.2024 15:30",36043.557,
"02.09.2024 15:45",37959.100,
"02.09.2024 16:00",34203.100,
"02.09.2024 16:15",30962.900,
"02.09.2024 16:30",32042.900,
"02.09.2024 16:45",26299.000,
"02.09.2024 17:00",24221.100,
"02.09.2024 17:15",22069.220,
"02.09.2024 17:30",19663.295,
"02.09.2024 17:45",16782.885,
"02.09.2024 18:00",13895.918,
"02.09.2024 18:15",9721.000,
"02.09.2024 18:30",5561.800,
"02.09.2024 18:45",3039.900,
"02.09.2024 19:00",3025.738,
"02.09.2024 19:15",3018.542,
"02.09.2024 19:30",1903.951,
"02.09.2024 19:45",822.000,
"02.09.2024 20:00",262.288,
"02.09.2024 20:15",0.000,
"02.09.2024 20:30",0.000,
"02.09.2024 20:45",0.000,
"02.09.2024 21:00",0.000,
"02.09.2024 21:15",0.000,
"02.09.2024 21:30",0.000,
"02.09.2024 21:45",0.000,
"02.09.2024 22:00",0.000,
"02.09.2024 22:15",0.000,
"02.09.2024 22:30",0.000,
"02.09.2024 22:45",0.000,
"02.09.2024 23:00",0.000,
"02.09.2024 23:15",0.000,
"02.09.2024 23:30",0.000,
"02.09.2024 23:45",0.000,
"03.09.2024 00:00",0.000,
"03.09.2024 00:15",0.000,
"03.09.2024 00:30",0.000,
"03.09.2024 00:45",0.000,
"03.09.2024 01:00",0.000,
"03.09.2024 01:15",0.000,
"03.09.2024 01:30",0.000,
"03.09.2024 01:45",0.000,
"03.09.2024 02:00",0.000,
"03.09.2024 02:15",0.000,
"03.09.2024 02:30",0.000,
"03.09.2024 02:45",0.000,
"03.09.2024 03:00",0.000,
"03.09.2024 03:15",0.000,
"03.09.2024 03:30",0.000,
"03.09.2024 03:45",0.000,
"03.09.2024 04:00",0.000,
"03.09.2024 04:15",0.000,
"03.09.2024 04:30",0.000,
"03.09.2024 04:45",0.000,
"03.09.2024 05:00",0.000,
"03.09.2024 05:15",0.000,
"03.09.2024 05:30",0.000,
"03.09.2024 05:45",0.000,
"03.09.2024 06:00",0.000,
"03.09.2024 06:15",0.000,
"03.09.2024 06:30",198.610,
"03.09.2024 06:45",803.100,
"03.09.2024 07:00",1552.100,
"03.09.2024 07:15",2300.983,
"03.09.2024 07:30",3931.508,
"03.09.2024 07:45",8059.100,
"03.09.2024 08:00",11232.475,
"03.09.2024 08:15",13359.100,
"03.09.2024 08:30",16684.000,
"03.09.2024 08:45",13870.361,
"03.09.2024 09:00",11394.100,
"03.09.2024 09:15",13450.100,
"03.09.2024 09:30",13834.100,
"03.09.2024 09:45",21972.000,
"03.09.2024 10:00",31928.695,
"03.09.2024 10:15",32505.672,
"03.09.2024 10:30",22135.000,
"03.09.2024 10:45",37153.100,
"03.09.2024 11:00",23518.900,
"03.09.2024 11:15",20568.900,
"03.09.2024 11:30",26674.115,
"03.09.2024 11:45",21228.100,
"03.09.2024 12:00",33058.271,
"03.09.2024 12:15",36391.100,
"03.09.2024 12:30",39354.033,
"03.09.2024 12:45",41300.100,
"03.09.2024 13:00",31526.000,
"03.09.2024 13:15",30112.900,
"03.09.2024 13:30",40275.180,
"03.09.2024 13:45",35027.100,
"03.09.2024 14:00",15183.131,
"03.09.2024 14:15",29828.068,
"03.09.2024 14:30",39186.200,
"03.09.2024 14:45",36727.949,
"03.09.2024 15:00",33985.068,
"03.09.2024 15:15",32848.000,
"03.09.2024 15:30",32381.393,
"03.09.2024 15:45",31072.100,
"03.09.2024 16:00",25138.900,
"03.09.2024 16:15",13386.339,
"03.09.2024 16:30",10936.000,
"03.09.2024 16:45",9270.237,
"03.09.2024 17:00",13901.900,
"03.09.2024 17:15",18450.000,
"03.09.2024 17:30",12423.881,
"03.09.2024 17:45",14318.000,
"03.09.2024 18:00",9897.803,
"03.09.2024 18:15",6799.459,
"03.09.2024 18:30",4748.200,
"03.09.2024 18:45",2299.900,
"03.09.2024 19:00",1010.237,
"03.09.2024 19:15",653.542,
"03.09.2024 19:30",642.000,
"03.09.2024 19:45",390.000,
"03.09.2024 20:00",0.000,
"03.09.2024 20:15",0.000,
"03.09.2024 20:30",0.000,
"03.09.2024 20:45",0.000,
"03.09.2024 21:00",0.000,
"03.09.2024 21:15",0.000,
"03.09.2024 21:30",0.000,
"03.09.2024 21:45",0.000,
"03.09.2024 22:00",0.000,
"03.09.2024 22:15",0.000,
"03.09.2024 22:30",0.000,
"03.09.2024 22:45",0.000,
"03.09.2024 23:00",0.000,
"03.09.2024 23:15",0.000,
"03.09.2024 23:30",0.000,
"03.09.2024 23:45",0.000,
"04.09.2024 00:00",0.000,
"04.09.2024 00:15",0.000,
"04.09.2024 00:30",0.000,
"04.09.2024 00:45",0.000,
"04.09.2024 01:00",0.000,
"04.09.2024 01:15",0.000,
"04.09.2024 01:30",0.000,
"04.09.2024 01:45",0.000,
"04.09.2024 02:00",0.000,
"04.09.2024 02:15",0.000,
"04.09.2024 02:30",0.000,
"04.09.2024 02:45",-0.454,
"04.09.2024 03:00",0.000,
"04.09.2024 03:15",0.000,
"04.09.2024 03:30",0.000,
"04.09.2024 03:45",0.000,
"04.09.2024 04:00",0.000,
"04.09.2024 04:15",0.000,
"04.09.2024 04:30",0.000,
"04.09.2024 04:45",0.000,
"04.09.2024 05:00",0.000,
"04.09.2024 05:15",0.000,
"04.09.2024 05:30",0.000,
"04.09.2024 05:45",0.000,
"04.09.2024 06:00",0.000,
"04.09.2024 06:15",0.000,
"04.09.2024 06:30",0.000,
"04.09.2024 06:45",0.000,
"04.09.2024 07:00",619.288,
"04.09.2024 07:15",1478.213,
"04.09.2024 07:30",1885.803,
"04.09.2024 07:45",2259.441,
"04.09.2024 08:00",5483.951,
"04.09.2024 08:15",9568.517,
"04.09.2024 08:30",12850.000,
"04.09.2024 08:45",5248.417,
"04.09.2024 09:00",1195.702,
"04.09.2024 09:15",1387.000,
"04.09.2024 09:30",1940.000,
"04.09.2024 09:45",2975.000,
"04.09.2024 10:00",4428.787,
"04.09.2024 10:15",3324.300,
"04.09.2024 10:30",10170.700,
"04.09.2024 10:45",7301.900,
"04.09.2024 11:00",11911.410,
"04.09.2024 11:15",19815.016,
"04.09.2024 11:30",22788.203,
"04.09.2024 11:45",20588.131,
"04.09.2024 12:00",12241.082,
"04.09.2024 12:15",20328.541,
"04.09.2024 12:30",26553.373,
"04.09.2024 12:45",17596.847,
"04.09.2024 13:00",4976.000,
"04.09.2024 13:15",3190.000,
"04.09.2024 13:30",15890.100,
"04.09.2024 13:45",25750.115,
"04.09.2024 14:00",50541.574,
"04.09.2024 14:15",40533.000,
"04.09.2024 14:30",30179.814,
"04.09.2024 14:45",21964.770,
"04.09.2024 15:00",45525.800,
"04.09.2024 15:15",34761.593,
"04.09.2024 15:30",31916.246,
"04.09.2024 15:45",28117.100,
"04.09.2024 16:00",27252.000,
"04.09.2024 16:15",20501.000,
"04.09.2024 16:30",27332.803,
"04.09.2024 16:45",23726.100,
"04.09.2024 17:00",18781.000,
"04.09.2024 17:15",19210.590,
"04.09.2024 17:30",7856.000,
"04.09.2024 17:45",16526.000,
"04.09.2024 18:00",7994.390,
"04.09.2024 18:15",7082.000,
"04.09.2024 18:30",2858.712,
"04.09.2024 18:45",1381.915,
"04.09.2024 19:00",850.068,
"04.09.2024 19:15",956.917,
"04.09.2024 19:30",184.200,
"04.09.2024 19:45",0.000,
"04.09.2024 20:00",0.000,
"04.09.2024 20:15",0.000,
"04.09.2024 20:30",0.000,
"04.09.2024 20:45",0.000,
"04.09.2024 21:00",0.000,
"04.09.2024 21:15",0.000,
"04.09.2024 21:30",0.000,
"04.09.2024 21:45",0.000,
"04.09.2024 22:00",0.000,
"04.09.2024 22:15",0.000,
"04.09.2024 22:30",0.000,
"04.09.2024 22:45",0.000,
"04.09.2024 23:00",0.000,
"04.09.2024 23:15",0.000,
"04.09.2024 23:30",0.000,
"04.09.2024 23:45",0.000,
"05.09.2024 00:00",0.000,
"05.09.2024 00:15",0.000,
"05.09.2024 00:30",0.000,
"05.09.2024 00:45",0.000,
"05.09.2024 01:00",0.000,
"05.09.2024 01:15",0.000,
"05.09.2024 01:30",0.000,
"05.09.2024 01:45",0.000,
"05.09.2024 02:00",0.000,
"05.09.2024 02:15",0.000,
"05.09.2024 02:30",0.000,
"05.09.2024 02:45",0.000,
"05.09.2024 03:00",0.000,
"05.09.2024 03:15",0.000,
"05.09.2024 03:30",0.000,
"05.09.2024 03:45",0.000,
"05.09.2024 04:00",0.000,
"05.09.2024 04:15",0.000,
"05.09.2024 04:30",0.000,
"05.09.2024 04:45",0.000,
"05.09.2024 05:00",0.000,
"05.09.2024 05:15",0.000,
"05.09.2024 05:30",0.000,
"05.09.2024 05:45",0.000,
"05.09.2024 06:00",0.000,
"05.09.2024 06:15",0.000,
"05.09.2024 06:30",0.000,
"05.09.2024 06:45",315.900,
"05.09.2024 07:00",912.695,
"05.09.2024 07:15",1476.220,
"05.09.2024 07:30",2141.898,
"05.09.2024 07:45",4019.220,
"05.09.2024 08:00",6011.000,
"05.09.2024 08:15",8914.200,
"05.09.2024 08:30",10911.100,
"05.09.2024 08:45",13153.983,
"05.09.2024 09:00",15749.881,
"05.09.2024 09:15",18519.068,
"05.09.2024 09:30",20967.800,
"05.09.2024 09:45",23223.100,
"05.09.2024 10:00",25750.847,
"05.09.2024 10:15",27745.000,
"05.09.2024 10:30",29897.100,
"05.09.2024 10:45",31391.000,
"05.09.2024 11:00",33417.193,
"05.09.2024 11:15",35056.000,
"05.09.2024 11:30",36615.900,
"05.09.2024 11:45",38157.230,
"05.09.2024 12:00",39176.000,
"05.09.2024 12:15",40622.066,
"05.09.2024 12:30",41544.213,
"05.09.2024 12:45",41932.000,
"05.09.2024 13:00",42285.000,
"05.09.2024 13:15",42463.000,
"05.09.2024 13:30",42400.000,
"05.09.2024 13:45",41856.068,
"05.09.2024 14:00",41607.000,
"05.09.2024 14:15",40711.169,
"05.09.2024 14:30",40276.000,
"05.09.2024 14:45",38850.100,
"05.09.2024 15:00",37446.000,
"05.09.2024 15:15",35400.689,
"05.09.2024 15:30",34276.847,
"05.09.2024 15:45",32397.900,
"05.09.2024 16:00",30253.100,
"05.09.2024 16:15",28311.836,
"05.09.2024 16:30",25846.000,
"05.09.2024 16:45",23778.900,
"05.09.2024 17:00",21624.800,
"05.09.2024 17:15",19545.100,
"05.09.2024 17:30",16796.475,
"05.09.2024 17:45",13270.738,
"05.09.2024 18:00",11606.847,
"05.09.2024 18:15",7543.000,
"05.09.2024 18:30",3776.100,
"05.09.2024 18:45",2589.475,
"05.09.2024 19:00",2008.100,
"05.09.2024 19:15",1540.918,
"05.09.2024 19:30",1059.000,
"05.09.2024 19:45",514.246,
"05.09.2024 20:00",117.800,
"05.09.2024 20:15",0.000,
"05.09.2024 20:30",0.000,
"05.09.2024 20:45",0.000,
"05.09.2024 21:00",0.000,
"05.09.2024 21:15",0.000,
"05.09.2024 21:30",0.000,
"05.09.2024 21:45",0.000,
"05.09.2024 22:00",0.000,
"05.09.2024 22:15",0.000,
"05.09.2024 22:30",0.000,
"05.09.2024 22:45",0.000,
"05.09.2024 23:00",0.000,
"05.09.2024 23:15",0.000,
"05.09.2024 23:30",0.000,
"05.09.2024 23:45",0.000,
"06.09.2024 00:00",0.000,
"06.09.2024 00:15",0.000,
"06.09.2024 00:30",0.000,
"06.09.2024 00:45",0.000,
"06.09.2024 01:00",0.000,
"06.09.2024 01:15",0.000,
"06.09.2024 01:30",0.000,
"06.09.2024 01:45",0.000,
"06.09.2024 02:00",0.000,
"06.09.2024 02:15",0.000,
"06.09.2024 02:30",0.000,
"06.09.2024 02:45",0.000,
"06.09.2024 03:00",0.000,
"06.09.2024 03:15",0.000,
"06.09.2024 03:30",0.000,
"06.09.2024 03:45",0.000,
"06.09.2024 04:00",0.000,
"06.09.2024 04:15",0.000,
"06.09.2024 04:30",0.000,
"06.09.2024 04:45",0.000,
"06.09.2024 05:00",0.000,
"06.09.2024 05:15",0.000,
"06.09.2024 05:30",0.000,
"06.09.2024 05:45",0.000,
"06.09.2024 06:00",0.000,
"06.09.2024 06:15",0.000,
"06.09.2024 06:30",0.000,
"06.09.2024 06:45",760.100,
"06.09.2024 07:00",2134.180,
"06.09.2024 07:15",3079.000,
"06.09.2024 07:30",4020.900,
"06.09.2024 07:45",5447.000,
"06.09.2024 08:00",6323.300,
"06.09.2024 08:15",6168.100,
"06.09.2024 08:30",5622.900,
"06.09.2024 08:45",11154.607,
"06.09.2024 09:00",9814.730,
"06.09.2024 09:15",9705.100,
"06.09.2024 09:30",11310.000,
"06.09.2024 09:45",9780.098,
"06.09.2024 10:00",16386.800,
"06.09.2024 10:15",21925.100,
"06.09.2024 10:30",24037.100,
"06.09.2024 10:45",16217.900,
"06.09.2024 11:00",18655.085,
"06.09.2024 11:15",35587.847,
"06.09.2024 11:30",41308.033,
"06.09.2024 11:45",40628.000,
"06.09.2024 12:00",36901.000,
"06.09.2024 12:15",40894.250,
"06.09.2024 12:30",40492.627,
"06.09.2024 12:45",41008.000,
"06.09.2024 13:00",41287.000,
"06.09.2024 13:15",41297.100,
"06.09.2024 13:30",41547.900,
"06.09.2024 13:45",41516.100,
"06.09.2024 14:00",41634.100,
"06.09.2024 14:15",40990.754,
"06.09.2024 14:30",39983.100,
"06.09.2024 14:45",38581.100,
"06.09.2024 15:00",37044.000,
"06.09.2024 15:15",35388.100,
"06.09.2024 15:30",34107.932,
"06.09.2024 15:45",32706.100,
"06.09.2024 16:00",31490.220,
"06.09.2024 16:15",25452.900,
"06.09.2024 16:30",23527.525,
"06.09.2024 16:45",21041.000,
"06.09.2024 17:00",22431.902,
"06.09.2024 17:15",16014.361,
"06.09.2024 17:30",17218.000,
"06.09.2024 17:45",14595.900,
"06.09.2024 18:00",12199.100,
"06.09.2024 18:15",5914.746,
"06.09.2024 18:30",2165.271,
"06.09.2024 18:45",1775.000,
"06.09.2024 19:00",1820.900,
"06.09.2024 19:15",1777.400,
"06.09.2024 19:30",1082.900,
"06.09.2024 19:45",408.100,
"06.09.2024 20:00",0.000,
"06.09.2024 20:15",0.000,
"06.09.2024 20:30",0.000,
"06.09.2024 20:45",0.000,
"06.09.2024 21:00",0.000,
"06.09.2024 21:15",0.000,
"06.09.2024 21:30",0.000,
"06.09.2024 21:45",0.000,
"06.09.2024 22:00",0.000,
"06.09.2024 22:15",0.000,
"06.09.2024 22:30",0.000,
"06.09.2024 22:45",0.000,
"06.09.2024 23:00",0.000,
"06.09.2024 23:15",0.000,
"06.09.2024 23:30",0.000,
"06.09.2024 23:45",0.000,
"07.09.2024 00:00",0.000,
"07.09.2024 00:15",0.000,
"07.09.2024 00:30",0.000,
"07.09.2024 00:45",0.000,
"07.09.2024 01:00",0.000,
"07.09.2024 01:15",0.000,
"07.09.2024 01:30",0.000,
"07.09.2024 01:45",0.000,
"07.09.2024 02:00",0.000,
"07.09.2024 02:15",0.000,
"07.09.2024 02:30",0.000,
"07.09.2024 02:45",0.000,
"07.09.2024 03:00",0.000,
"07.09.2024 03:15",0.000,
"07.09.2024 03:30",0.000,
"07.09.2024 03:45",0.000,
"07.09.2024 04:00",0.000,
"07.09.2024 04:15",0.000,
"07.09.2024 04:30",0.000,
"07.09.2024 04:45",0.000,
"07.09.2024 05:00",0.000,
"07.09.2024 05:15",0.000,
"07.09.2024 05:30",0.000,
"07.09.2024 05:45",0.000,
"07.09.2024 06:00",0.000,
"07.09.2024 06:15",0.000,
"07.09.2024 06:30",0.000,
"07.09.2024 06:45",0.000,
"07.09.2024 07:00",354.100,
"07.09.2024 07:15",1373.100,
"07.09.2024 07:30",3471.426,
"07.09.2024 07:45",5043.900,
"07.09.2024 08:00",5859.898,
"07.09.2024 08:15",6011.780,
"07.09.2024 08:30",6738.000,
"07.09.2024 08:45",6233.049,
"07.09.2024 09:00",17674.100,
"07.09.2024 09:15",19604.000,
"07.09.2024 09:30",20659.136,
"07.09.2024 09:45",22752.100,
"07.09.2024 10:00",24728.295,
"07.09.2024 10:15",26669.279,
"07.09.2024 10:30",28726.678,
"07.09.2024 10:45",31161.115,
"07.09.2024 11:00",20366.066,
"07.09.2024 11:15",21287.900,
"07.09.2024 11:30",20697.000,
"07.09.2024 11:45",23242.393,
"07.09.2024 12:00",21213.610,
"07.09.2024 12:15",19381.695,
"07.09.2024 12:30",18867.100,
"07.09.2024 12:45",22139.797,
"07.09.2024 13:00",17895.153,
"07.09.2024 13:15",18639.729,
"07.09.2024 13:30",26645.000,
"07.09.2024 13:45",48992.800,
"07.09.2024 14:00",22772.100,
"07.09.2024 14:15",36208.000,
"07.09.2024 14:30",36907.186,
"07.09.2024 14:45",32060.100,
"07.09.2024 15:00",38683.814,
"07.09.2024 15:15",30380.590,
"07.09.2024 15:30",21202.230,
"07.09.2024 15:45",21481.932,
"07.09.2024 16:00",19120.492,
"07.09.2024 16:15",16768.900,
"07.09.2024 16:30",13704.590,
"07.09.2024 16:45",13259.051,
"07.09.2024 17:00",11990.098,
"07.09.2024 17:15",12067.213,
"07.09.2024 17:30",12447.525,
"07.09.2024 17:45",19224.100,
"07.09.2024 18:00",15341.639,
"07.09.2024 18:15",10075.729,
"07.09.2024 18:30",5773.131,
"07.09.2024 18:45",2023.787,
"07.09.2024 19:00",1601.100,
"07.09.2024 19:15",1587.900,
"07.09.2024 19:30",751.000,
"07.09.2024 19:45",228.864,
"07.09.2024 20:00",0.000,
"07.09.2024 20:15",0.000,
"07.09.2024 20:30",0.000,
"07.09.2024 20:45",0.000,
"07.09.2024 21:00",0.000,
"07.09.2024 21:15",0.000,
"07.09.2024 21:30",0.000,
"07.09.2024 21:45",0.000,
"07.09.2024 22:00",0.000,
"07.09.2024 22:15",0.000,
"07.09.2024 22:30",0.000,
"07.09.2024 22:45",0.000,
"07.09.2024 23:00",0.000,
"07.09.2024 23:15",0.000,
"07.09.2024 23:30",0.000,
"07.09.2024 23:45",0.000,
"08.09.2024 00:00",0.000,
"08.09.2024 00:15",0.000,
"08.09.2024 00:30",0.000,
"08.09.2024 00:45",0.000,
"08.09.2024 01:00",0.000,
"08.09.2024 01:15",0.000,
"08.09.2024 01:30",0.000,
"08.09.2024 01:45",0.000,
"08.09.2024 02:00",0.000,
"08.09.2024 02:15",0.000,
"08.09.2024 02:30",0.000,
"08.09.2024 02:45",-0.450,
"08.09.2024 03:00",0.000,
"08.09.2024 03:15",0.000,
"08.09.2024 03:30",0.000,
"08.09.2024 03:45",0.000,
"08.09.2024 04:00",0.000,
"08.09.2024 04:15",0.000,
"08.09.2024 04:30",0.000,
"08.09.2024 04:45",0.000,
"08.09.2024 05:00",0.000,
"08.09.2024 05:15",0.000,
"08.09.2024 05:30",0.000,
"08.09.2024 05:45",0.000,
"08.09.2024 06:00",0.000,
"08.09.2024 06:15",0.000,
"08.09.2024 06:30",0.000,
"08.09.2024 06:45",0.000,
"08.09.2024 07:00",516.100,
"08.09.2024 07:15",1180.902,
"08.09.2024 07:30",1871.100,
"08.09.2024 07:45",3194.131,
"08.09.2024 08:00",5448.583,
"08.09.2024 08:15",7800.000,
"08.09.2024 08:30",9903.131,
"08.09.2024 08:45",12419.115,
"08.09.2024 09:00",14714.220,
"08.09.2024 09:15",17655.000,
"08.09.2024 09:30",19950.016,
"08.09.2024 09:45",23378.119,
"08.09.2024 10:00",25158.017,
"08.09.2024 10:15",26912.102,
"08.09.2024 10:30",28891.803,
"08.09.2024 10:45",26040.100,
"08.09.2024 11:00",30360.000,
"08.09.2024 11:15",24074.983,
"08.09.2024 11:30",25445.220,
"08.09.2024 11:45",39086.328,
"08.09.2024 12:00",19405.898,
"08.09.2024 12:15",35256.590,
"08.09.2024 12:30",23954.900,
"08.09.2024 12:45",37402.271,
"08.09.2024 13:00",45534.541,
"08.09.2024 13:15",38453.213,
"08.09.2024 13:30",42569.443,
"08.09.2024 13:45",41845.836,
"08.09.2024 14:00",35358.295,
"08.09.2024 14:15",40357.377,
"08.09.2024 14:30",14406.407,
"08.09.2024 14:45",42905.443,
"08.09.2024 15:00",30532.186,
"08.09.2024 15:15",12198.623,
"08.09.2024 15:30",34676.311,
"08.09.2024 15:45",36070.831,
"08.09.2024 16:00",30387.900,
"08.09.2024 16:15",25455.000,
"08.09.2024 16:30",9675.800,
"08.09.2024 16:45",16007.017,
"08.09.2024 17:00",11805.763,
"08.09.2024 17:15",10088.390,
"08.09.2024 17:30",9987.000,
"08.09.2024 17:45",11390.262,
"08.09.2024 18:00",8577.787,
"08.09.2024 18:15",5506.000,
"08.09.2024 18:30",3753.300,
"08.09.2024 18:45",2086.900,
"08.09.2024 19:00",2096.085,
"08.09.2024 19:15",1327.900,
"08.09.2024 19:30",333.017,
"08.09.2024 19:45",0.000,
"08.09.2024 20:00",0.000,
"08.09.2024 20:15",0.000,
"08.09.2024 20:30",0.000,
"08.09.2024 20:45",0.000,
"08.09.2024 21:00",0.000,
"08.09.2024 21:15",0.000,
"08.09.2024 21:30",0.000,
"08.09.2024 21:45",0.000,
"08.09.2024 22:00",0.000,
"08.09.2024 22:15",0.000,
"08.09.2024 22:30",0.000,
"08.09.2024 22:45",0.000,
"08.09.2024 23:00",0.000,
"08.09.2024 23:15",0.000,
"08.09.2024 23:30",0.000,
"08.09.2024 23:45",0.000,
"09.09.2024 00:00",0.000,
"09.09.2024 00:15",0.000,
"09.09.2024 00:30",0.000,
"09.09.2024 00:45",0.000,
"09.09.2024 01:00",0.000,
"09.09.2024 01:15",0.000,
"09.09.2024 01:30",0.000,
"09.09.2024 01:45",0.000,
"09.09.2024 02:00",0.000,
"09.09.2024 02:15",0.000,
"09.09.2024 02:30",0.000,
"09.09.2024 02:45",0.000,
"09.09.2024 03:00",0.000,
"09.09.2024 03:15",0.000,
"09.09.2024 03:30",0.000,
"09.09.2024 03:45",0.000,
"09.09.2024 04:00",0.000,
"09.09.2024 04:15",0.000,
"09.09.2024 04:30",0.000,
"09.09.2024 04:45",0.000,
"09.09.2024 05:00",0.000,
"09.09.2024 05:15",0.000,
"09.09.2024 05:30",0.000,
"09.09.2024 05:45",0.000,
"09.09.2024 06:00",0.000,
"09.09.2024 06:15",0.000,
"09.09.2024 06:30",0.000,
"09.09.2024 06:45",0.000,
"09.09.2024 07:00",0.000,
"09.09.2024 07:15",0.000,
"09.09.2024 07:30",0.000,
"09.09.2024 07:45",226.000,
"09.09.2024 08:00",255.627,
"09.09.2024 08:15",811.000,
"09.09.2024 08:30",752.049,
"09.09.2024 08:45",2233.213,
"09.09.2024 09:00",3805.000,
"09.09.2024 09:15",5150.000,
"09.09.2024 09:30",2062.900,
"09.09.2024 09:45",2475.000,
"09.09.2024 10:00",3422.803,
"09.09.2024 10:15",4679.180,
"09.09.2024 10:30",6506.328,
"09.09.2024 10:45",9162.780,
"09.09.2024 11:00",10196.100,
"09.09.2024 11:15",13128.203,
"09.09.2024 11:30",9406.984,
"09.09.2024 11:45",12024.407,
"09.09.2024 12:00",12406.574,
"09.09.2024 12:15",13240.164,
"09.09.2024 12:30",16280.344,
"09.09.2024 12:45",18795.200,
"09.09.2024 13:00",16606.017,
"09.09.2024 13:15",17524.426,
"09.09.2024 13:30",23179.361,
"09.09.2024 13:45",28073.213,
"09.09.2024 14:00",23372.803,
"09.09.2024 14:15",20949.525,
"09.09.2024 14:30",20552.000,
"09.09.2024 14:45",22416.900,
"09.09.2024 15:00",20752.900,
"09.09.2024 15:15",23667.000,
"09.09.2024 15:30",26820.492,
"09.09.2024 15:45",21493.541,
"09.09.2024 16:00",23678.644,
"09.09.2024 16:15",20537.639,
"09.09.2024 16:30",17841.000,
"09.09.2024 16:45",15533.033,
"09.09.2024 17:00",11000.492,
"09.09.2024 17:15",9275.881,
"09.09.2024 17:30",6309.164,
"09.09.2024 17:45",3355.492,
"09.09.2024 18:00",4749.333,
"09.09.2024 18:15",3373.000,
"09.09.2024 18:30",3192.000,
"09.09.2024 18:45",2568.000,
"09.09.2024 19:00",1675.000,
"09.09.2024 19:15",810.800,
"09.09.2024 19:30",518.100,
"09.09.2024 19:45",243.100,
"09.09.2024 20:00",0.000,
"09.09.2024 20:15",0.000,
"09.09.2024 20:30",0.000,
"09.09.2024 20:45",0.000,
"09.09.2024 21:00",0.000,
"09.09.2024 21:15",0.000,
"09.09.2024 21:30",0.000,
"09.09.2024 21:45",0.000,
"09.09.2024 22:00",0.000,
"09.09.2024 22:15",0.000,
"09.09.2024 22:30",0.000,
"09.09.2024 22:45",0.000,
"09.09.2024 23:00",0.000,
"09.09.2024 23:15",0.000,
"09.09.2024 23:30",0.000,
"09.09.2024 23:45",0.000,
"10.09.2024 00:00",0.000,
"10.09.2024 00:15",0.000,
"10.09.2024 00:30",0.000,
"10.09.2024 00:45",0.000,
"10.09.2024 01:00",0.000,
"10.09.2024 01:15",0.000,
"10.09.2024 01:30",0.000,
"10.09.2024 01:45",0.000,
"10.09.2024 02:00",0.000,
"10.09.2024 02:15",0.000,
"10.09.2024 02:30",0.000,
"10.09.2024 02:45",0.000,
"10.09.2024 03:00",0.000,
"10.09.2024 03:15",0.000,
"10.09.2024 03:30",0.000,
"10.09.2024 03:45",0.000,
"10.09.2024 04:00",0.000,
"10.09.2024 04:15",0.000,
"10.09.2024 04:30",0.000,
"10.09.2024 04:45",0.000,
"10.09.2024 05:00",0.000,
"10.09.2024 05:15",0.000,
"10.09.2024 05:30",0.000,
"10.09.2024 05:45",0.000,
"10.09.2024 06:00",0.000,
"10.09.2024 06:15",0.000,
"10.09.2024 06:30",0.000,
"10.09.2024 06:45",0.000,
"10.09.2024 07:00",0.000,
"10.09.2024 07:15",643.066,
"10.09.2024 07:30",1064.049,
"10.09.2024 07:45",2586.066,
"10.09.2024 08:00",7210.000,
"10.09.2024 08:15",5549.814,
"10.09.2024 08:30",6097.593,
"10.09.2024 08:45",8929.407,
"10.09.2024 09:00",6553.934,
"10.09.2024 09:15",19297.000,
"10.09.2024 09:30",21408.119,
"10.09.2024 09:45",24256.900,
"10.09.2024 10:00",32931.820,
"10.09.2024 10:15",13248.797,
"10.09.2024 10:30",3915.800,
"10.09.2024 10:45",8039.361,
"10.09.2024 11:00",6262.119,
"10.09.2024 11:15",18278.000,
"10.09.2024 11:30",33452.000,
"10.09.2024 11:45",51440.067,
"10.09.2024 12:00",33061.900,
"10.09.2024 12:15",27580.180,
"10.09.2024 12:30",20589.458,
"10.09.2024 12:45",13075.262,
"10.09.2024 13:00",7082.885,
"10.09.2024 13:15",6644.000,
"10.09.2024 13:30",19463.541,
"10.09.2024 13:45",19637.583,
"10.09.2024 14:00",16656.426,
"10.09.2024 14:15",36104.136,
"10.09.2024 14:30",13284.814,
"10.09.2024 14:45",16226.100,
"10.09.2024 15:00",43116.900,
"10.09.2024 15:15",15811.656,
"10.09.2024 15:30",13765.800,
"10.09.2024 15:45",1682.200,
"10.09.2024 16:00",9282.085,
"10.09.2024 16:15",3788.900,
"10.09.2024 16:30",5331.246,
"10.09.2024 16:45",3922.475,
"10.09.2024 17:00",2491.068,
"10.09.2024 17:15",2204.100,
"10.09.2024 17:30",2695.100,
"10.09.2024 17:45",2395.000,
"10.09.2024 18:00",705.131,
"10.09.2024 18:15",858.373,
"10.09.2024 18:30",893.295,
"10.09.2024 18:45",691.800,
"10.09.2024 19:00",808.300,
"10.09.2024 19:15",353.131,
"10.09.2024 19:30",0.000,
"10.09.2024 19:45",0.000,
"10.09.2024 20:00",0.000,
"10.09.2024 20:15",0.000,
"10.09.2024 20:30",0.000,
"10.09.2024 20:45",0.000,
"10.09.2024 21:00",0.000,
"10.09.2024 21:15",0.000,
"10.09.2024 21:30",0.000,
"10.09.2024 21:45",0.000,
"10.09.2024 22:00",0.000,
"10.09.2024 22:15",0.000,
"10.09.2024 22:30",0.000,
"10.09.2024 22:45",0.000,
"10.09.2024 23:00",0.000,
"10.09.2024 23:15",0.000,
"10.09.2024 23:30",0.000,
"10.09.2024 23:45",0.000,
"11.09.2024 00:00",0.000,
"11.09.2024 00:15",0.000,
"11.09.2024 00:30",0.000,
"11.09.2024 00:45",0.000,
"11.09.2024 01:00",0.000,
"11.09.2024 01:15",0.000,
"11.09.2024 01:30",0.000,
"11.09.2024 01:45",0.000,
"11.09.2024 02:00",0.000,
"11.09.2024 02:15",0.000,
"11.09.2024 02:30",0.000,
"11.09.2024 02:45",0.000,
"11.09.2024 03:00",0.000,
"11.09.2024 03:15",0.000,
"11.09.2024 03:30",0.000,
"11.09.2024 03:45",0.000,
"11.09.2024 04:00",0.000,
"11.09.2024 04:15",0.000,
"11.09.2024 04:30",0.000,
"11.09.2024 04:45",0.000,
"11.09.2024 05:00",0.000,
"11.09.2024 05:15",0.000,
"11.09.2024 05:30",0.000,
"11.09.2024 05:45",0.000,
"11.09.2024 06:00",0.000,
"11.09.2024 06:15",0.000,
"11.09.2024 06:30",0.000,
"11.09.2024 06:45",0.000,
"11.09.2024 07:00",0.000,
"11.09.2024 07:15",0.000,
"11.09.2024 07:30",0.000,
"11.09.2024 07:45",1335.100,
"11.09.2024 08:00",2205.900,
"11.09.2024 08:15",1296.100,
"11.09.2024 08:30",1664.000,
"11.09.2024 08:45",2672.000,
"11.09.2024 09:00",5509.131,
"11.09.2024 09:15",3593.583,
"11.09.2024 09:30",2198.186,
"11.09.2024 09:45",7494.000,
"11.09.2024 10:00",2843.610,
"11.09.2024 10:15",2426.800,
"11.09.2024 10:30",2178.100,
"11.09.2024 10:45",3606.800,
"11.09.2024 11:00",3961.918,
"11.09.2024 11:15",6351.246,
"11.09.2024 11:30",13601.153,
"11.09.2024 11:45",13334.390,
"11.09.2024 12:00",16741.932,
"11.09.2024 12:15",12048.000,
"11.09.2024 12:30",15539.100,
"11.09.2024 12:45",18686.984,
"11.09.2024 13:00",19070.814,
"11.09.2024 13:15",39645.900,
"11.09.2024 13:30",44954.000,
"11.09.2024 13:45",45557.119,
"11.09.2024 14:00",45430.164,
"11.09.2024 14:15",46264.966,
"11.09.2024 14:30",5916.984,
"11.09.2024 14:45",2412.667,
"11.09.2024 15:00",4466.262,
"11.09.2024 15:15",19975.934,
"11.09.2024 15:30",44064.900,
"11.09.2024 15:45",19412.100,
"11.09.2024 16:00",25508.900,
"11.09.2024 16:15",10763.900,
"11.09.2024 16:30",4097.780,
"11.09.2024 16:45",16086.230,
"11.09.2024 17:00",9433.246,
"11.09.2024 17:15",16478.361,
"11.09.2024 17:30",8077.102,
"11.09.2024 17:45",15923.966,
"11.09.2024 18:00",9961.820,
"11.09.2024 18:15",3923.100,
"11.09.2024 18:30",1529.390,
"11.09.2024 18:45",1558.200,
"11.09.2024 19:00",1085.000,
"11.09.2024 19:15",659.458,
"11.09.2024 19:30",356.186,
"11.09.2024 19:45",0.000,
"11.09.2024 20:00",0.000,
"11.09.2024 20:15",0.000,
"11.09.2024 20:30",0.000,
"11.09.2024 20:45",0.000,
"11.09.2024 21:00",0.000,
"11.09.2024 21:15",0.000,
"11.09.2024 21:30",0.000,
"11.09.2024 21:45",0.000,
"11.09.2024 22:00",0.000,
"11.09.2024 22:15",0.000,
"11.09.2024 22:30",0.000,
"11.09.2024 22:45",0.000,
"11.09.2024 23:00",0.000,
"11.09.2024 23:15",0.000,
"11.09.2024 23:30",0.000,
"11.09.2024 23:45",0.000,
"12.09.2024 00:00",0.000,
"12.09.2024 00:15",0.000,
"12.09.2024 00:30",0.000,
"12.09.2024 00:45",0.000,
"12.09.2024 01:00",0.000,
"12.09.2024 01:15",0.000,
"12.09.2024 01:30",0.000,
"12.09.2024 01:45",0.000,
"12.09.2024 02:00",0.000,
"12.09.2024 02:15",0.000,
"12.09.2024 02:30",0.000,
"12.09.2024 02:45",0.000,
"12.09.2024 03:00",0.000,
"12.09.2024 03:15",0.000,
"12.09.2024 03:30",0.000,
"12.09.2024 03:45",0.000,
"12.09.2024 04:00",0.000,
"12.09.2024 04:15",0.000,
"12.09.2024 04:30",0.000,
"12.09.2024 04:45",0.000,
"12.09.2024 05:00",0.000,
"12.09.2024 05:15",0.000,
"12.09.2024 05:30",0.000,
"12.09.2024 05:45",0.000,
"12.09.2024 06:00",0.000,
"12.09.2024 06:15",0.000,
"12.09.2024 06:30",0.000,
"12.09.2024 06:45",0.000,
"12.09.2024 07:00",603.000,
"12.09.2024 07:15",2457.000,
"12.09.2024 07:30",5318.966,
"12.09.2024 07:45",8288.557,
"12.09.2024 08:00",6536.800,
"12.09.2024 08:15",9453.373,
"12.09.2024 08:30",8336.800,
"12.09.2024 08:45",8119.900,
"12.09.2024 09:00",17587.803,
"12.09.2024 09:15",12240.000,
"12.09.2024 09:30",8419.900,
"12.09.2024 09:45",12749.000,
"12.09.2024 10:00",10346.100,
"12.09.2024 10:15",18458.459,
"12.09.2024 10:30",34232.541,
"12.09.2024 10:45",30481.847,
"12.09.2024 11:00",19151.932,
"12.09.2024 11:15",29829.100,
"12.09.2024 11:30",18612.100,
"12.09.2024 11:45",6982.102,
"12.09.2024 12:00",4443.712,
"12.09.2024 12:15",4661.820,
"12.09.2024 12:30",33535.153,
"12.09.2024 12:45",14196.262,
"12.09.2024 13:00",55314.900,
"12.09.2024 13:15",54406.847,
"12.09.2024 13:30",26553.288,
"12.09.2024 13:45",18842.508,
"12.09.2024 14:00",10984.311,
"12.09.2024 14:15",13530.279,
"12.09.2024 14:30",12414.000,
"12.09.2024 14:45",18535.083,
"12.09.2024 15:00",18802.271,
"12.09.2024 15:15",14763.000,
"12.09.2024 15:30",7813.000,
"12.09.2024 15:45",11631.831,
"12.09.2024 16:00",14366.593,
"12.09.2024 16:15",10961.410,
"12.09.2024 16:30",10287.100,
"12.09.2024 16:45",10835.200,
"12.09.2024 17:00",12617.034,
"12.09.2024 17:15",16127.100,
"12.09.2024 17:30",13549.729,
"12.09.2024 17:45",9502.525,
"12.09.2024 18:00",4780.900,
"12.09.2024 18:15",3801.557,
"12.09.2024 18:30",2594.333,
"12.09.2024 18:45",2555.000,
"12.09.2024 19:00",2590.656,
"12.09.2024 19:15",870.918,
"12.09.2024 19:30",348.712,
"12.09.2024 19:45",0.000,
"12.09.2024 20:00",0.000,
"12.09.2024 20:15",0.000,
"12.09.2024 20:30",0.000,
"12.09.2024 20:45",0.000,
"12.09.2024 21:00",0.000,
"12.09.2024 21:15",0.000,
"12.09.2024 21:30",0.000,
"12.09.2024 21:45",0.000,
"12.09.2024 22:00",0.000,
"12.09.2024 22:15",0.000,
"12.09.2024 22:30",0.000,
"12.09.2024 22:45",0.000,
"12.09.2024 23:00",0.000,
"12.09.2024 23:15",0.000,
"12.09.2024 23:30",0.000,
"12.09.2024 23:45",0.000,
"13.09.2024 00:00",0.000,
"13.09.2024 00:15",0.000,
"13.09.2024 00:30",0.000,
"13.09.2024 00:45",0.000,
"13.09.2024 01:00",0.000,
"13.09.2024 01:15",0.000,
"13.09.2024 01:30",0.000,
"13.09.2024 01:45",0.000,
"13.09.2024 02:00",0.000,
"13.09.2024 02:15",0.000,
"13.09.2024 02:30",0.000,
"13.09.2024 02:45",-0.450,
"13.09.2024 03:00",0.000,
"13.09.2024 03:15",0.000,
"13.09.2024 03:30",0.000,
"13.09.2024 03:45",0.000,
"13.09.2024 04:00",0.000,
"13.09.2024 04:15",0.000,
"13.09.2024 04:30",0.000,
"13.09.2024 04:45",0.000,
"13.09.2024 05:00",0.000,
"13.09.2024 05:15",0.000,
"13.09.2024 05:30",0.000,
"13.09.2024 05:45",0.000,
"13.09.2024 06:00",0.000,
"13.09.2024 06:15",0.000,
"13.09.2024 06:30",0.000,
"13.09.2024 06:45",0.000,
"13.09.2024 07:00",146.200,
"13.09.2024 07:15",531.847,
"13.09.2024 07:30",1218.100,
"13.09.2024 07:45",2102.000,
"13.09.2024 08:00",2837.148,
"13.09.2024 08:15",5489.390,
"13.09.2024 08:30",6846.932,
"13.09.2024 08:45",13563.869,
"13.09.2024 09:00",15015.000,
"13.09.2024 09:15",16043.100,
"13.09.2024 09:30",17824.458,
"13.09.2024 09:45",24291.000,
"13.09.2024 10:00",23735.831,
"13.09.2024 10:15",29419.390,
"13.09.2024 10:30",30244.200,
"13.09.2024 10:45",31271.100,
"13.09.2024 11:00",32708.136,
"13.09.2024 11:15",41646.393,
"13.09.2024 11:30",22137.356,
"13.09.2024 11:45",33687.000,
"13.09.2024 12:00",32367.000,
"13.09.2024 12:15",28824.100,
"13.09.2024 12:30",17511.082,
"13.09.2024 12:45",22175.100,
"13.09.2024 13:00",21973.164,
"13.09.2024 13:15",21755.900,
"13.09.2024 13:30",19464.100,
"13.09.2024 13:45",10519.000,
"13.09.2024 14:00",14191.246,
"13.09.2024 14:15",22749.900,
"13.09.2024 14:30",45722.000,
"13.09.2024 14:45",16612.100,
"13.09.2024 15:00",11390.000,
"13.09.2024 15:15",35410.831,
"13.09.2024 15:30",15899.000,
"13.09.2024 15:45",33697.900,
"13.09.2024 16:00",26538.759,
"13.09.2024 16:15",13378.186,
"13.09.2024 16:30",8576.576,
"13.09.2024 16:45",16240.574,
"13.09.2024 17:00",9426.200,
"13.09.2024 17:15",20741.200,
"13.09.2024 17:30",14013.934,
"13.09.2024 17:45",13935.443,
"13.09.2024 18:00",7262.639,
"13.09.2024 18:15",3689.000,
"13.09.2024 18:30",3024.934,
"13.09.2024 18:45",2764.305,
"13.09.2024 19:00",2048.300,
"13.09.2024 19:15",1191.900,
"13.09.2024 19:30",481.820,
"13.09.2024 19:45",0.000,
"13.09.2024 20:00",0.000,
"13.09.2024 20:15",0.000,
"13.09.2024 20:30",0.000,
"13.09.2024 20:45",0.000,
"13.09.2024 21:00",0.000,
"13.09.2024 21:15",0.000,
"13.09.2024 21:30",0.000,
"13.09.2024 21:45",0.000,
"13.09.2024 22:00",0.000,
"13.09.2024 22:15",0.000,
"13.09.2024 22:30",0.000,
"13.09.2024 22:45",0.000,
"13.09.2024 23:00",0.000,
"13.09.2024 23:15",0.000,
"13.09.2024 23:30",0.000,
"13.09.2024 23:45",0.000,
"14.09.2024 00:00",0.000,
"14.09.2024 00:15",0.000,
"14.09.2024 00:30",0.000,
"14.09.2024 00:45",0.000,
"14.09.2024 01:00",0.000,
"14.09.2024 01:15",0.000,
"14.09.2024 01:30",0.000,
"14.09.2024 01:45",0.000,
"14.09.2024 02:00",0.000,
"14.09.2024 02:15",0.000,
"14.09.2024 02:30",0.000,
"14.09.2024 02:45",0.000,
"14.09.2024 03:00",0.000,
"14.09.2024 03:15",0.000,
"14.09.2024 03:30",0.000,
"14.09.2024 03:45",0.000,
"14.09.2024 04:00",0.000,
"14.09.2024 04:15",0.000,
"14.09.2024 04:30",0.000,
"14.09.2024 04:45",0.000,
"14.09.2024 05:00",0.000,
"14.09.2024 05:15",0.000,
"14.09.2024 05:30",0.000,
"14.09.2024 05:45",0.000,
"14.09.2024 06:00",0.000,
"14.09.2024 06:15",0.000,
"14.09.2024 06:30",0.000,
"14.09.2024 06:45",0.000,
"14.09.2024 07:00",224.712,
"14.09.2024 07:15",988.934,
"14.09.2024 07:30",1499.672,
"14.09.2024 07:45",2063.100,
"14.09.2024 08:00",4236.746,
"14.09.2024 08:15",6946.000,
"14.09.2024 08:30",11391.900,
"14.09.2024 08:45",13220.200,
"14.09.2024 09:00",16097.100,
"14.09.2024 09:15",18649.200,
"14.09.2024 09:30",21550.915,
"14.09.2024 09:45",23244.607,
"14.09.2024 10:00",25840.100,
"14.09.2024 10:15",28418.377,
"14.09.2024 10:30",32085.153,
"14.09.2024 10:45",32978.607,
"14.09.2024 11:00",34263.148,
"14.09.2024 11:15",35242.100,
"14.09.2024 11:30",36308.000,
"14.09.2024 11:45",37860.900,
"14.09.2024 12:00",40151.800,
"14.09.2024 12:15",40922.900,
"14.09.2024 12:30",41919.900,
"14.09.2024 12:45",39207.656,
"14.09.2024 13:00",46475.746,
"14.09.2024 13:15",24326.967,
"14.09.2024 13:30",10276.864,
"14.09.2024 13:45",33011.639,
"14.09.2024 14:00",15570.656,
"14.09.2024 14:15",12571.000,
"14.09.2024 14:30",11991.246,
"14.09.2024 14:45",20968.100,
"14.09.2024 15:00",12788.869,
"14.09.2024 15:15",14598.639,
"14.09.2024 15:30",17158.000,
"14.09.2024 15:45",13703.934,
"14.09.2024 16:00",13903.900,
"14.09.2024 16:15",9975.852,
"14.09.2024 16:30",28816.100,
"14.09.2024 16:45",10380.574,
"14.09.2024 17:00",7865.016,
"14.09.2024 17:15",19357.441,
"14.09.2024 17:30",16320.407,
"14.09.2024 17:45",10025.246,
"14.09.2024 18:00",7236.344,
"14.09.2024 18:15",4223.787,
"14.09.2024 18:30",3327.900,
"14.09.2024 18:45",2838.000,
"14.09.2024 19:00",2163.000,
"14.09.2024 19:15",1283.900,
"14.09.2024 19:30",432.900,
"14.09.2024 19:45",109.695,
"14.09.2024 20:00",0.000,
"14.09.2024 20:15",0.000,
"14.09.2024 20:30",0.000,
"14.09.2024 20:45",0.000,
"14.09.2024 21:00",0.000,
"14.09.2024 21:15",0.000,
"14.09.2024 21:30",0.000,
"14.09.2024 21:45",0.000,
"14.09.2024 22:00",0.000,
"14.09.2024 22:15",0.000,
"14.09.2024 22:30",0.000,
"14.09.2024 22:45",0.000,
"14.09.2024 23:00",0.000,
"14.09.2024 23:15",0.000,
"14.09.2024 23:30",0.000,
"14.09.2024 23:45",0.000,
"15.09.2024 00:00",0.000,
"15.09.2024 00:15",0.000,
"15.09.2024 00:30",0.000,
"15.09.2024 00:45",0.000,
"15.09.2024 01:00",0.000,
"15.09.2024 01:15",0.000,
"15.09.2024 01:30",0.000,
"15.09.2024 01:45",0.000,
"15.09.2024 02:00",0.000,
"15.09.2024 02:15",0.000,
"15.09.2024 02:30",0.000,
"15.09.2024 02:45",0.000,
"15.09.2024 03:00",0.000,
"15.09.2024 03:15",0.000,
"15.09.2024 03:30",0.000,
"15.09.2024 03:45",0.000,
"15.09.2024 04:00",0.000,
"15.09.2024 04:15",0.000,
"15.09.2024 04:30",0.000,
"15.09.2024 04:45",0.000,
"15.09.2024 05:00",0.000,
"15.09.2024 05:15",0.000,
"15.09.2024 05:30",0.000,
"15.09.2024 05:45",0.000,
"15.09.2024 06:00",0.000,
"15.09.2024 06:15",0.000,
"15.09.2024 06:30",0.000,
"15.09.2024 06:45",0.000,
"15.09.2024 07:00",154.213,
"15.09.2024 07:15",711.082,
"15.09.2024 07:30",1421.847,
"15.09.2024 07:45",3373.900,
"15.09.2024 08:00",4789.900,
"15.09.2024 08:15",6764.525,
"15.09.2024 08:30",9351.898,
"15.09.2024 08:45",19079.576,
"15.09.2024 09:00",23063.951,
"15.09.2024 09:15",14417.393,
"15.09.2024 09:30",20121.000,
"15.09.2024 09:45",34295.900,
"15.09.2024 10:00",29948.800,
"15.09.2024 10:15",31380.000,
"15.09.2024 10:30",29811.100,
"15.09.2024 10:45",34305.098,
"15.09.2024 11:00",39878.000,
"15.09.2024 11:15",36967.800,
"15.09.2024 11:30",29515.254,
"15.09.2024 11:45",21840.900,
"15.09.2024 12:00",16230.900,
"15.09.2024 12:15",27403.100,
"15.09.2024 12:30",38115.759,
"15.09.2024 12:45",16258.000,
"15.09.2024 13:00",13775.661,
"15.09.2024 13:15",15705.000,
"15.09.2024 13:30",13823.610,
"15.09.2024 13:45",18869.000,
"15.09.2024 14:00",18406.820,
"15.09.2024 14:15",17855.525,
"15.09.2024 14:30",31854.000,
"15.09.2024 14:45",16393.803,
"15.09.2024 15:00",20552.000,
"15.09.2024 15:15",17023.967,
"15.09.2024 15:30",16036.800,
"15.09.2024 15:45",17521.200,
"15.09.2024 16:00",11700.000,
"15.09.2024 16:15",6920.800,
"15.09.2024 16:30",6669.295,
"15.09.2024 16:45",6404.373,
"15.09.2024 17:00",8454.900,
"15.09.2024 17:15",8722.902,
"15.09.2024 17:30",7983.000,
"15.09.2024 17:45",7240.250,
"15.09.2024 18:00",5558.797,
"15.09.2024 18:15",4620.000,
"15.09.2024 18:30",3589.705,
"15.09.2024 18:45",2295.000,
"15.09.2024 19:00",1202.797,
"15.09.2024 19:15",525.200,
"15.09.2024 19:30",0.000,
"15.09.2024 19:45",0.000,
"15.09.2024 20:00",0.000,
"15.09.2024 20:15",0.000,
"15.09.2024 20:30",0.000,
"15.09.2024 20:45",0.000,
"15.09.2024 21:00",0.000,
"15.09.2024 21:15",0.000,
"15.09.2024 21:30",0.000,
"15.09.2024 21:45",0.000,
"15.09.2024 22:00",0.000,
"15.09.2024 22:15",0.000,
"15.09.2024 22:30",0.000,
"15.09.2024 22:45",0.000,
"15.09.2024 23:00",0.000,
"15.09.2024 23:15",0.000,
"15.09.2024 23:30",0.000,
"15.09.2024 23:45",0.000,
"16.09.2024 00:00",0.000,
"16.09.2024 00:15",0.000,
"16.09.2024 00:30",0.000,
"16.09.2024 00:45",0.000,
"16.09.2024 01:00",0.000,
"16.09.2024 01:15",0.000,
"16.09.2024 01:30",0.000,
"16.09.2024 01:45",0.000,
"16.09.2024 02:00",0.000,
"16.09.2024 02:15",0.000,
"16.09.2024 02:30",0.000,
"16.09.2024 02:45",0.000,
"16.09.2024 03:00",0.000,
"16.09.2024 03:15",0.000,
"16.09.2024 03:30",0.000,
"16.09.2024 03:45",0.000,
"16.09.2024 04:00",0.000,
"16.09.2024 04:15",0.000,
"16.09.2024 04:30",0.000,
"16.09.2024 04:45",0.000,
"16.09.2024 05:00",0.000,
"16.09.2024 05:15",0.000,
"16.09.2024 05:30",0.000,
"16.09.2024 05:45",0.000,
"16.09.2024 06:00",0.000,
"16.09.2024 06:15",0.000,
"16.09.2024 06:30",0.000,
"16.09.2024 06:45",0.000,
"16.09.2024 07:00",0.000,
"16.09.2024 07:15",295.000,
"16.09.2024 07:30",1209.100,
"16.09.2024 07:45",2387.082,
"16.09.2024 08:00",4061.300,
"16.09.2024 08:15",4656.100,
"16.09.2024 08:30",5938.100,
"16.09.2024 08:45",12954.542,
"16.09.2024 09:00",14919.220,
"16.09.2024 09:15",15545.738,
"16.09.2024 09:30",17930.322,
"16.09.2024 09:45",21263.390,
"16.09.2024 10:00",23506.200,
"16.09.2024 10:15",23383.000,
"16.09.2024 10:30",8489.131,
"16.09.2024 10:45",38623.100,
"16.09.2024 11:00",5491.984,
"16.09.2024 11:15",7327.254,
"16.09.2024 11:30",28927.100,
"16.09.2024 11:45",36903.797,
"16.09.2024 12:00",18655.033,
"16.09.2024 12:15",40109.000,
"16.09.2024 12:30",44822.583,
"16.09.2024 12:45",44141.000,
"16.09.2024 13:00",40337.885,
"16.09.2024 13:15",38307.000,
"16.09.2024 13:30",41804.900,
"16.09.2024 13:45",43642.984,
"16.09.2024 14:00",43421.000,
"16.09.2024 14:15",26557.900,
"16.09.2024 14:30",11626.100,
"16.09.2024 14:45",42214.458,
"16.09.2024 15:00",10815.000,
"16.09.2024 15:15",40374.100,
"16.09.2024 15:30",33951.254,
"16.09.2024 15:45",33877.100,
"16.09.2024 16:00",7580.800,
"16.09.2024 16:15",27874.443,
"16.09.2024 16:30",20329.000,
"16.09.2024 16:45",21543.800,
"16.09.2024 17:00",19276.900,
"16.09.2024 17:15",17232.000,
"16.09.2024 17:30",14580.000,
"16.09.2024 17:45",11077.000,
"16.09.2024 18:00",4625.917,
"16.09.2024 18:15",2079.458,
"16.09.2024 18:30",1667.082,
"16.09.2024 18:45",1389.066,
"16.09.2024 19:00",956.169,
"16.09.2024 19:15",424.525,
"16.09.2024 19:30",142.203,
"16.09.2024 19:45",0.000,
"16.09.2024 20:00",0.000,
"16.09.2024 20:15",0.000,
"16.09.2024 20:30",0.000,
"16.09.2024 20:45",0.000,
"16.09.2024 21:00",0.000,
"16.09.2024 21:15",0.000,
"16.09.2024 21:30",0.000,
"16.09.2024 21:45",0.000,
"16.09.2024 22:00",0.000,
"16.09.2024 22:15",0.000,
"16.09.2024 22:30",0.000,
"16.09.2024 22:45",0.000,
"16.09.2024 23:00",0.000,
"16.09.2024 23:15",0.000,
"16.09.2024 23:30",0.000,
"16.09.2024 23:45",0.000,
"17.09.2024 00:00",0.000,
"17.09.2024 00:15",0.000,
"17.09.2024 00:30",0.000,
"17.09.2024 00:45",0.000,
"17.09.2024 01:00",0.000,
"17.09.2024 01:15",0.000,
"17.09.2024 01:30",0.000,
"17.09.2024 01:45",0.000,
"17.09.2024 02:00",0.000,
"17.09.2024 02:15",0.000,
"17.09.2024 02:30",0.000,
"17.09.2024 02:45",-0.450,
"17.09.2024 03:00",0.000,
"17.09.2024 03:15",0.000,
"17.09.2024 03:30",0.000,
"17.09.2024 03:45",0.000,
"17.09.2024 04:00",0.000,
"17.09.2024 04:15",0.000,
"17.09.2024 04:30",0.000,
"17.09.2024 04:45",0.000,
"17.09.2024 05:00",0.000,
"17.09.2024 05:15",0.000,
"17.09.2024 05:30",0.000,
"17.09.2024 05:45",0.000,
"17.09.2024 06:00",0.000,
"17.09.2024 06:15",0.000,
"17.09.2024 06:30",0.000,
"17.09.2024 06:45",0.000,
"17.09.2024 07:00",197.700,
"17.09.2024 07:15",1028.900,
"17.09.2024 07:30",1945.051,
"17.09.2024 07:45",3325.100,
"17.09.2024 08:00",2430.322,
"17.09.2024 08:15",3686.237,
"17.09.2024 08:30",4208.800,
"17.09.2024 08:45",7074.900,
"17.09.2024 09:00",11344.934,
"17.09.2024 09:15",11518.610,
"17.09.2024 09:30",14721.000,
"17.09.2024 09:45",9988.271,
"17.09.2024 10:00",13911.246,
"17.09.2024 10:15",17475.000,
"17.09.2024 10:30",26924.213,
"17.09.2024 10:45",16717.200,
"17.09.2024 11:00",20221.100,
"17.09.2024 11:15",13879.900,
"17.09.2024 11:30",10118.000,
"17.09.2024 11:45",38947.902,
"17.09.2024 12:00",38169.525,
"17.09.2024 12:15",38850.000,
"17.09.2024 12:30",38157.000,
"17.09.2024 12:45",37641.271,
"17.09.2024 13:00",36639.164,
"17.09.2024 13:15",33925.800,
"17.09.2024 13:30",39765.000,
"17.09.2024 13:45",39303.885,
"17.09.2024 14:00",38684.525,
"17.09.2024 14:15",34725.800,
"17.09.2024 14:30",37564.900,
"17.09.2024 14:45",36183.705,
"17.09.2024 15:00",34807.800,
"17.09.2024 15:15",33342.000,
"17.09.2024 15:30",32582.639,
"17.09.2024 15:45",28883.885,
"17.09.2024 16:00",27004.390,
"17.09.2024 16:15",24676.200,
"17.09.2024 16:30",19294.098,
"17.09.2024 16:45",17535.164,
"17.09.2024 17:00",17258.900,
"17.09.2024 17:15",15143.100,
"17.09.2024 17:30",10294.915,
"17.09.2024 17:45",8018.869,
"17.09.2024 18:00",6337.066,
"17.09.2024 18:15",4448.900,
"17.09.2024 18:30",3320.000,
"17.09.2024 18:45",2104.934,
"17.09.2024 19:00",1090.167,
"17.09.2024 19:15",333.000,
"17.09.2024 19:30",0.000,
"17.09.2024 19:45",0.000,
"17.09.2024 20:00",0.000,
"17.09.2024 20:15",0.000,
"17.09.2024 20:30",0.000,
"17.09.2024 20:45",0.000,
"17.09.2024 21:00",0.000,
"17.09.2024 21:15",0.000,
"17.09.2024 21:30",0.000,
"17.09.2024 21:45",0.000,
"17.09.2024 22:00",0.000,
"17.09.2024 22:15",0.000,
"17.09.2024 22:30",0.000,
"17.09.2024 22:45",0.000,
"17.09.2024 23:00",0.000,
"17.09.2024 23:15",0.000,
"17.09.2024 23:30",0.000,
"17.09.2024 23:45",0.000,
"18.09.2024 00:00",0.000,
"18.09.2024 00:15",0.000,
"18.09.2024 00:30",0.000,
"18.09.2024 00:45",0.000,
"18.09.2024 01:00",0.000,
"18.09.2024 01:15",0.000,
"18.09.2024 01:30",0.000,
"18.09.2024 01:45",0.000,
"18.09.2024 02:00",0.000,
"18.09.2024 02:15",0.000,
"18.09.2024 02:30",0.000,
"18.09.2024 02:45",0.000,
"18.09.2024 03:00",0.000,
"18.09.2024 03:15",0.000,
"18.09.2024 03:30",0.000,
"18.09.2024 03:45",0.000,
"18.09.2024 04:00",0.000,
"18.09.2024 04:15",0.000,
"18.09.2024 04:30",0.000,
"18.09.2024 04:45",0.000,
"18.09.2024 05:00",0.000,
"18.09.2024 05:15",0.000,
"18.09.2024 05:30",0.000,
"18.09.2024 05:45",0.000,
"18.09.2024 06:00",0.000,
"18.09.2024 06:15",0.000,
"18.09.2024 06:30",0.000,
"18.09.2024 06:45",0.000,
"18.09.2024 07:00",0.000,
"18.09.2024 07:15",0.000,
"18.09.2024 07:30",227.000,
"18.09.2024 07:45",704.900,
"18.09.2024 08:00",1006.800,
"18.09.2024 08:15",1378.200,
"18.09.2024 08:30",2890.900,
"18.09.2024 08:45",3674.033,
"18.09.2024 09:00",5980.328,
"18.09.2024 09:15",7040.800,
"18.09.2024 09:30",7482.100,
"18.09.2024 09:45",6847.017,
"18.09.2024 10:00",8412.800,
"18.09.2024 10:15",7858.288,
"18.09.2024 10:30",5925.279,
"18.09.2024 10:45",10051.407,
"18.09.2024 11:00",12330.900,
"18.09.2024 11:15",12669.661,
"18.09.2024 11:30",12344.754,
"18.09.2024 11:45",12727.800,
"18.09.2024 12:00",13236.820,
"18.09.2024 12:15",15705.900,
"18.09.2024 12:30",20581.200,
"18.09.2024 12:45",20988.000,
"18.09.2024 13:00",45867.787,
"18.09.2024 13:15",32300.000,
"18.09.2024 13:30",28124.200,
"18.09.2024 13:45",39415.100,
"18.09.2024 14:00",37174.068,
"18.09.2024 14:15",36749.115,
"18.09.2024 14:30",36489.100,
"18.09.2024 14:45",22069.607,
"18.09.2024 15:00",32702.639,
"18.09.2024 15:15",31285.200,
"18.09.2024 15:30",30997.900,
"18.09.2024 15:45",28504.100,
"18.09.2024 16:00",26472.339,
"18.09.2024 16:15",24529.900,
"18.09.2024 16:30",20328.525,
"18.09.2024 16:45",16777.492,
"18.09.2024 17:00",17396.271,
"18.09.2024 17:15",14487.000,
"18.09.2024 17:30",13199.746,
"18.09.2024 17:45",8486.900,
"18.09.2024 18:00",4721.900,
"18.09.2024 18:15",5143.900,
"18.09.2024 18:30",3966.000,
"18.09.2024 18:45",2301.000,
"18.09.2024 19:00",1428.100,
"18.09.2024 19:15",682.000,
"18.09.2024 19:30",6.610,
"18.09.2024 19:45",0.000,
"18.09.2024 20:00",0.000,
"18.09.2024 20:15",0.000,
"18.09.2024 20:30",0.000,
"18.09.2024 20:45",0.000,
"18.09.2024 21:00",0.000,
"18.09.2024 21:15",0.000,
"18.09.2024 21:30",0.000,
"18.09.2024 21:45",0.000,
"18.09.2024 22:00",0.000,
"18.09.2024 22:15",0.000,
"18.09.2024 22:30",0.000,
"18.09.2024 22:45",0.000,
"18.09.2024 23:00",0.000,
"18.09.2024 23:15",0.000,
"18.09.2024 23:30",0.000,
"18.09.2024 23:45",0.000,
"19.09.2024 00:00",0.000,
"19.09.2024 00:15",0.000,
"19.09.2024 00:30",0.000,
"19.09.2024 00:45",0.000,
"19.09.2024 01:00",0.000,
"19.09.2024 01:15",0.000,
"19.09.2024 01:30",0.000,
"19.09.2024 01:45",0.000,
"19.09.2024 02:00",0.000,
"19.09.2024 02:15",0.000,
"19.09.2024 02:30",0.000,
"19.09.2024 02:45",0.000,
"19.09.2024 03:00",0.000,
"19.09.2024 03:15",0.000,
"19.09.2024 03:30",0.000,
"19.09.2024 03:45",0.000,
"19.09.2024 04:00",0.000,
"19.09.2024 04:15",0.000,
"19.09.2024 04:30",0.000,
"19.09.2024 04:45",0.000,
"19.09.2024 05:00",0.000,
"19.09.2024 05:15",0.000,
"19.09.2024 05:30",0.000,
"19.09.2024 05:45",0.000,
"19.09.2024 06:00",0.000,
"19.09.2024 06:15",0.000,
"19.09.2024 06:30",0.000,
"19.09.2024 06:45",0.000,
"19.09.2024 07:00",0.000,
"19.09.2024 07:15",0.000,
"19.09.2024 07:30",474.458,
"19.09.2024 07:45",909.000,
"19.09.2024 08:00",1260.000,
"19.09.2024 08:15",2510.900,
"19.09.2024 08:30",3429.200,
"19.09.2024 08:45",4917.900,
"19.09.2024 09:00",5946.100,
"19.09.2024 09:15",7739.000,
"19.09.2024 09:30",9800.136,
"19.09.2024 09:45",12462.230,
"19.09.2024 10:00",9504.000,
"19.09.2024 10:15",13202.230,
"19.09.2024 10:30",15628.983,
"19.09.2024 10:45",32933.100,
"19.09.2024 11:00",33609.000,
"19.09.2024 11:15",34977.271,
"19.09.2024 11:30",37636.000,
"19.09.2024 11:45",35925.000,
"19.09.2024 12:00",26887.695,
"19.09.2024 12:15",20438.200,
"19.09.2024 12:30",37302.148,
"19.09.2024 12:45",23864.900,
"19.09.2024 13:00",40784.900,
"19.09.2024 13:15",25877.458,
"19.09.2024 13:30",22312.237,
"19.09.2024 13:45",17377.820,
"19.09.2024 14:00",24785.000,
"19.09.2024 14:15",26693.356,
"19.09.2024 14:30",20590.361,
"19.09.2024 14:45",11080.459,
"19.09.2024 15:00",9871.100,
"19.09.2024 15:15",10768.525,
"19.09.2024 15:30",10898.900,
"19.09.2024 15:45",12229.119,
"19.09.2024 16:00",11089.787,
"19.09.2024 16:15",8325.800,
"19.09.2024 16:30",7015.200,
"19.09.2024 16:45",8734.100,
"19.09.2024 17:00",6906.900,
"19.09.2024 17:15",6138.000,
"19.09.2024 17:30",3897.356,
"19.09.2024 17:45",3697.200,
"19.09.2024 18:00",3038.780,
"19.09.2024 18:15",2882.100,
"19.09.2024 18:30",1660.900,
"19.09.2024 18:45",1310.295,
"19.09.2024 19:00",652.000,
"19.09.2024 19:15",181.100,
"19.09.2024 19:30",0.000,
"19.09.2024 19:45",0.000,
"19.09.2024 20:00",0.000,
"19.09.2024 20:15",0.000,
"19.09.2024 20:30",0.000,
"19.09.2024 20:45",0.000,
"19.09.2024 21:00",0.000,
"19.09.2024 21:15",0.000,
"19.09.2024 21:30",0.000,
"19.09.2024 21:45",0.000,
"19.09.2024 22:00",0.000,
"19.09.2024 22:15",0.000,
"19.09.2024 22:30",0.000,
"19.09.2024 22:45",0.000,
"19.09.2024 23:00",0.000,
"19.09.2024 23:15",0.000,
"19.09.2024 23:30",0.000,
"19.09.2024 23:45",0.000,
"20.09.2024 00:00",0.000,
"20.09.2024 00:15",0.000,
"20.09.2024 00:30",0.000,
"20.09.2024 00:45",0.000,
"20.09.2024 01:00",0.000,
"20.09.2024 01:15",0.000,
"20.09.2024 01:30",0.000,
"20.09.2024 01:45",0.000,
"20.09.2024 02:00",0.000,
"20.09.2024 02:15",0.000,
"20.09.2024 02:30",0.000,
"20.09.2024 02:45",0.000,
"20.09.2024 03:00",0.000,
"20.09.2024 03:15",0.000,
"20.09.2024 03:30",0.000,
"20.09.2024 03:45",0.000,
"20.09.2024 04:00",0.000,
"20.09.2024 04:15",0.000,
"20.09.2024 04:30",0.000,
"20.09.2024 04:45",0.000,
"20.09.2024 05:00",0.000,
"20.09.2024 05:15",0.000,
"20.09.2024 05:30",0.000,
"20.09.2024 05:45",0.000,
"20.09.2024 06:00",0.000,
"20.09.2024 06:15",0.000,
"20.09.2024 06:30",0.000,
"20.09.2024 06:45",0.000,
"20.09.2024 07:00",0.000,
"20.09.2024 07:15",0.000,
"20.09.2024 07:30",230.000,
"20.09.2024 07:45",837.900,
"20.09.2024 08:00",1839.951,
"20.09.2024 08:15",2907.695,
"20.09.2024 08:30",3098.000,
"20.09.2024 08:45",4076.590,
"20.09.2024 09:00",10882.000,
"20.09.2024 09:15",7219.814,
"20.09.2024 09:30",8603.377,
"20.09.2024 09:45",24019.541,
"20.09.2024 10:00",21499.000,
"20.09.2024 10:15",23079.153,
"20.09.2024 10:30",25289.000,
"20.09.2024 10:45",27308.049,
"20.09.2024 11:00",29276.328,
"20.09.2024 11:15",30725.100,
"20.09.2024 11:30",32100.100,
"20.09.2024 11:45",33381.000,
"20.09.2024 12:00",34292.492,
"20.09.2024 12:15",35225.200,
"20.09.2024 12:30",35792.610,
"20.09.2024 12:45",36515.918,
"20.09.2024 13:00",36651.593,
"20.09.2024 13:15",36793.000,
"20.09.2024 13:30",36650.136,
"20.09.2024 13:45",36700.237,
"20.09.2024 14:00",35979.000,
"20.09.2024 14:15",35455.322,
"20.09.2024 14:30",34492.000,
"20.09.2024 14:45",32163.115,
"20.09.2024 15:00",32056.967,
"20.09.2024 15:15",30427.000,
"20.09.2024 15:30",28933.100,
"20.09.2024 15:45",27249.000,
"20.09.2024 16:00",25744.542,
"20.09.2024 16:15",23332.203,
"20.09.2024 16:30",21459.000,
"20.09.2024 16:45",19115.049,
"20.09.2024 17:00",16753.000,
"20.09.2024 17:15",14542.949,
"20.09.2024 17:30",12086.407,
"20.09.2024 17:45",6760.900,
"20.09.2024 18:00",3103.800,
"20.09.2024 18:15",2208.475,
"20.09.2024 18:30",1816.000,
"20.09.2024 18:45",1370.033,
"20.09.2024 19:00",823.100,
"20.09.2024 19:15",350.033,
"20.09.2024 19:30",0.000,
"20.09.2024 19:45",0.000,
"20.09.2024 20:00",0.000,
"20.09.2024 20:15",0.000,
"20.09.2024 20:30",0.000,
"20.09.2024 20:45",0.000,
"20.09.2024 21:00",0.000,
"20.09.2024 21:15",0.000,
"20.09.2024 21:30",0.000,
"20.09.2024 21:45",0.000,
"20.09.2024 22:00",0.000,
"20.09.2024 22:15",0.000,
"20.09.2024 22:30",0.000,
"20.09.2024 22:45",0.000,
"20.09.2024 23:00",0.000,
"20.09.2024 23:15",0.000,
"20.09.2024 23:30",0.000,
"20.09.2024 23:45",0.000,
"21.09.2024 00:00",0.000,
"21.09.2024 00:15",0.000,
"21.09.2024 00:30",0.000,
"21.09.2024 00:45",0.000,
"21.09.2024 01:00",0.000,
"21.09.2024 01:15",0.000,
"21.09.2024 01:30",0.000,
"21.09.2024 01:45",0.000,
"21.09.2024 02:00",0.000,
"21.09.2024 02:15",0.000,
"21.09.2024 02:30",0.000,
"21.09.2024 02:45",-0.454,
"21.09.2024 03:00",0.000,
"21.09.2024 03:15",0.000,
"21.09.2024 03:30",0.000,
"21.09.2024 03:45",0.000,
"21.09.2024 04:00",0.000,
"21.09.2024 04:15",0.000,
"21.09.2024 04:30",0.000,
"21.09.2024 04:45",0.000,
"21.09.2024 05:00",0.000,
"21.09.2024 05:15",0.000,
"21.09.2024 05:30",0.000,
"21.09.2024 05:45",0.000,
"21.09.2024 06:00",0.000,
"21.09.2024 06:15",0.000,
"21.09.2024 06:30",0.000,
"21.09.2024 06:45",0.000,
"21.09.2024 07:00",0.000,
"21.09.2024 07:15",334.373,
"21.09.2024 07:30",866.900,
"21.09.2024 07:45",1504.700,
"21.09.2024 08:00",2025.220,
"21.09.2024 08:15",2590.000,
"21.09.2024 08:30",6882.100,
"21.09.2024 08:45",10284.000,
"21.09.2024 09:00",12542.000,
"21.09.2024 09:15",14783.900,
"21.09.2024 09:30",17366.100,
"21.09.2024 09:45",19828.000,
"21.09.2024 10:00",22070.915,
"21.09.2024 10:15",24342.000,
"21.09.2024 10:30",26363.288,
"21.09.2024 10:45",28284.237,
"21.09.2024 11:00",30241.082,
"21.09.2024 11:15",31879.197,
"21.09.2024 11:30",33279.770,
"21.09.2024 11:45",34107.000,
"21.09.2024 12:00",34889.100,
"21.09.2024 12:15",35722.900,
"21.09.2024 12:30",36434.305,
"21.09.2024 12:45",37206.100,
"21.09.2024 13:00",37567.200,
"21.09.2024 13:15",37886.100,
"21.09.2024 13:30",37435.407,
"21.09.2024 13:45",37234.220,
"21.09.2024 14:00",36836.902,
"21.09.2024 14:15",36254.627,
"21.09.2024 14:30",35037.000,
"21.09.2024 14:45",33721.164,
"21.09.2024 15:00",32595.754,
"21.09.2024 15:15",31214.417,
"21.09.2024 15:30",29429.900,
"21.09.2024 15:45",27673.900,
"21.09.2024 16:00",25825.738,
"21.09.2024 16:15",23269.770,
"21.09.2024 16:30",21083.200,
"21.09.2024 16:45",18891.254,
"21.09.2024 17:00",16603.729,
"21.09.2024 17:15",14442.525,
"21.09.2024 17:30",11645.000,
"21.09.2024 17:45",6041.262,
"21.09.2024 18:00",2541.800,
"21.09.2024 18:15",1997.610,
"21.09.2024 18:30",1648.246,
"21.09.2024 18:45",1238.200,
"21.09.2024 19:00",730.000,
"21.09.2024 19:15",249.000,
"21.09.2024 19:30",0.000,
"21.09.2024 19:45",0.000,
"21.09.2024 20:00",0.000,
"21.09.2024 20:15",0.000,
"21.09.2024 20:30",0.000,
"21.09.2024 20:45",0.000,
"21.09.2024 21:00",0.000,
"21.09.2024 21:15",0.000,
"21.09.2024 21:30",0.000,
"21.09.2024 21:45",0.000,
"21.09.2024 22:00",0.000,
"21.09.2024 22:15",0.000,
"21.09.2024 22:30",0.000,
"21.09.2024 22:45",0.000,
"21.09.2024 23:00",0.000,
"21.09.2024 23:15",0.000,
"21.09.2024 23:30",0.000,
"21.09.2024 23:45",0.000,
"22.09.2024 00:00",0.000,
"22.09.2024 00:15",0.000,
"22.09.2024 00:30",0.000,
"22.09.2024 00:45",0.000,
"22.09.2024 01:00",0.000,
"22.09.2024 01:15",0.000,
"22.09.2024 01:30",0.000,
"22.09.2024 01:45",0.000,
"22.09.2024 02:00",0.000,
"22.09.2024 02:15",0.000,
"22.09.2024 02:30",0.000,
"22.09.2024 02:45",0.000,
"22.09.2024 03:00",0.000,
"22.09.2024 03:15",0.000,
"22.09.2024 03:30",0.000,
"22.09.2024 03:45",0.000,
"22.09.2024 04:00",0.000,
"22.09.2024 04:15",0.000,
"22.09.2024 04:30",0.000,
"22.09.2024 04:45",0.000,
"22.09.2024 05:00",0.000,
"22.09.2024 05:15",0.000,
"22.09.2024 05:30",0.000,
"22.09.2024 05:45",0.000,
"22.09.2024 06:00",0.000,
"22.09.2024 06:15",0.000,
"22.09.2024 06:30",0.000,
"22.09.2024 06:45",0.000,
"22.09.2024 07:00",0.000,
"22.09.2024 07:15",314.951,
"22.09.2024 07:30",990.000,
"22.09.2024 07:45",1556.900,
"22.09.2024 08:00",2013.800,
"22.09.2024 08:15",2528.390,
"22.09.2024 08:30",5862.639,
"22.09.2024 08:45",9571.344,
"22.09.2024 09:00",11557.900,
"22.09.2024 09:15",13961.000,
"22.09.2024 09:30",16460.898,
"22.09.2024 09:45",18792.000,
"22.09.2024 10:00",20966.000,
"22.09.2024 10:15",23225.180,
"22.09.2024 10:30",25211.000,
"22.09.2024 10:45",27182.593,
"22.09.2024 11:00",28841.100,
"22.09.2024 11:15",30473.311,
"22.09.2024 11:30",31921.900,
"22.09.2024 11:45",32912.000,
"22.09.2024 12:00",33811.000,
"22.09.2024 12:15",34526.763,
"22.09.2024 12:30",35265.100,
"22.09.2024 12:45",35754.100,
"22.09.2024 13:00",36298.000,
"22.09.2024 13:15",36484.237,
"22.09.2024 13:30",36466.000,
"22.09.2024 13:45",36123.542,
"22.09.2024 14:00",35219.100,
"22.09.2024 14:15",34316.100,
"22.09.2024 14:30",33338.559,
"22.09.2024 14:45",32029.000,
"22.09.2024 15:00",30902.787,
"22.09.2024 15:15",29530.305,
"22.09.2024 15:30",28007.864,
"22.09.2024 15:45",26337.000,
"22.09.2024 16:00",24230.475,
"22.09.2024 16:15",22187.967,
"22.09.2024 16:30",20195.100,
"22.09.2024 16:45",18062.169,
"22.09.2024 17:00",15859.689,
"22.09.2024 17:15",13333.800,
"22.09.2024 17:30",10663.639,
"22.09.2024 17:45",3470.508,
"22.09.2024 18:00",2256.918,
"22.09.2024 18:15",1947.153,
"22.09.2024 18:30",1767.900,
"22.09.2024 18:45",1320.900,
"22.09.2024 19:00",748.475,
"22.09.2024 19:15",188.900,
"22.09.2024 19:30",0.000,
"22.09.2024 19:45",0.000,
"22.09.2024 20:00",0.000,
"22.09.2024 20:15",0.000,
"22.09.2024 20:30",0.000,
"22.09.2024 20:45",0.000,
"22.09.2024 21:00",0.000,
"22.09.2024 21:15",0.000,
"22.09.2024 21:30",0.000,
"22.09.2024 21:45",0.000,
"22.09.2024 22:00",0.000,
"22.09.2024 22:15",0.000,
"22.09.2024 22:30",0.000,
"22.09.2024 22:45",0.000,
"22.09.2024 23:00",0.000,
"22.09.2024 23:15",0.000,
"22.09.2024 23:30",0.000,
"22.09.2024 23:45",0.000,
"23.09.2024 00:00",0.000,
"23.09.2024 00:15",0.000,
"23.09.2024 00:30",0.000,
"23.09.2024 00:45",0.000,
"23.09.2024 01:00",0.000,
"23.09.2024 01:15",0.000,
"23.09.2024 01:30",0.000,
"23.09.2024 01:45",0.000,
"23.09.2024 02:00",0.000,
"23.09.2024 02:15",0.000,
"23.09.2024 02:30",0.000,
"23.09.2024 02:45",0.000,
"23.09.2024 03:00",0.000,
"23.09.2024 03:15",0.000,
"23.09.2024 03:30",0.000,
"23.09.2024 03:45",0.000,
"23.09.2024 04:00",0.000,
"23.09.2024 04:15",0.000,
"23.09.2024 04:30",0.000,
"23.09.2024 04:45",0.000,
"23.09.2024 05:00",0.000,
"23.09.2024 05:15",0.000,
"23.09.2024 05:30",0.000,
"23.09.2024 05:45",0.000,
"23.09.2024 06:00",0.000,
"23.09.2024 06:15",0.000,
"23.09.2024 06:30",0.000,
"23.09.2024 06:45",0.000,
"23.09.2024 07:00",0.000,
"23.09.2024 07:15",285.800,
"23.09.2024 07:30",951.900,
"23.09.2024 07:45",1502.900,
"23.09.2024 08:00",2153.230,
"23.09.2024 08:15",2671.000,
"23.09.2024 08:30",5458.034,
"23.09.2024 08:45",9487.049,
"23.09.2024 09:00",11478.983,
"23.09.2024 09:15",13821.000,
"23.09.2024 09:30",15801.593,
"23.09.2024 09:45",18760.983,
"23.09.2024 10:00",20913.900,
"23.09.2024 10:15",22595.136,
"23.09.2024 10:30",24531.492,
"23.09.2024 10:45",25870.100,
"23.09.2024 11:00",28337.763,
"23.09.2024 11:15",29830.000,
"23.09.2024 11:30",30971.000,
"23.09.2024 11:45",32198.373,
"23.09.2024 12:00",33344.197,
"23.09.2024 12:15",34325.000,
"23.09.2024 12:30",35009.746,
"23.09.2024 12:45",35929.000,
"23.09.2024 13:00",36163.900,
"23.09.2024 13:15",14793.115,
"23.09.2024 13:30",37196.900,
"23.09.2024 13:45",32643.900,
"23.09.2024 14:00",36520.000,
"23.09.2024 14:15",21031.900,
"23.09.2024 14:30",21005.661,
"23.09.2024 14:45",19342.339,
"23.09.2024 15:00",15754.623,
"23.09.2024 15:15",15700.915,
"23.09.2024 15:30",19159.000,
"23.09.2024 15:45",10409.131,
"23.09.2024 16:00",7317.000,
"23.09.2024 16:15",9654.000,
"23.09.2024 16:30",8156.254,
"23.09.2024 16:45",8461.917,
"23.09.2024 17:00",15027.066,
"23.09.2024 17:15",7925.900,
"23.09.2024 17:30",4431.639,
"23.09.2024 17:45",3706.915,
"23.09.2024 18:00",3050.200,
"23.09.2024 18:15",1862.900,
"23.09.2024 18:30",1032.900,
"23.09.2024 18:45",853.951,
"23.09.2024 19:00",1158.869,
"23.09.2024 19:15",0.000,
"23.09.2024 19:30",0.000,
"23.09.2024 19:45",0.000,
"23.09.2024 20:00",0.000,
"23.09.2024 20:15",0.000,
"23.09.2024 20:30",0.000,
"23.09.2024 20:45",0.000,
"23.09.2024 21:00",0.000,
"23.09.2024 21:15",0.000,
"23.09.2024 21:30",0.000,
"23.09.2024 21:45",0.000,
"23.09.2024 22:00",0.000,
"23.09.2024 22:15",0.000,
"23.09.2024 22:30",0.000,
"23.09.2024 22:45",0.000,
"23.09.2024 23:00",0.000,
"23.09.2024 23:15",0.000,
"23.09.2024 23:30",0.000,
"23.09.2024 23:45",0.000,
"24.09.2024 00:00",0.000,
"24.09.2024 00:15",0.000,
"24.09.2024 00:30",0.000,
"24.09.2024 00:45",0.000,
"24.09.2024 01:00",0.000,
"24.09.2024 01:15",0.000,
"24.09.2024 01:30",0.000,
"24.09.2024 01:45",0.000,
"24.09.2024 02:00",0.000,
"24.09.2024 02:15",0.000,
"24.09.2024 02:30",0.000,
"24.09.2024 02:45",0.000,
"24.09.2024 03:00",0.000,
"24.09.2024 03:15",0.000,
"24.09.2024 03:30",0.000,
"24.09.2024 03:45",0.000,
"24.09.2024 04:00",0.000,
"24.09.2024 04:15",0.000,
"24.09.2024 04:30",0.000,
"24.09.2024 04:45",0.000,
"24.09.2024 05:00",0.000,
"24.09.2024 05:15",0.000,
"24.09.2024 05:30",0.000,
"24.09.2024 05:45",0.000,
"24.09.2024 06:00",0.000,
"24.09.2024 06:15",0.000,
"24.09.2024 06:30",0.000,
"24.09.2024 06:45",0.000,
"24.09.2024 07:00",0.000,
"24.09.2024 07:15",0.000,
"24.09.2024 07:30",0.000,
"24.09.2024 07:45",295.000,
"24.09.2024 08:00",750.900,
"24.09.2024 08:15",1374.700,
"24.09.2024 08:30",1985.115,
"24.09.2024 08:45",4013.200,
"24.09.2024 09:00",5992.800,
"24.09.2024 09:15",7179.600,
"24.09.2024 09:30",7109.000,
"24.09.2024 09:45",8256.153,
"24.09.2024 10:00",10634.627,
"24.09.2024 10:15",12033.424,
"24.09.2024 10:30",15932.695,
"24.09.2024 10:45",16693.689,
"24.09.2024 11:00",14856.000,
"24.09.2024 11:15",15214.000,
"24.09.2024 11:30",20603.966,
"24.09.2024 11:45",17907.082,
"24.09.2024 12:00",16946.746,
"24.09.2024 12:15",16560.900,
"24.09.2024 12:30",18984.800,
"24.09.2024 12:45",16147.803,
"24.09.2024 13:00",19020.900,
"24.09.2024 13:15",17500.100,
"24.09.2024 13:30",21426.738,
"24.09.2024 13:45",20094.508,
"24.09.2024 14:00",18720.000,
"24.09.2024 14:15",19194.361,
"24.09.2024 14:30",17709.900,
"24.09.2024 14:45",17710.220,
"24.09.2024 15:00",17744.153,
"24.09.2024 15:15",17597.967,
"24.09.2024 15:30",17370.672,
"24.09.2024 15:45",15388.500,
"24.09.2024 16:00",12771.864,
"24.09.2024 16:15",11324.729,
"24.09.2024 16:30",8534.100,
"24.09.2024 16:45",5493.800,
"24.09.2024 17:00",4177.000,
"24.09.2024 17:15",3543.441,
"24.09.2024 17:30",3492.820,
"24.09.2024 17:45",1100.169,
"24.09.2024 18:00",2032.508,
"24.09.2024 18:15",2874.000,
"24.09.2024 18:30",1881.902,
"24.09.2024 18:45",1252.000,
"24.09.2024 19:00",363.900,
"24.09.2024 19:15",0.000,
"24.09.2024 19:30",0.000,
"24.09.2024 19:45",0.000,
"24.09.2024 20:00",0.000,
"24.09.2024 20:15",0.000,
"24.09.2024 20:30",0.000,
"24.09.2024 20:45",0.000,
"24.09.2024 21:00",0.000,
"24.09.2024 21:15",0.000,
"24.09.2024 21:30",0.000,
"24.09.2024 21:45",0.000,
"24.09.2024 22:00",0.000,
"24.09.2024 22:15",0.000,
"24.09.2024 22:30",0.000,
"24.09.2024 22:45",0.000,
"24.09.2024 23:00",0.000,
"24.09.2024 23:15",0.000,
"24.09.2024 23:30",0.000,
"24.09.2024 23:45",0.000,
"25.09.2024 00:00",0.000,
"25.09.2024 00:15",0.000,
"25.09.2024 00:30",0.000,
"25.09.2024 00:45",0.000,
"25.09.2024 01:00",0.000,
"25.09.2024 01:15",0.000,
"25.09.2024 01:30",0.000,
"25.09.2024 01:45",0.000,
"25.09.2024 02:00",0.000,
"25.09.2024 02:15",0.000,
"25.09.2024 02:30",0.000,
"25.09.2024 02:45",0.000,
"25.09.2024 03:00",0.000,
"25.09.2024 03:15",0.000,
"25.09.2024 03:30",0.000,
"25.09.2024 03:45",0.000,
"25.09.2024 04:00",0.000,
"25.09.2024 04:15",0.000,
"25.09.2024 04:30",0.000,
"25.09.2024 04:45",0.000,
"25.09.2024 05:00",0.000,
"25.09.2024 05:15",0.000,
"25.09.2024 05:30",0.000,
"25.09.2024 05:45",0.000,
"25.09.2024 06:00",0.000,
"25.09.2024 06:15",0.000,
"25.09.2024 06:30",0.000,
"25.09.2024 06:45",0.000,
"25.09.2024 07:00",0.000,
"25.09.2024 07:15",0.000,
"25.09.2024 07:30",154.000,
"25.09.2024 07:45",823.200,
"25.09.2024 08:00",111.100,
"25.09.2024 08:15",140.800,
"25.09.2024 08:30",311.400,
"25.09.2024 08:45",979.900,
"25.09.2024 09:00",3672.393,
"25.09.2024 09:15",8191.967,
"25.09.2024 09:30",21893.100,
"25.09.2024 09:45",25823.443,
"25.09.2024 10:00",9816.800,
"25.09.2024 10:15",6514.000,
"25.09.2024 10:30",20905.900,
"25.09.2024 10:45",7408.458,
"25.09.2024 11:00",10696.016,
"25.09.2024 11:15",11393.900,
"25.09.2024 11:30",7593.900,
"25.09.2024 11:45",8689.295,
"25.09.2024 12:00",11729.000,
"25.09.2024 12:15",12343.377,
"25.09.2024 12:30",17639.800,
"25.09.2024 12:45",14067.164,
"25.09.2024 13:00",21705.100,
"25.09.2024 13:15",19802.000,
"25.09.2024 13:30",11177.712,
"25.09.2024 13:45",12438.951,
"25.09.2024 14:00",4066.900,
"25.09.2024 14:15",4964.153,
"25.09.2024 14:30",3179.034,
"25.09.2024 14:45",6719.000,
"25.09.2024 15:00",14725.559,
"25.09.2024 15:15",13658.885,
"25.09.2024 15:30",17899.459,
"25.09.2024 15:45",12467.800,
"25.09.2024 16:00",6892.000,
"25.09.2024 16:15",4423.200,
"25.09.2024 16:30",4091.800,
"25.09.2024 16:45",9289.000,
"25.09.2024 17:00",7418.295,
"25.09.2024 17:15",8261.864,
"25.09.2024 17:30",14211.932,
"25.09.2024 17:45",4524.000,
"25.09.2024 18:00",2500.836,
"25.09.2024 18:15",2057.100,
"25.09.2024 18:30",1085.900,
"25.09.2024 18:45",608.800,
"25.09.2024 19:00",295.900,
"25.09.2024 19:15",0.000,
"25.09.2024 19:30",0.000,
"25.09.2024 19:45",0.000,
"25.09.2024 20:00",0.000,
"25.09.2024 20:15",0.000,
"25.09.2024 20:30",0.000,
"25.09.2024 20:45",0.000,
"25.09.2024 21:00",0.000,
"25.09.2024 21:15",0.000,
"25.09.2024 21:30",0.000,
"25.09.2024 21:45",0.000,
"25.09.2024 22:00",0.000,
"25.09.2024 22:15",0.000,
"25.09.2024 22:30",0.000,
"25.09.2024 22:45",0.000,
"25.09.2024 23:00",0.000,
"25.09.2024 23:15",0.000,
"25.09.2024 23:30",0.000,
"25.09.2024 23:45",0.000,
"26.09.2024 00:00",0.000,
"26.09.2024 00:15",0.000,
"26.09.2024 00:30",0.000,
"26.09.2024 00:45",0.000,
"26.09.2024 01:00",0.000,
"26.09.2024 01:15",0.000,
"26.09.2024 01:30",0.000,
"26.09.2024 01:45",0.000,
"26.09.2024 02:00",0.000,
"26.09.2024 02:15",0.000,
"26.09.2024 02:30",0.000,
"26.09.2024 02:45",0.000,
"26.09.2024 03:00",0.000,
"26.09.2024 03:15",0.000,
"26.09.2024 03:30",0.000,
"26.09.2024 03:45",0.000,
"26.09.2024 04:00",0.000,
"26.09.2024 04:15",0.000,
"26.09.2024 04:30",0.000,
"26.09.2024 04:45",0.000,
"26.09.2024 05:00",0.000,
"26.09.2024 05:15",0.000,
"26.09.2024 05:30",0.000,
"26.09.2024 05:45",0.000,
"26.09.2024 06:00",0.000,
"26.09.2024 06:15",0.000,
"26.09.2024 06:30",0.000,
"26.09.2024 06:45",0.000,
"26.09.2024 07:00",0.000,
"26.09.2024 07:15",0.000,
"26.09.2024 07:30",0.000,
"26.09.2024 07:45",0.000,
"26.09.2024 08:00",472.000,
"26.09.2024 08:15",536.100,
"26.09.2024 08:30",987.328,
"26.09.2024 08:45",1534.900,
"26.09.2024 09:00",980.000,
"26.09.2024 09:15",3397.639,
"26.09.2024 09:30",4245.900,
"26.09.2024 09:45",4603.000,
"26.09.2024 10:00",4387.288,
"26.09.2024 10:15",5127.738,
"26.09.2024 10:30",2875.000,
"26.09.2024 10:45",4796.000,
"26.09.2024 11:00",3290.900,
"26.09.2024 11:15",1882.900,
"26.09.2024 11:30",442.100,
"26.09.2024 11:45",4822.000,
"26.09.2024 12:00",8194.542,
"26.09.2024 12:15",7627.593,
"26.09.2024 12:30",4064.900,
"26.09.2024 12:45",8508.100,
"26.09.2024 13:00",8156.000,
"26.09.2024 13:15",12060.000,
"26.09.2024 13:30",4662.100,
"26.09.2024 13:45",6976.153,
"26.09.2024 14:00",22722.100,
"26.09.2024 14:15",19028.000,
"26.09.2024 14:30",16360.000,
"26.09.2024 14:45",7954.426,
"26.09.2024 15:00",31931.000,
"26.09.2024 15:15",34279.100,
"26.09.2024 15:30",32670.000,
"26.09.2024 15:45",14336.557,
"26.09.2024 16:00",2873.100,
"26.09.2024 16:15",23526.900,
"26.09.2024 16:30",10745.200,
"26.09.2024 16:45",18013.100,
"26.09.2024 17:00",12946.900,
"26.09.2024 17:15",3950.661,
"26.09.2024 17:30",9348.644,
"26.09.2024 17:45",4670.100,
"26.09.2024 18:00",2608.131,
"26.09.2024 18:15",1797.500,
"26.09.2024 18:30",1104.000,
"26.09.2024 18:45",702.900,
"26.09.2024 19:00",238.200,
"26.09.2024 19:15",0.000,
"26.09.2024 19:30",0.000,
"26.09.2024 19:45",0.000,
"26.09.2024 20:00",0.000,
"26.09.2024 20:15",0.000,
"26.09.2024 20:30",0.000,
"26.09.2024 20:45",0.000,
"26.09.2024 21:00",0.000,
"26.09.2024 21:15",0.000,
"26.09.2024 21:30",0.000,
"26.09.2024 21:45",0.000,
"26.09.2024 22:00",0.000,
"26.09.2024 22:15",0.000,
"26.09.2024 22:30",0.000,
"26.09.2024 22:45",0.000,
"26.09.2024 23:00",0.000,
"26.09.2024 23:15",0.000,
"26.09.2024 23:30",0.000,
"26.09.2024 23:45",0.000,
"27.09.2024 00:00",0.000,
"27.09.2024 00:15",0.000,
"27.09.2024 00:30",0.000,
"27.09.2024 00:45",0.000,
"27.09.2024 01:00",0.000,
"27.09.2024 01:15",0.000,
"27.09.2024 01:30",0.000,
"27.09.2024 01:45",0.000,
"27.09.2024 02:00",0.000,
"27.09.2024 02:15",0.000,
"27.09.2024 02:30",0.000,
"27.09.2024 02:45",0.000,
"27.09.2024 03:00",0.000,
"27.09.2024 03:15",0.000,
"27.09.2024 03:30",0.000,
"27.09.2024 03:45",0.000,
"27.09.2024 04:00",0.000,
"27.09.2024 04:15",0.000,
"27.09.2024 04:30",0.000,
"27.09.2024 04:45",0.000,
"27.09.2024 05:00",0.000,
"27.09.2024 05:15",0.000,
"27.09.2024 05:30",0.000,
"27.09.2024 05:45",0.000,
"27.09.2024 06:00",0.000,
"27.09.2024 06:15",0.000,
"27.09.2024 06:30",0.000,
"27.09.2024 06:45",0.000,
"27.09.2024 07:00",0.000,
"27.09.2024 07:15",0.000,
"27.09.2024 07:30",0.000,
"27.09.2024 07:45",815.915,
"27.09.2024 08:00",1695.902,
"27.09.2024 08:15",2099.082,
"27.09.2024 08:30",5712.100,
"27.09.2024 08:45",5991.678,
"27.09.2024 09:00",7788.729,
"27.09.2024 09:15",5688.000,
"27.09.2024 09:30",8580.000,
"27.09.2024 09:45",6289.951,
"27.09.2024 10:00",10364.100,
"27.09.2024 10:15",13800.424,
"27.09.2024 10:30",11848.710,
"27.09.2024 10:45",16585.237,
"27.09.2024 11:00",16770.000,
"27.09.2024 11:15",12001.610,
"27.09.2024 11:30",9879.153,
"27.09.2024 11:45",13607.288,
"27.09.2024 12:00",13574.200,
"27.09.2024 12:15",10405.000,
"27.09.2024 12:30",20965.200,
"27.09.2024 12:45",8100.900,
"27.09.2024 13:00",4381.000,
"27.09.2024 13:15",4021.100,
"27.09.2024 13:30",10230.016,
"27.09.2024 13:45",9557.100,
"27.09.2024 14:00",6824.705,
"27.09.2024 14:15",7450.814,
"27.09.2024 14:30",7863.881,
"27.09.2024 14:45",4977.000,
"27.09.2024 15:00",7521.774,
"27.09.2024 15:15",15268.900,
"27.09.2024 15:30",8776.180,
"27.09.2024 15:45",4650.000,
"27.09.2024 16:00",4819.000,
"27.09.2024 16:15",5491.508,
"27.09.2024 16:30",4312.900,
"27.09.2024 16:45",3486.100,
"27.09.2024 17:00",4364.100,
"27.09.2024 17:15",4273.000,
"27.09.2024 17:30",1822.311,
"27.09.2024 17:45",2134.200,
"27.09.2024 18:00",2072.000,
"27.09.2024 18:15",196.000,
"27.09.2024 18:30",246.800,
"27.09.2024 18:45",0.000,
"27.09.2024 19:00",0.000,
"27.09.2024 19:15",0.000,
"27.09.2024 19:30",0.000,
"27.09.2024 19:45",0.000,
"27.09.2024 20:00",0.000,
"27.09.2024 20:15",0.000,
"27.09.2024 20:30",0.000,
"27.09.2024 20:45",0.000,
"27.09.2024 21:00",0.000,
"27.09.2024 21:15",0.000,
"27.09.2024 21:30",0.000,
"27.09.2024 21:45",0.000,
"27.09.2024 22:00",0.000,
"27.09.2024 22:15",0.000,
"27.09.2024 22:30",0.000,
"27.09.2024 22:45",0.000,
"27.09.2024 23:00",0.000,
"27.09.2024 23:15",0.000,
"27.09.2024 23:30",0.000,
"27.09.2024 23:45",0.000,
"28.09.2024 00:00",0.000,
"28.09.2024 00:15",0.000,
"28.09.2024 00:30",0.000,
"28.09.2024 00:45",0.000,
"28.09.2024 01:00",0.000,
"28.09.2024 01:15",0.000,
"28.09.2024 01:30",0.000,
"28.09.2024 01:45",0.000,
"28.09.2024 02:00",0.000,
"28.09.2024 02:15",0.000,
"28.09.2024 02:30",0.000,
"28.09.2024 02:45",0.000,
"28.09.2024 03:00",0.000,
"28.09.2024 03:15",0.000,
"28.09.2024 03:30",0.000,
"28.09.2024 03:45",0.000,
"28.09.2024 04:00",0.000,
"28.09.2024 04:15",0.000,
"28.09.2024 04:30",0.000,
"28.09.2024 04:45",0.000,
"28.09.2024 05:00",0.000,
"28.09.2024 05:15",0.000,
"28.09.2024 05:30",0.000,
"28.09.2024 05:45",0.000,
"28.09.2024 06:00",0.000,
"28.09.2024 06:15",0.000,
"28.09.2024 06:30",0.000,
"28.09.2024 06:45",0.000,
"28.09.2024 07:00",0.000,
"28.09.2024 07:15",0.000,
"28.09.2024 07:30",335.100,
"28.09.2024 07:45",951.898,
"28.09.2024 08:00",4746.000,
"28.09.2024 08:15",4659.000,
"28.09.2024 08:30",4782.000,
"28.09.2024 08:45",4752.000,
"28.09.2024 09:00",6323.900,
"28.09.2024 09:15",2530.000,
"28.09.2024 09:30",5702.000,
"28.09.2024 09:45",17947.102,
"28.09.2024 10:00",7725.200,
"28.09.2024 10:15",11323.900,
"28.09.2024 10:30",13814.279,
"28.09.2024 10:45",15549.203,
"28.09.2024 11:00",35801.656,
"28.09.2024 11:15",39297.885,
"28.09.2024 11:30",32974.390,
"28.09.2024 11:45",34094.900,
"28.09.2024 12:00",35185.100,
"28.09.2024 12:15",18084.068,
"28.09.2024 12:30",27065.746,
"28.09.2024 12:45",37856.100,
"28.09.2024 13:00",48428.983,
"28.09.2024 13:15",7039.541,
"28.09.2024 13:30",40631.900,
"28.09.2024 13:45",37196.900,
"28.09.2024 14:00",36652.100,
"28.09.2024 14:15",9020.220,
"28.09.2024 14:30",26821.672,
"28.09.2024 14:45",9301.000,
"28.09.2024 15:00",33048.705,
"28.09.2024 15:15",29934.900,
"28.09.2024 15:30",29171.738,
"28.09.2024 15:45",10311.066,
"28.09.2024 16:00",9033.100,
"28.09.2024 16:15",20644.770,
"28.09.2024 16:30",13524.729,
"28.09.2024 16:45",19253.900,
"28.09.2024 17:00",15257.820,
"28.09.2024 17:15",10983.000,
"28.09.2024 17:30",6337.410,
"28.09.2024 17:45",2954.475,
"28.09.2024 18:00",1998.797,
"28.09.2024 18:15",1890.800,
"28.09.2024 18:30",680.000,
"28.09.2024 18:45",612.900,
"28.09.2024 19:00",0.000,
"28.09.2024 19:15",0.000,
"28.09.2024 19:30",0.000,
"28.09.2024 19:45",0.000,
"28.09.2024 20:00",0.000,
"28.09.2024 20:15",0.000,
"28.09.2024 20:30",0.000,
"28.09.2024 20:45",0.000,
"28.09.2024 21:00",0.000,
"28.09.2024 21:15",0.000,
"28.09.2024 21:30",0.000,
"28.09.2024 21:45",0.000,
"28.09.2024 22:00",0.000,
"28.09.2024 22:15",0.000,
"28.09.2024 22:30",0.000,
"28.09.2024 22:45",0.000,
"28.09.2024 23:00",0.000,
"28.09.2024 23:15",0.000,
"28.09.2024 23:30",0.000,
"28.09.2024 23:45",0.000,
"29.09.2024 00:00",0.000,
"29.09.2024 00:15",0.000,
"29.09.2024 00:30",0.000,
"29.09.2024 00:45",0.000,
"29.09.2024 01:00",0.000,
"29.09.2024 01:15",0.000,
"29.09.2024 01:30",0.000,
"29.09.2024 01:45",0.000,
"29.09.2024 02:00",0.000,
"29.09.2024 02:15",0.000,
"29.09.2024 02:30",0.000,
"29.09.2024 02:45",0.000,
"29.09.2024 03:00",0.000,
"29.09.2024 03:15",0.000,
"29.09.2024 03:30",0.000,
"29.09.2024 03:45",0.000,
"29.09.2024 04:00",0.000,
"29.09.2024 04:15",0.000,
"29.09.2024 04:30",0.000,
"29.09.2024 04:45",0.000,
"29.09.2024 05:00",0.000,
"29.09.2024 05:15",0.000,
"29.09.2024 05:30",0.000,
"29.09.2024 05:45",0.000,
"29.09.2024 06:00",0.000,
"29.09.2024 06:15",0.000,
"29.09.2024 06:30",0.000,
"29.09.2024 06:45",0.000,
"29.09.2024 07:00",0.000,
"29.09.2024 07:15",0.000,
"29.09.2024 07:30",304.131,
"29.09.2024 07:45",855.100,
"29.09.2024 08:00",1406.186,
"29.09.2024 08:15",1776.000,
"29.09.2024 08:30",2319.305,
"29.09.2024 08:45",7896.900,
"29.09.2024 09:00",10524.100,
"29.09.2024 09:15",12704.197,
"29.09.2024 09:30",14898.390,
"29.09.2024 09:45",17376.800,
"29.09.2024 10:00",19664.136,
"29.09.2024 10:15",21812.441,
"29.09.2024 10:30",23953.305,
"29.09.2024 10:45",25996.678,
"29.09.2024 11:00",28719.729,
"29.09.2024 11:15",29432.066,
"29.09.2024 11:30",30823.100,
"29.09.2024 11:45",32824.220,
"29.09.2024 12:00",42374.131,
"29.09.2024 12:15",28575.322,
"29.09.2024 12:30",19443.000,
"29.09.2024 12:45",12552.721,
"29.09.2024 13:00",20066.900,
"29.09.2024 13:15",12421.356,
"29.09.2024 13:30",16397.797,
"29.09.2024 13:45",14938.000,
"29.09.2024 14:00",10362.458,
"29.09.2024 14:15",27293.934,
"29.09.2024 14:30",18247.900,
"29.09.2024 14:45",39847.230,
"29.09.2024 15:00",8242.803,
"29.09.2024 15:15",5962.100,
"29.09.2024 15:30",13193.869,
"29.09.2024 15:45",13608.721,
"29.09.2024 16:00",28987.393,
"29.09.2024 16:15",25110.119,
"29.09.2024 16:30",5328.610,
"29.09.2024 16:45",4974.000,
"29.09.2024 17:00",19748.200,
"29.09.2024 17:15",7448.900,
"29.09.2024 17:30",2982.100,
"29.09.2024 17:45",1949.900,
"29.09.2024 18:00",2320.305,
"29.09.2024 18:15",1667.885,
"29.09.2024 18:30",860.368,
"29.09.2024 18:45",428.700,
"29.09.2024 19:00",0.000,
"29.09.2024 19:15",0.000,
"29.09.2024 19:30",0.000,
"29.09.2024 19:45",0.000,
"29.09.2024 20:00",0.000,
"29.09.2024 20:15",0.000,
"29.09.2024 20:30",0.000,
"29.09.2024 20:45",0.000,
"29.09.2024 21:00",0.000,
"29.09.2024 21:15",0.000,
"29.09.2024 21:30",0.000,
"29.09.2024 21:45",0.000,
"29.09.2024 22:00",0.000,
"29.09.2024 22:15",0.000,
"29.09.2024 22:30",0.000,
"29.09.2024 22:45",0.000,
"29.09.2024 23:00",0.000,
"29.09.2024 23:15",0.000,
"29.09.2024 23:30",0.000,
"29.09.2024 23:45",0.000,
"30.09.2024 00:00",0.000,
"30.09.2024 00:15",0.000,
"30.09.2024 00:30",0.000,
"30.09.2024 00:45",0.000,
"30.09.2024 01:00",0.000,
"30.09.2024 01:15",0.000,
"30.09.2024 01:30",0.000,
"30.09.2024 01:45",0.000,
"30.09.2024 02:00",0.000,
"30.09.2024 02:15",0.000,
"30.09.2024 02:30",0.000,
"30.09.2024 02:45",0.000,
"30.09.2024 03:00",0.000,
"30.09.2024 03:15",0.000,
"30.09.2024 03:30",0.000,
"30.09.2024 03:45",0.000,
"30.09.2024 04:00",0.000,
"30.09.2024 04:15",0.000,
"30.09.2024 04:30",0.000,
"30.09.2024 04:45",0.000,
"30.09.2024 05:00",0.000,
"30.09.2024 05:15",0.000,
"30.09.2024 05:30",0.000,
"30.09.2024 05:45",0.000,
"30.09.2024 06:00",0.000,
"30.09.2024 06:15",0.000,
"30.09.2024 06:30",0.000,
"30.09.2024 06:45",0.000,
"30.09.2024 07:00",0.000,
"30.09.2024 07:15",0.000,
"30.09.2024 07:30",162.915,
"30.09.2024 07:45",789.100,
"30.09.2024 08:00",1670.984,
"30.09.2024 08:15",2592.800,
"30.09.2024 08:30",3290.915,
"30.09.2024 08:45",5398.131,
"30.09.2024 09:00",11736.508,
"30.09.2024 09:15",11669.000,
"30.09.2024 09:30",15223.000,
"30.09.2024 09:45",18632.885,
"30.09.2024 10:00",20877.373,
"30.09.2024 10:15",6292.000,
"30.09.2024 10:30",11375.000,
"30.09.2024 10:45",23312.339,
"30.09.2024 11:00",24788.900,
"30.09.2024 11:15",30164.000,
"30.09.2024 11:30",30537.100,
"30.09.2024 11:45",32407.410,
"30.09.2024 12:00",32882.525,
"30.09.2024 12:15",34920.000,
"30.09.2024 12:30",35431.864,
"30.09.2024 12:45",35666.820,
"30.09.2024 13:00",36077.593,
"30.09.2024 13:15",36403.787,
"30.09.2024 13:30",35936.000,
"30.09.2024 13:45",35563.000,
"30.09.2024 14:00",35187.780,
"30.09.2024 14:15",34602.100,
"30.09.2024 14:30",34169.000,
"30.09.2024 14:45",35153.800,
"30.09.2024 15:00",33146.100,
"30.09.2024 15:15",29265.322,
"30.09.2024 15:30",26969.000,
"30.09.2024 15:45",24966.393,
"30.09.2024 16:00",22849.918,
"30.09.2024 16:15",20900.000,
"30.09.2024 16:30",18522.800,
"30.09.2024 16:45",16884.000,
"30.09.2024 17:00",14347.475,
"30.09.2024 17:15",11297.100,
"30.09.2024 17:30",4811.700,
"30.09.2024 17:45",1566.800,
"30.09.2024 18:00",1596.902,
"30.09.2024 18:15",1112.085,
"30.09.2024 18:30",519.200,
"30.09.2024 18:45",208.000,
"30.09.2024 19:00",0.000,
"30.09.2024 19:15",0.000,
"30.09.2024 19:30",0.000,
"30.09.2024 19:45",0.000,
"30.09.2024 20:00",0.000,
"30.09.2024 20:15",0.000,
"30.09.2024 20:30",0.000,
"30.09.2024 20:45",0.000,
"30.09.2024 21:00",0.000,
"30.09.2024 21:15",0.000,
"30.09.2024 21:30",0.000,
"30.09.2024 21:45",0.000,
"30.09.2024 22:00",0.000,
"30.09.2024 22:15",0.000,
"30.09.2024 22:30",0.000,
"30.09.2024 22:45",0.000,
"30.09.2024 23:00",0.000,
"30.09.2024 23:15",0.000,
"30.09.2024 23:30",0.000,
"30.09.2024 23:45",0.000,
"01.10.2024 00:00",0.000,
"01.10.2024 00:15",0.000,
"01.10.2024 00:30",0.000,
"01.10.2024 00:45",0.000,
"01.10.2024 01:00",0.000,
"01.10.2024 01:15",0.000,
"01.10.2024 01:30",0.000,
"01.10.2024 01:45",0.000,
"01.10.2024 02:00",0.000,
"01.10.2024 02:15",0.000,
"01.10.2024 02:30",0.000,
"01.10.2024 02:45",0.000,
"01.10.2024 03:00",0.000,
"01.10.2024 03:15",0.000,
"01.10.2024 03:30",0.000,
"01.10.2024 03:45",0.000,
"01.10.2024 04:00",0.000,
"01.10.2024 04:15",0.000,
"01.10.2024 04:30",0.000,
"01.10.2024 04:45",0.000,
"01.10.2024 05:00",0.000,
"01.10.2024 05:15",0.000,
"01.10.2024 05:30",0.000,
"01.10.2024 05:45",0.000,
"01.10.2024 06:00",0.000,
"01.10.2024 06:15",0.000,
"01.10.2024 06:30",0.000,
"01.10.2024 06:45",0.000,
"01.10.2024 07:00",0.000,
"01.10.2024 07:15",0.000,
"01.10.2024 07:30",0.000,
"01.10.2024 07:45",0.000,
"01.10.2024 08:00",801.000,
"01.10.2024 08:15",628.787,
"01.10.2024 08:30",217.237,
"01.10.2024 08:45",397.900,
"01.10.2024 09:00",1150.000,
"01.10.2024 09:15",811.900,
"01.10.2024 09:30",978.100,
"01.10.2024 09:45",2800.492,
"01.10.2024 10:00",4217.164,
"01.10.2024 10:15",3715.051,
"01.10.2024 10:30",4505.900,
"01.10.2024 10:45",5088.131,
"01.10.2024 11:00",7560.852,
"01.10.2024 11:15",3691.902,
"01.10.2024 11:30",3782.900,
"01.10.2024 11:45",3804.770,
"01.10.2024 12:00",4062.200,
"01.10.2024 12:15",3378.900,
"01.10.2024 12:30",4778.712,
"01.10.2024 12:45",7019.900,
"01.10.2024 13:00",8740.051,
"01.10.2024 13:15",7316.098,
"01.10.2024 13:30",6806.339,
"01.10.2024 13:45",8839.203,
"01.10.2024 14:00",5315.100,
"01.10.2024 14:15",7422.230,
"01.10.2024 14:30",7740.576,
"01.10.2024 14:45",7902.066,
"01.10.2024 15:00",4254.000,
"01.10.2024 15:15",4417.424,
"01.10.2024 15:30",2246.200,
"01.10.2024 15:45",2912.525,
"01.10.2024 16:00",3364.814,
"01.10.2024 16:15",3251.803,
"01.10.2024 16:30",3490.000,
"01.10.2024 16:45",2593.100,
"01.10.2024 17:00",1421.000,
"01.10.2024 17:15",1308.900,
"01.10.2024 17:30",1492.000,
"01.10.2024 17:45",851.000,
"01.10.2024 18:00",703.000,
"01.10.2024 18:15",380.305,
"01.10.2024 18:30",145.237,
"01.10.2024 18:45",0.000,
"01.10.2024 19:00",0.000,
"01.10.2024 19:15",0.000,
"01.10.2024 19:30",0.000,
"01.10.2024 19:45",0.000,
"01.10.2024 20:00",0.000,
"01.10.2024 20:15",0.000,
"01.10.2024 20:30",0.000,
"01.10.2024 20:45",0.000,
"01.10.2024 21:00",0.000,
"01.10.2024 21:15",0.000,
"01.10.2024 21:30",0.000,
"01.10.2024 21:45",0.000,
"01.10.2024 22:00",0.000,
"01.10.2024 22:15",0.000,
"01.10.2024 22:30",0.000,
"01.10.2024 22:45",0.000,
"01.10.2024 23:00",0.000,
"01.10.2024 23:15",0.000,
"01.10.2024 23:30",0.000,
"01.10.2024 23:45",0.000,
"02.10.2024 00:00",0.000,
"02.10.2024 00:15",0.000,
"02.10.2024 00:30",0.000,
"02.10.2024 00:45",0.000,
"02.10.2024 01:00",0.000,
"02.10.2024 01:15",0.000,
"02.10.2024 01:30",0.000,
"02.10.2024 01:45",0.000,
"02.10.2024 02:00",0.000,
"02.10.2024 02:15",0.000,
"02.10.2024 02:30",0.000,
"02.10.2024 02:45",0.000,
"02.10.2024 03:00",0.000,
"02.10.2024 03:15",0.000,
"02.10.2024 03:30",0.000,
"02.10.2024 03:45",0.000,
"02.10.2024 04:00",0.000,
"02.10.2024 04:15",0.000,
"02.10.2024 04:30",0.000,
"02.10.2024 04:45",0.000,
"02.10.2024 05:00",0.000,
"02.10.2024 05:15",0.000,
"02.10.2024 05:30",0.000,
"02.10.2024 05:45",0.000,
"02.10.2024 06:00",0.000,
"02.10.2024 06:15",0.000,
"02.10.2024 06:30",0.000,
"02.10.2024 06:45",0.000,
"02.10.2024 07:00",0.000,
"02.10.2024 07:15",0.000,
"02.10.2024 07:30",0.000,
"02.10.2024 07:45",0.000,
"02.10.2024 08:00",0.000,
"02.10.2024 08:15",722.508,
"02.10.2024 08:30",2767.000,
"02.10.2024 08:45",2391.492,
"02.10.2024 09:00",5398.656,
"02.10.2024 09:15",1798.373,
"02.10.2024 09:30",3428.800,
"02.10.2024 09:45",4724.934,
"02.10.2024 10:00",5646.900,
"02.10.2024 10:15",7999.712,
"02.10.2024 10:30",2901.590,
"02.10.2024 10:45",4285.328,
"02.10.2024 11:00",11337.800,
"02.10.2024 11:15",42958.356,
"02.10.2024 11:30",13996.164,
"02.10.2024 11:45",9913.915,
"02.10.2024 12:00",41632.000,
"02.10.2024 12:15",43189.033,
"02.10.2024 12:30",13387.200,
"02.10.2024 12:45",7277.100,
"02.10.2024 13:00",43518.100,
"02.10.2024 13:15",37658.644,
"02.10.2024 13:30",11246.082,
"02.10.2024 13:45",18916.016,
"02.10.2024 14:00",25192.000,
"02.10.2024 14:15",22127.000,
"02.10.2024 14:30",20210.000,
"02.10.2024 14:45",34181.085,
"02.10.2024 15:00",34839.305,
"02.10.2024 15:15",31325.900,
"02.10.2024 15:30",9200.525,
"02.10.2024 15:45",25407.864,
"02.10.2024 16:00",25713.898,
"02.10.2024 16:15",20878.100,
"02.10.2024 16:30",18665.770,
"02.10.2024 16:45",17745.689,
"02.10.2024 17:00",14904.390,
"02.10.2024 17:15",5143.100,
"02.10.2024 17:30",3823.424,
"02.10.2024 17:45",3391.902,
"02.10.2024 18:00",2217.900,
"02.10.2024 18:15",1407.623,
"02.10.2024 18:30",505.390,
"02.10.2024 18:45",534.918,
"02.10.2024 19:00",0.000,
"02.10.2024 19:15",0.000,
"02.10.2024 19:30",0.000,
"02.10.2024 19:45",0.000,
"02.10.2024 20:00",0.000,
"02.10.2024 20:15",0.000,
"02.10.2024 20:30",0.000,
"02.10.2024 20:45",0.000,
"02.10.2024 21:00",0.000,
"02.10.2024 21:15",0.000,
"02.10.2024 21:30",0.000,
"02.10.2024 21:45",0.000,
"02.10.2024 22:00",0.000,
"02.10.2024 22:15",0.000,
"02.10.2024 22:30",0.000,
"02.10.2024 22:45",0.000,
"02.10.2024 23:00",0.000,
"02.10.2024 23:15",0.000,
"02.10.2024 23:30",0.000,
"02.10.2024 23:45",0.000,
"03.10.2024 00:00",0.000,
"03.10.2024 00:15",0.000,
"03.10.2024 00:30",0.000,
"03.10.2024 00:45",0.000,
"03.10.2024 01:00",0.000,
"03.10.2024 01:15",0.000,
"03.10.2024 01:30",0.000,
"03.10.2024 01:45",0.000,
"03.10.2024 02:00",0.000,
"03.10.2024 02:15",0.000,
"03.10.2024 02:30",0.000,
"03.10.2024 02:45",0.000,
"03.10.2024 03:00",0.000,
"03.10.2024 03:15",0.000,
"03.10.2024 03:30",0.000,
"03.10.2024 03:45",0.000,
"03.10.2024 04:00",0.000,
"03.10.2024 04:15",0.000,
"03.10.2024 04:30",0.000,
"03.10.2024 04:45",0.000,
"03.10.2024 05:00",0.000,
"03.10.2024 05:15",0.000,
"03.10.2024 05:30",0.000,
"03.10.2024 05:45",0.000,
"03.10.2024 06:00",0.000,
"03.10.2024 06:15",0.000,
"03.10.2024 06:30",0.000,
"03.10.2024 06:45",0.000,
"03.10.2024 07:00",0.000,
"03.10.2024 07:15",0.000,
"03.10.2024 07:30",0.000,
"03.10.2024 07:45",436.000,
"03.10.2024 08:00",845.700,
"03.10.2024 08:15",1263.678,
"03.10.2024 08:30",2512.100,
"03.10.2024 08:45",4277.186,
"03.10.2024 09:00",10282.254,
"03.10.2024 09:15",3640.407,
"03.10.2024 09:30",13864.100,
"03.10.2024 09:45",16196.164,
"03.10.2024 10:00",23020.169,
"03.10.2024 10:15",23337.186,
"03.10.2024 10:30",30733.770,
"03.10.2024 10:45",32551.508,
"03.10.2024 11:00",18975.016,
"03.10.2024 11:15",33145.300,
"03.10.2024 11:30",40480.900,
"03.10.2024 11:45",40046.100,
"03.10.2024 12:00",26971.100,
"03.10.2024 12:15",38373.900,
"03.10.2024 12:30",14880.000,
"03.10.2024 12:45",36243.000,
"03.10.2024 13:00",39231.180,
"03.10.2024 13:15",35338.295,
"03.10.2024 13:30",35131.237,
"03.10.2024 13:45",7325.322,
"03.10.2024 14:00",34379.900,
"03.10.2024 14:15",33258.100,
"03.10.2024 14:30",32427.288,
"03.10.2024 14:45",30728.900,
"03.10.2024 15:00",28031.200,
"03.10.2024 15:15",27566.833,
"03.10.2024 15:30",26054.250,
"03.10.2024 15:45",24451.902,
"03.10.2024 16:00",21735.200,
"03.10.2024 16:15",19601.153,
"03.10.2024 16:30",17420.000,
"03.10.2024 16:45",15219.934,
"03.10.2024 17:00",13410.068,
"03.10.2024 17:15",8627.900,
"03.10.2024 17:30",5871.820,
"03.10.2024 17:45",2775.088,
"03.10.2024 18:00",1289.900,
"03.10.2024 18:15",966.900,
"03.10.2024 18:30",616.082,
"03.10.2024 18:45",242.678,
"03.10.2024 19:00",0.000,
"03.10.2024 19:15",0.000,
"03.10.2024 19:30",0.000,
"03.10.2024 19:45",0.000,
"03.10.2024 20:00",0.000,
"03.10.2024 20:15",0.000,
"03.10.2024 20:30",0.000,
"03.10.2024 20:45",0.000,
"03.10.2024 21:00",0.000,
"03.10.2024 21:15",0.000,
"03.10.2024 21:30",0.000,
"03.10.2024 21:45",0.000,
"03.10.2024 22:00",0.000,
"03.10.2024 22:15",0.000,
"03.10.2024 22:30",0.000,
"03.10.2024 22:45",0.000,
"03.10.2024 23:00",0.000,
"03.10.2024 23:15",0.000,
"03.10.2024 23:30",0.000,
"03.10.2024 23:45",0.000,
"04.10.2024 00:00",0.000,
"04.10.2024 00:15",0.000,
"04.10.2024 00:30",0.000,
"04.10.2024 00:45",0.000,
"04.10.2024 01:00",0.000,
"04.10.2024 01:15",0.000,
"04.10.2024 01:30",0.000,
"04.10.2024 01:45",0.000,
"04.10.2024 02:00",0.000,
"04.10.2024 02:15",0.000,
"04.10.2024 02:30",0.000,
"04.10.2024 02:45",-0.450,
"04.10.2024 03:00",0.000,
"04.10.2024 03:15",0.000,
"04.10.2024 03:30",0.000,
"04.10.2024 03:45",0.000,
"04.10.2024 04:00",0.000,
"04.10.2024 04:15",0.000,
"04.10.2024 04:30",0.000,
"04.10.2024 04:45",0.000,
"04.10.2024 05:00",0.000,
"04.10.2024 05:15",0.000,
"04.10.2024 05:30",0.000,
"04.10.2024 05:45",0.000,
"04.10.2024 06:00",0.000,
"04.10.2024 06:15",0.000,
"04.10.2024 06:30",0.000,
"04.10.2024 06:45",0.000,
"04.10.2024 07:00",0.000,
"04.10.2024 07:15",0.000,
"04.10.2024 07:30",0.000,
"04.10.2024 07:45",561.900,
"04.10.2024 08:00",1084.000,
"04.10.2024 08:15",1710.000,
"04.10.2024 08:30",2428.458,
"04.10.2024 08:45",3774.644,
"04.10.2024 09:00",9088.814,
"04.10.2024 09:15",11265.800,
"04.10.2024 09:30",13518.100,
"04.10.2024 09:45",15842.000,
"04.10.2024 10:00",17997.000,
"04.10.2024 10:15",20173.220,
"04.10.2024 10:30",22322.820,
"04.10.2024 10:45",24534.475,
"04.10.2024 11:00",26765.100,
"04.10.2024 11:15",29097.639,
"04.10.2024 11:30",9235.000,
"04.10.2024 11:45",14855.100,
"04.10.2024 12:00",38994.000,
"04.10.2024 12:15",7952.393,
"04.10.2024 12:30",7888.966,
"04.10.2024 12:45",7754.754,
"04.10.2024 13:00",10925.098,
"04.10.2024 13:15",43339.492,
"04.10.2024 13:30",6074.800,
"04.10.2024 13:45",36167.000,
"04.10.2024 14:00",34202.000,
"04.10.2024 14:15",35692.000,
"04.10.2024 14:30",36261.900,
"04.10.2024 14:45",6032.949,
"04.10.2024 15:00",28518.712,
"04.10.2024 15:15",26639.492,
"04.10.2024 15:30",9192.000,
"04.10.2024 15:45",22977.000,
"04.10.2024 16:00",21337.186,
"04.10.2024 16:15",18430.754,
"04.10.2024 16:30",16164.900,
"04.10.2024 16:45",14290.508,
"04.10.2024 17:00",11287.900,
"04.10.2024 17:15",7032.000,
"04.10.2024 17:30",3757.186,
"04.10.2024 17:45",1945.000,
"04.10.2024 18:00",1267.900,
"04.10.2024 18:15",936.780,
"04.10.2024 18:30",501.098,
"04.10.2024 18:45",188.100,
"04.10.2024 19:00",0.000,
"04.10.2024 19:15",0.000,
"04.10.2024 19:30",0.000,
"04.10.2024 19:45",0.000,
"04.10.2024 20:00",0.000,
"04.10.2024 20:15",0.000,
"04.10.2024 20:30",0.000,
"04.10.2024 20:45",0.000,
"04.10.2024 21:00",0.000,
"04.10.2024 21:15",0.000,
"04.10.2024 21:30",0.000,
"04.10.2024 21:45",0.000,
"04.10.2024 22:00",0.000,
"04.10.2024 22:15",0.000,
"04.10.2024 22:30",0.000,
"04.10.2024 22:45",0.000,
"04.10.2024 23:00",0.000,
"04.10.2024 23:15",0.000,
"04.10.2024 23:30",0.000,
"04.10.2024 23:45",0.000,
"05.10.2024 00:00",0.000,
"05.10.2024 00:15",0.000,
"05.10.2024 00:30",0.000,
"05.10.2024 00:45",0.000,
"05.10.2024 01:00",0.000,
"05.10.2024 01:15",0.000,
"05.10.2024 01:30",0.000,
"05.10.2024 01:45",0.000,
"05.10.2024 02:00",0.000,
"05.10.2024 02:15",0.000,
"05.10.2024 02:30",0.000,
"05.10.2024 02:45",0.000,
"05.10.2024 03:00",0.000,
"05.10.2024 03:15",0.000,
"05.10.2024 03:30",0.000,
"05.10.2024 03:45",0.000,
"05.10.2024 04:00",0.000,
"05.10.2024 04:15",0.000,
"05.10.2024 04:30",0.000,
"05.10.2024 04:45",0.000,
"05.10.2024 05:00",0.000,
"05.10.2024 05:15",0.000,
"05.10.2024 05:30",0.000,
"05.10.2024 05:45",0.000,
"05.10.2024 06:00",0.000,
"05.10.2024 06:15",0.000,
"05.10.2024 06:30",0.000,
"05.10.2024 06:45",0.000,
"05.10.2024 07:00",0.000,
"05.10.2024 07:15",0.000,
"05.10.2024 07:30",0.000,
"05.10.2024 07:45",643.610,
"05.10.2024 08:00",1193.164,
"05.10.2024 08:15",1624.033,
"05.10.2024 08:30",2003.800,
"05.10.2024 08:45",3189.100,
"05.10.2024 09:00",8880.900,
"05.10.2024 09:15",11515.983,
"05.10.2024 09:30",13112.900,
"05.10.2024 09:45",15400.746,
"05.10.2024 10:00",17558.100,
"05.10.2024 10:15",19507.066,
"05.10.2024 10:30",22168.131,
"05.10.2024 10:45",23326.746,
"05.10.2024 11:00",25056.000,
"05.10.2024 11:15",26939.131,
"05.10.2024 11:30",28241.949,
"05.10.2024 11:45",29805.100,
"05.10.2024 12:00",30737.900,
"05.10.2024 12:15",31692.000,
"05.10.2024 12:30",32069.900,
"05.10.2024 12:45",32725.100,
"05.10.2024 13:00",32984.016,
"05.10.2024 13:15",33006.082,
"05.10.2024 13:30",32834.000,
"05.10.2024 13:45",34971.900,
"05.10.2024 14:00",34289.000,
"05.10.2024 14:15",36041.148,
"05.10.2024 14:30",37834.305,
"05.10.2024 14:45",36292.690,
"05.10.2024 15:00",33001.164,
"05.10.2024 15:15",28858.000,
"05.10.2024 15:30",12543.213,
"05.10.2024 15:45",3815.200,
"05.10.2024 16:00",8151.900,
"05.10.2024 16:15",4877.900,
"05.10.2024 16:30",3912.017,
"05.10.2024 16:45",15431.000,
"05.10.2024 17:00",14951.085,
"05.10.2024 17:15",11594.623,
"05.10.2024 17:30",6363.311,
"05.10.2024 17:45",2610.754,
"05.10.2024 18:00",1471.100,
"05.10.2024 18:15",949.581,
"05.10.2024 18:30",518.967,
"05.10.2024 18:45",132.721,
"05.10.2024 19:00",0.000,
"05.10.2024 19:15",0.000,
"05.10.2024 19:30",0.000,
"05.10.2024 19:45",0.000,
"05.10.2024 20:00",0.000,
"05.10.2024 20:15",0.000,
"05.10.2024 20:30",0.000,
"05.10.2024 20:45",0.000,
"05.10.2024 21:00",0.000,
"05.10.2024 21:15",0.000,
"05.10.2024 21:30",0.000,
"05.10.2024 21:45",0.000,
"05.10.2024 22:00",0.000,
"05.10.2024 22:15",0.000,
"05.10.2024 22:30",0.000,
"05.10.2024 22:45",0.000,
"05.10.2024 23:00",0.000,
"05.10.2024 23:15",0.000,
"05.10.2024 23:30",0.000,
"05.10.2024 23:45",0.000,
"06.10.2024 00:00",0.000,
"06.10.2024 00:15",0.000,
"06.10.2024 00:30",0.000,
"06.10.2024 00:45",0.000,
"06.10.2024 01:00",0.000,
"06.10.2024 01:15",0.000,
"06.10.2024 01:30",0.000,
"06.10.2024 01:45",0.000,
"06.10.2024 02:00",0.000,
"06.10.2024 02:15",0.000,
"06.10.2024 02:30",0.000,
"06.10.2024 02:45",0.000,
"06.10.2024 03:00",0.000,
"06.10.2024 03:15",0.000,
"06.10.2024 03:30",0.000,
"06.10.2024 03:45",0.000,
"06.10.2024 04:00",0.000,
"06.10.2024 04:15",0.000,
"06.10.2024 04:30",0.000,
"06.10.2024 04:45",0.000,
"06.10.2024 05:00",0.000,
"06.10.2024 05:15",0.000,
"06.10.2024 05:30",0.000,
"06.10.2024 05:45",0.000,
"06.10.2024 06:00",0.000,
"06.10.2024 06:15",0.000,
"06.10.2024 06:30",0.000,
"06.10.2024 06:45",0.000,
"06.10.2024 07:00",0.000,
"06.10.2024 07:15",0.000,
"06.10.2024 07:30",0.000,
"06.10.2024 07:45",464.197,
"06.10.2024 08:00",943.600,
"06.10.2024 08:15",1338.100,
"06.10.2024 08:30",1632.525,
"06.10.2024 08:45",2531.590,
"06.10.2024 09:00",8131.100,
"06.10.2024 09:15",10967.131,
"06.10.2024 09:30",12995.344,
"06.10.2024 09:45",15305.082,
"06.10.2024 10:00",17455.068,
"06.10.2024 10:15",19632.100,
"06.10.2024 10:30",21694.000,
"06.10.2024 10:45",23530.294,
"06.10.2024 11:00",25302.900,
"06.10.2024 11:15",26971.763,
"06.10.2024 11:30",28538.900,
"06.10.2024 11:45",29517.678,
"06.10.2024 12:00",30797.100,
"06.10.2024 12:15",31502.000,
"06.10.2024 12:30",32159.322,
"06.10.2024 12:45",32637.610,
"06.10.2024 13:00",33246.000,
"06.10.2024 13:15",34032.557,
"06.10.2024 13:30",36577.000,
"06.10.2024 13:45",32970.738,
"06.10.2024 14:00",34826.900,
"06.10.2024 14:15",37703.000,
"06.10.2024 14:30",12947.100,
"06.10.2024 14:45",9992.780,
"06.10.2024 15:00",34017.787,
"06.10.2024 15:15",12188.459,
"06.10.2024 15:30",5679.068,
"06.10.2024 15:45",6301.169,
"06.10.2024 16:00",26491.016,
"06.10.2024 16:15",9315.100,
"06.10.2024 16:30",22111.593,
"06.10.2024 16:45",19984.900,
"06.10.2024 17:00",10995.900,
"06.10.2024 17:15",6660.000,
"06.10.2024 17:30",3580.000,
"06.10.2024 17:45",1705.836,
"06.10.2024 18:00",1202.542,
"06.10.2024 18:15",739.900,
"06.10.2024 18:30",288.787,
"06.10.2024 18:45",0.000,
"06.10.2024 19:00",0.000,
"06.10.2024 19:15",0.000,
"06.10.2024 19:30",0.000,
"06.10.2024 19:45",0.000,
"06.10.2024 20:00",0.000,
"06.10.2024 20:15",0.000,
"06.10.2024 20:30",0.000,
"06.10.2024 20:45",0.000,
"06.10.2024 21:00",0.000,
"06.10.2024 21:15",0.000,
"06.10.2024 21:30",0.000,
"06.10.2024 21:45",0.000,
"06.10.2024 22:00",0.000,
"06.10.2024 22:15",0.000,
"06.10.2024 22:30",0.000,
"06.10.2024 22:45",0.000,
"06.10.2024 23:00",0.000,
"06.10.2024 23:15",0.000,
"06.10.2024 23:30",0.000,
"06.10.2024 23:45",0.000,
"07.10.2024 00:00",0.000,
"07.10.2024 00:15",0.000,
"07.10.2024 00:30",0.000,
"07.10.2024 00:45",0.000,
"07.10.2024 01:00",0.000,
"07.10.2024 01:15",0.000,
"07.10.2024 01:30",0.000,
"07.10.2024 01:45",0.000,
"07.10.2024 02:00",0.000,
"07.10.2024 02:15",0.000,
"07.10.2024 02:30",0.000,
"07.10.2024 02:45",0.000,
"07.10.2024 03:00",0.000,
"07.10.2024 03:15",0.000,
"07.10.2024 03:30",0.000,
"07.10.2024 03:45",0.000,
"07.10.2024 04:00",0.000,
"07.10.2024 04:15",0.000,
"07.10.2024 04:30",0.000,
"07.10.2024 04:45",0.000,
"07.10.2024 05:00",0.000,
"07.10.2024 05:15",0.000,
"07.10.2024 05:30",0.000,
"07.10.2024 05:45",0.000,
"07.10.2024 06:00",0.000,
"07.10.2024 06:15",0.000,
"07.10.2024 06:30",0.000,
"07.10.2024 06:45",0.000,
"07.10.2024 07:00",0.000,
"07.10.2024 07:15",0.000,
"07.10.2024 07:30",0.000,
"07.10.2024 07:45",0.000,
"07.10.2024 08:00",225.934,
"07.10.2024 08:15",458.900,
"07.10.2024 08:30",3585.000,
"07.10.2024 08:45",5050.820,
"07.10.2024 09:00",2929.712,
"07.10.2024 09:15",3997.900,
"07.10.2024 09:30",1410.100,
"07.10.2024 09:45",5026.900,
"07.10.2024 10:00",1499.898,
"07.10.2024 10:15",2949.705,
"07.10.2024 10:30",3742.000,
"07.10.2024 10:45",2897.271,
"07.10.2024 11:00",4491.900,
"07.10.2024 11:15",3401.000,
"07.10.2024 11:30",8934.333,
"07.10.2024 11:45",6984.100,
"07.10.2024 12:00",6271.847,
"07.10.2024 12:15",8093.705,
"07.10.2024 12:30",8014.689,
"07.10.2024 12:45",8164.459,
"07.10.2024 13:00",10466.393,
"07.10.2024 13:15",20477.639,
"07.10.2024 13:30",8075.443,
"07.10.2024 13:45",7154.746,
"07.10.2024 14:00",6817.148,
"07.10.2024 14:15",5100.000,
"07.10.2024 14:30",3409.000,
"07.10.2024 14:45",10453.276,
"07.10.2024 15:00",9420.153,
"07.10.2024 15:15",4885.246,
"07.10.2024 15:30",14735.068,
"07.10.2024 15:45",21842.000,
"07.10.2024 16:00",14264.729,
"07.10.2024 16:15",8574.100,
"07.10.2024 16:30",2753.102,
"07.10.2024 16:45",817.410,
"07.10.2024 17:00",6766.102,
"07.10.2024 17:15",7005.180,
"07.10.2024 17:30",4896.900,
"07.10.2024 17:45",3403.000,
"07.10.2024 18:00",1568.200,
"07.10.2024 18:15",851.100,
"07.10.2024 18:30",328.627,
"07.10.2024 18:45",0.000,
"07.10.2024 19:00",0.000,
"07.10.2024 19:15",0.000,
"07.10.2024 19:30",0.000,
"07.10.2024 19:45",0.000,
"07.10.2024 20:00",0.000,
"07.10.2024 20:15",0.000,
"07.10.2024 20:30",0.000,
"07.10.2024 20:45",0.000,
"07.10.2024 21:00",0.000,
"07.10.2024 21:15",0.000,
"07.10.2024 21:30",0.000,
"07.10.2024 21:45",0.000,
"07.10.2024 22:00",0.000,
"07.10.2024 22:15",0.000,
"07.10.2024 22:30",0.000,
"07.10.2024 22:45",0.000,
"07.10.2024 23:00",0.000,
"07.10.2024 23:15",0.000,
"07.10.2024 23:30",0.000,
"07.10.2024 23:45",0.000,
"08.10.2024 00:00",0.000,
"08.10.2024 00:15",0.000,
"08.10.2024 00:30",0.000,
"08.10.2024 00:45",0.000,
"08.10.2024 01:00",0.000,
"08.10.2024 01:15",0.000,
"08.10.2024 01:30",0.000,
"08.10.2024 01:45",0.000,
"08.10.2024 02:00",0.000,
"08.10.2024 02:15",0.000,
"08.10.2024 02:30",0.000,
"08.10.2024 02:45",0.000,
"08.10.2024 03:00",0.000,
"08.10.2024 03:15",0.000,
"08.10.2024 03:30",0.000,
"08.10.2024 03:45",0.000,
"08.10.2024 04:00",0.000,
"08.10.2024 04:15",0.000,
"08.10.2024 04:30",0.000,
"08.10.2024 04:45",0.000,
"08.10.2024 05:00",0.000,
"08.10.2024 05:15",0.000,
"08.10.2024 05:30",0.000,
"08.10.2024 05:45",0.000,
"08.10.2024 06:00",0.000,
"08.10.2024 06:15",0.000,
"08.10.2024 06:30",0.000,
"08.10.2024 06:45",0.000,
"08.10.2024 07:00",0.000,
"08.10.2024 07:15",0.000,
"08.10.2024 07:30",0.000,
"08.10.2024 07:45",0.000,
"08.10.2024 08:00",0.000,
"08.10.2024 08:15",740.220,
"08.10.2024 08:30",343.230,
"08.10.2024 08:45",303.700,
"08.10.2024 09:00",272.100,
"08.10.2024 09:15",1292.049,
"08.10.2024 09:30",1744.100,
"08.10.2024 09:45",3255.200,
"08.10.2024 10:00",2300.800,
"08.10.2024 10:15",2536.754,
"08.10.2024 10:30",2143.559,
"08.10.2024 10:45",4001.407,
"08.10.2024 11:00",2981.100,
"08.10.2024 11:15",3977.000,
"08.10.2024 11:30",4821.900,
"08.10.2024 11:45",4466.900,
"08.10.2024 12:00",3224.100,
"08.10.2024 12:15",4877.900,
"08.10.2024 12:30",13181.246,
"08.10.2024 12:45",5702.000,
"08.10.2024 13:00",13220.098,
"08.10.2024 13:15",12909.279,
"08.10.2024 13:30",10889.900,
"08.10.2024 13:45",9910.300,
"08.10.2024 14:00",12949.559,
"08.10.2024 14:15",13757.100,
"08.10.2024 14:30",22622.803,
"08.10.2024 14:45",15128.000,
"08.10.2024 15:00",14882.656,
"08.10.2024 15:15",17418.900,
"08.10.2024 15:30",20811.100,
"08.10.2024 15:45",13236.262,
"08.10.2024 16:00",13439.458,
"08.10.2024 16:15",9949.441,
"08.10.2024 16:30",8835.100,
"08.10.2024 16:45",9148.100,
"08.10.2024 17:00",4827.102,
"08.10.2024 17:15",4478.900,
"08.10.2024 17:30",3531.153,
"08.10.2024 17:45",2651.100,
"08.10.2024 18:00",1386.100,
"08.10.2024 18:15",550.918,
"08.10.2024 18:30",98.780,
"08.10.2024 18:45",0.000,
"08.10.2024 19:00",0.000,
"08.10.2024 19:15",0.000,
"08.10.2024 19:30",0.000,
"08.10.2024 19:45",0.000,
"08.10.2024 20:00",0.000,
"08.10.2024 20:15",0.000,
"08.10.2024 20:30",0.000,
"08.10.2024 20:45",0.000,
"08.10.2024 21:00",0.000,
"08.10.2024 21:15",0.000,
"08.10.2024 21:30",0.000,
"08.10.2024 21:45",0.000,
"08.10.2024 22:00",0.000,
"08.10.2024 22:15",0.000,
"08.10.2024 22:30",0.000,
"08.10.2024 22:45",0.000,
"08.10.2024 23:00",0.000,
"08.10.2024 23:15",0.000,
"08.10.2024 23:30",0.000,
"08.10.2024 23:45",0.000,
"09.10.2024 00:00",0.000,
"09.10.2024 00:15",0.000,
"09.10.2024 00:30",0.000,
"09.10.2024 00:45",0.000,
"09.10.2024 01:00",0.000,
"09.10.2024 01:15",0.000,
"09.10.2024 01:30",0.000,
"09.10.2024 01:45",0.000,
"09.10.2024 02:00",0.000,
"09.10.2024 02:15",0.000,
"09.10.2024 02:30",0.000,
"09.10.2024 02:45",0.000,
"09.10.2024 03:00",0.000,
"09.10.2024 03:15",0.000,
"09.10.2024 03:30",0.000,
"09.10.2024 03:45",0.000,
"09.10.2024 04:00",0.000,
"09.10.2024 04:15",0.000,
"09.10.2024 04:30",0.000,
"09.10.2024 04:45",0.000,
"09.10.2024 05:00",0.000,
"09.10.2024 05:15",0.000,
"09.10.2024 05:30",0.000,
"09.10.2024 05:45",0.000,
"09.10.2024 06:00",0.000,
"09.10.2024 06:15",0.000,
"09.10.2024 06:30",0.000,
"09.10.2024 06:45",0.000,
"09.10.2024 07:00",0.000,
"09.10.2024 07:15",0.000,
"09.10.2024 07:30",0.000,
"09.10.2024 07:45",0.000,
"09.10.2024 08:00",938.328,
"09.10.2024 08:15",2869.000,
"09.10.2024 08:30",1936.800,
"09.10.2024 08:45",1453.148,
"09.10.2024 09:00",6401.000,
"09.10.2024 09:15",1549.407,
"09.10.2024 09:30",646.934,
"09.10.2024 09:45",1210.900,
"09.10.2024 10:00",3998.000,
"09.10.2024 10:15",6276.900,
"09.10.2024 10:30",5238.200,
"09.10.2024 10:45",9924.559,
"09.10.2024 11:00",11637.885,
"09.10.2024 11:15",8597.000,
"09.10.2024 11:30",11551.900,
"09.10.2024 11:45",33313.000,
"09.10.2024 12:00",14986.508,
"09.10.2024 12:15",11928.100,
"09.10.2024 12:30",21024.115,
"09.10.2024 12:45",39175.100,
"09.10.2024 13:00",11910.200,
"09.10.2024 13:15",11719.900,
"09.10.2024 13:30",10874.100,
"09.10.2024 13:45",11752.695,
"09.10.2024 14:00",9548.305,
"09.10.2024 14:15",9064.361,
"09.10.2024 14:30",5938.900,
"09.10.2024 14:45",11744.098,
"09.10.2024 15:00",12877.639,
"09.10.2024 15:15",10615.492,
"09.10.2024 15:30",9933.787,
"09.10.2024 15:45",6305.000,
"09.10.2024 16:00",7702.000,
"09.10.2024 16:15",8231.000,
"09.10.2024 16:30",5847.000,
"09.10.2024 16:45",5727.100,
"09.10.2024 17:00",6637.557,
"09.10.2024 17:15",5059.918,
"09.10.2024 17:30",1532.068,
"09.10.2024 17:45",1077.695,
"09.10.2024 18:00",518.847,
"09.10.2024 18:15",166.300,
"09.10.2024 18:30",0.000,
"09.10.2024 18:45",0.000,
"09.10.2024 19:00",0.000,
"09.10.2024 19:15",0.000,
"09.10.2024 19:30",0.000,
"09.10.2024 19:45",0.000,
"09.10.2024 20:00",0.000,
"09.10.2024 20:15",0.000,
"09.10.2024 20:30",0.000,
"09.10.2024 20:45",0.000,
"09.10.2024 21:00",0.000,
"09.10.2024 21:15",0.000,
"09.10.2024 21:30",0.000,
"09.10.2024 21:45",0.000,
"09.10.2024 22:00",0.000,
"09.10.2024 22:15",0.000,
"09.10.2024 22:30",0.000,
"09.10.2024 22:45",0.000,
"09.10.2024 23:00",0.000,
"09.10.2024 23:15",0.000,
"09.10.2024 23:30",0.000,
"09.10.2024 23:45",0.000,
"10.10.2024 00:00",0.000,
"10.10.2024 00:15",0.000,
"10.10.2024 00:30",0.000,
"10.10.2024 00:45",0.000,
"10.10.2024 01:00",0.000,
"10.10.2024 01:15",0.000,
"10.10.2024 01:30",0.000,
"10.10.2024 01:45",0.000,
"10.10.2024 02:00",0.000,
"10.10.2024 02:15",0.000,
"10.10.2024 02:30",0.000,
"10.10.2024 02:45",-0.450,
"10.10.2024 03:00",0.000,
"10.10.2024 03:15",0.000,
"10.10.2024 03:30",0.000,
"10.10.2024 03:45",0.000,
"10.10.2024 04:00",0.000,
"10.10.2024 04:15",0.000,
"10.10.2024 04:30",0.000,
"10.10.2024 04:45",0.000,
"10.10.2024 05:00",0.000,
"10.10.2024 05:15",0.000,
"10.10.2024 05:30",0.000,
"10.10.2024 05:45",0.000,
"10.10.2024 06:00",0.000,
"10.10.2024 06:15",0.000,
"10.10.2024 06:30",0.000,
"10.10.2024 06:45",0.000,
"10.10.2024 07:00",0.000,
"10.10.2024 07:15",0.000,
"10.10.2024 07:30",0.000,
"10.10.2024 07:45",0.000,
"10.10.2024 08:00",0.000,
"10.10.2024 08:15",0.000,
"10.10.2024 08:30",29.700,
"10.10.2024 08:45",903.131,
"10.10.2024 09:00",1138.148,
"10.10.2024 09:15",1915.164,
"10.10.2024 09:30",2886.900,
"10.10.2024 09:45",3710.900,
"10.10.2024 10:00",3468.203,
"10.10.2024 10:15",4284.200,
"10.10.2024 10:30",6235.085,
"10.10.2024 10:45",7241.800,
"10.10.2024 11:00",5948.900,
"10.10.2024 11:15",5477.557,
"10.10.2024 11:30",1377.017,
"10.10.2024 11:45",1800.082,
"10.10.2024 12:00",2242.900,
"10.10.2024 12:15",6434.034,
"10.10.2024 12:30",2658.458,
"10.10.2024 12:45",7380.934,
"10.10.2024 13:00",10887.230,
"10.10.2024 13:15",20760.407,
"10.10.2024 13:30",19667.200,
"10.10.2024 13:45",19461.085,
"10.10.2024 14:00",5273.900,
"10.10.2024 14:15",11577.780,
"10.10.2024 14:30",9809.200,
"10.10.2024 14:45",9884.492,
"10.10.2024 15:00",17478.305,
"10.10.2024 15:15",22286.410,
"10.10.2024 15:30",25000.475,
"10.10.2024 15:45",8892.949,
"10.10.2024 16:00",20471.900,
"10.10.2024 16:15",24578.525,
"10.10.2024 16:30",20523.000,
"10.10.2024 16:45",3995.000,
"10.10.2024 17:00",4143.000,
"10.10.2024 17:15",5914.672,
"10.10.2024 17:30",3107.100,
"10.10.2024 17:45",1452.000,
"10.10.2024 18:00",815.576,
"10.10.2024 18:15",847.864,
"10.10.2024 18:30",143.898,
"10.10.2024 18:45",0.000,
"10.10.2024 19:00",0.000,
"10.10.2024 19:15",0.000,
"10.10.2024 19:30",0.000,
"10.10.2024 19:45",0.000,
"10.10.2024 20:00",0.000,
"10.10.2024 20:15",0.000,
"10.10.2024 20:30",0.000,
"10.10.2024 20:45",0.000,
"10.10.2024 21:00",0.000,
"10.10.2024 21:15",0.000,
"10.10.2024 21:30",0.000,
"10.10.2024 21:45",0.000,
"10.10.2024 22:00",0.000,
"10.10.2024 22:15",0.000,
"10.10.2024 22:30",0.000,
"10.10.2024 22:45",0.000,
"10.10.2024 23:00",0.000,
"10.10.2024 23:15",0.000,
"10.10.2024 23:30",0.000,
"10.10.2024 23:45",0.000,
"11.10.2024 00:00",0.000,
"11.10.2024 00:15",0.000,
"11.10.2024 00:30",0.000,
"11.10.2024 00:45",0.000,
"11.10.2024 01:00",0.000,
"11.10.2024 01:15",0.000,
"11.10.2024 01:30",0.000,
"11.10.2024 01:45",0.000,
"11.10.2024 02:00",0.000,
"11.10.2024 02:15",0.000,
"11.10.2024 02:30",0.000,
"11.10.2024 02:45",0.000,
"11.10.2024 03:00",0.000,
"11.10.2024 03:15",0.000,
"11.10.2024 03:30",0.000,
"11.10.2024 03:45",0.000,
"11.10.2024 04:00",0.000,
"11.10.2024 04:15",0.000,
"11.10.2024 04:30",0.000,
"11.10.2024 04:45",0.000,
"11.10.2024 05:00",0.000,
"11.10.2024 05:15",0.000,
"11.10.2024 05:30",0.000,
"11.10.2024 05:45",0.000,
"11.10.2024 06:00",0.000,
"11.10.2024 06:15",0.000,
"11.10.2024 06:30",0.000,
"11.10.2024 06:45",0.000,
"11.10.2024 07:00",0.000,
"11.10.2024 07:15",0.000,
"11.10.2024 07:30",0.000,
"11.10.2024 07:45",0.000,
"11.10.2024 08:00",488.600,
"11.10.2024 08:15",882.525,
"11.10.2024 08:30",1659.900,
"11.10.2024 08:45",1951.100,
"11.10.2024 09:00",4171.492,
"11.10.2024 09:15",5306.900,
"11.10.2024 09:30",10995.800,
"11.10.2024 09:45",16018.459,
"11.10.2024 10:00",4436.016,
"11.10.2024 10:15",18284.000,
"11.10.2024 10:30",11760.900,
"11.10.2024 10:45",10362.000,
"11.10.2024 11:00",24297.000,
"11.10.2024 11:15",11307.900,
"11.10.2024 11:30",35449.000,
"11.10.2024 11:45",28637.356,
"11.10.2024 12:00",29351.000,
"11.10.2024 12:15",31590.153,
"11.10.2024 12:30",18980.770,
"11.10.2024 12:45",20483.000,
"11.10.2024 13:00",37299.390,
"11.10.2024 13:15",21590.000,
"11.10.2024 13:30",40543.295,
"11.10.2024 13:45",30265.237,
"11.10.2024 14:00",29631.100,
"11.10.2024 14:15",26562.949,
"11.10.2024 14:30",27695.100,
"11.10.2024 14:45",27400.344,
"11.10.2024 15:00",16547.881,
"11.10.2024 15:15",24903.000,
"11.10.2024 15:30",21146.902,
"11.10.2024 15:45",7409.100,
"11.10.2024 16:00",9448.100,
"11.10.2024 16:15",15573.627,
"11.10.2024 16:30",14127.000,
"11.10.2024 16:45",3830.361,
"11.10.2024 17:00",9263.475,
"11.10.2024 17:15",2528.780,
"11.10.2024 17:30",1452.803,
"11.10.2024 17:45",698.797,
"11.10.2024 18:00",369.900,
"11.10.2024 18:15",673.695,
"11.10.2024 18:30",0.000,
"11.10.2024 18:45",0.000,
"11.10.2024 19:00",0.000,
"11.10.2024 19:15",0.000,
"11.10.2024 19:30",0.000,
"11.10.2024 19:45",0.000,
"11.10.2024 20:00",0.000,
"11.10.2024 20:15",0.000,
"11.10.2024 20:30",0.000,
"11.10.2024 20:45",0.000,
"11.10.2024 21:00",0.000,
"11.10.2024 21:15",0.000,
"11.10.2024 21:30",0.000,
"11.10.2024 21:45",0.000,
"11.10.2024 22:00",0.000,
"11.10.2024 22:15",0.000,
"11.10.2024 22:30",0.000,
"11.10.2024 22:45",0.000,
"11.10.2024 23:00",0.000,
"11.10.2024 23:15",0.000,
"11.10.2024 23:30",0.000,
"11.10.2024 23:45",0.000,
"12.10.2024 00:00",0.000,
"12.10.2024 00:15",0.000,
"12.10.2024 00:30",0.000,
"12.10.2024 00:45",0.000,
"12.10.2024 01:00",0.000,
"12.10.2024 01:15",0.000,
"12.10.2024 01:30",0.000,
"12.10.2024 01:45",0.000,
"12.10.2024 02:00",0.000,
"12.10.2024 02:15",0.000,
"12.10.2024 02:30",0.000,
"12.10.2024 02:45",0.000,
"12.10.2024 03:00",0.000,
"12.10.2024 03:15",0.000,
"12.10.2024 03:30",0.000,
"12.10.2024 03:45",0.000,
"12.10.2024 04:00",0.000,
"12.10.2024 04:15",0.000,
"12.10.2024 04:30",0.000,
"12.10.2024 04:45",0.000,
"12.10.2024 05:00",0.000,
"12.10.2024 05:15",0.000,
"12.10.2024 05:30",0.000,
"12.10.2024 05:45",0.000,
"12.10.2024 06:00",0.000,
"12.10.2024 06:15",0.000,
"12.10.2024 06:30",0.000,
"12.10.2024 06:45",0.000,
"12.10.2024 07:00",0.000,
"12.10.2024 07:15",0.000,
"12.10.2024 07:30",0.000,
"12.10.2024 07:45",205.900,
"12.10.2024 08:00",949.373,
"12.10.2024 08:15",1413.525,
"12.10.2024 08:30",1773.441,
"12.10.2024 08:45",2979.016,
"12.10.2024 09:00",4936.100,
"12.10.2024 09:15",6069.000,
"12.10.2024 09:30",7099.900,
"12.10.2024 09:45",11786.949,
"12.10.2024 10:00",11849.000,
"12.10.2024 10:15",14867.900,
"12.10.2024 10:30",14707.623,
"12.10.2024 10:45",20626.000,
"12.10.2024 11:00",16669.607,
"12.10.2024 11:15",18908.000,
"12.10.2024 11:30",25076.102,
"12.10.2024 11:45",23017.000,
"12.10.2024 12:00",14406.000,
"12.10.2024 12:15",23627.900,
"12.10.2024 12:30",22732.780,
"12.10.2024 12:45",26119.000,
"12.10.2024 13:00",19015.100,
"12.10.2024 13:15",17522.639,
"12.10.2024 13:30",17553.377,
"12.10.2024 13:45",19687.787,
"12.10.2024 14:00",18438.000,
"12.10.2024 14:15",14562.049,
"12.10.2024 14:30",17537.803,
"12.10.2024 14:45",16737.847,
"12.10.2024 15:00",16182.000,
"12.10.2024 15:15",14061.322,
"12.10.2024 15:30",12920.000,
"12.10.2024 15:45",9508.100,
"12.10.2024 16:00",7436.780,
"12.10.2024 16:15",6343.100,
"12.10.2024 16:30",5054.934,
"12.10.2024 16:45",3879.689,
"12.10.2024 17:00",3628.900,
"12.10.2024 17:15",2121.153,
"12.10.2024 17:30",1273.800,
"12.10.2024 17:45",924.100,
"12.10.2024 18:00",2026.000,
"12.10.2024 18:15",565.000,
"12.10.2024 18:30",0.000,
"12.10.2024 18:45",0.000,
"12.10.2024 19:00",0.000,
"12.10.2024 19:15",0.000,
"12.10.2024 19:30",0.000,
"12.10.2024 19:45",0.000,
"12.10.2024 20:00",0.000,
"12.10.2024 20:15",0.000,
"12.10.2024 20:30",0.000,
"12.10.2024 20:45",0.000,
"12.10.2024 21:00",0.000,
"12.10.2024 21:15",0.000,
"12.10.2024 21:30",0.000,
"12.10.2024 21:45",0.000,
"12.10.2024 22:00",0.000,
"12.10.2024 22:15",0.000,
"12.10.2024 22:30",0.000,
"12.10.2024 22:45",0.000,
"12.10.2024 23:00",0.000,
"12.10.2024 23:15",0.000,
"12.10.2024 23:30",0.000,
"12.10.2024 23:45",0.000,
"13.10.2024 00:00",0.000,
"13.10.2024 00:15",0.000,
"13.10.2024 00:30",0.000,
"13.10.2024 00:45",0.000,
"13.10.2024 01:00",0.000,
"13.10.2024 01:15",0.000,
"13.10.2024 01:30",0.000,
"13.10.2024 01:45",0.000,
"13.10.2024 02:00",0.000,
"13.10.2024 02:15",0.000,
"13.10.2024 02:30",0.000,
"13.10.2024 02:45",0.000,
"13.10.2024 03:00",0.000,
"13.10.2024 03:15",0.000,
"13.10.2024 03:30",0.000,
"13.10.2024 03:45",0.000,
"13.10.2024 04:00",0.000,
"13.10.2024 04:15",0.000,
"13.10.2024 04:30",0.000,
"13.10.2024 04:45",0.000,
"13.10.2024 05:00",0.000,
"13.10.2024 05:15",0.000,
"13.10.2024 05:30",0.000,
"13.10.2024 05:45",0.000,
"13.10.2024 06:00",0.000,
"13.10.2024 06:15",0.000,
"13.10.2024 06:30",0.000,
"13.10.2024 06:45",0.000,
"13.10.2024 07:00",0.000,
"13.10.2024 07:15",0.000,
"13.10.2024 07:30",0.000,
"13.10.2024 07:45",0.000,
"13.10.2024 08:00",0.000,
"13.10.2024 08:15",258.000,
"13.10.2024 08:30",962.100,
"13.10.2024 08:45",1928.393,
"13.10.2024 09:00",2224.200,
"13.10.2024 09:15",2400.763,
"13.10.2024 09:30",6961.100,
"13.10.2024 09:45",13344.000,
"13.10.2024 10:00",14757.525,
"13.10.2024 10:15",16493.115,
"13.10.2024 10:30",18463.000,
"13.10.2024 10:45",22151.932,
"13.10.2024 11:00",28773.100,
"13.10.2024 11:15",30350.672,
"13.10.2024 11:30",33411.328,
"13.10.2024 11:45",24838.000,
"13.10.2024 12:00",26952.000,
"13.10.2024 12:15",7198.900,
"13.10.2024 12:30",30547.100,
"13.10.2024 12:45",16748.900,
"13.10.2024 13:00",45359.661,
"13.10.2024 13:15",4200.424,
"13.10.2024 13:30",26400.800,
"13.10.2024 13:45",14092.271,
"13.10.2024 14:00",33080.100,
"13.10.2024 14:15",27335.180,
"13.10.2024 14:30",27054.426,
"13.10.2024 14:45",6591.407,
"13.10.2024 15:00",6330.900,
"13.10.2024 15:15",11718.934,
"13.10.2024 15:30",23445.237,
"13.10.2024 15:45",18396.900,
"13.10.2024 16:00",18914.770,
"13.10.2024 16:15",12541.900,
"13.10.2024 16:30",6168.900,
"13.10.2024 16:45",5127.000,
"13.10.2024 17:00",4921.085,
"13.10.2024 17:15",2584.000,
"13.10.2024 17:30",2764.800,
"13.10.2024 17:45",1512.800,
"13.10.2024 18:00",1244.213,
"13.10.2024 18:15",227.787,
"13.10.2024 18:30",0.000,
"13.10.2024 18:45",0.000,
"13.10.2024 19:00",0.000,
"13.10.2024 19:15",0.000,
"13.10.2024 19:30",0.000,
"13.10.2024 19:45",0.000,
"13.10.2024 20:00",0.000,
"13.10.2024 20:15",0.000,
"13.10.2024 20:30",0.000,
"13.10.2024 20:45",0.000,
"13.10.2024 21:00",0.000,
"13.10.2024 21:15",0.000,
"13.10.2024 21:30",0.000,
"13.10.2024 21:45",0.000,
"13.10.2024 22:00",0.000,
"13.10.2024 22:15",0.000,
"13.10.2024 22:30",0.000,
"13.10.2024 22:45",0.000,
"13.10.2024 23:00",0.000,
"13.10.2024 23:15",0.000,
"13.10.2024 23:30",0.000,
"13.10.2024 23:45",0.000,
"14.10.2024 00:00",0.000,
"14.10.2024 00:15",0.000,
"14.10.2024 00:30",0.000,
"14.10.2024 00:45",0.000,
"14.10.2024 01:00",0.000,
"14.10.2024 01:15",0.000,
"14.10.2024 01:30",0.000,
"14.10.2024 01:45",0.000,
"14.10.2024 02:00",0.000,
"14.10.2024 02:15",0.000,
"14.10.2024 02:30",0.000,
"14.10.2024 02:45",0.000,
"14.10.2024 03:00",0.000,
"14.10.2024 03:15",0.000,
"14.10.2024 03:30",0.000,
"14.10.2024 03:45",0.000,
"14.10.2024 04:00",0.000,
"14.10.2024 04:15",0.000,
"14.10.2024 04:30",0.000,
"14.10.2024 04:45",0.000,
"14.10.2024 05:00",0.000,
"14.10.2024 05:15",0.000,
"14.10.2024 05:30",0.000,
"14.10.2024 05:45",0.000,
"14.10.2024 06:00",0.000,
"14.10.2024 06:15",0.000,
"14.10.2024 06:30",0.000,
"14.10.2024 06:45",0.000,
"14.10.2024 07:00",0.000,
"14.10.2024 07:15",0.000,
"14.10.2024 07:30",0.000,
"14.10.2024 07:45",0.000,
"14.10.2024 08:00",233.100,
"14.10.2024 08:15",782.100,
"14.10.2024 08:30",1242.100,
"14.10.2024 08:45",2163.525,
"14.10.2024 09:00",2332.230,
"14.10.2024 09:15",9294.000,
"14.10.2024 09:30",4673.100,
"14.10.2024 09:45",9608.000,
"14.10.2024 10:00",8695.900,
"14.10.2024 10:15",10991.900,
"14.10.2024 10:30",8897.000,
"14.10.2024 10:45",9708.000,
"14.10.2024 11:00",12234.119,
"14.10.2024 11:15",7612.949,
"14.10.2024 11:30",15656.746,
"14.10.2024 11:45",15237.100,
"14.10.2024 12:00",20389.305,
"14.10.2024 12:15",19230.656,
"14.10.2024 12:30",16213.000,
"14.10.2024 12:45",12726.100,
"14.10.2024 13:00",14209.900,
"14.10.2024 13:15",14900.100,
"14.10.2024 13:30",28829.900,
"14.10.2024 13:45",23463.373,
"14.10.2024 14:00",11822.949,
"14.10.2024 14:15",15563.864,
"14.10.2024 14:30",8224.672,
"14.10.2024 14:45",9235.197,
"14.10.2024 15:00",3800.000,
"14.10.2024 15:15",3024.689,
"14.10.2024 15:30",11566.000,
"14.10.2024 15:45",12050.000,
"14.10.2024 16:00",11836.900,
"14.10.2024 16:15",6956.576,
"14.10.2024 16:30",11097.967,
"14.10.2024 16:45",6411.574,
"14.10.2024 17:00",4314.900,
"14.10.2024 17:15",4745.000,
"14.10.2024 17:30",3205.915,
"14.10.2024 17:45",1561.033,
"14.10.2024 18:00",1132.100,
"14.10.2024 18:15",780.836,
"14.10.2024 18:30",0.000,
"14.10.2024 18:45",0.000,
"14.10.2024 19:00",0.000,
"14.10.2024 19:15",0.000,
"14.10.2024 19:30",0.000,
"14.10.2024 19:45",0.000,
"14.10.2024 20:00",0.000,
"14.10.2024 20:15",0.000,
"14.10.2024 20:30",0.000,
"14.10.2024 20:45",0.000,
"14.10.2024 21:00",0.000,
"14.10.2024 21:15",0.000,
"14.10.2024 21:30",0.000,
"14.10.2024 21:45",0.000,
"14.10.2024 22:00",0.000,
"14.10.2024 22:15",0.000,
"14.10.2024 22:30",0.000,
"14.10.2024 22:45",0.000,
"14.10.2024 23:00",0.000,
"14.10.2024 23:15",0.000,
"14.10.2024 23:30",0.000,
"14.10.2024 23:45",0.000,
"15.10.2024 00:00",0.000,
"15.10.2024 00:15",0.000,
"15.10.2024 00:30",0.000,
"15.10.2024 00:45",0.000,
"15.10.2024 01:00",0.000,
"15.10.2024 01:15",0.000,
"15.10.2024 01:30",0.000,
"15.10.2024 01:45",0.000,
"15.10.2024 02:00",0.000,
"15.10.2024 02:15",0.000,
"15.10.2024 02:30",0.000,
"15.10.2024 02:45",0.000,
"15.10.2024 03:00",0.000,
"15.10.2024 03:15",0.000,
"15.10.2024 03:30",0.000,
"15.10.2024 03:45",0.000,
"15.10.2024 04:00",0.000,
"15.10.2024 04:15",0.000,
"15.10.2024 04:30",0.000,
"15.10.2024 04:45",0.000,
"15.10.2024 05:00",0.000,
"15.10.2024 05:15",0.000,
"15.10.2024 05:30",0.000,
"15.10.2024 05:45",0.000,
"15.10.2024 06:00",0.000,
"15.10.2024 06:15",0.000,
"15.10.2024 06:30",0.000,
"15.10.2024 06:45",0.000,
"15.10.2024 07:00",0.000,
"15.10.2024 07:15",0.000,
"15.10.2024 07:30",0.000,
"15.10.2024 07:45",0.000,
"15.10.2024 08:00",256.237,
"15.10.2024 08:15",861.000,
"15.10.2024 08:30",1558.800,
"15.10.2024 08:45",2732.148,
"15.10.2024 09:00",4676.000,
"15.10.2024 09:15",8644.607,
"15.10.2024 09:30",10831.000,
"15.10.2024 09:45",12858.200,
"15.10.2024 10:00",10622.571,
"15.10.2024 10:15",8848.900,
"15.10.2024 10:30",17952.000,
"15.10.2024 10:45",19837.200,
"15.10.2024 11:00",19948.000,
"15.10.2024 11:15",23023.983,
"15.10.2024 11:30",24282.100,
"15.10.2024 11:45",25582.000,
"15.10.2024 12:00",26697.900,
"15.10.2024 12:15",27363.000,
"15.10.2024 12:30",28189.220,
"15.10.2024 12:45",28598.900,
"15.10.2024 13:00",28711.000,
"15.10.2024 13:15",28543.869,
"15.10.2024 13:30",28222.200,
"15.10.2024 13:45",27893.967,
"15.10.2024 14:00",27598.100,
"15.10.2024 14:15",26441.082,
"15.10.2024 14:30",25223.984,
"15.10.2024 14:45",24091.000,
"15.10.2024 15:00",22829.115,
"15.10.2024 15:15",20799.100,
"15.10.2024 15:30",19269.770,
"15.10.2024 15:45",17467.803,
"15.10.2024 16:00",15766.068,
"15.10.2024 16:15",13892.000,
"15.10.2024 16:30",11855.590,
"15.10.2024 16:45",8910.098,
"15.10.2024 17:00",5760.770,
"15.10.2024 17:15",3799.820,
"15.10.2024 17:30",1685.900,
"15.10.2024 17:45",1105.932,
"15.10.2024 18:00",552.000,
"15.10.2024 18:15",147.915,
"15.10.2024 18:30",0.000,
"15.10.2024 18:45",0.000,
"15.10.2024 19:00",0.000,
"15.10.2024 19:15",0.000,
"15.10.2024 19:30",0.000,
"15.10.2024 19:45",0.000,
"15.10.2024 20:00",0.000,
"15.10.2024 20:15",0.000,
"15.10.2024 20:30",0.000,
"15.10.2024 20:45",0.000,
"15.10.2024 21:00",0.000,
"15.10.2024 21:15",0.000,
"15.10.2024 21:30",0.000,
"15.10.2024 21:45",0.000,
"15.10.2024 22:00",0.000,
"15.10.2024 22:15",0.000,
"15.10.2024 22:30",0.000,
"15.10.2024 22:45",0.000,
"15.10.2024 23:00",0.000,
"15.10.2024 23:15",0.000,
"15.10.2024 23:30",0.000,
"15.10.2024 23:45",0.000,
"16.10.2024 00:00",0.000,
"16.10.2024 00:15",0.000,
"16.10.2024 00:30",0.000,
"16.10.2024 00:45",0.000,
"16.10.2024 01:00",0.000,
"16.10.2024 01:15",0.000,
"16.10.2024 01:30",0.000,
"16.10.2024 01:45",0.000,
"16.10.2024 02:00",0.000,
"16.10.2024 02:15",0.000,
"16.10.2024 02:30",0.000,
"16.10.2024 02:45",0.000,
"16.10.2024 03:00",0.000,
"16.10.2024 03:15",0.000,
"16.10.2024 03:30",0.000,
"16.10.2024 03:45",0.000,
"16.10.2024 04:00",0.000,
"16.10.2024 04:15",0.000,
"16.10.2024 04:30",0.000,
"16.10.2024 04:45",0.000,
"16.10.2024 05:00",0.000,
"16.10.2024 05:15",0.000,
"16.10.2024 05:30",0.000,
"16.10.2024 05:45",0.000,
"16.10.2024 06:00",0.000,
"16.10.2024 06:15",0.000,
"16.10.2024 06:30",0.000,
"16.10.2024 06:45",0.000,
"16.10.2024 07:00",0.000,
"16.10.2024 07:15",0.000,
"16.10.2024 07:30",0.000,
"16.10.2024 07:45",0.000,
"16.10.2024 08:00",254.900,
"16.10.2024 08:15",963.593,
"16.10.2024 08:30",1792.200,
"16.10.2024 08:45",2826.344,
"16.10.2024 09:00",4776.100,
"16.10.2024 09:15",8340.800,
"16.10.2024 09:30",11671.800,
"16.10.2024 09:45",12812.410,
"16.10.2024 10:00",10720.100,
"16.10.2024 10:15",12031.800,
"16.10.2024 10:30",18712.000,
"16.10.2024 10:45",15436.000,
"16.10.2024 11:00",13469.000,
"16.10.2024 11:15",24048.000,
"16.10.2024 11:30",16258.000,
"16.10.2024 11:45",25735.000,
"16.10.2024 12:00",25084.390,
"16.10.2024 12:15",28659.213,
"16.10.2024 12:30",27465.339,
"16.10.2024 12:45",24900.900,
"16.10.2024 13:00",24739.100,
"16.10.2024 13:15",27008.458,
"16.10.2024 13:30",27248.000,
"16.10.2024 13:45",27766.000,
"16.10.2024 14:00",26275.492,
"16.10.2024 14:15",26487.966,
"16.10.2024 14:30",24046.000,
"16.10.2024 14:45",22057.000,
"16.10.2024 15:00",19548.295,
"16.10.2024 15:15",18089.000,
"16.10.2024 15:30",17798.607,
"16.10.2024 15:45",11335.200,
"16.10.2024 16:00",11786.900,
"16.10.2024 16:15",8285.672,
"16.10.2024 16:30",8873.803,
"16.10.2024 16:45",7575.000,
"16.10.2024 17:00",4684.000,
"16.10.2024 17:15",3661.000,
"16.10.2024 17:30",1659.492,
"16.10.2024 17:45",990.100,
"16.10.2024 18:00",401.000,
"16.10.2024 18:15",19.100,
"16.10.2024 18:30",0.000,
"16.10.2024 18:45",0.000,
"16.10.2024 19:00",0.000,
"16.10.2024 19:15",0.000,
"16.10.2024 19:30",0.000,
"16.10.2024 19:45",0.000,
"16.10.2024 20:00",0.000,
"16.10.2024 20:15",0.000,
"16.10.2024 20:30",0.000,
"16.10.2024 20:45",0.000,
"16.10.2024 21:00",0.000,
"16.10.2024 21:15",0.000,
"16.10.2024 21:30",0.000,
"16.10.2024 21:45",0.000,
"16.10.2024 22:00",0.000,
"16.10.2024 22:15",0.000,
"16.10.2024 22:30",0.000,
"16.10.2024 22:45",0.000,
"16.10.2024 23:00",0.000,
"16.10.2024 23:15",0.000,
"16.10.2024 23:30",0.000,
"16.10.2024 23:45",0.000,
"17.10.2024 00:00",0.000,
"17.10.2024 00:15",0.000,
"17.10.2024 00:30",0.000,
"17.10.2024 00:45",0.000,
"17.10.2024 01:00",0.000,
"17.10.2024 01:15",0.000,
"17.10.2024 01:30",0.000,
"17.10.2024 01:45",0.000,
"17.10.2024 02:00",0.000,
"17.10.2024 02:15",0.000,
"17.10.2024 02:30",0.000,
"17.10.2024 02:45",0.000,
"17.10.2024 03:00",0.000,
"17.10.2024 03:15",0.000,
"17.10.2024 03:30",0.000,
"17.10.2024 03:45",0.000,
"17.10.2024 04:00",0.000,
"17.10.2024 04:15",0.000,
"17.10.2024 04:30",0.000,
"17.10.2024 04:45",0.000,
"17.10.2024 05:00",0.000,
"17.10.2024 05:15",0.000,
"17.10.2024 05:30",0.000,
"17.10.2024 05:45",0.000,
"17.10.2024 06:00",0.000,
"17.10.2024 06:15",0.000,
"17.10.2024 06:30",0.000,
"17.10.2024 06:45",0.000,
"17.10.2024 07:00",0.000,
"17.10.2024 07:15",0.000,
"17.10.2024 07:30",0.000,
"17.10.2024 07:45",0.000,
"17.10.2024 08:00",0.000,
"17.10.2024 08:15",506.153,
"17.10.2024 08:30",986.100,
"17.10.2024 08:45",1562.984,
"17.10.2024 09:00",1902.000,
"17.10.2024 09:15",4154.000,
"17.10.2024 09:30",8125.100,
"17.10.2024 09:45",10019.136,
"17.10.2024 10:00",12424.000,
"17.10.2024 10:15",14738.203,
"17.10.2024 10:30",13536.100,
"17.10.2024 10:45",15809.754,
"17.10.2024 11:00",19171.656,
"17.10.2024 11:15",8951.949,
"17.10.2024 11:30",10184.800,
"17.10.2024 11:45",30016.000,
"17.10.2024 12:00",26043.459,
"17.10.2024 12:15",13694.800,
"17.10.2024 12:30",26096.311,
"17.10.2024 12:45",20275.000,
"17.10.2024 13:00",21135.836,
"17.10.2024 13:15",8691.000,
"17.10.2024 13:30",11303.800,
"17.10.2024 13:45",10168.051,
"17.10.2024 14:00",9862.100,
"17.10.2024 14:15",11295.820,
"17.10.2024 14:30",14925.100,
"17.10.2024 14:45",21448.800,
"17.10.2024 15:00",13385.016,
"17.10.2024 15:15",5561.900,
"17.10.2024 15:30",6649.000,
"17.10.2024 15:45",4300.661,
"17.10.2024 16:00",4067.885,
"17.10.2024 16:15",2359.100,
"17.10.2024 16:30",2722.900,
"17.10.2024 16:45",1519.607,
"17.10.2024 17:00",851.934,
"17.10.2024 17:15",627.000,
"17.10.2024 17:30",520.100,
"17.10.2024 17:45",235.100,
"17.10.2024 18:00",224.800,
"17.10.2024 18:15",0.000,
"17.10.2024 18:30",0.000,
"17.10.2024 18:45",0.000,
"17.10.2024 19:00",0.000,
"17.10.2024 19:15",0.000,
"17.10.2024 19:30",0.000,
"17.10.2024 19:45",0.000,
"17.10.2024 20:00",0.000,
"17.10.2024 20:15",0.000,
"17.10.2024 20:30",0.000,
"17.10.2024 20:45",0.000,
"17.10.2024 21:00",0.000,
"17.10.2024 21:15",0.000,
"17.10.2024 21:30",0.000,
"17.10.2024 21:45",0.000,
"17.10.2024 22:00",0.000,
"17.10.2024 22:15",0.000,
"17.10.2024 22:30",0.000,
"17.10.2024 22:45",0.000,
"17.10.2024 23:00",0.000,
"17.10.2024 23:15",0.000,
"17.10.2024 23:30",0.000,
"17.10.2024 23:45",0.000,
"18.10.2024 00:00",0.000,
"18.10.2024 00:15",0.000,
"18.10.2024 00:30",0.000,
"18.10.2024 00:45",0.000,
"18.10.2024 01:00",0.000,
"18.10.2024 01:15",0.000,
"18.10.2024 01:30",0.000,
"18.10.2024 01:45",0.000,
"18.10.2024 02:00",0.000,
"18.10.2024 02:15",0.000,
"18.10.2024 02:30",0.000,
"18.10.2024 02:45",0.000,
"18.10.2024 03:00",0.000,
"18.10.2024 03:15",0.000,
"18.10.2024 03:30",0.000,
"18.10.2024 03:45",0.000,
"18.10.2024 04:00",0.000,
"18.10.2024 04:15",0.000,
"18.10.2024 04:30",0.000,
"18.10.2024 04:45",0.000,
"18.10.2024 05:00",0.000,
"18.10.2024 05:15",0.000,
"18.10.2024 05:30",0.000,
"18.10.2024 05:45",0.000,
"18.10.2024 06:00",0.000,
"18.10.2024 06:15",0.000,
"18.10.2024 06:30",0.000,
"18.10.2024 06:45",0.000,
"18.10.2024 07:00",0.000,
"18.10.2024 07:15",0.000,
"18.10.2024 07:30",0.000,
"18.10.2024 07:45",0.000,
"18.10.2024 08:00",0.000,
"18.10.2024 08:15",232.700,
"18.10.2024 08:30",541.000,
"18.10.2024 08:45",727.800,
"18.10.2024 09:00",596.847,
"18.10.2024 09:15",669.000,
"18.10.2024 09:30",5135.305,
"18.10.2024 09:45",8878.000,
"18.10.2024 10:00",5795.900,
"18.10.2024 10:15",6432.780,
"18.10.2024 10:30",5603.100,
"18.10.2024 10:45",7506.100,
"18.10.2024 11:00",8885.100,
"18.10.2024 11:15",13906.200,
"18.10.2024 11:30",14788.900,
"18.10.2024 11:45",16705.164,
"18.10.2024 12:00",12495.344,
"18.10.2024 12:15",8643.200,
"18.10.2024 12:30",10180.000,
"18.10.2024 12:45",10550.237,
"18.10.2024 13:00",9708.100,
"18.10.2024 13:15",8807.934,
"18.10.2024 13:30",9417.525,
"18.10.2024 13:45",9944.100,
"18.10.2024 14:00",14021.000,
"18.10.2024 14:15",12826.729,
"18.10.2024 14:30",10201.000,
"18.10.2024 14:45",5290.000,
"18.10.2024 15:00",8965.935,
"18.10.2024 15:15",15144.852,
"18.10.2024 15:30",15997.017,
"18.10.2024 15:45",10884.322,
"18.10.2024 16:00",15619.797,
"18.10.2024 16:15",6368.712,
"18.10.2024 16:30",6482.148,
"18.10.2024 16:45",6176.492,
"18.10.2024 17:00",5244.754,
"18.10.2024 17:15",3760.672,
"18.10.2024 17:30",2245.820,
"18.10.2024 17:45",1593.000,
"18.10.2024 18:00",759.900,
"18.10.2024 18:15",136.000,
"18.10.2024 18:30",0.000,
"18.10.2024 18:45",0.000,
"18.10.2024 19:00",0.000,
"18.10.2024 19:15",0.000,
"18.10.2024 19:30",0.000,
"18.10.2024 19:45",0.000,
"18.10.2024 20:00",0.000,
"18.10.2024 20:15",0.000,
"18.10.2024 20:30",0.000,
"18.10.2024 20:45",0.000,
"18.10.2024 21:00",0.000,
"18.10.2024 21:15",0.000,
"18.10.2024 21:30",0.000,
"18.10.2024 21:45",0.000,
"18.10.2024 22:00",0.000,
"18.10.2024 22:15",0.000,
"18.10.2024 22:30",0.000,
"18.10.2024 22:45",0.000,
"18.10.2024 23:00",0.000,
"18.10.2024 23:15",0.000,
"18.10.2024 23:30",0.000,
"18.10.2024 23:45",0.000,
"19.10.2024 00:00",0.000,
"19.10.2024 00:15",0.000,
"19.10.2024 00:30",0.000,
"19.10.2024 00:45",0.000,
"19.10.2024 01:00",0.000,
"19.10.2024 01:15",0.000,
"19.10.2024 01:30",0.000,
"19.10.2024 01:45",0.000,
"19.10.2024 02:00",0.000,
"19.10.2024 02:15",0.000,
"19.10.2024 02:30",0.000,
"19.10.2024 02:45",0.000,
"19.10.2024 03:00",0.000,
"19.10.2024 03:15",0.000,
"19.10.2024 03:30",0.000,
"19.10.2024 03:45",0.000,
"19.10.2024 04:00",0.000,
"19.10.2024 04:15",0.000,
"19.10.2024 04:30",0.000,
"19.10.2024 04:45",0.000,
"19.10.2024 05:00",0.000,
"19.10.2024 05:15",0.000,
"19.10.2024 05:30",0.000,
"19.10.2024 05:45",0.000,
"19.10.2024 06:00",0.000,
"19.10.2024 06:15",0.000,
"19.10.2024 06:30",0.000,
"19.10.2024 06:45",0.000,
"19.10.2024 07:00",0.000,
"19.10.2024 07:15",0.000,
"19.10.2024 07:30",0.000,
"19.10.2024 07:45",0.000,
"19.10.2024 08:00",0.000,
"19.10.2024 08:15",0.000,
"19.10.2024 08:30",0.000,
"19.10.2024 08:45",480.847,
"19.10.2024 09:00",1456.746,
"19.10.2024 09:15",6320.000,
"19.10.2024 09:30",12520.000,
"19.10.2024 09:45",8949.051,
"19.10.2024 10:00",4339.100,
"19.10.2024 10:15",4574.131,
"19.10.2024 10:30",5228.541,
"19.10.2024 10:45",6893.000,
"19.10.2024 11:00",4717.017,
"19.10.2024 11:15",3212.100,
"19.10.2024 11:30",2876.902,
"19.10.2024 11:45",5643.100,
"19.10.2024 12:00",12526.800,
"19.10.2024 12:15",16698.900,
"19.10.2024 12:30",10361.000,
"19.10.2024 12:45",18151.000,
"19.10.2024 13:00",14066.900,
"19.10.2024 13:15",9857.000,
"19.10.2024 13:30",7708.100,
"19.10.2024 13:45",7807.200,
"19.10.2024 14:00",7984.100,
"19.10.2024 14:15",22579.197,
"19.10.2024 14:30",7615.100,
"19.10.2024 14:45",3042.902,
"19.10.2024 15:00",4122.000,
"19.10.2024 15:15",1223.000,
"19.10.2024 15:30",2149.271,
"19.10.2024 15:45",2932.000,
"19.10.2024 16:00",4082.885,
"19.10.2024 16:15",1149.100,
"19.10.2024 16:30",577.900,
"19.10.2024 16:45",512.678,
"19.10.2024 17:00",99.475,
"19.10.2024 17:15",0.000,
"19.10.2024 17:30",0.000,
"19.10.2024 17:45",0.000,
"19.10.2024 18:00",0.000,
"19.10.2024 18:15",0.000,
"19.10.2024 18:30",0.000,
"19.10.2024 18:45",0.000,
"19.10.2024 19:00",0.000,
"19.10.2024 19:15",0.000,
"19.10.2024 19:30",0.000,
"19.10.2024 19:45",0.000,
"19.10.2024 20:00",0.000,
"19.10.2024 20:15",0.000,
"19.10.2024 20:30",0.000,
"19.10.2024 20:45",0.000,
"19.10.2024 21:00",0.000,
"19.10.2024 21:15",0.000,
"19.10.2024 21:30",0.000,
"19.10.2024 21:45",0.000,
"19.10.2024 22:00",0.000,
"19.10.2024 22:15",0.000,
"19.10.2024 22:30",0.000,
"19.10.2024 22:45",0.000,
"19.10.2024 23:00",0.000,
"19.10.2024 23:15",0.000,
"19.10.2024 23:30",0.000,
"19.10.2024 23:45",0.000,
"20.10.2024 00:00",0.000,
"20.10.2024 00:15",0.000,
"20.10.2024 00:30",0.000,
"20.10.2024 00:45",0.000,
"20.10.2024 01:00",0.000,
"20.10.2024 01:15",0.000,
"20.10.2024 01:30",0.000,
"20.10.2024 01:45",0.000,
"20.10.2024 02:00",0.000,
"20.10.2024 02:15",0.000,
"20.10.2024 02:30",0.000,
"20.10.2024 02:45",0.000,
"20.10.2024 03:00",0.000,
"20.10.2024 03:15",0.000,
"20.10.2024 03:30",0.000,
"20.10.2024 03:45",0.000,
"20.10.2024 04:00",0.000,
"20.10.2024 04:15",0.000,
"20.10.2024 04:30",0.000,
"20.10.2024 04:45",0.000,
"20.10.2024 05:00",0.000,
"20.10.2024 05:15",0.000,
"20.10.2024 05:30",0.000,
"20.10.2024 05:45",0.000,
"20.10.2024 06:00",0.000,
"20.10.2024 06:15",0.000,
"20.10.2024 06:30",0.000,
"20.10.2024 06:45",0.000,
"20.10.2024 07:00",0.000,
"20.10.2024 07:15",0.000,
"20.10.2024 07:30",0.000,
"20.10.2024 07:45",0.000,
"20.10.2024 08:00",0.000,
"20.10.2024 08:15",732.246,
"20.10.2024 08:30",1038.000,
"20.10.2024 08:45",1384.305,
"20.10.2024 09:00",1744.800,
"20.10.2024 09:15",3885.000,
"20.10.2024 09:30",11196.800,
"20.10.2024 09:45",6770.085,
"20.10.2024 10:00",5760.200,
"20.10.2024 10:15",5825.984,
"20.10.2024 10:30",17581.186,
"20.10.2024 10:45",13826.492,
"20.10.2024 11:00",13954.900,
"20.10.2024 11:15",11719.900,
"20.10.2024 11:30",14229.417,
"20.10.2024 11:45",15683.900,
"20.10.2024 12:00",17131.900,
"20.10.2024 12:15",13989.000,
"20.10.2024 12:30",16355.915,
"20.10.2024 12:45",14594.800,
"20.10.2024 13:00",16729.000,
"20.10.2024 13:15",17792.900,
"20.10.2024 13:30",14778.951,
"20.10.2024 13:45",13105.100,
"20.10.2024 14:00",9101.200,
"20.10.2024 14:15",9359.898,
"20.10.2024 14:30",10669.000,
"20.10.2024 14:45",11102.000,
"20.10.2024 15:00",9836.100,
"20.10.2024 15:15",7956.900,
"20.10.2024 15:30",6951.492,
"20.10.2024 15:45",5192.300,
"20.10.2024 16:00",7031.763,
"20.10.2024 16:15",4495.390,
"20.10.2024 16:30",4792.000,
"20.10.2024 16:45",4909.100,
"20.10.2024 17:00",3708.000,
"20.10.2024 17:15",2519.000,
"20.10.2024 17:30",1201.200,
"20.10.2024 17:45",520.390,
"20.10.2024 18:00",7.250,
"20.10.2024 18:15",0.000,
"20.10.2024 18:30",0.000,
"20.10.2024 18:45",0.000,
"20.10.2024 19:00",0.000,
"20.10.2024 19:15",0.000,
"20.10.2024 19:30",0.000,
"20.10.2024 19:45",0.000,
"20.10.2024 20:00",0.000,
"20.10.2024 20:15",0.000,
"20.10.2024 20:30",0.000,
"20.10.2024 20:45",0.000,
"20.10.2024 21:00",0.000,
"20.10.2024 21:15",0.000,
"20.10.2024 21:30",0.000,
"20.10.2024 21:45",0.000,
"20.10.2024 22:00",0.000,
"20.10.2024 22:15",0.000,
"20.10.2024 22:30",0.000,
"20.10.2024 22:45",0.000,
"20.10.2024 23:00",0.000,
"20.10.2024 23:15",0.000,
"20.10.2024 23:30",0.000,
"20.10.2024 23:45",0.000,
"21.10.2024 00:00",0.000,
"21.10.2024 00:15",0.000,
"21.10.2024 00:30",0.000,
"21.10.2024 00:45",0.000,
"21.10.2024 01:00",0.000,
"21.10.2024 01:15",0.000,
"21.10.2024 01:30",0.000,
"21.10.2024 01:45",0.000,
"21.10.2024 02:00",0.000,
"21.10.2024 02:15",0.000,
"21.10.2024 02:30",0.000,
"21.10.2024 02:45",0.000,
"21.10.2024 03:00",0.000,
"21.10.2024 03:15",0.000,
"21.10.2024 03:30",0.000,
"21.10.2024 03:45",0.000,
"21.10.2024 04:00",0.000,
"21.10.2024 04:15",0.000,
"21.10.2024 04:30",0.000,
"21.10.2024 04:45",0.000,
"21.10.2024 05:00",0.000,
"21.10.2024 05:15",0.000,
"21.10.2024 05:30",0.000,
"21.10.2024 05:45",0.000,
"21.10.2024 06:00",0.000,
"21.10.2024 06:15",0.000,
"21.10.2024 06:30",0.000,
"21.10.2024 06:45",0.000,
"21.10.2024 07:00",0.000,
"21.10.2024 07:15",0.000,
"21.10.2024 07:30",0.000,
"21.10.2024 07:45",0.000,
"21.10.2024 08:00",0.000,
"21.10.2024 08:15",669.220,
"21.10.2024 08:30",1682.763,
"21.10.2024 08:45",2246.900,
"21.10.2024 09:00",4849.361,
"21.10.2024 09:15",4740.000,
"21.10.2024 09:30",4765.915,
"21.10.2024 09:45",5493.000,
"21.10.2024 10:00",7322.100,
"21.10.2024 10:15",7210.459,
"21.10.2024 10:30",7455.754,
"21.10.2024 10:45",7564.900,
"21.10.2024 11:00",5693.525,
"21.10.2024 11:15",7279.900,
"21.10.2024 11:30",7325.705,
"21.10.2024 11:45",5373.000,
"21.10.2024 12:00",11202.271,
"21.10.2024 12:15",10109.800,
"21.10.2024 12:30",9892.311,
"21.10.2024 12:45",7576.900,
"21.10.2024 13:00",10270.900,
"21.10.2024 13:15",15650.000,
"21.10.2024 13:30",10451.932,
"21.10.2024 13:45",10008.864,
"21.10.2024 14:00",8124.900,
"21.10.2024 14:15",5033.443,
"21.10.2024 14:30",5440.390,
"21.10.2024 14:45",7598.230,
"21.10.2024 15:00",8905.672,
"21.10.2024 15:15",9923.800,
"21.10.2024 15:30",7133.900,
"21.10.2024 15:45",6129.475,
"21.10.2024 16:00",4780.000,
"21.10.2024 16:15",4117.100,
"21.10.2024 16:30",2934.100,
"21.10.2024 16:45",2695.136,
"21.10.2024 17:00",1171.328,
"21.10.2024 17:15",1352.984,
"21.10.2024 17:30",946.763,
"21.10.2024 17:45",448.100,
"21.10.2024 18:00",0.000,
"21.10.2024 18:15",0.000,
"21.10.2024 18:30",0.000,
"21.10.2024 18:45",0.000,
"21.10.2024 19:00",0.000,
"21.10.2024 19:15",0.000,
"21.10.2024 19:30",0.000,
"21.10.2024 19:45",0.000,
"21.10.2024 20:00",0.000,
"21.10.2024 20:15",0.000,
"21.10.2024 20:30",0.000,
"21.10.2024 20:45",0.000,
"21.10.2024 21:00",0.000,
"21.10.2024 21:15",0.000,
"21.10.2024 21:30",0.000,
"21.10.2024 21:45",0.000,
"21.10.2024 22:00",0.000,
"21.10.2024 22:15",0.000,
"21.10.2024 22:30",0.000,
"21.10.2024 22:45",0.000,
"21.10.2024 23:00",0.000,
"21.10.2024 23:15",0.000,
"21.10.2024 23:30",0.000,
"21.10.2024 23:45",0.000,
"22.10.2024 00:00",0.000,
"22.10.2024 00:15",0.000,
"22.10.2024 00:30",0.000,
"22.10.2024 00:45",0.000,
"22.10.2024 01:00",0.000,
"22.10.2024 01:15",0.000,
"22.10.2024 01:30",0.000,
"22.10.2024 01:45",0.000,
"22.10.2024 02:00",0.000,
"22.10.2024 02:15",0.000,
"22.10.2024 02:30",0.000,
"22.10.2024 02:45",0.000,
"22.10.2024 03:00",0.000,
"22.10.2024 03:15",0.000,
"22.10.2024 03:30",0.000,
"22.10.2024 03:45",0.000,
"22.10.2024 04:00",0.000,
"22.10.2024 04:15",0.000,
"22.10.2024 04:30",0.000,
"22.10.2024 04:45",0.000,
"22.10.2024 05:00",0.000,
"22.10.2024 05:15",0.000,
"22.10.2024 05:30",0.000,
"22.10.2024 05:45",0.000,
"22.10.2024 06:00",0.000,
"22.10.2024 06:15",0.000,
"22.10.2024 06:30",0.000,
"22.10.2024 06:45",0.000,
"22.10.2024 07:00",0.000,
"22.10.2024 07:15",0.000,
"22.10.2024 07:30",0.000,
"22.10.2024 07:45",0.000,
"22.10.2024 08:00",0.000,
"22.10.2024 08:15",366.100,
"22.10.2024 08:30",816.016,
"22.10.2024 08:45",1136.197,
"22.10.2024 09:00",1730.915,
"22.10.2024 09:15",1850.200,
"22.10.2024 09:30",5543.559,
"22.10.2024 09:45",9024.186,
"22.10.2024 10:00",10894.068,
"22.10.2024 10:15",12651.800,
"22.10.2024 10:30",14368.136,
"22.10.2024 10:45",16474.983,
"22.10.2024 11:00",17651.000,
"22.10.2024 11:15",19210.000,
"22.10.2024 11:30",20314.934,
"22.10.2024 11:45",20772.000,
"22.10.2024 12:00",28978.200,
"22.10.2024 12:15",26508.900,
"22.10.2024 12:30",27244.016,
"22.10.2024 12:45",7961.831,
"22.10.2024 13:00",26850.000,
"22.10.2024 13:15",31322.000,
"22.10.2024 13:30",25594.900,
"22.10.2024 13:45",26883.780,
"22.10.2024 14:00",25547.900,
"22.10.2024 14:15",10339.000,
"22.10.2024 14:30",7641.339,
"22.10.2024 14:45",25689.000,
"22.10.2024 15:00",20761.407,
"22.10.2024 15:15",19998.203,
"22.10.2024 15:30",21611.967,
"22.10.2024 15:45",5120.915,
"22.10.2024 16:00",11234.607,
"22.10.2024 16:15",17639.033,
"22.10.2024 16:30",7886.754,
"22.10.2024 16:45",2969.000,
"22.10.2024 17:00",2446.492,
"22.10.2024 17:15",2412.148,
"22.10.2024 17:30",1053.000,
"22.10.2024 17:45",741.900,
"22.10.2024 18:00",199.100,
"22.10.2024 18:15",0.000,
"22.10.2024 18:30",0.000,
"22.10.2024 18:45",0.000,
"22.10.2024 19:00",0.000,
"22.10.2024 19:15",0.000,
"22.10.2024 19:30",0.000,
"22.10.2024 19:45",0.000,
"22.10.2024 20:00",0.000,
"22.10.2024 20:15",0.000,
"22.10.2024 20:30",0.000,
"22.10.2024 20:45",0.000,
"22.10.2024 21:00",0.000,
"22.10.2024 21:15",0.000,
"22.10.2024 21:30",0.000,
"22.10.2024 21:45",0.000,
"22.10.2024 22:00",0.000,
"22.10.2024 22:15",0.000,
"22.10.2024 22:30",0.000,
"22.10.2024 22:45",0.000,
"22.10.2024 23:00",0.000,
"22.10.2024 23:15",0.000,
"22.10.2024 23:30",0.000,
"22.10.2024 23:45",0.000,
"23.10.2024 00:00",0.000,
"23.10.2024 00:15",0.000,
"23.10.2024 00:30",0.000,
"23.10.2024 00:45",0.000,
"23.10.2024 01:00",0.000,
"23.10.2024 01:15",0.000,
"23.10.2024 01:30",0.000,
"23.10.2024 01:45",0.000,
"23.10.2024 02:00",0.000,
"23.10.2024 02:15",0.000,
"23.10.2024 02:30",0.000,
"23.10.2024 02:45",0.000,
"23.10.2024 03:00",0.000,
"23.10.2024 03:15",0.000,
"23.10.2024 03:30",0.000,
"23.10.2024 03:45",0.000,
"23.10.2024 04:00",0.000,
"23.10.2024 04:15",0.000,
"23.10.2024 04:30",0.000,
"23.10.2024 04:45",0.000,
"23.10.2024 05:00",0.000,
"23.10.2024 05:15",0.000,
"23.10.2024 05:30",0.000,
"23.10.2024 05:45",0.000,
"23.10.2024 06:00",0.000,
"23.10.2024 06:15",0.000,
"23.10.2024 06:30",0.000,
"23.10.2024 06:45",0.000,
"23.10.2024 07:00",0.000,
"23.10.2024 07:15",0.000,
"23.10.2024 07:30",0.000,
"23.10.2024 07:45",0.000,
"23.10.2024 08:00",0.000,
"23.10.2024 08:15",664.356,
"23.10.2024 08:30",1160.100,
"23.10.2024 08:45",1645.600,
"23.10.2024 09:00",1907.623,
"23.10.2024 09:15",2996.100,
"23.10.2024 09:30",4831.984,
"23.10.2024 09:45",4239.000,
"23.10.2024 10:00",7373.951,
"23.10.2024 10:15",8262.102,
"23.10.2024 10:30",8840.459,
"23.10.2024 10:45",6913.900,
"23.10.2024 11:00",5780.000,
"23.10.2024 11:15",18448.000,
"23.10.2024 11:30",16833.100,
"23.10.2024 11:45",10098.627,
"23.10.2024 12:00",20946.000,
"23.10.2024 12:15",12637.085,
"23.10.2024 12:30",24914.000,
"23.10.2024 12:45",24536.000,
"23.10.2024 13:00",29636.800,
"23.10.2024 13:15",29441.590,
"23.10.2024 13:30",33618.393,
"23.10.2024 13:45",10137.100,
"23.10.2024 14:00",17328.000,
"23.10.2024 14:15",16538.800,
"23.10.2024 14:30",16770.729,
"23.10.2024 14:45",22311.966,
"23.10.2024 15:00",20643.100,
"23.10.2024 15:15",19538.800,
"23.10.2024 15:30",12587.800,
"23.10.2024 15:45",20489.900,
"23.10.2024 16:00",12706.410,
"23.10.2024 16:15",10322.000,
"23.10.2024 16:30",9297.100,
"23.10.2024 16:45",8667.049,
"23.10.2024 17:00",4059.661,
"23.10.2024 17:15",1855.557,
"23.10.2024 17:30",1267.847,
"23.10.2024 17:45",739.458,
"23.10.2024 18:00",248.627,
"23.10.2024 18:15",0.000,
"23.10.2024 18:30",0.000,
"23.10.2024 18:45",0.000,
"23.10.2024 19:00",0.000,
"23.10.2024 19:15",0.000,
"23.10.2024 19:30",0.000,
"23.10.2024 19:45",0.000,
"23.10.2024 20:00",0.000,
"23.10.2024 20:15",0.000,
"23.10.2024 20:30",0.000,
"23.10.2024 20:45",0.000,
"23.10.2024 21:00",0.000,
"23.10.2024 21:15",0.000,
"23.10.2024 21:30",0.000,
"23.10.2024 21:45",0.000,
"23.10.2024 22:00",0.000,
"23.10.2024 22:15",0.000,
"23.10.2024 22:30",0.000,
"23.10.2024 22:45",0.000,
"23.10.2024 23:00",0.000,
"23.10.2024 23:15",0.000,
"23.10.2024 23:30",0.000,
"23.10.2024 23:45",0.000,
"24.10.2024 00:00",0.000,
"24.10.2024 00:15",0.000,
"24.10.2024 00:30",0.000,
"24.10.2024 00:45",0.000,
"24.10.2024 01:00",0.000,
"24.10.2024 01:15",0.000,
"24.10.2024 01:30",0.000,
"24.10.2024 01:45",0.000,
"24.10.2024 02:00",0.000,
"24.10.2024 02:15",0.000,
"24.10.2024 02:30",0.000,
"24.10.2024 02:45",-0.455,
"24.10.2024 03:00",0.000,
"24.10.2024 03:15",0.000,
"24.10.2024 03:30",0.000,
"24.10.2024 03:45",0.000,
"24.10.2024 04:00",0.000,
"24.10.2024 04:15",0.000,
"24.10.2024 04:30",0.000,
"24.10.2024 04:45",0.000,
"24.10.2024 05:00",0.000,
"24.10.2024 05:15",0.000,
"24.10.2024 05:30",0.000,
"24.10.2024 05:45",0.000,
"24.10.2024 06:00",0.000,
"24.10.2024 06:15",0.000,
"24.10.2024 06:30",0.000,
"24.10.2024 06:45",0.000,
"24.10.2024 07:00",0.000,
"24.10.2024 07:15",0.000,
"24.10.2024 07:30",0.000,
"24.10.2024 07:45",0.000,
"24.10.2024 08:00",0.000,
"24.10.2024 08:15",0.000,
"24.10.2024 08:30",257.000,
"24.10.2024 08:45",1099.000,
"24.10.2024 09:00",1512.900,
"24.10.2024 09:15",1906.885,
"24.10.2024 09:30",3271.900,
"24.10.2024 09:45",3483.000,
"24.10.2024 10:00",7198.900,
"24.10.2024 10:15",5872.900,
"24.10.2024 10:30",12105.814,
"24.10.2024 10:45",11365.100,
"24.10.2024 11:00",11370.800,
"24.10.2024 11:15",22204.000,
"24.10.2024 11:30",20328.100,
"24.10.2024 11:45",21073.000,
"24.10.2024 12:00",22078.700,
"24.10.2024 12:15",22860.475,
"24.10.2024 12:30",23410.237,
"24.10.2024 12:45",23757.148,
"24.10.2024 13:00",24463.000,
"24.10.2024 13:15",24318.900,
"24.10.2024 13:30",23996.344,
"24.10.2024 13:45",23420.934,
"24.10.2024 14:00",22816.900,
"24.10.2024 14:15",21901.803,
"24.10.2024 14:30",20852.200,
"24.10.2024 14:45",19716.200,
"24.10.2024 15:00",18040.900,
"24.10.2024 15:15",16759.220,
"24.10.2024 15:30",15362.967,
"24.10.2024 15:45",13786.169,
"24.10.2024 16:00",12055.100,
"24.10.2024 16:15",10326.000,
"24.10.2024 16:30",8671.738,
"24.10.2024 16:45",5484.475,
"24.10.2024 17:00",3644.100,
"24.10.2024 17:15",1201.000,
"24.10.2024 17:30",857.900,
"24.10.2024 17:45",499.000,
"24.10.2024 18:00",156.000,
"24.10.2024 18:15",0.000,
"24.10.2024 18:30",0.000,
"24.10.2024 18:45",0.000,
"24.10.2024 19:00",0.000,
"24.10.2024 19:15",0.000,
"24.10.2024 19:30",0.000,
"24.10.2024 19:45",0.000,
"24.10.2024 20:00",0.000,
"24.10.2024 20:15",0.000,
"24.10.2024 20:30",0.000,
"24.10.2024 20:45",0.000,
"24.10.2024 21:00",0.000,
"24.10.2024 21:15",0.000,
"24.10.2024 21:30",0.000,
"24.10.2024 21:45",0.000,
"24.10.2024 22:00",0.000,
"24.10.2024 22:15",0.000,
"24.10.2024 22:30",0.000,
"24.10.2024 22:45",0.000,
"24.10.2024 23:00",0.000,
"24.10.2024 23:15",0.000,
"24.10.2024 23:30",0.000,
"24.10.2024 23:45",0.000,
"25.10.2024 00:00",0.000,
"25.10.2024 00:15",0.000,
"25.10.2024 00:30",0.000,
"25.10.2024 00:45",0.000,
"25.10.2024 01:00",0.000,
"25.10.2024 01:15",0.000,
"25.10.2024 01:30",0.000,
"25.10.2024 01:45",0.000,
"25.10.2024 02:00",0.000,
"25.10.2024 02:15",0.000,
"25.10.2024 02:30",0.000,
"25.10.2024 02:45",0.000,
"25.10.2024 03:00",0.000,
"25.10.2024 03:15",0.000,
"25.10.2024 03:30",0.000,
"25.10.2024 03:45",0.000,
"25.10.2024 04:00",0.000,
"25.10.2024 04:15",0.000,
"25.10.2024 04:30",0.000,
"25.10.2024 04:45",0.000,
"25.10.2024 05:00",0.000,
"25.10.2024 05:15",0.000,
"25.10.2024 05:30",0.000,
"25.10.2024 05:45",0.000,
"25.10.2024 06:00",0.000,
"25.10.2024 06:15",0.000,
"25.10.2024 06:30",0.000,
"25.10.2024 06:45",0.000,
"25.10.2024 07:00",0.000,
"25.10.2024 07:15",0.000,
"25.10.2024 07:30",0.000,
"25.10.2024 07:45",0.000,
"25.10.2024 08:00",0.000,
"25.10.2024 08:15",0.000,
"25.10.2024 08:30",245.000,
"25.10.2024 08:45",965.900,
"25.10.2024 09:00",1382.328,
"25.10.2024 09:15",1356.085,
"25.10.2024 09:30",1679.100,
"25.10.2024 09:45",5141.328,
"25.10.2024 10:00",8358.100,
"25.10.2024 10:15",9760.279,
"25.10.2024 10:30",12178.200,
"25.10.2024 10:45",13777.900,
"25.10.2024 11:00",15629.770,
"25.10.2024 11:15",16803.689,
"25.10.2024 11:30",17876.328,
"25.10.2024 11:45",18767.000,
"25.10.2024 12:00",19801.000,
"25.10.2024 12:15",20833.900,
"25.10.2024 12:30",21530.000,
"25.10.2024 12:45",21725.203,
"25.10.2024 13:00",20523.000,
"25.10.2024 13:15",21704.100,
"25.10.2024 13:30",23874.541,
"25.10.2024 13:45",12176.820,
"25.10.2024 14:00",8543.932,
"25.10.2024 14:15",10756.900,
"25.10.2024 14:30",19283.100,
"25.10.2024 14:45",15271.344,
"25.10.2024 15:00",17222.100,
"25.10.2024 15:15",17121.169,
"25.10.2024 15:30",12849.900,
"25.10.2024 15:45",12060.387,
"25.10.2024 16:00",10206.593,
"25.10.2024 16:15",6095.900,
"25.10.2024 16:30",5226.900,
"25.10.2024 16:45",5218.475,
"25.10.2024 17:00",3479.000,
"25.10.2024 17:15",1173.500,
"25.10.2024 17:30",545.475,
"25.10.2024 17:45",432.932,
"25.10.2024 18:00",67.279,
"25.10.2024 18:15",0.000,
"25.10.2024 18:30",0.000,
"25.10.2024 18:45",0.000,
"25.10.2024 19:00",0.000,
"25.10.2024 19:15",0.000,
"25.10.2024 19:30",0.000,
"25.10.2024 19:45",0.000,
"25.10.2024 20:00",0.000,
"25.10.2024 20:15",0.000,
"25.10.2024 20:30",0.000,
"25.10.2024 20:45",0.000,
"25.10.2024 21:00",0.000,
"25.10.2024 21:15",0.000,
"25.10.2024 21:30",0.000,
"25.10.2024 21:45",0.000,
"25.10.2024 22:00",0.000,
"25.10.2024 22:15",0.000,
"25.10.2024 22:30",0.000,
"25.10.2024 22:45",0.000,
"25.10.2024 23:00",0.000,
"25.10.2024 23:15",0.000,
"25.10.2024 23:30",0.000,
"25.10.2024 23:45",0.000,
"26.10.2024 00:00",0.000,
"26.10.2024 00:15",0.000,
"26.10.2024 00:30",0.000,
"26.10.2024 00:45",0.000,
"26.10.2024 01:00",0.000,
"26.10.2024 01:15",0.000,
"26.10.2024 01:30",0.000,
"26.10.2024 01:45",0.000,
"26.10.2024 02:00",0.000,
"26.10.2024 02:15",0.000,
"26.10.2024 02:30",0.000,
"26.10.2024 02:45",0.000,
"26.10.2024 03:00",0.000,
"26.10.2024 03:15",0.000,
"26.10.2024 03:30",0.000,
"26.10.2024 03:45",0.000,
"26.10.2024 04:00",0.000,
"26.10.2024 04:15",0.000,
"26.10.2024 04:30",0.000,
"26.10.2024 04:45",0.000,
"26.10.2024 05:00",0.000,
"26.10.2024 05:15",0.000,
"26.10.2024 05:30",0.000,
"26.10.2024 05:45",0.000,
"26.10.2024 06:00",0.000,
"26.10.2024 06:15",0.000,
"26.10.2024 06:30",0.000,
"26.10.2024 06:45",0.000,
"26.10.2024 07:00",0.000,
"26.10.2024 07:15",0.000,
"26.10.2024 07:30",0.000,
"26.10.2024 07:45",0.000,
"26.10.2024 08:00",0.000,
"26.10.2024 08:15",0.000,
"26.10.2024 08:30",652.164,
"26.10.2024 08:45",1368.100,
"26.10.2024 09:00",2210.100,
"26.10.2024 09:15",3356.780,
"26.10.2024 09:30",4759.136,
"26.10.2024 09:45",7016.000,
"26.10.2024 10:00",8635.100,
"26.10.2024 10:15",10378.148,
"26.10.2024 10:30",12009.100,
"26.10.2024 10:45",13007.508,
"26.10.2024 11:00",14568.814,
"26.10.2024 11:15",16720.153,
"26.10.2024 11:30",18411.885,
"26.10.2024 11:45",17277.254,
"26.10.2024 12:00",15491.100,
"26.10.2024 12:15",20453.200,
"26.10.2024 12:30",24188.000,
"26.10.2024 12:45",24276.900,
"26.10.2024 13:00",21903.934,
"26.10.2024 13:15",20708.100,
"26.10.2024 13:30",13474.203,
"26.10.2024 13:45",14831.254,
"26.10.2024 14:00",10209.729,
"26.10.2024 14:15",24051.254,
"26.10.2024 14:30",20535.279,
"26.10.2024 14:45",21838.441,
"26.10.2024 15:00",15836.984,
"26.10.2024 15:15",14288.900,
"26.10.2024 15:30",14287.900,
"26.10.2024 15:45",12890.237,
"26.10.2024 16:00",12156.000,
"26.10.2024 16:15",9799.407,
"26.10.2024 16:30",7290.900,
"26.10.2024 16:45",2843.900,
"26.10.2024 17:00",2826.900,
"26.10.2024 17:15",1365.900,
"26.10.2024 17:30",908.627,
"26.10.2024 17:45",419.100,
"26.10.2024 18:00",6.700,
"26.10.2024 18:15",0.000,
"26.10.2024 18:30",0.000,
"26.10.2024 18:45",0.000,
"26.10.2024 19:00",0.000,
"26.10.2024 19:15",0.000,
"26.10.2024 19:30",0.000,
"26.10.2024 19:45",0.000,
"26.10.2024 20:00",0.000,
"26.10.2024 20:15",0.000,
"26.10.2024 20:30",0.000,
"26.10.2024 20:45",0.000,
"26.10.2024 21:00",0.000,
"26.10.2024 21:15",0.000,
"26.10.2024 21:30",0.000,
"26.10.2024 21:45",0.000,
"26.10.2024 22:00",0.000,
"26.10.2024 22:15",0.000,
"26.10.2024 22:30",0.000,
"26.10.2024 22:45",0.000,
"26.10.2024 23:00",0.000,
"26.10.2024 23:15",0.000,
"26.10.2024 23:30",0.000,
"26.10.2024 23:45",0.000,
"27.10.2024 00:00",0.000,
"27.10.2024 00:15",0.000,
"27.10.2024 00:30",0.000,
"27.10.2024 00:45",0.000,
"27.10.2024 01:00",0.000,
"27.10.2024 01:15",0.000,
"27.10.2024 01:30",0.000,
"27.10.2024 01:45",0.000,
"27.10.2024 02:00",0.000,
"27.10.2024 02:15",0.000,
"27.10.2024 02:30",0.000,
"27.10.2024 02:45",-0.454,
"27.10.2024 02:00",0.000,
"27.10.2024 02:15",0.000,
"27.10.2024 02:30",0.000,
"27.10.2024 02:45",0.000,
"27.10.2024 03:00",0.000,
"27.10.2024 03:15",0.000,
"27.10.2024 03:30",0.000,
"27.10.2024 03:45",0.000,
"27.10.2024 04:00",0.000,
"27.10.2024 04:15",0.000,
"27.10.2024 04:30",0.000,
"27.10.2024 04:45",0.000,
"27.10.2024 05:00",0.000,
"27.10.2024 05:15",0.000,
"27.10.2024 05:30",0.000,
"27.10.2024 05:45",0.000,
"27.10.2024 06:00",0.000,
"27.10.2024 06:15",0.000,
"27.10.2024 06:30",0.000,
"27.10.2024 06:45",0.000,
"27.10.2024 07:00",0.000,
"27.10.2024 07:15",0.000,
"27.10.2024 07:30",0.000,
"27.10.2024 07:45",0.000,
"27.10.2024 08:00",793.373,
"27.10.2024 08:15",512.803,
"27.10.2024 08:30",432.000,
"27.10.2024 08:45",822.885,
"27.10.2024 09:00",1519.000,
"27.10.2024 09:15",719.230,
"27.10.2024 09:30",362.200,
"27.10.2024 09:45",1645.852,
"27.10.2024 10:00",2665.900,
"27.10.2024 10:15",3231.000,
"27.10.2024 10:30",2790.000,
"27.10.2024 10:45",2917.017,
"27.10.2024 11:00",2106.984,
"27.10.2024 11:15",3306.085,
"27.10.2024 11:30",7113.000,
"27.10.2024 11:45",9917.000,
"27.10.2024 12:00",29655.262,
"27.10.2024 12:15",18431.656,
"27.10.2024 12:30",12410.339,
"27.10.2024 12:45",26472.639,
"27.10.2024 13:00",31254.100,
"27.10.2024 13:15",14142.100,
"27.10.2024 13:30",29522.410,
"27.10.2024 13:45",14898.131,
"27.10.2024 14:00",8059.475,
"27.10.2024 14:15",7560.279,
"27.10.2024 14:30",1499.377,
"27.10.2024 14:45",5448.000,
"27.10.2024 15:00",5226.000,
"27.10.2024 15:15",4371.672,
"27.10.2024 15:30",2105.100,
"27.10.2024 15:45",2280.900,
"27.10.2024 16:00",4039.814,
"27.10.2024 16:15",1866.000,
"27.10.2024 16:30",632.000,
"27.10.2024 16:45",263.852,
"27.10.2024 17:00",0.000,
"27.10.2024 17:15",0.000,
"27.10.2024 17:30",0.000,
"27.10.2024 17:45",0.000,
"27.10.2024 18:00",0.000,
"27.10.2024 18:15",0.000,
"27.10.2024 18:30",0.000,
"27.10.2024 18:45",0.000,
"27.10.2024 19:00",0.000,
"27.10.2024 19:15",0.000,
"27.10.2024 19:30",0.000,
"27.10.2024 19:45",0.000,
"27.10.2024 20:00",0.000,
"27.10.2024 20:15",0.000,
"27.10.2024 20:30",0.000,
"27.10.2024 20:45",0.000,
"27.10.2024 21:00",0.000,
"27.10.2024 21:15",0.000,
"27.10.2024 21:30",0.000,
"27.10.2024 21:45",0.000,
"27.10.2024 22:00",0.000,
"27.10.2024 22:15",0.000,
"27.10.2024 22:30",0.000,
"27.10.2024 22:45",0.000,
"27.10.2024 23:00",0.000,
"27.10.2024 23:15",0.000,
"27.10.2024 23:30",0.000,
"27.10.2024 23:45",0.000,
"28.10.2024 00:00",0.000,
"28.10.2024 00:15",0.000,
"28.10.2024 00:30",0.000,
"28.10.2024 00:45",0.000,
"28.10.2024 01:00",0.000,
"28.10.2024 01:15",0.000,
"28.10.2024 01:30",0.000,
"28.10.2024 01:45",0.000,
"28.10.2024 02:00",0.000,
"28.10.2024 02:15",0.000,
"28.10.2024 02:30",0.000,
"28.10.2024 02:45",0.000,
"28.10.2024 03:00",0.000,
"28.10.2024 03:15",0.000,
"28.10.2024 03:30",0.000,
"28.10.2024 03:45",0.000,
"28.10.2024 04:00",0.000,
"28.10.2024 04:15",0.000,
"28.10.2024 04:30",0.000,
"28.10.2024 04:45",0.000,
"28.10.2024 05:00",0.000,
"28.10.2024 05:15",0.000,
"28.10.2024 05:30",0.000,
"28.10.2024 05:45",0.000,
"28.10.2024 06:00",0.000,
"28.10.2024 06:15",0.000,
"28.10.2024 06:30",0.000,
"28.10.2024 06:45",0.000,
"28.10.2024 07:00",0.000,
"28.10.2024 07:15",0.000,
"28.10.2024 07:30",0.000,
"28.10.2024 07:45",881.763,
"28.10.2024 08:00",1148.869,
"28.10.2024 08:15",1287.230,
"28.10.2024 08:30",2138.148,
"28.10.2024 08:45",2784.049,
"28.10.2024 09:00",2872.000,
"28.10.2024 09:15",6663.100,
"28.10.2024 09:30",5421.900,
"28.10.2024 09:45",4314.000,
"28.10.2024 10:00",4724.200,
"28.10.2024 10:15",7244.000,
"28.10.2024 10:30",7908.100,
"28.10.2024 10:45",4288.100,
"28.10.2024 11:00",2607.557,
"28.10.2024 11:15",4972.967,
"28.10.2024 11:30",6078.458,
"28.10.2024 11:45",4417.721,
"28.10.2024 12:00",7095.900,
"28.10.2024 12:15",4457.525,
"28.10.2024 12:30",5076.000,
"28.10.2024 12:45",3418.900,
"28.10.2024 13:00",4681.000,
"28.10.2024 13:15",3751.900,
"28.10.2024 13:30",2115.661,
"28.10.2024 13:45",2809.900,
"28.10.2024 14:00",2705.322,
"28.10.2024 14:15",2154.000,
"28.10.2024 14:30",1899.746,
"28.10.2024 14:45",1293.800,
"28.10.2024 15:00",1721.000,
"28.10.2024 15:15",1028.000,
"28.10.2024 15:30",943.800,
"28.10.2024 15:45",1353.000,
"28.10.2024 16:00",854.902,
"28.10.2024 16:15",431.136,
"28.10.2024 16:30",87.610,
"28.10.2024 16:45",0.000,
"28.10.2024 17:00",0.000,
"28.10.2024 17:15",0.000,
"28.10.2024 17:30",0.000,
"28.10.2024 17:45",0.000,
"28.10.2024 18:00",0.000,
"28.10.2024 18:15",0.000,
"28.10.2024 18:30",0.000,
"28.10.2024 18:45",0.000,
"28.10.2024 19:00",0.000,
"28.10.2024 19:15",0.000,
"28.10.2024 19:30",0.000,
"28.10.2024 19:45",0.000,
"28.10.2024 20:00",0.000,
"28.10.2024 20:15",0.000,
"28.10.2024 20:30",0.000,
"28.10.2024 20:45",0.000,
"28.10.2024 21:00",0.000,
"28.10.2024 21:15",0.000,
"28.10.2024 21:30",0.000,
"28.10.2024 21:45",0.000,
"28.10.2024 22:00",0.000,
"28.10.2024 22:15",0.000,
"28.10.2024 22:30",0.000,
"28.10.2024 22:45",0.000,
"28.10.2024 23:00",0.000,
"28.10.2024 23:15",0.000,
"28.10.2024 23:30",0.000,
"28.10.2024 23:45",0.000,
"29.10.2024 00:00",0.000,
"29.10.2024 00:15",0.000,
"29.10.2024 00:30",0.000,
"29.10.2024 00:45",0.000,
"29.10.2024 01:00",0.000,
"29.10.2024 01:15",0.000,
"29.10.2024 01:30",0.000,
"29.10.2024 01:45",0.000,
"29.10.2024 02:00",0.000,
"29.10.2024 02:15",0.000,
"29.10.2024 02:30",0.000,
"29.10.2024 02:45",-0.450,
"29.10.2024 03:00",0.000,
"29.10.2024 03:15",0.000,
"29.10.2024 03:30",0.000,
"29.10.2024 03:45",0.000,
"29.10.2024 04:00",0.000,
"29.10.2024 04:15",0.000,
"29.10.2024 04:30",0.000,
"29.10.2024 04:45",0.000,
"29.10.2024 05:00",0.000,
"29.10.2024 05:15",0.000,
"29.10.2024 05:30",0.000,
"29.10.2024 05:45",0.000,
"29.10.2024 06:00",0.000,
"29.10.2024 06:15",0.000,
"29.10.2024 06:30",0.000,
"29.10.2024 06:45",0.000,
"29.10.2024 07:00",0.000,
"29.10.2024 07:15",0.000,
"29.10.2024 07:30",0.000,
"29.10.2024 07:45",0.000,
"29.10.2024 08:00",0.000,
"29.10.2024 08:15",293.667,
"29.10.2024 08:30",690.200,
"29.10.2024 08:45",1259.898,
"29.10.2024 09:00",1398.800,
"29.10.2024 09:15",1042.525,
"29.10.2024 09:30",1507.881,
"29.10.2024 09:45",2125.344,
"29.10.2024 10:00",2989.900,
"29.10.2024 10:15",2024.100,
"29.10.2024 10:30",3915.100,
"29.10.2024 10:45",2837.100,
"29.10.2024 11:00",1776.000,
"29.10.2024 11:15",2773.000,
"29.10.2024 11:30",2800.237,
"29.10.2024 11:45",3004.000,
"29.10.2024 12:00",3397.508,
"29.10.2024 12:15",4357.200,
"29.10.2024 12:30",2412.900,
"29.10.2024 12:45",3446.424,
"29.10.2024 13:00",2641.900,
"29.10.2024 13:15",3087.100,
"29.10.2024 13:30",2189.300,
"29.10.2024 13:45",1896.328,
"29.10.2024 14:00",6286.100,
"29.10.2024 14:15",4358.787,
"29.10.2024 14:30",5151.557,
"29.10.2024 14:45",1178.797,
"29.10.2024 15:00",1963.900,
"29.10.2024 15:15",756.000,
"29.10.2024 15:30",2333.754,
"29.10.2024 15:45",1148.623,
"29.10.2024 16:00",523.000,
"29.10.2024 16:15",207.847,
"29.10.2024 16:30",0.000,
"29.10.2024 16:45",0.000,
"29.10.2024 17:00",0.000,
"29.10.2024 17:15",0.000,
"29.10.2024 17:30",0.000,
"29.10.2024 17:45",0.000,
"29.10.2024 18:00",0.000,
"29.10.2024 18:15",0.000,
"29.10.2024 18:30",0.000,
"29.10.2024 18:45",0.000,
"29.10.2024 19:00",0.000,
"29.10.2024 19:15",0.000,
"29.10.2024 19:30",0.000,
"29.10.2024 19:45",0.000,
"29.10.2024 20:00",0.000,
"29.10.2024 20:15",0.000,
"29.10.2024 20:30",0.000,
"29.10.2024 20:45",0.000,
"29.10.2024 21:00",0.000,
"29.10.2024 21:15",0.000,
"29.10.2024 21:30",0.000,
"29.10.2024 21:45",0.000,
"29.10.2024 22:00",0.000,
"29.10.2024 22:15",0.000,
"29.10.2024 22:30",0.000,
"29.10.2024 22:45",0.000,
"29.10.2024 23:00",0.000,
"29.10.2024 23:15",0.000,
"29.10.2024 23:30",0.000,
"29.10.2024 23:45",0.000,
"30.10.2024 00:00",0.000,
"30.10.2024 00:15",0.000,
"30.10.2024 00:30",0.000,
"30.10.2024 00:45",0.000,
"30.10.2024 01:00",0.000,
"30.10.2024 01:15",0.000,
"30.10.2024 01:30",0.000,
"30.10.2024 01:45",0.000,
"30.10.2024 02:00",0.000,
"30.10.2024 02:15",0.000,
"30.10.2024 02:30",0.000,
"30.10.2024 02:45",0.000,
"30.10.2024 03:00",0.000,
"30.10.2024 03:15",0.000,
"30.10.2024 03:30",0.000,
"30.10.2024 03:45",0.000,
"30.10.2024 04:00",0.000,
"30.10.2024 04:15",0.000,
"30.10.2024 04:30",0.000,
"30.10.2024 04:45",0.000,
"30.10.2024 05:00",0.000,
"30.10.2024 05:15",0.000,
"30.10.2024 05:30",0.000,
"30.10.2024 05:45",0.000,
"30.10.2024 06:00",0.000,
"30.10.2024 06:15",0.000,
"30.10.2024 06:30",0.000,
"30.10.2024 06:45",0.000,
"30.10.2024 07:00",0.000,
"30.10.2024 07:15",0.000,
"30.10.2024 07:30",484.390,
"30.10.2024 07:45",1263.300,
"30.10.2024 08:00",1680.016,
"30.10.2024 08:15",907.695,
"30.10.2024 08:30",4174.100,
"30.10.2024 08:45",5457.900,
"30.10.2024 09:00",6628.000,
"30.10.2024 09:15",6327.102,
"30.10.2024 09:30",11662.574,
"30.10.2024 09:45",2729.100,
"30.10.2024 10:00",21334.900,
"30.10.2024 10:15",14176.169,
"30.10.2024 10:30",18633.049,
"30.10.2024 10:45",14235.000,
"30.10.2024 11:00",8298.100,
"30.10.2024 11:15",10289.000,
"30.10.2024 11:30",9456.085,
"30.10.2024 11:45",18275.246,
"30.10.2024 12:00",20189.390,
"30.10.2024 12:15",10684.100,
"30.10.2024 12:30",7272.610,
"30.10.2024 12:45",8854.100,
"30.10.2024 13:00",14464.373,
"30.10.2024 13:15",5297.203,
"30.10.2024 13:30",3808.262,
"30.10.2024 13:45",5400.000,
"30.10.2024 14:00",5296.000,
"30.10.2024 14:15",4313.787,
"30.10.2024 14:30",3897.153,
"30.10.2024 14:45",6105.100,
"30.10.2024 15:00",6445.900,
"30.10.2024 15:15",8545.900,
"30.10.2024 15:30",8277.017,
"30.10.2024 15:45",8663.705,
"30.10.2024 16:00",2610.361,
"30.10.2024 16:15",2491.000,
"30.10.2024 16:30",859.934,
"30.10.2024 16:45",19.900,
"30.10.2024 17:00",0.000,
"30.10.2024 17:15",0.000,
"30.10.2024 17:30",0.000,
"30.10.2024 17:45",0.000,
"30.10.2024 18:00",0.000,
"30.10.2024 18:15",0.000,
"30.10.2024 18:30",0.000,
"30.10.2024 18:45",0.000,
"30.10.2024 19:00",0.000,
"30.10.2024 19:15",0.000,
"30.10.2024 19:30",0.000,
"30.10.2024 19:45",0.000,
"30.10.2024 20:00",0.000,
"30.10.2024 20:15",0.000,
"30.10.2024 20:30",0.000,
"30.10.2024 20:45",0.000,
"30.10.2024 21:00",0.000,
"30.10.2024 21:15",0.000,
"30.10.2024 21:30",0.000,
"30.10.2024 21:45",0.000,
"30.10.2024 22:00",0.000,
"30.10.2024 22:15",0.000,
"30.10.2024 22:30",0.000,
"30.10.2024 22:45",0.000,
"30.10.2024 23:00",0.000,
"30.10.2024 23:15",0.000,
"30.10.2024 23:30",0.000,
"30.10.2024 23:45",0.000,
"31.10.2024 00:00",0.000,
"31.10.2024 00:15",0.000,
"31.10.2024 00:30",0.000,
"31.10.2024 00:45",0.000,
"31.10.2024 01:00",0.000,
"31.10.2024 01:15",0.000,
"31.10.2024 01:30",0.000,
"31.10.2024 01:45",0.000,
"31.10.2024 02:00",0.000,
"31.10.2024 02:15",0.000,
"31.10.2024 02:30",0.000,
"31.10.2024 02:45",0.000,
"31.10.2024 03:00",0.000,
"31.10.2024 03:15",0.000,
"31.10.2024 03:30",0.000,
"31.10.2024 03:45",0.000,
"31.10.2024 04:00",0.000,
"31.10.2024 04:15",0.000,
"31.10.2024 04:30",0.000,
"31.10.2024 04:45",0.000,
"31.10.2024 05:00",0.000,
"31.10.2024 05:15",0.000,
"31.10.2024 05:30",0.000,
"31.10.2024 05:45",0.000,
"31.10.2024 06:00",0.000,
"31.10.2024 06:15",0.000,
"31.10.2024 06:30",0.000,
"31.10.2024 06:45",0.000,
"31.10.2024 07:00",0.000,
"31.10.2024 07:15",0.000,
"31.10.2024 07:30",0.000,
"31.10.2024 07:45",559.016,
"31.10.2024 08:00",914.390,
"31.10.2024 08:15",1509.508,
"31.10.2024 08:30",1962.000,
"31.10.2024 08:45",2817.100,
"31.10.2024 09:00",5700.237,
"31.10.2024 09:15",6602.900,
"31.10.2024 09:30",4149.661,
"31.10.2024 09:45",3429.016,
"31.10.2024 10:00",2427.000,
"31.10.2024 10:15",3002.295,
"31.10.2024 10:30",2057.100,
"31.10.2024 10:45",3056.082,
"31.10.2024 11:00",4605.951,
"31.10.2024 11:15",3185.322,
"31.10.2024 11:30",2760.098,
"31.10.2024 11:45",2946.000,
"31.10.2024 12:00",2833.800,
"31.10.2024 12:15",3255.068,
"31.10.2024 12:30",5106.678,
"31.10.2024 12:45",5371.016,
"31.10.2024 13:00",3197.678,
"31.10.2024 13:15",2058.295,
"31.10.2024 13:30",2721.695,
"31.10.2024 13:45",1598.136,
"31.10.2024 14:00",1452.000,
"31.10.2024 14:15",988.900,
"31.10.2024 14:30",894.000,
"31.10.2024 14:45",958.131,
"31.10.2024 15:00",823.100,
"31.10.2024 15:15",1148.984,
"31.10.2024 15:30",271.100,
"31.10.2024 15:45",290.869,
"31.10.2024 16:00",150.000,
"31.10.2024 16:15",87.000,
"31.10.2024 16:30",0.000,
"31.10.2024 16:45",0.000,
"31.10.2024 17:00",0.000,
"31.10.2024 17:15",0.000,
"31.10.2024 17:30",0.000,
"31.10.2024 17:45",0.000,
"31.10.2024 18:00",0.000,
"31.10.2024 18:15",0.000,
"31.10.2024 18:30",0.000,
"31.10.2024 18:45",0.000,
"31.10.2024 19:00",0.000,
"31.10.2024 19:15",0.000,
"31.10.2024 19:30",0.000,
"31.10.2024 19:45",0.000,
"31.10.2024 20:00",0.000,
"31.10.2024 20:15",0.000,
"31.10.2024 20:30",0.000,
"31.10.2024 20:45",0.000,
"31.10.2024 21:00",0.000,
"31.10.2024 21:15",0.000,
"31.10.2024 21:30",0.000,
"31.10.2024 21:45",0.000,
"31.10.2024 22:00",0.000,
"31.10.2024 22:15",0.000,
"31.10.2024 22:30",0.000,
"31.10.2024 22:45",0.000,
"31.10.2024 23:00",0.000,
"31.10.2024 23:15",0.000,
"31.10.2024 23:30",0.000,
"31.10.2024 23:45",0.000,
"01.11.2024 00:00",0.000,
"01.11.2024 00:15",0.000,
"01.11.2024 00:30",0.000,
"01.11.2024 00:45",0.000,
"01.11.2024 01:00",0.000,
"01.11.2024 01:15",0.000,
"01.11.2024 01:30",0.000,
"01.11.2024 01:45",0.000,
"01.11.2024 02:00",0.000,
"01.11.2024 02:15",0.000,
"01.11.2024 02:30",0.000,
"01.11.2024 02:45",0.000,
"01.11.2024 03:00",0.000,
"01.11.2024 03:15",0.000,
"01.11.2024 03:30",0.000,
"01.11.2024 03:45",0.000,
"01.11.2024 04:00",0.000,
"01.11.2024 04:15",0.000,
"01.11.2024 04:30",0.000,
"01.11.2024 04:45",0.000,
"01.11.2024 05:00",0.000,
"01.11.2024 05:15",0.000,
"01.11.2024 05:30",0.000,
"01.11.2024 05:45",0.000,
"01.11.2024 06:00",0.000,
"01.11.2024 06:15",0.000,
"01.11.2024 06:30",0.000,
"01.11.2024 06:45",0.000,
"01.11.2024 07:00",0.000,
"01.11.2024 07:15",0.000,
"01.11.2024 07:30",0.000,
"01.11.2024 07:45",0.000,
"01.11.2024 08:00",0.000,
"01.11.2024 08:15",631.237,
"01.11.2024 08:30",1169.983,
"01.11.2024 08:45",1211.900,
"01.11.2024 09:00",1734.000,
"01.11.2024 09:15",1859.180,
"01.11.2024 09:30",1551.900,
"01.11.2024 09:45",2315.000,
"01.11.2024 10:00",2588.900,
"01.11.2024 10:15",2285.932,
"01.11.2024 10:30",4791.000,
"01.11.2024 10:45",3129.770,
"01.11.2024 11:00",2511.900,
"01.11.2024 11:15",3129.900,
"01.11.2024 11:30",3682.623,
"01.11.2024 11:45",2223.230,
"01.11.2024 12:00",3281.000,
"01.11.2024 12:15",3129.344,
"01.11.2024 12:30",3875.900,
"01.11.2024 12:45",3660.836,
"01.11.2024 13:00",2009.000,
"01.11.2024 13:15",1987.000,
"01.11.2024 13:30",2522.000,
"01.11.2024 13:45",2693.000,
"01.11.2024 14:00",1580.000,
"01.11.2024 14:15",1994.100,
"01.11.2024 14:30",1018.900,
"01.11.2024 14:45",1858.200,
"01.11.2024 15:00",842.000,
"01.11.2024 15:15",752.900,
"01.11.2024 15:30",827.200,
"01.11.2024 15:45",325.153,
"01.11.2024 16:00",157.700,
"01.11.2024 16:15",0.000,
"01.11.2024 16:30",0.000,
"01.11.2024 16:45",0.000,
"01.11.2024 17:00",0.000,
"01.11.2024 17:15",0.000,
"01.11.2024 17:30",0.000,
"01.11.2024 17:45",0.000,
"01.11.2024 18:00",0.000,
"01.11.2024 18:15",0.000,
"01.11.2024 18:30",0.000,
"01.11.2024 18:45",0.000,
"01.11.2024 19:00",0.000,
"01.11.2024 19:15",0.000,
"01.11.2024 19:30",0.000,
"01.11.2024 19:45",0.000,
"01.11.2024 20:00",0.000,
"01.11.2024 20:15",0.000,
"01.11.2024 20:30",0.000,
"01.11.2024 20:45",0.000,
"01.11.2024 21:00",0.000,
"01.11.2024 21:15",0.000,
"01.11.2024 21:30",0.000,
"01.11.2024 21:45",0.000,
"01.11.2024 22:00",0.000,
"01.11.2024 22:15",0.000,
"01.11.2024 22:30",0.000,
"01.11.2024 22:45",0.000,
"01.11.2024 23:00",0.000,
"01.11.2024 23:15",0.000,
"01.11.2024 23:30",0.000,
"01.11.2024 23:45",0.000,
"02.11.2024 00:00",0.000,
"02.11.2024 00:15",0.000,
"02.11.2024 00:30",0.000,
"02.11.2024 00:45",0.000,
"02.11.2024 01:00",0.000,
"02.11.2024 01:15",0.000,
"02.11.2024 01:30",0.000,
"02.11.2024 01:45",0.000,
"02.11.2024 02:00",0.000,
"02.11.2024 02:15",0.000,
"02.11.2024 02:30",0.000,
"02.11.2024 02:45",0.000,
"02.11.2024 03:00",0.000,
"02.11.2024 03:15",0.000,
"02.11.2024 03:30",0.000,
"02.11.2024 03:45",0.000,
"02.11.2024 04:00",0.000,
"02.11.2024 04:15",0.000,
"02.11.2024 04:30",0.000,
"02.11.2024 04:45",0.000,
"02.11.2024 05:00",0.000,
"02.11.2024 05:15",0.000,
"02.11.2024 05:30",0.000,
"02.11.2024 05:45",0.000,
"02.11.2024 06:00",0.000,
"02.11.2024 06:15",0.000,
"02.11.2024 06:30",0.000,
"02.11.2024 06:45",0.000,
"02.11.2024 07:00",0.000,
"02.11.2024 07:15",154.200,
"02.11.2024 07:30",204.900,
"02.11.2024 07:45",780.200,
"02.11.2024 08:00",1346.098,
"02.11.2024 08:15",2022.200,
"02.11.2024 08:30",3376.661,
"02.11.2024 08:45",5128.949,
"02.11.2024 09:00",6517.705,
"02.11.2024 09:15",6585.574,
"02.11.2024 09:30",10000.800,
"02.11.2024 09:45",12069.100,
"02.11.2024 10:00",14796.328,
"02.11.2024 10:15",14162.508,
"02.11.2024 10:30",14752.000,
"02.11.2024 10:45",17254.000,
"02.11.2024 11:00",18189.000,
"02.11.2024 11:15",19562.800,
"02.11.2024 11:30",19823.356,
"02.11.2024 11:45",20372.148,
"02.11.2024 12:00",20772.066,
"02.11.2024 12:15",20985.068,
"02.11.2024 12:30",18818.000,
"02.11.2024 12:45",20834.390,
"02.11.2024 13:00",19871.738,
"02.11.2024 13:15",18244.689,
"02.11.2024 13:30",9685.115,
"02.11.2024 13:45",16713.559,
"02.11.2024 14:00",15098.441,
"02.11.2024 14:15",12587.000,
"02.11.2024 14:30",12708.900,
"02.11.2024 14:45",10553.864,
"02.11.2024 15:00",10474.100,
"02.11.2024 15:15",6559.900,
"02.11.2024 15:30",7024.000,
"02.11.2024 15:45",3130.000,
"02.11.2024 16:00",2310.322,
"02.11.2024 16:15",1372.000,
"02.11.2024 16:30",490.700,
"02.11.2024 16:45",0.763,
"02.11.2024 17:00",0.000,
"02.11.2024 17:15",0.000,
"02.11.2024 17:30",0.000,
"02.11.2024 17:45",0.000,
"02.11.2024 18:00",0.000,
"02.11.2024 18:15",0.000,
"02.11.2024 18:30",0.000,
"02.11.2024 18:45",0.000,
"02.11.2024 19:00",0.000,
"02.11.2024 19:15",0.000,
"02.11.2024 19:30",0.000,
"02.11.2024 19:45",0.000,
"02.11.2024 20:00",0.000,
"02.11.2024 20:15",0.000,
"02.11.2024 20:30",0.000,
"02.11.2024 20:45",0.000,
"02.11.2024 21:00",0.000,
"02.11.2024 21:15",0.000,
"02.11.2024 21:30",0.000,
"02.11.2024 21:45",0.000,
"02.11.2024 22:00",0.000,
"02.11.2024 22:15",0.000,
"02.11.2024 22:30",0.000,
"02.11.2024 22:45",0.000,
"02.11.2024 23:00",0.000,
"02.11.2024 23:15",0.000,
"02.11.2024 23:30",0.000,
"02.11.2024 23:45",0.000,
"03.11.2024 00:00",0.000,
"03.11.2024 00:15",0.000,
"03.11.2024 00:30",0.000,
"03.11.2024 00:45",0.000,
"03.11.2024 01:00",0.000,
"03.11.2024 01:15",0.000,
"03.11.2024 01:30",0.000,
"03.11.2024 01:45",0.000,
"03.11.2024 02:00",0.000,
"03.11.2024 02:15",0.000,
"03.11.2024 02:30",0.000,
"03.11.2024 02:45",0.000,
"03.11.2024 03:00",0.000,
"03.11.2024 03:15",0.000,
"03.11.2024 03:30",0.000,
"03.11.2024 03:45",0.000,
"03.11.2024 04:00",0.000,
"03.11.2024 04:15",0.000,
"03.11.2024 04:30",0.000,
"03.11.2024 04:45",0.000,
"03.11.2024 05:00",0.000,
"03.11.2024 05:15",0.000,
"03.11.2024 05:30",0.000,
"03.11.2024 05:45",0.000,
"03.11.2024 06:00",0.000,
"03.11.2024 06:15",0.000,
"03.11.2024 06:30",0.000,
"03.11.2024 06:45",0.000,
"03.11.2024 07:00",0.000,
"03.11.2024 07:15",0.000,
"03.11.2024 07:30",0.000,
"03.11.2024 07:45",185.100,
"03.11.2024 08:00",698.049,
"03.11.2024 08:15",1097.148,
"03.11.2024 08:30",2097.885,
"03.11.2024 08:45",2777.246,
"03.11.2024 09:00",3839.119,
"03.11.2024 09:15",5170.237,
"03.11.2024 09:30",6770.153,
"03.11.2024 09:45",7589.869,
"03.11.2024 10:00",7549.458,
"03.11.2024 10:15",8229.200,
"03.11.2024 10:30",8039.800,
"03.11.2024 10:45",7276.100,
"03.11.2024 11:00",8142.100,
"03.11.2024 11:15",11057.458,
"03.11.2024 11:30",11209.836,
"03.11.2024 11:45",11245.000,
"03.11.2024 12:00",10445.900,
"03.11.2024 12:15",10341.932,
"03.11.2024 12:30",9007.000,
"03.11.2024 12:45",9730.508,
"03.11.2024 13:00",10036.100,
"03.11.2024 13:15",7780.836,
"03.11.2024 13:30",6142.000,
"03.11.2024 13:45",5828.082,
"03.11.2024 14:00",5132.864,
"03.11.2024 14:15",4381.902,
"03.11.2024 14:30",3458.000,
"03.11.2024 14:45",3091.803,
"03.11.2024 15:00",2236.000,
"03.11.2024 15:15",1470.100,
"03.11.2024 15:30",1070.169,
"03.11.2024 15:45",1227.066,
"03.11.2024 16:00",806.847,
"03.11.2024 16:15",322.900,
"03.11.2024 16:30",0.000,
"03.11.2024 16:45",0.000,
"03.11.2024 17:00",0.000,
"03.11.2024 17:15",0.000,
"03.11.2024 17:30",0.000,
"03.11.2024 17:45",0.000,
"03.11.2024 18:00",0.000,
"03.11.2024 18:15",0.000,
"03.11.2024 18:30",0.000,
"03.11.2024 18:45",0.000,
"03.11.2024 19:00",0.000,
"03.11.2024 19:15",0.000,
"03.11.2024 19:30",0.000,
"03.11.2024 19:45",0.000,
"03.11.2024 20:00",0.000,
"03.11.2024 20:15",0.000,
"03.11.2024 20:30",0.000,
"03.11.2024 20:45",0.000,
"03.11.2024 21:00",0.000,
"03.11.2024 21:15",0.000,
"03.11.2024 21:30",0.000,
"03.11.2024 21:45",0.000,
"03.11.2024 22:00",0.000,
"03.11.2024 22:15",0.000,
"03.11.2024 22:30",0.000,
"03.11.2024 22:45",0.000,
"03.11.2024 23:00",0.000,
"03.11.2024 23:15",0.000,
"03.11.2024 23:30",0.000,
"03.11.2024 23:45",0.000,
"04.11.2024 00:00",0.000,
"04.11.2024 00:15",0.000,
"04.11.2024 00:30",0.000,
"04.11.2024 00:45",0.000,
"04.11.2024 01:00",0.000,
"04.11.2024 01:15",0.000,
"04.11.2024 01:30",0.000,
"04.11.2024 01:45",0.000,
"04.11.2024 02:00",0.000,
"04.11.2024 02:15",0.000,
"04.11.2024 02:30",0.000,
"04.11.2024 02:45",0.000,
"04.11.2024 03:00",0.000,
"04.11.2024 03:15",0.000,
"04.11.2024 03:30",0.000,
"04.11.2024 03:45",0.000,
"04.11.2024 04:00",0.000,
"04.11.2024 04:15",0.000,
"04.11.2024 04:30",0.000,
"04.11.2024 04:45",0.000,
"04.11.2024 05:00",0.000,
"04.11.2024 05:15",0.000,
"04.11.2024 05:30",0.000,
"04.11.2024 05:45",0.000,
"04.11.2024 06:00",0.000,
"04.11.2024 06:15",0.000,
"04.11.2024 06:30",0.000,
"04.11.2024 06:45",0.000,
"04.11.2024 07:00",0.000,
"04.11.2024 07:15",0.000,
"04.11.2024 07:30",0.000,
"04.11.2024 07:45",197.000,
"04.11.2024 08:00",454.000,
"04.11.2024 08:15",654.900,
"04.11.2024 08:30",1096.984,
"04.11.2024 08:45",1903.967,
"04.11.2024 09:00",4539.100,
"04.11.2024 09:15",3447.000,
"04.11.2024 09:30",5531.000,
"04.11.2024 09:45",6395.339,
"04.11.2024 10:00",8623.000,
"04.11.2024 10:15",10911.492,
"04.11.2024 10:30",6075.100,
"04.11.2024 10:45",6920.000,
"04.11.2024 11:00",9239.900,
"04.11.2024 11:15",6933.712,
"04.11.2024 11:30",7180.100,
"04.11.2024 11:45",5512.900,
"04.11.2024 12:00",6932.900,
"04.11.2024 12:15",6065.100,
"04.11.2024 12:30",7525.900,
"04.11.2024 12:45",5381.000,
"04.11.2024 13:00",6656.000,
"04.11.2024 13:15",6035.180,
"04.11.2024 13:30",4654.000,
"04.11.2024 13:45",3327.610,
"04.11.2024 14:00",3278.000,
"04.11.2024 14:15",2940.000,
"04.11.2024 14:30",3180.180,
"04.11.2024 14:45",3831.000,
"04.11.2024 15:00",2142.656,
"04.11.2024 15:15",1340.934,
"04.11.2024 15:30",966.100,
"04.11.2024 15:45",687.100,
"04.11.2024 16:00",430.800,
"04.11.2024 16:15",2.000,
"04.11.2024 16:30",0.000,
"04.11.2024 16:45",0.000,
"04.11.2024 17:00",0.000,
"04.11.2024 17:15",0.000,
"04.11.2024 17:30",0.000,
"04.11.2024 17:45",0.000,
"04.11.2024 18:00",0.000,
"04.11.2024 18:15",0.000,
"04.11.2024 18:30",0.000,
"04.11.2024 18:45",0.000,
"04.11.2024 19:00",0.000,
"04.11.2024 19:15",0.000,
"04.11.2024 19:30",0.000,
"04.11.2024 19:45",0.000,
"04.11.2024 20:00",0.000,
"04.11.2024 20:15",0.000,
"04.11.2024 20:30",0.000,
"04.11.2024 20:45",0.000,
"04.11.2024 21:00",0.000,
"04.11.2024 21:15",0.000,
"04.11.2024 21:30",0.000,
"04.11.2024 21:45",0.000,
"04.11.2024 22:00",0.000,
"04.11.2024 22:15",0.000,
"04.11.2024 22:30",0.000,
"04.11.2024 22:45",0.000,
"04.11.2024 23:00",0.000,
"04.11.2024 23:15",0.000,
"04.11.2024 23:30",0.000,
"04.11.2024 23:45",0.000,
"05.11.2024 00:00",0.000,
"05.11.2024 00:15",0.000,
"05.11.2024 00:30",0.000,
"05.11.2024 00:45",0.000,
"05.11.2024 01:00",0.000,
"05.11.2024 01:15",0.000,
"05.11.2024 01:30",0.000,
"05.11.2024 01:45",0.000,
"05.11.2024 02:00",0.000,
"05.11.2024 02:15",0.000,
"05.11.2024 02:30",0.000,
"05.11.2024 02:45",0.000,
"05.11.2024 03:00",0.000,
"05.11.2024 03:15",0.000,
"05.11.2024 03:30",0.000,
"05.11.2024 03:45",0.000,
"05.11.2024 04:00",0.000,
"05.11.2024 04:15",0.000,
"05.11.2024 04:30",0.000,
"05.11.2024 04:45",0.000,
"05.11.2024 05:00",0.000,
"05.11.2024 05:15",0.000,
"05.11.2024 05:30",0.000,
"05.11.2024 05:45",0.000,
"05.11.2024 06:00",0.000,
"05.11.2024 06:15",0.000,
"05.11.2024 06:30",0.000,
"05.11.2024 06:45",0.000,
"05.11.2024 07:00",0.000,
"05.11.2024 07:15",0.000,
"05.11.2024 07:30",0.000,
"05.11.2024 07:45",0.000,
"05.11.2024 08:00",288.900,
"05.11.2024 08:15",659.000,
"05.11.2024 08:30",1030.254,
"05.11.2024 08:45",1304.200,
"05.11.2024 09:00",1986.153,
"05.11.2024 09:15",1916.400,
"05.11.2024 09:30",2155.000,
"05.11.2024 09:45",2508.100,
"05.11.2024 10:00",3290.098,
"05.11.2024 10:15",2891.864,
"05.11.2024 10:30",4042.800,
"05.11.2024 10:45",4788.900,
"05.11.2024 11:00",5293.115,
"05.11.2024 11:15",6302.271,
"05.11.2024 11:30",6475.000,
"05.11.2024 11:45",5810.169,
"05.11.2024 12:00",6677.200,
"05.11.2024 12:15",8319.000,
"05.11.2024 12:30",6912.017,
"05.11.2024 12:45",5677.800,
"05.11.2024 13:00",5317.721,
"05.11.2024 13:15",5068.288,
"05.11.2024 13:30",4986.000,
"05.11.2024 13:45",4468.475,
"05.11.2024 14:00",4095.000,
"05.11.2024 14:15",3434.852,
"05.11.2024 14:30",2820.153,
"05.11.2024 14:45",2421.800,
"05.11.2024 15:00",2496.200,
"05.11.2024 15:15",1870.100,
"05.11.2024 15:30",1436.000,
"05.11.2024 15:45",978.100,
"05.11.2024 16:00",488.000,
"05.11.2024 16:15",218.610,
"05.11.2024 16:30",0.000,
"05.11.2024 16:45",0.000,
"05.11.2024 17:00",0.000,
"05.11.2024 17:15",0.000,
"05.11.2024 17:30",0.000,
"05.11.2024 17:45",0.000,
"05.11.2024 18:00",0.000,
"05.11.2024 18:15",0.000,
"05.11.2024 18:30",0.000,
"05.11.2024 18:45",0.000,
"05.11.2024 19:00",0.000,
"05.11.2024 19:15",0.000,
"05.11.2024 19:30",0.000,
"05.11.2024 19:45",0.000,
"05.11.2024 20:00",0.000,
"05.11.2024 20:15",0.000,
"05.11.2024 20:30",0.000,
"05.11.2024 20:45",0.000,
"05.11.2024 21:00",0.000,
"05.11.2024 21:15",0.000,
"05.11.2024 21:30",0.000,
"05.11.2024 21:45",0.000,
"05.11.2024 22:00",0.000,
"05.11.2024 22:15",0.000,
"05.11.2024 22:30",0.000,
"05.11.2024 22:45",0.000,
"05.11.2024 23:00",0.000,
"05.11.2024 23:15",0.000,
"05.11.2024 23:30",0.000,
"05.11.2024 23:45",0.000,
"06.11.2024 00:00",0.000,
"06.11.2024 00:15",0.000,
"06.11.2024 00:30",0.000,
"06.11.2024 00:45",0.000,
"06.11.2024 01:00",0.000,
"06.11.2024 01:15",0.000,
"06.11.2024 01:30",0.000,
"06.11.2024 01:45",0.000,
"06.11.2024 02:00",0.000,
"06.11.2024 02:15",0.000,
"06.11.2024 02:30",0.000,
"06.11.2024 02:45",0.000,
"06.11.2024 03:00",0.000,
"06.11.2024 03:15",0.000,
"06.11.2024 03:30",0.000,
"06.11.2024 03:45",0.000,
"06.11.2024 04:00",0.000,
"06.11.2024 04:15",0.000,
"06.11.2024 04:30",0.000,
"06.11.2024 04:45",0.000,
"06.11.2024 05:00",0.000,
"06.11.2024 05:15",0.000,
"06.11.2024 05:30",0.000,
"06.11.2024 05:45",0.000,
"06.11.2024 06:00",0.000,
"06.11.2024 06:15",0.000,
"06.11.2024 06:30",0.000,
"06.11.2024 06:45",0.000,
"06.11.2024 07:00",0.000,
"06.11.2024 07:15",0.000,
"06.11.2024 07:30",0.000,
"06.11.2024 07:45",0.000,
"06.11.2024 08:00",0.000,
"06.11.2024 08:15",0.000,
"06.11.2024 08:30",373.800,
"06.11.2024 08:45",753.246,
"06.11.2024 09:00",769.525,
"06.11.2024 09:15",1655.836,
"06.11.2024 09:30",2115.831,
"06.11.2024 09:45",2527.000,
"06.11.2024 10:00",2241.000,
"06.11.2024 10:15",2571.984,
"06.11.2024 10:30",2261.932,
"06.11.2024 10:45",2421.984,
"06.11.2024 11:00",3986.984,
"06.11.2024 11:15",4489.900,
"06.11.2024 11:30",4130.016,
"06.11.2024 11:45",3949.644,
"06.11.2024 12:00",3486.915,
"06.11.2024 12:15",4110.918,
"06.11.2024 12:30",3345.900,
"06.11.2024 12:45",3006.000,
"06.11.2024 13:00",2687.100,
"06.11.2024 13:15",2670.100,
"06.11.2024 13:30",2289.200,
"06.11.2024 13:45",1816.000,
"06.11.2024 14:00",2099.000,
"06.11.2024 14:15",2042.100,
"06.11.2024 14:30",1555.100,
"06.11.2024 14:45",1060.136,
"06.11.2024 15:00",868.695,
"06.11.2024 15:15",750.770,
"06.11.2024 15:30",736.902,
"06.11.2024 15:45",477.885,
"06.11.2024 16:00",264.583,
"06.11.2024 16:15",0.000,
"06.11.2024 16:30",0.000,
"06.11.2024 16:45",0.000,
"06.11.2024 17:00",0.000,
"06.11.2024 17:15",0.000,
"06.11.2024 17:30",0.000,
"06.11.2024 17:45",0.000,
"06.11.2024 18:00",0.000,
"06.11.2024 18:15",0.000,
"06.11.2024 18:30",0.000,
"06.11.2024 18:45",0.000,
"06.11.2024 19:00",0.000,
"06.11.2024 19:15",0.000,
"06.11.2024 19:30",0.000,
"06.11.2024 19:45",0.000,
"06.11.2024 20:00",0.000,
"06.11.2024 20:15",0.000,
"06.11.2024 20:30",0.000,
"06.11.2024 20:45",0.000,
"06.11.2024 21:00",0.000,
"06.11.2024 21:15",0.000,
"06.11.2024 21:30",0.000,
"06.11.2024 21:45",0.000,
"06.11.2024 22:00",0.000,
"06.11.2024 22:15",0.000,
"06.11.2024 22:30",0.000,
"06.11.2024 22:45",0.000,
"06.11.2024 23:00",0.000,
"06.11.2024 23:15",0.000,
"06.11.2024 23:30",0.000,
"06.11.2024 23:45",0.000,
"07.11.2024 00:00",0.000,
"07.11.2024 00:15",0.000,
"07.11.2024 00:30",0.000,
"07.11.2024 00:45",0.000,
"07.11.2024 01:00",0.000,
"07.11.2024 01:15",0.000,
"07.11.2024 01:30",0.000,
"07.11.2024 01:45",0.000,
"07.11.2024 02:00",0.000,
"07.11.2024 02:15",0.000,
"07.11.2024 02:30",0.000,
"07.11.2024 02:45",0.000,
"07.11.2024 03:00",0.000,
"07.11.2024 03:15",0.000,
"07.11.2024 03:30",0.000,
"07.11.2024 03:45",0.000,
"07.11.2024 04:00",0.000,
"07.11.2024 04:15",0.000,
"07.11.2024 04:30",0.000,
"07.11.2024 04:45",0.000,
"07.11.2024 05:00",0.000,
"07.11.2024 05:15",0.000,
"07.11.2024 05:30",0.000,
"07.11.2024 05:45",0.000,
"07.11.2024 06:00",0.000,
"07.11.2024 06:15",0.000,
"07.11.2024 06:30",0.000,
"07.11.2024 06:45",0.000,
"07.11.2024 07:00",0.000,
"07.11.2024 07:15",0.000,
"07.11.2024 07:30",0.000,
"07.11.2024 07:45",0.000,
"07.11.2024 08:00",0.000,
"07.11.2024 08:15",255.000,
"07.11.2024 08:30",544.000,
"07.11.2024 08:45",720.322,
"07.11.2024 09:00",1475.763,
"07.11.2024 09:15",1792.610,
"07.11.2024 09:30",2023.049,
"07.11.2024 09:45",2119.000,
"07.11.2024 10:00",2732.885,
"07.11.2024 10:15",2391.100,
"07.11.2024 10:30",2356.000,
"07.11.2024 10:45",3238.900,
"07.11.2024 11:00",4154.000,
"07.11.2024 11:15",4334.000,
"07.11.2024 11:30",4092.900,
"07.11.2024 11:45",3547.100,
"07.11.2024 12:00",3382.902,
"07.11.2024 12:15",3746.100,
"07.11.2024 12:30",3589.237,
"07.11.2024 12:45",4280.237,
"07.11.2024 13:00",3079.000,
"07.11.2024 13:15",2672.900,
"07.11.2024 13:30",2875.100,
"07.11.2024 13:45",2902.590,
"07.11.2024 14:00",2349.322,
"07.11.2024 14:15",2213.610,
"07.11.2024 14:30",2310.900,
"07.11.2024 14:45",2316.100,
"07.11.2024 15:00",1700.932,
"07.11.2024 15:15",1034.000,
"07.11.2024 15:30",664.100,
"07.11.2024 15:45",298.525,
"07.11.2024 16:00",291.000,
"07.11.2024 16:15",0.000,
"07.11.2024 16:30",0.000,
"07.11.2024 16:45",0.000,
"07.11.2024 17:00",0.000,
"07.11.2024 17:15",0.000,
"07.11.2024 17:30",0.000,
"07.11.2024 17:45",0.000,
"07.11.2024 18:00",0.000,
"07.11.2024 18:15",0.000,
"07.11.2024 18:30",0.000,
"07.11.2024 18:45",0.000,
"07.11.2024 19:00",0.000,
"07.11.2024 19:15",0.000,
"07.11.2024 19:30",0.000,
"07.11.2024 19:45",0.000,
"07.11.2024 20:00",0.000,
"07.11.2024 20:15",0.000,
"07.11.2024 20:30",0.000,
"07.11.2024 20:45",0.000,
"07.11.2024 21:00",0.000,
"07.11.2024 21:15",0.000,
"07.11.2024 21:30",0.000,
"07.11.2024 21:45",0.000,
"07.11.2024 22:00",0.000,
"07.11.2024 22:15",0.000,
"07.11.2024 22:30",0.000,
"07.11.2024 22:45",0.000,
"07.11.2024 23:00",0.000,
"07.11.2024 23:15",0.000,
"07.11.2024 23:30",0.000,
"07.11.2024 23:45",0.000,
"08.11.2024 00:00",0.000,
"08.11.2024 00:15",0.000,
"08.11.2024 00:30",0.000,
"08.11.2024 00:45",0.000,
"08.11.2024 01:00",0.000,
"08.11.2024 01:15",0.000,
"08.11.2024 01:30",0.000,
"08.11.2024 01:45",0.000,
"08.11.2024 02:00",0.000,
"08.11.2024 02:15",0.000,
"08.11.2024 02:30",0.000,
"08.11.2024 02:45",-0.455,
"08.11.2024 03:00",0.000,
"08.11.2024 03:15",0.000,
"08.11.2024 03:30",0.000,
"08.11.2024 03:45",0.000,
"08.11.2024 04:00",0.000,
"08.11.2024 04:15",0.000,
"08.11.2024 04:30",0.000,
"08.11.2024 04:45",0.000,
"08.11.2024 05:00",0.000,
"08.11.2024 05:15",0.000,
"08.11.2024 05:30",0.000,
"08.11.2024 05:45",0.000,
"08.11.2024 06:00",0.000,
"08.11.2024 06:15",0.000,
"08.11.2024 06:30",0.000,
"08.11.2024 06:45",0.000,
"08.11.2024 07:00",0.000,
"08.11.2024 07:15",0.000,
"08.11.2024 07:30",0.000,
"08.11.2024 07:45",0.000,
"08.11.2024 08:00",0.000,
"08.11.2024 08:15",555.115,
"08.11.2024 08:30",997.610,
"08.11.2024 08:45",843.000,
"08.11.2024 09:00",1630.153,
"08.11.2024 09:15",2497.000,
"08.11.2024 09:30",3315.900,
"08.11.2024 09:45",3185.900,
"08.11.2024 10:00",3718.100,
"08.11.2024 10:15",4339.729,
"08.11.2024 10:30",3903.639,
"08.11.2024 10:45",5453.900,
"08.11.2024 11:00",5305.000,
"08.11.2024 11:15",5319.100,
"08.11.2024 11:30",4135.100,
"08.11.2024 11:45",4253.213,
"08.11.2024 12:00",4268.869,
"08.11.2024 12:15",6492.119,
"08.11.2024 12:30",4271.100,
"08.11.2024 12:45",3890.672,
"08.11.2024 13:00",3232.900,
"08.11.2024 13:15",3068.295,
"08.11.2024 13:30",3386.656,
"08.11.2024 13:45",2632.900,
"08.11.2024 14:00",2824.900,
"08.11.2024 14:15",2127.000,
"08.11.2024 14:30",1928.200,
"08.11.2024 14:45",1556.000,
"08.11.2024 15:00",1222.763,
"08.11.2024 15:15",1108.230,
"08.11.2024 15:30",726.900,
"08.11.2024 15:45",448.000,
"08.11.2024 16:00",217.000,
"08.11.2024 16:15",0.000,
"08.11.2024 16:30",0.000,
"08.11.2024 16:45",0.000,
"08.11.2024 17:00",0.000,
"08.11.2024 17:15",0.000,
"08.11.2024 17:30",0.000,
"08.11.2024 17:45",0.000,
"08.11.2024 18:00",0.000,
"08.11.2024 18:15",0.000,
"08.11.2024 18:30",0.000,
"08.11.2024 18:45",0.000,
"08.11.2024 19:00",0.000,
"08.11.2024 19:15",0.000,
"08.11.2024 19:30",0.000,
"08.11.2024 19:45",0.000,
"08.11.2024 20:00",0.000,
"08.11.2024 20:15",0.000,
"08.11.2024 20:30",0.000,
"08.11.2024 20:45",0.000,
"08.11.2024 21:00",0.000,
"08.11.2024 21:15",0.000,
"08.11.2024 21:30",0.000,
"08.11.2024 21:45",0.000,
"08.11.2024 22:00",0.000,
"08.11.2024 22:15",0.000,
"08.11.2024 22:30",0.000,
"08.11.2024 22:45",0.000,
"08.11.2024 23:00",0.000,
"08.11.2024 23:15",0.000,
"08.11.2024 23:30",0.000,
"08.11.2024 23:45",0.000,
"09.11.2024 00:00",0.000,
"09.11.2024 00:15",0.000,
"09.11.2024 00:30",0.000,
"09.11.2024 00:45",0.000,
"09.11.2024 01:00",0.000,
"09.11.2024 01:15",0.000,
"09.11.2024 01:30",0.000,
"09.11.2024 01:45",0.000,
"09.11.2024 02:00",0.000,
"09.11.2024 02:15",0.000,
"09.11.2024 02:30",0.000,
"09.11.2024 02:45",0.000,
"09.11.2024 03:00",0.000,
"09.11.2024 03:15",0.000,
"09.11.2024 03:30",0.000,
"09.11.2024 03:45",0.000,
"09.11.2024 04:00",0.000,
"09.11.2024 04:15",0.000,
"09.11.2024 04:30",0.000,
"09.11.2024 04:45",0.000,
"09.11.2024 05:00",0.000,
"09.11.2024 05:15",0.000,
"09.11.2024 05:30",0.000,
"09.11.2024 05:45",0.000,
"09.11.2024 06:00",0.000,
"09.11.2024 06:15",0.000,
"09.11.2024 06:30",0.000,
"09.11.2024 06:45",0.000,
"09.11.2024 07:00",0.000,
"09.11.2024 07:15",0.000,
"09.11.2024 07:30",0.000,
"09.11.2024 07:45",0.000,
"09.11.2024 08:00",0.000,
"09.11.2024 08:15",0.000,
"09.11.2024 08:30",162.915,
"09.11.2024 08:45",229.000,
"09.11.2024 09:00",472.000,
"09.11.2024 09:15",616.115,
"09.11.2024 09:30",584.836,
"09.11.2024 09:45",1394.900,
"09.11.2024 10:00",1762.100,
"09.11.2024 10:15",1949.900,
"09.11.2024 10:30",1963.869,
"09.11.2024 10:45",1848.000,
"09.11.2024 11:00",1776.678,
"09.11.2024 11:15",1581.016,
"09.11.2024 11:30",1626.000,
"09.11.2024 11:45",1923.000,
"09.11.2024 12:00",1628.797,
"09.11.2024 12:15",1510.800,
"09.11.2024 12:30",2585.918,
"09.11.2024 12:45",2172.328,
"09.11.2024 13:00",1659.200,
"09.11.2024 13:15",1672.542,
"09.11.2024 13:30",1136.100,
"09.11.2024 13:45",742.148,
"09.11.2024 14:00",632.164,
"09.11.2024 14:15",722.900,
"09.11.2024 14:30",373.900,
"09.11.2024 14:45",286.153,
"09.11.2024 15:00",139.754,
"09.11.2024 15:15",0.000,
"09.11.2024 15:30",0.000,
"09.11.2024 15:45",98.787,
"09.11.2024 16:00",0.000,
"09.11.2024 16:15",0.000,
"09.11.2024 16:30",0.000,
"09.11.2024 16:45",0.000,
"09.11.2024 17:00",0.000,
"09.11.2024 17:15",0.000,
"09.11.2024 17:30",0.000,
"09.11.2024 17:45",0.000,
"09.11.2024 18:00",0.000,
"09.11.2024 18:15",0.000,
"09.11.2024 18:30",0.000,
"09.11.2024 18:45",0.000,
"09.11.2024 19:00",0.000,
"09.11.2024 19:15",0.000,
"09.11.2024 19:30",0.000,
"09.11.2024 19:45",0.000,
"09.11.2024 20:00",0.000,
"09.11.2024 20:15",0.000,
"09.11.2024 20:30",0.000,
"09.11.2024 20:45",0.000,
"09.11.2024 21:00",0.000,
"09.11.2024 21:15",0.000,
"09.11.2024 21:30",0.000,
"09.11.2024 21:45",0.000,
"09.11.2024 22:00",0.000,
"09.11.2024 22:15",0.000,
"09.11.2024 22:30",0.000,
"09.11.2024 22:45",0.000,
"09.11.2024 23:00",0.000,
"09.11.2024 23:15",0.000,
"09.11.2024 23:30",0.000,
"09.11.2024 23:45",0.000,
"10.11.2024 00:00",0.000,
"10.11.2024 00:15",0.000,
"10.11.2024 00:30",0.000,
"10.11.2024 00:45",0.000,
"10.11.2024 01:00",0.000,
"10.11.2024 01:15",0.000,
"10.11.2024 01:30",0.000,
"10.11.2024 01:45",0.000,
"10.11.2024 02:00",0.000,
"10.11.2024 02:15",0.000,
"10.11.2024 02:30",0.000,
"10.11.2024 02:45",0.000,
"10.11.2024 03:00",0.000,
"10.11.2024 03:15",0.000,
"10.11.2024 03:30",0.000,
"10.11.2024 03:45",0.000,
"10.11.2024 04:00",0.000,
"10.11.2024 04:15",0.000,
"10.11.2024 04:30",0.000,
"10.11.2024 04:45",0.000,
"10.11.2024 05:00",0.000,
"10.11.2024 05:15",0.000,
"10.11.2024 05:30",0.000,
"10.11.2024 05:45",0.000,
"10.11.2024 06:00",0.000,
"10.11.2024 06:15",0.000,
"10.11.2024 06:30",0.000,
"10.11.2024 06:45",0.000,
"10.11.2024 07:00",0.000,
"10.11.2024 07:15",0.000,
"10.11.2024 07:30",0.000,
"10.11.2024 07:45",0.000,
"10.11.2024 08:00",0.000,
"10.11.2024 08:15",0.000,
"10.11.2024 08:30",244.900,
"10.11.2024 08:45",541.763,
"10.11.2024 09:00",1015.836,
"10.11.2024 09:15",1246.900,
"10.11.2024 09:30",1885.200,
"10.11.2024 09:45",2474.102,
"10.11.2024 10:00",2493.712,
"10.11.2024 10:15",2944.115,
"10.11.2024 10:30",2981.100,
"10.11.2024 10:45",2914.136,
"10.11.2024 11:00",3353.000,
"10.11.2024 11:15",7458.900,
"10.11.2024 11:30",5625.100,
"10.11.2024 11:45",6375.328,
"10.11.2024 12:00",6245.100,
"10.11.2024 12:15",6391.738,
"10.11.2024 12:30",5029.300,
"10.11.2024 12:45",5574.197,
"10.11.2024 13:00",4728.780,
"10.11.2024 13:15",4035.934,
"10.11.2024 13:30",3466.900,
"10.11.2024 13:45",3225.203,
"10.11.2024 14:00",2496.847,
"10.11.2024 14:15",2126.136,
"10.11.2024 14:30",1875.288,
"10.11.2024 14:45",1541.100,
"10.11.2024 15:00",2075.754,
"10.11.2024 15:15",2136.016,
"10.11.2024 15:30",1560.836,
"10.11.2024 15:45",821.153,
"10.11.2024 16:00",399.542,
"10.11.2024 16:15",138.100,
"10.11.2024 16:30",0.000,
"10.11.2024 16:45",0.000,
"10.11.2024 17:00",0.000,
"10.11.2024 17:15",0.000,
"10.11.2024 17:30",0.000,
"10.11.2024 17:45",0.000,
"10.11.2024 18:00",0.000,
"10.11.2024 18:15",0.000,
"10.11.2024 18:30",0.000,
"10.11.2024 18:45",0.000,
"10.11.2024 19:00",0.000,
"10.11.2024 19:15",0.000,
"10.11.2024 19:30",0.000,
"10.11.2024 19:45",0.000,
"10.11.2024 20:00",0.000,
"10.11.2024 20:15",0.000,
"10.11.2024 20:30",0.000,
"10.11.2024 20:45",0.000,
"10.11.2024 21:00",0.000,
"10.11.2024 21:15",0.000,
"10.11.2024 21:30",0.000,
"10.11.2024 21:45",0.000,
"10.11.2024 22:00",0.000,
"10.11.2024 22:15",0.000,
"10.11.2024 22:30",0.000,
"10.11.2024 22:45",0.000,
"10.11.2024 23:00",0.000,
"10.11.2024 23:15",0.000,
"10.11.2024 23:30",0.000,
"10.11.2024 23:45",0.000,
"11.11.2024 00:00",0.000,
"11.11.2024 00:15",0.000,
"11.11.2024 00:30",0.000,
"11.11.2024 00:45",0.000,
"11.11.2024 01:00",0.000,
"11.11.2024 01:15",0.000,
"11.11.2024 01:30",0.000,
"11.11.2024 01:45",0.000,
"11.11.2024 02:00",0.000,
"11.11.2024 02:15",0.000,
"11.11.2024 02:30",0.000,
"11.11.2024 02:45",0.000,
"11.11.2024 03:00",0.000,
"11.11.2024 03:15",0.000,
"11.11.2024 03:30",0.000,
"11.11.2024 03:45",0.000,
"11.11.2024 04:00",0.000,
"11.11.2024 04:15",0.000,
"11.11.2024 04:30",0.000,
"11.11.2024 04:45",0.000,
"11.11.2024 05:00",0.000,
"11.11.2024 05:15",0.000,
"11.11.2024 05:30",0.000,
"11.11.2024 05:45",0.000,
"11.11.2024 06:00",0.000,
"11.11.2024 06:15",0.000,
"11.11.2024 06:30",0.000,
"11.11.2024 06:45",0.000,
"11.11.2024 07:00",0.000,
"11.11.2024 07:15",0.000,
"11.11.2024 07:30",0.000,
"11.11.2024 07:45",0.000,
"11.11.2024 08:00",0.000,
"11.11.2024 08:15",98.695,
"11.11.2024 08:30",157.000,
"11.11.2024 08:45",595.220,
"11.11.2024 09:00",1114.934,
"11.11.2024 09:15",1194.770,
"11.11.2024 09:30",692.100,
"11.11.2024 09:45",975.915,
"11.11.2024 10:00",687.900,
"11.11.2024 10:15",812.900,
"11.11.2024 10:30",1121.180,
"11.11.2024 10:45",1165.100,
"11.11.2024 11:00",1101.000,
"11.11.2024 11:15",1096.237,
"11.11.2024 11:30",865.100,
"11.11.2024 11:45",924.373,
"11.11.2024 12:00",1167.066,
"11.11.2024 12:15",1532.049,
"11.11.2024 12:30",2290.800,
"11.11.2024 12:45",1626.000,
"11.11.2024 13:00",1648.000,
"11.11.2024 13:15",1735.800,
"11.11.2024 13:30",2601.068,
"11.11.2024 13:45",3769.000,
"11.11.2024 14:00",2548.525,
"11.11.2024 14:15",1964.100,
"11.11.2024 14:30",1043.148,
"11.11.2024 14:45",531.847,
"11.11.2024 15:00",756.000,
"11.11.2024 15:15",1496.900,
"11.11.2024 15:30",3293.131,
"11.11.2024 15:45",1501.900,
"11.11.2024 16:00",369.787,
"11.11.2024 16:15",135.115,
"11.11.2024 16:30",0.000,
"11.11.2024 16:45",0.000,
"11.11.2024 17:00",0.000,
"11.11.2024 17:15",0.000,
"11.11.2024 17:30",0.000,
"11.11.2024 17:45",0.000,
"11.11.2024 18:00",0.000,
"11.11.2024 18:15",0.000,
"11.11.2024 18:30",0.000,
"11.11.2024 18:45",0.000,
"11.11.2024 19:00",0.000,
"11.11.2024 19:15",0.000,
"11.11.2024 19:30",0.000,
"11.11.2024 19:45",0.000,
"11.11.2024 20:00",0.000,
"11.11.2024 20:15",0.000,
"11.11.2024 20:30",0.000,
"11.11.2024 20:45",0.000,
"11.11.2024 21:00",0.000,
"11.11.2024 21:15",0.000,
"11.11.2024 21:30",0.000,
"11.11.2024 21:45",0.000,
"11.11.2024 22:00",0.000,
"11.11.2024 22:15",0.000,
"11.11.2024 22:30",0.000,
"11.11.2024 22:45",0.000,
"11.11.2024 23:00",0.000,
"11.11.2024 23:15",0.000,
"11.11.2024 23:30",0.000,
"11.11.2024 23:45",0.000,
"12.11.2024 00:00",0.000,
"12.11.2024 00:15",0.000,
"12.11.2024 00:30",0.000,
"12.11.2024 00:45",0.000,
"12.11.2024 01:00",0.000,
"12.11.2024 01:15",0.000,
"12.11.2024 01:30",0.000,
"12.11.2024 01:45",0.000,
"12.11.2024 02:00",0.000,
"12.11.2024 02:15",0.000,
"12.11.2024 02:30",0.000,
"12.11.2024 02:45",0.000,
"12.11.2024 03:00",0.000,
"12.11.2024 03:15",0.000,
"12.11.2024 03:30",0.000,
"12.11.2024 03:45",0.000,
"12.11.2024 04:00",0.000,
"12.11.2024 04:15",0.000,
"12.11.2024 04:30",0.000,
"12.11.2024 04:45",0.000,
"12.11.2024 05:00",0.000,
"12.11.2024 05:15",0.000,
"12.11.2024 05:30",0.000,
"12.11.2024 05:45",0.000,
"12.11.2024 06:00",0.000,
"12.11.2024 06:15",0.000,
"12.11.2024 06:30",0.000,
"12.11.2024 06:45",0.000,
"12.11.2024 07:00",0.000,
"12.11.2024 07:15",0.000,
"12.11.2024 07:30",0.000,
"12.11.2024 07:45",0.000,
"12.11.2024 08:00",0.000,
"12.11.2024 08:15",237.000,
"12.11.2024 08:30",643.131,
"12.11.2024 08:45",863.000,
"12.11.2024 09:00",1262.900,
"12.11.2024 09:15",1536.000,
"12.11.2024 09:30",1733.900,
"12.11.2024 09:45",2351.300,
"12.11.2024 10:00",3028.200,
"12.11.2024 10:15",3427.000,
"12.11.2024 10:30",3060.900,
"12.11.2024 10:45",3898.967,
"12.11.2024 11:00",4967.082,
"12.11.2024 11:15",4652.700,
"12.11.2024 11:30",3990.000,
"12.11.2024 11:45",2363.186,
"12.11.2024 12:00",4174.000,
"12.11.2024 12:15",1735.000,
"12.11.2024 12:30",2525.000,
"12.11.2024 12:45",7355.000,
"12.11.2024 13:00",7755.836,
"12.11.2024 13:15",9364.426,
"12.11.2024 13:30",18695.900,
"12.11.2024 13:45",5355.836,
"12.11.2024 14:00",2440.237,
"12.11.2024 14:15",4092.903,
"12.11.2024 14:30",5768.800,
"12.11.2024 14:45",7525.966,
"12.11.2024 15:00",5337.820,
"12.11.2024 15:15",6147.410,
"12.11.2024 15:30",2798.881,
"12.11.2024 15:45",1598.900,
"12.11.2024 16:00",1246.763,
"12.11.2024 16:15",365.322,
"12.11.2024 16:30",117.082,
"12.11.2024 16:45",0.000,
"12.11.2024 17:00",0.000,
"12.11.2024 17:15",0.000,
"12.11.2024 17:30",0.000,
"12.11.2024 17:45",0.000,
"12.11.2024 18:00",0.000,
"12.11.2024 18:15",0.000,
"12.11.2024 18:30",0.000,
"12.11.2024 18:45",0.000,
"12.11.2024 19:00",0.000,
"12.11.2024 19:15",0.000,
"12.11.2024 19:30",0.000,
"12.11.2024 19:45",0.000,
"12.11.2024 20:00",0.000,
"12.11.2024 20:15",0.000,
"12.11.2024 20:30",0.000,
"12.11.2024 20:45",0.000,
"12.11.2024 21:00",0.000,
"12.11.2024 21:15",0.000,
"12.11.2024 21:30",0.000,
"12.11.2024 21:45",0.000,
"12.11.2024 22:00",0.000,
"12.11.2024 22:15",0.000,
"12.11.2024 22:30",0.000,
"12.11.2024 22:45",0.000,
"12.11.2024 23:00",0.000,
"12.11.2024 23:15",0.000,
"12.11.2024 23:30",0.000,
"12.11.2024 23:45",0.000,
"13.11.2024 00:00",0.000,
"13.11.2024 00:15",0.000,
"13.11.2024 00:30",0.000,
"13.11.2024 00:45",0.000,
"13.11.2024 01:00",0.000,
"13.11.2024 01:15",0.000,
"13.11.2024 01:30",0.000,
"13.11.2024 01:45",0.000,
"13.11.2024 02:00",0.000,
"13.11.2024 02:15",0.000,
"13.11.2024 02:30",0.000,
"13.11.2024 02:45",0.000,
"13.11.2024 03:00",0.000,
"13.11.2024 03:15",0.000,
"13.11.2024 03:30",0.000,
"13.11.2024 03:45",0.000,
"13.11.2024 04:00",0.000,
"13.11.2024 04:15",0.000,
"13.11.2024 04:30",0.000,
"13.11.2024 04:45",0.000,
"13.11.2024 05:00",0.000,
"13.11.2024 05:15",0.000,
"13.11.2024 05:30",0.000,
"13.11.2024 05:45",0.000,
"13.11.2024 06:00",0.000,
"13.11.2024 06:15",0.000,
"13.11.2024 06:30",0.000,
"13.11.2024 06:45",0.000,
"13.11.2024 07:00",0.000,
"13.11.2024 07:15",0.000,
"13.11.2024 07:30",0.000,
"13.11.2024 07:45",0.000,
"13.11.2024 08:00",0.000,
"13.11.2024 08:15",0.000,
"13.11.2024 08:30",246.000,
"13.11.2024 08:45",457.600,
"13.11.2024 09:00",725.305,
"13.11.2024 09:15",725.700,
"13.11.2024 09:30",381.780,
"13.11.2024 09:45",1554.066,
"13.11.2024 10:00",1428.115,
"13.11.2024 10:15",2165.900,
"13.11.2024 10:30",2090.136,
"13.11.2024 10:45",2356.847,
"13.11.2024 11:00",2686.800,
"13.11.2024 11:15",1671.627,
"13.11.2024 11:30",7958.729,
"13.11.2024 11:45",4049.000,
"13.11.2024 12:00",4840.607,
"13.11.2024 12:15",4582.230,
"13.11.2024 12:30",5941.593,
"13.11.2024 12:45",6833.226,
"13.11.2024 13:00",2733.627,
"13.11.2024 13:15",7325.000,
"13.11.2024 13:30",1596.900,
"13.11.2024 13:45",7074.590,
"13.11.2024 14:00",5546.900,
"13.11.2024 14:15",2735.361,
"13.11.2024 14:30",7173.000,
"13.11.2024 14:45",4221.900,
"13.11.2024 15:00",3625.590,
"13.11.2024 15:15",2318.000,
"13.11.2024 15:30",3455.322,
"13.11.2024 15:45",1672.900,
"13.11.2024 16:00",1015.000,
"13.11.2024 16:15",248.034,
"13.11.2024 16:30",0.000,
"13.11.2024 16:45",0.000,
"13.11.2024 17:00",0.000,
"13.11.2024 17:15",0.000,
"13.11.2024 17:30",0.000,
"13.11.2024 17:45",0.000,
"13.11.2024 18:00",0.000,
"13.11.2024 18:15",0.000,
"13.11.2024 18:30",0.000,
"13.11.2024 18:45",0.000,
"13.11.2024 19:00",0.000,
"13.11.2024 19:15",0.000,
"13.11.2024 19:30",0.000,
"13.11.2024 19:45",0.000,
"13.11.2024 20:00",0.000,
"13.11.2024 20:15",0.000,
"13.11.2024 20:30",0.000,
"13.11.2024 20:45",0.000,
"13.11.2024 21:00",0.000,
"13.11.2024 21:15",0.000,
"13.11.2024 21:30",0.000,
"13.11.2024 21:45",0.000,
"13.11.2024 22:00",0.000,
"13.11.2024 22:15",0.000,
"13.11.2024 22:30",0.000,
"13.11.2024 22:45",0.000,
"13.11.2024 23:00",0.000,
"13.11.2024 23:15",0.000,
"13.11.2024 23:30",0.000,
"13.11.2024 23:45",0.000,
"14.11.2024 00:00",0.000,
"14.11.2024 00:15",0.000,
"14.11.2024 00:30",0.000,
"14.11.2024 00:45",0.000,
"14.11.2024 01:00",0.000,
"14.11.2024 01:15",0.000,
"14.11.2024 01:30",0.000,
"14.11.2024 01:45",0.000,
"14.11.2024 02:00",0.000,
"14.11.2024 02:15",0.000,
"14.11.2024 02:30",0.000,
"14.11.2024 02:45",0.000,
"14.11.2024 03:00",0.000,
"14.11.2024 03:15",0.000,
"14.11.2024 03:30",0.000,
"14.11.2024 03:45",0.000,
"14.11.2024 04:00",0.000,
"14.11.2024 04:15",0.000,
"14.11.2024 04:30",0.000,
"14.11.2024 04:45",0.000,
"14.11.2024 05:00",0.000,
"14.11.2024 05:15",0.000,
"14.11.2024 05:30",0.000,
"14.11.2024 05:45",0.000,
"14.11.2024 06:00",0.000,
"14.11.2024 06:15",0.000,
"14.11.2024 06:30",0.000,
"14.11.2024 06:45",0.000,
"14.11.2024 07:00",0.000,
"14.11.2024 07:15",0.000,
"14.11.2024 07:30",0.000,
"14.11.2024 07:45",0.000,
"14.11.2024 08:00",0.000,
"14.11.2024 08:15",254.049,
"14.11.2024 08:30",665.000,
"14.11.2024 08:45",927.000,
"14.11.2024 09:00",1559.200,
"14.11.2024 09:15",1939.100,
"14.11.2024 09:30",2012.000,
"14.11.2024 09:45",1794.000,
"14.11.2024 10:00",2362.610,
"14.11.2024 10:15",3082.000,
"14.11.2024 10:30",2776.102,
"14.11.2024 10:45",3789.100,
"14.11.2024 11:00",4304.525,
"14.11.2024 11:15",4997.721,
"14.11.2024 11:30",4972.800,
"14.11.2024 11:45",6057.900,
"14.11.2024 12:00",6505.180,
"14.11.2024 12:15",7874.197,
"14.11.2024 12:30",6185.754,
"14.11.2024 12:45",7931.000,
"14.11.2024 13:00",9075.000,
"14.11.2024 13:15",8981.900,
"14.11.2024 13:30",7097.100,
"14.11.2024 13:45",6753.100,
"14.11.2024 14:00",7333.000,
"14.11.2024 14:15",6639.100,
"14.11.2024 14:30",6884.390,
"14.11.2024 14:45",5435.836,
"14.11.2024 15:00",4382.100,
"14.11.2024 15:15",3286.797,
"14.11.2024 15:30",2525.100,
"14.11.2024 15:45",1538.000,
"14.11.2024 16:00",739.100,
"14.11.2024 16:15",120.158,
"14.11.2024 16:30",0.000,
"14.11.2024 16:45",0.000,
"14.11.2024 17:00",0.000,
"14.11.2024 17:15",0.000,
"14.11.2024 17:30",0.000,
"14.11.2024 17:45",0.000,
"14.11.2024 18:00",0.000,
"14.11.2024 18:15",0.000,
"14.11.2024 18:30",0.000,
"14.11.2024 18:45",0.000,
"14.11.2024 19:00",0.000,
"14.11.2024 19:15",0.000,
"14.11.2024 19:30",0.000,
"14.11.2024 19:45",0.000,
"14.11.2024 20:00",0.000,
"14.11.2024 20:15",0.000,
"14.11.2024 20:30",0.000,
"14.11.2024 20:45",0.000,
"14.11.2024 21:00",0.000,
"14.11.2024 21:15",0.000,
"14.11.2024 21:30",0.000,
"14.11.2024 21:45",0.000,
"14.11.2024 22:00",0.000,
"14.11.2024 22:15",0.000,
"14.11.2024 22:30",0.000,
"14.11.2024 22:45",0.000,
"14.11.2024 23:00",0.000,
"14.11.2024 23:15",0.000,
"14.11.2024 23:30",0.000,
"14.11.2024 23:45",0.000,
"15.11.2024 00:00",0.000,
"15.11.2024 00:15",0.000,
"15.11.2024 00:30",0.000,
"15.11.2024 00:45",0.000,
"15.11.2024 01:00",0.000,
"15.11.2024 01:15",0.000,
"15.11.2024 01:30",0.000,
"15.11.2024 01:45",0.000,
"15.11.2024 02:00",0.000,
"15.11.2024 02:15",0.000,
"15.11.2024 02:30",0.000,
"15.11.2024 02:45",0.000,
"15.11.2024 03:00",0.000,
"15.11.2024 03:15",0.000,
"15.11.2024 03:30",0.000,
"15.11.2024 03:45",0.000,
"15.11.2024 04:00",0.000,
"15.11.2024 04:15",0.000,
"15.11.2024 04:30",0.000,
"15.11.2024 04:45",0.000,
"15.11.2024 05:00",0.000,
"15.11.2024 05:15",0.000,
"15.11.2024 05:30",0.000,
"15.11.2024 05:45",0.000,
"15.11.2024 06:00",0.000,
"15.11.2024 06:15",0.000,
"15.11.2024 06:30",0.000,
"15.11.2024 06:45",0.000,
"15.11.2024 07:00",0.000,
"15.11.2024 07:15",0.000,
"15.11.2024 07:30",0.000,
"15.11.2024 07:45",0.000,
"15.11.2024 08:00",0.000,
"15.11.2024 08:15",227.800,
"15.11.2024 08:30",791.900,
"15.11.2024 08:45",899.525,
"15.11.2024 09:00",1356.900,
"15.11.2024 09:15",1882.000,
"15.11.2024 09:30",2605.407,
"15.11.2024 09:45",3258.787,
"15.11.2024 10:00",4072.800,
"15.11.2024 10:15",5223.049,
"15.11.2024 10:30",5405.153,
"15.11.2024 10:45",4379.136,
"15.11.2024 11:00",4927.000,
"15.11.2024 11:15",4871.000,
"15.11.2024 11:30",6244.443,
"15.11.2024 11:45",6119.361,
"15.11.2024 12:00",3607.100,
"15.11.2024 12:15",4083.131,
"15.11.2024 12:30",4803.000,
"15.11.2024 12:45",6329.644,
"15.11.2024 13:00",5724.000,
"15.11.2024 13:15",4663.000,
"15.11.2024 13:30",4197.000,
"15.11.2024 13:45",3545.576,
"15.11.2024 14:00",3314.800,
"15.11.2024 14:15",2308.000,
"15.11.2024 14:30",1649.180,
"15.11.2024 14:45",1500.000,
"15.11.2024 15:00",1342.000,
"15.11.2024 15:15",577.034,
"15.11.2024 15:30",679.131,
"15.11.2024 15:45",466.322,
"15.11.2024 16:00",165.033,
"15.11.2024 16:15",0.000,
"15.11.2024 16:30",0.000,
"15.11.2024 16:45",0.000,
"15.11.2024 17:00",0.000,
"15.11.2024 17:15",0.000,
"15.11.2024 17:30",0.000,
"15.11.2024 17:45",0.000,
"15.11.2024 18:00",0.000,
"15.11.2024 18:15",0.000,
"15.11.2024 18:30",0.000,
"15.11.2024 18:45",0.000,
"15.11.2024 19:00",0.000,
"15.11.2024 19:15",0.000,
"15.11.2024 19:30",0.000,
"15.11.2024 19:45",0.000,
"15.11.2024 20:00",0.000,
"15.11.2024 20:15",0.000,
"15.11.2024 20:30",0.000,
"15.11.2024 20:45",0.000,
"15.11.2024 21:00",0.000,
"15.11.2024 21:15",0.000,
"15.11.2024 21:30",0.000,
"15.11.2024 21:45",0.000,
"15.11.2024 22:00",0.000,
"15.11.2024 22:15",0.000,
"15.11.2024 22:30",0.000,
"15.11.2024 22:45",0.000,
"15.11.2024 23:00",0.000,
"15.11.2024 23:15",0.000,
"15.11.2024 23:30",0.000,
"15.11.2024 23:45",0.000,
"16.11.2024 00:00",0.000,
"16.11.2024 00:15",0.000,
"16.11.2024 00:30",0.000,
"16.11.2024 00:45",0.000,
"16.11.2024 01:00",0.000,
"16.11.2024 01:15",0.000,
"16.11.2024 01:30",0.000,
"16.11.2024 01:45",0.000,
"16.11.2024 02:00",0.000,
"16.11.2024 02:15",0.000,
"16.11.2024 02:30",0.000,
"16.11.2024 02:45",-0.454,
"16.11.2024 03:00",0.000,
"16.11.2024 03:15",0.000,
"16.11.2024 03:30",0.000,
"16.11.2024 03:45",0.000,
"16.11.2024 04:00",0.000,
"16.11.2024 04:15",0.000,
"16.11.2024 04:30",0.000,
"16.11.2024 04:45",0.000,
"16.11.2024 05:00",0.000,
"16.11.2024 05:15",0.000,
"16.11.2024 05:30",0.000,
"16.11.2024 05:45",0.000,
"16.11.2024 06:00",0.000,
"16.11.2024 06:15",0.000,
"16.11.2024 06:30",0.000,
"16.11.2024 06:45",0.000,
"16.11.2024 07:00",0.000,
"16.11.2024 07:15",0.000,
"16.11.2024 07:30",0.000,
"16.11.2024 07:45",0.000,
"16.11.2024 08:00",0.000,
"16.11.2024 08:15",485.295,
"16.11.2024 08:30",420.033,
"16.11.2024 08:45",538.900,
"16.11.2024 09:00",1053.787,
"16.11.2024 09:15",922.000,
"16.11.2024 09:30",1761.098,
"16.11.2024 09:45",1113.000,
"16.11.2024 10:00",3625.361,
"16.11.2024 10:15",2434.262,
"16.11.2024 10:30",2538.271,
"16.11.2024 10:45",4389.322,
"16.11.2024 11:00",2882.254,
"16.11.2024 11:15",1671.262,
"16.11.2024 11:30",2208.000,
"16.11.2024 11:45",3409.000,
"16.11.2024 12:00",2009.459,
"16.11.2024 12:15",2782.803,
"16.11.2024 12:30",1861.100,
"16.11.2024 12:45",1349.000,
"16.11.2024 13:00",2187.000,
"16.11.2024 13:15",2801.424,
"16.11.2024 13:30",2509.900,
"16.11.2024 13:45",878.164,
"16.11.2024 14:00",854.033,
"16.11.2024 14:15",730.000,
"16.11.2024 14:30",610.800,
"16.11.2024 14:45",544.000,
"16.11.2024 15:00",364.000,
"16.11.2024 15:15",531.900,
"16.11.2024 15:30",138.100,
"16.11.2024 15:45",0.000,
"16.11.2024 16:00",0.000,
"16.11.2024 16:15",0.000,
"16.11.2024 16:30",0.000,
"16.11.2024 16:45",0.000,
"16.11.2024 17:00",0.000,
"16.11.2024 17:15",0.000,
"16.11.2024 17:30",0.000,
"16.11.2024 17:45",0.000,
"16.11.2024 18:00",0.000,
"16.11.2024 18:15",0.000,
"16.11.2024 18:30",0.000,
"16.11.2024 18:45",0.000,
"16.11.2024 19:00",0.000,
"16.11.2024 19:15",0.000,
"16.11.2024 19:30",0.000,
"16.11.2024 19:45",0.000,
"16.11.2024 20:00",0.000,
"16.11.2024 20:15",0.000,
"16.11.2024 20:30",0.000,
"16.11.2024 20:45",0.000,
"16.11.2024 21:00",0.000,
"16.11.2024 21:15",0.000,
"16.11.2024 21:30",0.000,
"16.11.2024 21:45",0.000,
"16.11.2024 22:00",0.000,
"16.11.2024 22:15",0.000,
"16.11.2024 22:30",0.000,
"16.11.2024 22:45",0.000,
"16.11.2024 23:00",0.000,
"16.11.2024 23:15",0.000,
"16.11.2024 23:30",0.000,
"16.11.2024 23:45",0.000,
"17.11.2024 00:00",0.000,
"17.11.2024 00:15",0.000,
"17.11.2024 00:30",0.000,
"17.11.2024 00:45",0.000,
"17.11.2024 01:00",0.000,
"17.11.2024 01:15",0.000,
"17.11.2024 01:30",0.000,
"17.11.2024 01:45",0.000,
"17.11.2024 02:00",0.000,
"17.11.2024 02:15",0.000,
"17.11.2024 02:30",0.000,
"17.11.2024 02:45",0.000,
"17.11.2024 03:00",0.000,
"17.11.2024 03:15",0.000,
"17.11.2024 03:30",0.000,
"17.11.2024 03:45",0.000,
"17.11.2024 04:00",0.000,
"17.11.2024 04:15",0.000,
"17.11.2024 04:30",0.000,
"17.11.2024 04:45",0.000,
"17.11.2024 05:00",0.000,
"17.11.2024 05:15",0.000,
"17.11.2024 05:30",0.000,
"17.11.2024 05:45",0.000,
"17.11.2024 06:00",0.000,
"17.11.2024 06:15",0.000,
"17.11.2024 06:30",0.000,
"17.11.2024 06:45",0.000,
"17.11.2024 07:00",0.000,
"17.11.2024 07:15",0.000,
"17.11.2024 07:30",0.000,
"17.11.2024 07:45",0.000,
"17.11.2024 08:00",0.000,
"17.11.2024 08:15",223.148,
"17.11.2024 08:30",700.100,
"17.11.2024 08:45",1407.000,
"17.11.2024 09:00",2671.100,
"17.11.2024 09:15",3759.712,
"17.11.2024 09:30",5262.100,
"17.11.2024 09:45",6993.000,
"17.11.2024 10:00",8362.393,
"17.11.2024 10:15",10166.000,
"17.11.2024 10:30",10416.100,
"17.11.2024 10:45",11456.967,
"17.11.2024 11:00",3213.900,
"17.11.2024 11:15",612.610,
"17.11.2024 11:30",646.424,
"17.11.2024 11:45",6417.000,
"17.11.2024 12:00",3892.000,
"17.11.2024 12:15",466.000,
"17.11.2024 12:30",3733.593,
"17.11.2024 12:45",3250.689,
"17.11.2024 13:00",634.475,
"17.11.2024 13:15",1076.847,
"17.11.2024 13:30",3773.373,
"17.11.2024 13:45",1753.148,
"17.11.2024 14:00",565.098,
"17.11.2024 14:15",2823.000,
"17.11.2024 14:30",3549.712,
"17.11.2024 14:45",2513.900,
"17.11.2024 15:00",1648.800,
"17.11.2024 15:15",966.200,
"17.11.2024 15:30",766.000,
"17.11.2024 15:45",2620.900,
"17.11.2024 16:00",301.900,
"17.11.2024 16:15",0.000,
"17.11.2024 16:30",0.000,
"17.11.2024 16:45",0.000,
"17.11.2024 17:00",0.000,
"17.11.2024 17:15",0.000,
"17.11.2024 17:30",0.000,
"17.11.2024 17:45",0.000,
"17.11.2024 18:00",0.000,
"17.11.2024 18:15",0.000,
"17.11.2024 18:30",0.000,
"17.11.2024 18:45",0.000,
"17.11.2024 19:00",0.000,
"17.11.2024 19:15",0.000,
"17.11.2024 19:30",0.000,
"17.11.2024 19:45",0.000,
"17.11.2024 20:00",0.000,
"17.11.2024 20:15",0.000,
"17.11.2024 20:30",0.000,
"17.11.2024 20:45",0.000,
"17.11.2024 21:00",0.000,
"17.11.2024 21:15",0.000,
"17.11.2024 21:30",0.000,
"17.11.2024 21:45",0.000,
"17.11.2024 22:00",0.000,
"17.11.2024 22:15",0.000,
"17.11.2024 22:30",0.000,
"17.11.2024 22:45",0.000,
"17.11.2024 23:00",0.000,
"17.11.2024 23:15",0.000,
"17.11.2024 23:30",0.000,
"17.11.2024 23:45",0.000,
"18.11.2024 00:00",0.000,
"18.11.2024 00:15",0.000,
"18.11.2024 00:30",0.000,
"18.11.2024 00:45",0.000,
"18.11.2024 01:00",0.000,
"18.11.2024 01:15",0.000,
"18.11.2024 01:30",0.000,
"18.11.2024 01:45",0.000,
"18.11.2024 02:00",0.000,
"18.11.2024 02:15",0.000,
"18.11.2024 02:30",0.000,
"18.11.2024 02:45",0.000,
"18.11.2024 03:00",0.000,
"18.11.2024 03:15",0.000,
"18.11.2024 03:30",0.000,
"18.11.2024 03:45",0.000,
"18.11.2024 04:00",0.000,
"18.11.2024 04:15",0.000,
"18.11.2024 04:30",0.000,
"18.11.2024 04:45",0.000,
"18.11.2024 05:00",0.000,
"18.11.2024 05:15",0.000,
"18.11.2024 05:30",0.000,
"18.11.2024 05:45",0.000,
"18.11.2024 06:00",0.000,
"18.11.2024 06:15",0.000,
"18.11.2024 06:30",0.000,
"18.11.2024 06:45",0.000,
"18.11.2024 07:00",0.000,
"18.11.2024 07:15",0.000,
"18.11.2024 07:30",0.000,
"18.11.2024 07:45",0.000,
"18.11.2024 08:00",0.000,
"18.11.2024 08:15",0.000,
"18.11.2024 08:30",244.700,
"18.11.2024 08:45",252.833,
"18.11.2024 09:00",1502.000,
"18.11.2024 09:15",2130.098,
"18.11.2024 09:30",5081.900,
"18.11.2024 09:45",1245.814,
"18.11.2024 10:00",919.661,
"18.11.2024 10:15",2992.627,
"18.11.2024 10:30",2428.800,
"18.11.2024 10:45",7274.918,
"18.11.2024 11:00",8349.000,
"18.11.2024 11:15",5347.000,
"18.11.2024 11:30",5589.800,
"18.11.2024 11:45",4224.000,
"18.11.2024 12:00",3339.475,
"18.11.2024 12:15",21288.458,
"18.11.2024 12:30",5280.656,
"18.11.2024 12:45",5084.100,
"18.11.2024 13:00",9906.000,
"18.11.2024 13:15",13047.000,
"18.11.2024 13:30",1612.000,
"18.11.2024 13:45",14629.900,
"18.11.2024 14:00",6277.200,
"18.11.2024 14:15",1496.100,
"18.11.2024 14:30",1908.780,
"18.11.2024 14:45",3090.100,
"18.11.2024 15:00",1459.100,
"18.11.2024 15:15",2653.864,
"18.11.2024 15:30",1566.000,
"18.11.2024 15:45",499.033,
"18.11.2024 16:00",0.000,
"18.11.2024 16:15",0.000,
"18.11.2024 16:30",0.000,
"18.11.2024 16:45",0.000,
"18.11.2024 17:00",0.000,
"18.11.2024 17:15",0.000,
"18.11.2024 17:30",0.000,
"18.11.2024 17:45",0.000,
"18.11.2024 18:00",0.000,
"18.11.2024 18:15",0.000,
"18.11.2024 18:30",0.000,
"18.11.2024 18:45",0.000,
"18.11.2024 19:00",0.000,
"18.11.2024 19:15",0.000,
"18.11.2024 19:30",0.000,
"18.11.2024 19:45",0.000,
"18.11.2024 20:00",0.000,
"18.11.2024 20:15",0.000,
"18.11.2024 20:30",0.000,
"18.11.2024 20:45",0.000,
"18.11.2024 21:00",0.000,
"18.11.2024 21:15",0.000,
"18.11.2024 21:30",0.000,
"18.11.2024 21:45",0.000,
"18.11.2024 22:00",0.000,
"18.11.2024 22:15",0.000,
"18.11.2024 22:30",0.000,
"18.11.2024 22:45",0.000,
"18.11.2024 23:00",0.000,
"18.11.2024 23:15",0.000,
"18.11.2024 23:30",0.000,
"18.11.2024 23:45",0.000,
"19.11.2024 00:00",0.000,
"19.11.2024 00:15",0.000,
"19.11.2024 00:30",0.000,
"19.11.2024 00:45",0.000,
"19.11.2024 01:00",0.000,
"19.11.2024 01:15",0.000,
"19.11.2024 01:30",0.000,
"19.11.2024 01:45",0.000,
"19.11.2024 02:00",0.000,
"19.11.2024 02:15",0.000,
"19.11.2024 02:30",0.000,
"19.11.2024 02:45",0.000,
"19.11.2024 03:00",0.000,
"19.11.2024 03:15",0.000,
"19.11.2024 03:30",0.000,
"19.11.2024 03:45",0.000,
"19.11.2024 04:00",0.000,
"19.11.2024 04:15",0.000,
"19.11.2024 04:30",0.000,
"19.11.2024 04:45",0.000,
"19.11.2024 05:00",0.000,
"19.11.2024 05:15",0.000,
"19.11.2024 05:30",0.000,
"19.11.2024 05:45",0.000,
"19.11.2024 06:00",0.000,
"19.11.2024 06:15",0.000,
"19.11.2024 06:30",0.000,
"19.11.2024 06:45",0.000,
"19.11.2024 07:00",0.000,
"19.11.2024 07:15",0.000,
"19.11.2024 07:30",0.000,
"19.11.2024 07:45",0.000,
"19.11.2024 08:00",0.000,
"19.11.2024 08:15",0.000,
"19.11.2024 08:30",133.627,
"19.11.2024 08:45",612.967,
"19.11.2024 09:00",1035.153,
"19.11.2024 09:15",1376.847,
"19.11.2024 09:30",1423.542,
"19.11.2024 09:45",1261.932,
"19.11.2024 10:00",912.678,
"19.11.2024 10:15",1389.900,
"19.11.2024 10:30",2301.100,
"19.11.2024 10:45",3676.738,
"19.11.2024 11:00",3981.200,
"19.11.2024 11:15",8163.131,
"19.11.2024 11:30",6218.288,
"19.11.2024 11:45",5910.900,
"19.11.2024 12:00",7412.000,
"19.11.2024 12:15",4084.361,
"19.11.2024 12:30",2617.311,
"19.11.2024 12:45",3323.300,
"19.11.2024 13:00",3686.475,
"19.11.2024 13:15",3781.915,
"19.11.2024 13:30",4352.885,
"19.11.2024 13:45",3486.279,
"19.11.2024 14:00",2406.900,
"19.11.2024 14:15",1098.712,
"19.11.2024 14:30",1685.000,
"19.11.2024 14:45",1506.847,
"19.11.2024 15:00",1293.049,
"19.11.2024 15:15",1188.542,
"19.11.2024 15:30",589.900,
"19.11.2024 15:45",367.917,
"19.11.2024 16:00",204.967,
"19.11.2024 16:15",0.000,
"19.11.2024 16:30",0.000,
"19.11.2024 16:45",0.000,
"19.11.2024 17:00",0.000,
"19.11.2024 17:15",0.000,
"19.11.2024 17:30",0.000,
"19.11.2024 17:45",0.000,
"19.11.2024 18:00",0.000,
"19.11.2024 18:15",0.000,
"19.11.2024 18:30",0.000,
"19.11.2024 18:45",0.000,
"19.11.2024 19:00",0.000,
"19.11.2024 19:15",0.000,
"19.11.2024 19:30",0.000,
"19.11.2024 19:45",0.000,
"19.11.2024 20:00",0.000,
"19.11.2024 20:15",0.000,
"19.11.2024 20:30",0.000,
"19.11.2024 20:45",0.000,
"19.11.2024 21:00",0.000,
"19.11.2024 21:15",0.000,
"19.11.2024 21:30",0.000,
"19.11.2024 21:45",0.000,
"19.11.2024 22:00",0.000,
"19.11.2024 22:15",0.000,
"19.11.2024 22:30",0.000,
"19.11.2024 22:45",0.000,
"19.11.2024 23:00",0.000,
"19.11.2024 23:15",0.000,
"19.11.2024 23:30",0.000,
"19.11.2024 23:45",0.000,
"20.11.2024 00:00",0.000,
"20.11.2024 00:15",0.000,
"20.11.2024 00:30",0.000,
"20.11.2024 00:45",0.000,
"20.11.2024 01:00",0.000,
"20.11.2024 01:15",0.000,
"20.11.2024 01:30",0.000,
"20.11.2024 01:45",0.000,
"20.11.2024 02:00",0.000,
"20.11.2024 02:15",0.000,
"20.11.2024 02:30",0.000,
"20.11.2024 02:45",-0.450,
"20.11.2024 03:00",0.000,
"20.11.2024 03:15",0.000,
"20.11.2024 03:30",0.000,
"20.11.2024 03:45",0.000,
"20.11.2024 04:00",0.000,
"20.11.2024 04:15",0.000,
"20.11.2024 04:30",0.000,
"20.11.2024 04:45",0.000,
"20.11.2024 05:00",0.000,
"20.11.2024 05:15",0.000,
"20.11.2024 05:30",0.000,
"20.11.2024 05:45",0.000,
"20.11.2024 06:00",0.000,
"20.11.2024 06:15",0.000,
"20.11.2024 06:30",0.000,
"20.11.2024 06:45",0.000,
"20.11.2024 07:00",0.000,
"20.11.2024 07:15",0.000,
"20.11.2024 07:30",0.000,
"20.11.2024 07:45",0.000,
"20.11.2024 08:00",166.000,
"20.11.2024 08:15",434.322,
"20.11.2024 08:30",694.200,
"20.11.2024 08:45",1073.900,
"20.11.2024 09:00",2242.100,
"20.11.2024 09:15",5118.800,
"20.11.2024 09:30",6411.441,
"20.11.2024 09:45",6024.100,
"20.11.2024 10:00",5984.361,
"20.11.2024 10:15",11678.475,
"20.11.2024 10:30",7812.900,
"20.11.2024 10:45",11453.203,
"20.11.2024 11:00",2971.770,
"20.11.2024 11:15",13687.900,
"20.11.2024 11:30",16109.100,
"20.11.2024 11:45",7607.900,
"20.11.2024 12:00",6960.918,
"20.11.2024 12:15",8368.787,
"20.11.2024 12:30",6882.100,
"20.11.2024 12:45",5066.085,
"20.11.2024 13:00",4496.915,
"20.11.2024 13:15",2605.100,
"20.11.2024 13:30",2578.770,
"20.11.2024 13:45",2717.200,
"20.11.2024 14:00",2100.237,
"20.11.2024 14:15",1933.800,
"20.11.2024 14:30",1875.220,
"20.11.2024 14:45",1906.900,
"20.11.2024 15:00",3170.100,
"20.11.2024 15:15",2300.492,
"20.11.2024 15:30",994.390,
"20.11.2024 15:45",974.220,
"20.11.2024 16:00",131.200,
"20.11.2024 16:15",0.000,
"20.11.2024 16:30",0.000,
"20.11.2024 16:45",0.000,
"20.11.2024 17:00",0.000,
"20.11.2024 17:15",0.000,
"20.11.2024 17:30",0.000,
"20.11.2024 17:45",0.000,
"20.11.2024 18:00",0.000,
"20.11.2024 18:15",0.000,
"20.11.2024 18:30",0.000,
"20.11.2024 18:45",0.000,
"20.11.2024 19:00",0.000,
"20.11.2024 19:15",0.000,
"20.11.2024 19:30",0.000,
"20.11.2024 19:45",0.000,
"20.11.2024 20:00",0.000,
"20.11.2024 20:15",0.000,
"20.11.2024 20:30",0.000,
"20.11.2024 20:45",0.000,
"20.11.2024 21:00",0.000,
"20.11.2024 21:15",0.000,
"20.11.2024 21:30",0.000,
"20.11.2024 21:45",0.000,
"20.11.2024 22:00",0.000,
"20.11.2024 22:15",0.000,
"20.11.2024 22:30",0.000,
"20.11.2024 22:45",0.000,
"20.11.2024 23:00",0.000,
"20.11.2024 23:15",0.000,
"20.11.2024 23:30",0.000,
"20.11.2024 23:45",0.000,
"21.11.2024 00:00",0.000,
"21.11.2024 00:15",0.000,
"21.11.2024 00:30",0.000,
"21.11.2024 00:45",0.000,
"21.11.2024 01:00",0.000,
"21.11.2024 01:15",0.000,
"21.11.2024 01:30",0.000,
"21.11.2024 01:45",0.000,
"21.11.2024 02:00",0.000,
"21.11.2024 02:15",0.000,
"21.11.2024 02:30",0.000,
"21.11.2024 02:45",0.000,
"21.11.2024 03:00",0.000,
"21.11.2024 03:15",0.000,
"21.11.2024 03:30",0.000,
"21.11.2024 03:45",0.000,
"21.11.2024 04:00",0.000,
"21.11.2024 04:15",0.000,
"21.11.2024 04:30",0.000,
"21.11.2024 04:45",0.000,
"21.11.2024 05:00",0.000,
"21.11.2024 05:15",0.000,
"21.11.2024 05:30",0.000,
"21.11.2024 05:45",0.000,
"21.11.2024 06:00",0.000,
"21.11.2024 06:15",0.000,
"21.11.2024 06:30",0.000,
"21.11.2024 06:45",0.000,
"21.11.2024 07:00",0.000,
"21.11.2024 07:15",0.000,
"21.11.2024 07:30",0.000,
"21.11.2024 07:45",0.000,
"21.11.2024 08:00",0.000,
"21.11.2024 08:15",0.000,
"21.11.2024 08:30",0.000,
"21.11.2024 08:45",0.000,
"21.11.2024 09:00",464.000,
"21.11.2024 09:15",708.100,
"21.11.2024 09:30",665.246,
"21.11.2024 09:45",2014.475,
"21.11.2024 10:00",1580.200,
"21.11.2024 10:15",1562.738,
"21.11.2024 10:30",1251.721,
"21.11.2024 10:45",785.915,
"21.11.2024 11:00",751.000,
"21.11.2024 11:15",737.898,
"21.11.2024 11:30",861.847,
"21.11.2024 11:45",1786.100,
"21.11.2024 12:00",2931.610,
"21.11.2024 12:15",2888.100,
"21.11.2024 12:30",2124.082,
"21.11.2024 12:45",955.100,
"21.11.2024 13:00",903.200,
"21.11.2024 13:15",1174.200,
"21.11.2024 13:30",536.900,
"21.11.2024 13:45",497.900,
"21.11.2024 14:00",518.800,
"21.11.2024 14:15",850.900,
"21.11.2024 14:30",966.800,
"21.11.2024 14:45",423.847,
"21.11.2024 15:00",178.000,
"21.11.2024 15:15",198.200,
"21.11.2024 15:30",0.000,
"21.11.2024 15:45",0.000,
"21.11.2024 16:00",0.000,
"21.11.2024 16:15",0.000,
"21.11.2024 16:30",0.000,
"21.11.2024 16:45",0.000,
"21.11.2024 17:00",0.000,
"21.11.2024 17:15",0.000,
"21.11.2024 17:30",0.000,
"21.11.2024 17:45",0.000,
"21.11.2024 18:00",0.000,
"21.11.2024 18:15",0.000,
"21.11.2024 18:30",0.000,
"21.11.2024 18:45",0.000,
"21.11.2024 19:00",0.000,
"21.11.2024 19:15",0.000,
"21.11.2024 19:30",0.000,
"21.11.2024 19:45",0.000,
"21.11.2024 20:00",0.000,
"21.11.2024 20:15",0.000,
"21.11.2024 20:30",0.000,
"21.11.2024 20:45",0.000,
"21.11.2024 21:00",0.000,
"21.11.2024 21:15",0.000,
"21.11.2024 21:30",0.000,
"21.11.2024 21:45",0.000,
"21.11.2024 22:00",0.000,
"21.11.2024 22:15",0.000,
"21.11.2024 22:30",0.000,
"21.11.2024 22:45",0.000,
"21.11.2024 23:00",0.000,
"21.11.2024 23:15",0.000,
"21.11.2024 23:30",0.000,
"21.11.2024 23:45",0.000,
"22.11.2024 00:00",0.000,
"22.11.2024 00:15",0.000,
"22.11.2024 00:30",0.000,
"22.11.2024 00:45",0.000,
"22.11.2024 01:00",0.000,
"22.11.2024 01:15",0.000,
"22.11.2024 01:30",0.000,
"22.11.2024 01:45",0.000,
"22.11.2024 02:00",0.000,
"22.11.2024 02:15",0.000,
"22.11.2024 02:30",0.000,
"22.11.2024 02:45",0.000,
"22.11.2024 03:00",0.000,
"22.11.2024 03:15",0.000,
"22.11.2024 03:30",0.000,
"22.11.2024 03:45",0.000,
"22.11.2024 04:00",0.000,
"22.11.2024 04:15",0.000,
"22.11.2024 04:30",0.000,
"22.11.2024 04:45",0.000,
"22.11.2024 05:00",0.000,
"22.11.2024 05:15",0.000,
"22.11.2024 05:30",0.000,
"22.11.2024 05:45",0.000,
"22.11.2024 06:00",0.000,
"22.11.2024 06:15",0.000,
"22.11.2024 06:30",0.000,
"22.11.2024 06:45",0.000,
"22.11.2024 07:00",0.000,
"22.11.2024 07:15",0.000,
"22.11.2024 07:30",0.000,
"22.11.2024 07:45",0.000,
"22.11.2024 08:00",0.000,
"22.11.2024 08:15",0.000,
"22.11.2024 08:30",269.700,
"22.11.2024 08:45",0.000,
"22.11.2024 09:00",0.000,
"22.11.2024 09:15",0.000,
"22.11.2024 09:30",0.000,
"22.11.2024 09:45",0.000,
"22.11.2024 10:00",0.000,
"22.11.2024 10:15",0.000,
"22.11.2024 10:30",0.000,
"22.11.2024 10:45",0.000,
"22.11.2024 11:00",0.000,
"22.11.2024 11:15",0.000,
"22.11.2024 11:30",0.000,
"22.11.2024 11:45",0.000,
"22.11.2024 12:00",0.000,
"22.11.2024 12:15",0.000,
"22.11.2024 12:30",0.000,
"22.11.2024 12:45",0.000,
"22.11.2024 13:00",0.000,
"22.11.2024 13:15",0.000,
"22.11.2024 13:30",0.000,
"22.11.2024 13:45",0.000,
"22.11.2024 14:00",0.000,
"22.11.2024 14:15",0.000,
"22.11.2024 14:30",0.000,
"22.11.2024 14:45",0.000,
"22.11.2024 15:00",0.000,
"22.11.2024 15:15",0.000,
"22.11.2024 15:30",0.000,
"22.11.2024 15:45",0.000,
"22.11.2024 16:00",0.000,
"22.11.2024 16:15",0.000,
"22.11.2024 16:30",0.000,
"22.11.2024 16:45",0.000,
"22.11.2024 17:00",0.000,
"22.11.2024 17:15",0.000,
"22.11.2024 17:30",0.000,
"22.11.2024 17:45",0.000,
"22.11.2024 18:00",0.000,
"22.11.2024 18:15",0.000,
"22.11.2024 18:30",0.000,
"22.11.2024 18:45",0.000,
"22.11.2024 19:00",0.000,
"22.11.2024 19:15",0.000,
"22.11.2024 19:30",0.000,
"22.11.2024 19:45",0.000,
"22.11.2024 20:00",0.000,
"22.11.2024 20:15",0.000,
"22.11.2024 20:30",0.000,
"22.11.2024 20:45",0.000,
"22.11.2024 21:00",0.000,
"22.11.2024 21:15",0.000,
"22.11.2024 21:30",0.000,
"22.11.2024 21:45",0.000,
"22.11.2024 22:00",0.000,
"22.11.2024 22:15",0.000,
"22.11.2024 22:30",0.000,
"22.11.2024 22:45",0.000,
"22.11.2024 23:00",0.000,
"22.11.2024 23:15",0.000,
"22.11.2024 23:30",0.000,
"22.11.2024 23:45",0.000,
"23.11.2024 00:00",0.000,
"23.11.2024 00:15",0.000,
"23.11.2024 00:30",0.000,
"23.11.2024 00:45",0.000,
"23.11.2024 01:00",0.000,
"23.11.2024 01:15",0.000,
"23.11.2024 01:30",0.000,
"23.11.2024 01:45",0.000,
"23.11.2024 02:00",0.000,
"23.11.2024 02:15",0.000,
"23.11.2024 02:30",0.000,
"23.11.2024 02:45",0.000,
"23.11.2024 03:00",0.000,
"23.11.2024 03:15",0.000,
"23.11.2024 03:30",0.000,
"23.11.2024 03:45",0.000,
"23.11.2024 04:00",0.000,
"23.11.2024 04:15",0.000,
"23.11.2024 04:30",0.000,
"23.11.2024 04:45",0.000,
"23.11.2024 05:00",0.000,
"23.11.2024 05:15",0.000,
"23.11.2024 05:30",0.000,
"23.11.2024 05:45",0.000,
"23.11.2024 06:00",0.000,
"23.11.2024 06:15",0.000,
"23.11.2024 06:30",0.000,
"23.11.2024 06:45",0.000,
"23.11.2024 07:00",0.000,
"23.11.2024 07:15",0.000,
"23.11.2024 07:30",0.000,
"23.11.2024 07:45",0.000,
"23.11.2024 08:00",0.000,
"23.11.2024 08:15",0.000,
"23.11.2024 08:30",0.000,
"23.11.2024 08:45",0.000,
"23.11.2024 09:00",0.000,
"23.11.2024 09:15",0.000,
"23.11.2024 09:30",0.000,
"23.11.2024 09:45",0.000,
"23.11.2024 10:00",108.000,
"23.11.2024 10:15",86.213,
"23.11.2024 10:30",505.220,
"23.11.2024 10:45",635.900,
"23.11.2024 11:00",477.593,
"23.11.2024 11:15",551.803,
"23.11.2024 11:30",414.836,
"23.11.2024 11:45",642.100,
"23.11.2024 12:00",522.667,
"23.11.2024 12:15",238.787,
"23.11.2024 12:30",702.000,
"23.11.2024 12:45",742.800,
"23.11.2024 13:00",832.695,
"23.11.2024 13:15",550.000,
"23.11.2024 13:30",964.800,
"23.11.2024 13:45",665.115,
"23.11.2024 14:00",450.852,
"23.11.2024 14:15",552.847,
"23.11.2024 14:30",371.820,
"23.11.2024 14:45",86.900,
"23.11.2024 15:00",0.000,
"23.11.2024 15:15",19.000,
"23.11.2024 15:30",0.000,
"23.11.2024 15:45",0.000,
"23.11.2024 16:00",0.000,
"23.11.2024 16:15",0.000,
"23.11.2024 16:30",0.000,
"23.11.2024 16:45",0.000,
"23.11.2024 17:00",0.000,
"23.11.2024 17:15",0.000,
"23.11.2024 17:30",0.000,
"23.11.2024 17:45",0.000,
"23.11.2024 18:00",0.000,
"23.11.2024 18:15",0.000,
"23.11.2024 18:30",0.000,
"23.11.2024 18:45",0.000,
"23.11.2024 19:00",0.000,
"23.11.2024 19:15",0.000,
"23.11.2024 19:30",0.000,
"23.11.2024 19:45",0.000,
"23.11.2024 20:00",0.000,
"23.11.2024 20:15",0.000,
"23.11.2024 20:30",0.000,
"23.11.2024 20:45",0.000,
"23.11.2024 21:00",0.000,
"23.11.2024 21:15",0.000,
"23.11.2024 21:30",0.000,
"23.11.2024 21:45",0.000,
"23.11.2024 22:00",0.000,
"23.11.2024 22:15",0.000,
"23.11.2024 22:30",0.000,
"23.11.2024 22:45",0.000,
"23.11.2024 23:00",0.000,
"23.11.2024 23:15",0.000,
"23.11.2024 23:30",0.000,
"23.11.2024 23:45",0.000,
"24.11.2024 00:00",0.000,
"24.11.2024 00:15",0.000,
"24.11.2024 00:30",0.000,
"24.11.2024 00:45",0.000,
"24.11.2024 01:00",0.000,
"24.11.2024 01:15",0.000,
"24.11.2024 01:30",0.000,
"24.11.2024 01:45",0.000,
"24.11.2024 02:00",0.000,
"24.11.2024 02:15",0.000,
"24.11.2024 02:30",0.000,
"24.11.2024 02:45",0.000,
"24.11.2024 03:00",0.000,
"24.11.2024 03:15",0.000,
"24.11.2024 03:30",0.000,
"24.11.2024 03:45",0.000,
"24.11.2024 04:00",0.000,
"24.11.2024 04:15",0.000,
"24.11.2024 04:30",0.000,
"24.11.2024 04:45",0.000,
"24.11.2024 05:00",0.000,
"24.11.2024 05:15",0.000,
"24.11.2024 05:30",0.000,
"24.11.2024 05:45",0.000,
"24.11.2024 06:00",0.000,
"24.11.2024 06:15",0.000,
"24.11.2024 06:30",0.000,
"24.11.2024 06:45",0.000,
"24.11.2024 07:00",0.000,
"24.11.2024 07:15",0.000,
"24.11.2024 07:30",0.000,
"24.11.2024 07:45",0.000,
"24.11.2024 08:00",0.000,
"24.11.2024 08:15",0.000,
"24.11.2024 08:30",0.000,
"24.11.2024 08:45",0.000,
"24.11.2024 09:00",230.200,
"24.11.2024 09:15",384.000,
"24.11.2024 09:30",792.678,
"24.11.2024 09:45",924.000,
"24.11.2024 10:00",2088.542,
"24.11.2024 10:15",3242.864,
"24.11.2024 10:30",2536.180,
"24.11.2024 10:45",2708.288,
"24.11.2024 11:00",5202.951,
"24.11.2024 11:15",7001.328,
"24.11.2024 11:30",7251.100,
"24.11.2024 11:45",7210.200,
"24.11.2024 12:00",10829.000,
"24.11.2024 12:15",11123.623,
"24.11.2024 12:30",9152.900,
"24.11.2024 12:45",7972.900,
"24.11.2024 13:00",8182.254,
"24.11.2024 13:15",7356.100,
"24.11.2024 13:30",7478.000,
"24.11.2024 13:45",7306.000,
"24.11.2024 14:00",7172.017,
"24.11.2024 14:15",4844.200,
"24.11.2024 14:30",4057.000,
"24.11.2024 14:45",3379.000,
"24.11.2024 15:00",2508.200,
"24.11.2024 15:15",2189.100,
"24.11.2024 15:30",1302.885,
"24.11.2024 15:45",508.902,
"24.11.2024 16:00",89.780,
"24.11.2024 16:15",0.000,
"24.11.2024 16:30",0.000,
"24.11.2024 16:45",0.000,
"24.11.2024 17:00",0.000,
"24.11.2024 17:15",0.000,
"24.11.2024 17:30",0.000,
"24.11.2024 17:45",0.000,
"24.11.2024 18:00",0.000,
"24.11.2024 18:15",0.000,
"24.11.2024 18:30",0.000,
"24.11.2024 18:45",0.000,
"24.11.2024 19:00",0.000,
"24.11.2024 19:15",0.000,
"24.11.2024 19:30",0.000,
"24.11.2024 19:45",0.000,
"24.11.2024 20:00",0.000,
"24.11.2024 20:15",0.000,
"24.11.2024 20:30",0.000,
"24.11.2024 20:45",0.000,
"24.11.2024 21:00",0.000,
"24.11.2024 21:15",0.000,
"24.11.2024 21:30",0.000,
"24.11.2024 21:45",0.000,
"24.11.2024 22:00",0.000,
"24.11.2024 22:15",0.000,
"24.11.2024 22:30",0.000,
"24.11.2024 22:45",0.000,
"24.11.2024 23:00",0.000,
"24.11.2024 23:15",0.000,
"24.11.2024 23:30",0.000,
"24.11.2024 23:45",0.000,
"25.11.2024 00:00",0.000,
"25.11.2024 00:15",0.000,
"25.11.2024 00:30",0.000,
"25.11.2024 00:45",0.000,
"25.11.2024 01:00",0.000,
"25.11.2024 01:15",0.000,
"25.11.2024 01:30",0.000,
"25.11.2024 01:45",0.000,
"25.11.2024 02:00",0.000,
"25.11.2024 02:15",0.000,
"25.11.2024 02:30",0.000,
"25.11.2024 02:45",-0.450,
"25.11.2024 03:00",0.000,
"25.11.2024 03:15",0.000,
"25.11.2024 03:30",0.000,
"25.11.2024 03:45",0.000,
"25.11.2024 04:00",0.000,
"25.11.2024 04:15",0.000,
"25.11.2024 04:30",0.000,
"25.11.2024 04:45",0.000,
"25.11.2024 05:00",0.000,
"25.11.2024 05:15",0.000,
"25.11.2024 05:30",0.000,
"25.11.2024 05:45",0.000,
"25.11.2024 06:00",0.000,
"25.11.2024 06:15",0.000,
"25.11.2024 06:30",0.000,
"25.11.2024 06:45",0.000,
"25.11.2024 07:00",0.000,
"25.11.2024 07:15",0.000,
"25.11.2024 07:30",0.000,
"25.11.2024 07:45",0.000,
"25.11.2024 08:00",0.000,
"25.11.2024 08:15",0.000,
"25.11.2024 08:30",0.000,
"25.11.2024 08:45",138.000,
"25.11.2024 09:00",106.016,
"25.11.2024 09:15",216.000,
"25.11.2024 09:30",697.082,
"25.11.2024 09:45",584.000,
"25.11.2024 10:00",523.000,
"25.11.2024 10:15",439.934,
"25.11.2024 10:30",482.000,
"25.11.2024 10:45",1352.900,
"25.11.2024 11:00",2056.576,
"25.11.2024 11:15",730.800,
"25.11.2024 11:30",837.000,
"25.11.2024 11:45",1294.900,
"25.11.2024 12:00",330.800,
"25.11.2024 12:15",570.000,
"25.11.2024 12:30",1399.542,
"25.11.2024 12:45",1922.200,
"25.11.2024 13:00",1955.220,
"25.11.2024 13:15",652.200,
"25.11.2024 13:30",1321.763,
"25.11.2024 13:45",1097.900,
"25.11.2024 14:00",1493.966,
"25.11.2024 14:15",1997.695,
"25.11.2024 14:30",1516.800,
"25.11.2024 14:45",2265.000,
"25.11.2024 15:00",311.068,
"25.11.2024 15:15",125.800,
"25.11.2024 15:30",209.803,
"25.11.2024 15:45",0.000,
"25.11.2024 16:00",0.000,
"25.11.2024 16:15",0.000,
"25.11.2024 16:30",0.000,
"25.11.2024 16:45",0.000,
"25.11.2024 17:00",0.000,
"25.11.2024 17:15",0.000,
"25.11.2024 17:30",0.000,
"25.11.2024 17:45",0.000,
"25.11.2024 18:00",0.000,
"25.11.2024 18:15",0.000,
"25.11.2024 18:30",0.000,
"25.11.2024 18:45",0.000,
"25.11.2024 19:00",0.000,
"25.11.2024 19:15",0.000,
"25.11.2024 19:30",0.000,
"25.11.2024 19:45",0.000,
"25.11.2024 20:00",0.000,
"25.11.2024 20:15",0.000,
"25.11.2024 20:30",0.000,
"25.11.2024 20:45",0.000,
"25.11.2024 21:00",0.000,
"25.11.2024 21:15",0.000,
"25.11.2024 21:30",0.000,
"25.11.2024 21:45",0.000,
"25.11.2024 22:00",0.000,
"25.11.2024 22:15",0.000,
"25.11.2024 22:30",0.000,
"25.11.2024 22:45",0.000,
"25.11.2024 23:00",0.000,
"25.11.2024 23:15",0.000,
"25.11.2024 23:30",0.000,
"25.11.2024 23:45",0.000,
"26.11.2024 00:00",0.000,
"26.11.2024 00:15",0.000,
"26.11.2024 00:30",0.000,
"26.11.2024 00:45",0.000,
"26.11.2024 01:00",0.000,
"26.11.2024 01:15",0.000,
"26.11.2024 01:30",0.000,
"26.11.2024 01:45",0.000,
"26.11.2024 02:00",0.000,
"26.11.2024 02:15",0.000,
"26.11.2024 02:30",0.000,
"26.11.2024 02:45",0.000,
"26.11.2024 03:00",0.000,
"26.11.2024 03:15",0.000,
"26.11.2024 03:30",0.000,
"26.11.2024 03:45",0.000,
"26.11.2024 04:00",0.000,
"26.11.2024 04:15",0.000,
"26.11.2024 04:30",0.000,
"26.11.2024 04:45",0.000,
"26.11.2024 05:00",0.000,
"26.11.2024 05:15",0.000,
"26.11.2024 05:30",0.000,
"26.11.2024 05:45",0.000,
"26.11.2024 06:00",0.000,
"26.11.2024 06:15",0.000,
"26.11.2024 06:30",0.000,
"26.11.2024 06:45",0.000,
"26.11.2024 07:00",0.000,
"26.11.2024 07:15",0.000,
"26.11.2024 07:30",0.000,
"26.11.2024 07:45",0.000,
"26.11.2024 08:00",0.000,
"26.11.2024 08:15",0.000,
"26.11.2024 08:30",463.305,
"26.11.2024 08:45",1162.610,
"26.11.2024 09:00",1544.279,
"26.11.2024 09:15",2849.200,
"26.11.2024 09:30",4136.100,
"26.11.2024 09:45",5182.311,
"26.11.2024 10:00",6241.082,
"26.11.2024 10:15",7059.852,
"26.11.2024 10:30",8275.000,
"26.11.2024 10:45",9198.200,
"26.11.2024 11:00",9740.262,
"26.11.2024 11:15",9853.100,
"26.11.2024 11:30",11155.098,
"26.11.2024 11:45",3817.102,
"26.11.2024 12:00",3575.661,
"26.11.2024 12:15",3463.000,
"26.11.2024 12:30",8968.689,
"26.11.2024 12:45",5656.900,
"26.11.2024 13:00",6770.814,
"26.11.2024 13:15",5570.262,
"26.11.2024 13:30",4540.424,
"26.11.2024 13:45",3385.984,
"26.11.2024 14:00",5301.885,
"26.11.2024 14:15",2983.049,
"26.11.2024 14:30",2298.803,
"26.11.2024 14:45",1334.100,
"26.11.2024 15:00",1237.900,
"26.11.2024 15:15",592.900,
"26.11.2024 15:30",507.900,
"26.11.2024 15:45",624.049,
"26.11.2024 16:00",130.542,
"26.11.2024 16:15",0.000,
"26.11.2024 16:30",0.000,
"26.11.2024 16:45",0.000,
"26.11.2024 17:00",0.000,
"26.11.2024 17:15",0.000,
"26.11.2024 17:30",0.000,
"26.11.2024 17:45",0.000,
"26.11.2024 18:00",0.000,
"26.11.2024 18:15",0.000,
"26.11.2024 18:30",0.000,
"26.11.2024 18:45",0.000,
"26.11.2024 19:00",0.000,
"26.11.2024 19:15",0.000,
"26.11.2024 19:30",0.000,
"26.11.2024 19:45",0.000,
"26.11.2024 20:00",0.000,
"26.11.2024 20:15",0.000,
"26.11.2024 20:30",0.000,
"26.11.2024 20:45",0.000,
"26.11.2024 21:00",0.000,
"26.11.2024 21:15",0.000,
"26.11.2024 21:30",0.000,
"26.11.2024 21:45",0.000,
"26.11.2024 22:00",0.000,
"26.11.2024 22:15",0.000,
"26.11.2024 22:30",0.000,
"26.11.2024 22:45",0.000,
"26.11.2024 23:00",0.000,
"26.11.2024 23:15",0.000,
"26.11.2024 23:30",0.000,
"26.11.2024 23:45",0.000,
"27.11.2024 00:00",0.000,
"27.11.2024 00:15",0.000,
"27.11.2024 00:30",0.000,
"27.11.2024 00:45",0.000,
"27.11.2024 01:00",0.000,
"27.11.2024 01:15",0.000,
"27.11.2024 01:30",0.000,
"27.11.2024 01:45",0.000,
"27.11.2024 02:00",0.000,
"27.11.2024 02:15",0.000,
"27.11.2024 02:30",0.000,
"27.11.2024 02:45",0.000,
"27.11.2024 03:00",0.000,
"27.11.2024 03:15",0.000,
"27.11.2024 03:30",0.000,
"27.11.2024 03:45",0.000,
"27.11.2024 04:00",0.000,
"27.11.2024 04:15",0.000,
"27.11.2024 04:30",0.000,
"27.11.2024 04:45",0.000,
"27.11.2024 05:00",0.000,
"27.11.2024 05:15",0.000,
"27.11.2024 05:30",0.000,
"27.11.2024 05:45",0.000,
"27.11.2024 06:00",0.000,
"27.11.2024 06:15",0.000,
"27.11.2024 06:30",0.000,
"27.11.2024 06:45",0.000,
"27.11.2024 07:00",0.000,
"27.11.2024 07:15",0.000,
"27.11.2024 07:30",0.000,
"27.11.2024 07:45",0.000,
"27.11.2024 08:00",0.000,
"27.11.2024 08:15",0.000,
"27.11.2024 08:30",456.932,
"27.11.2024 08:45",1051.200,
"27.11.2024 09:00",1714.900,
"27.11.2024 09:15",1938.800,
"27.11.2024 09:30",2509.475,
"27.11.2024 09:45",4499.900,
"27.11.2024 10:00",2058.148,
"27.11.2024 10:15",3874.051,
"27.11.2024 10:30",9122.271,
"27.11.2024 10:45",7654.322,
"27.11.2024 11:00",7507.000,
"27.11.2024 11:15",10868.000,
"27.11.2024 11:30",5653.441,
"27.11.2024 11:45",5391.000,
"27.11.2024 12:00",5045.000,
"27.11.2024 12:15",4472.000,
"27.11.2024 12:30",4105.083,
"27.11.2024 12:45",5989.197,
"27.11.2024 13:00",4345.000,
"27.11.2024 13:15",3062.200,
"27.11.2024 13:30",3001.000,
"27.11.2024 13:45",1419.900,
"27.11.2024 14:00",1131.902,
"27.11.2024 14:15",1061.153,
"27.11.2024 14:30",659.049,
"27.11.2024 14:45",221.153,
"27.11.2024 15:00",141.300,
"27.11.2024 15:15",0.000,
"27.11.2024 15:30",0.000,
"27.11.2024 15:45",0.000,
"27.11.2024 16:00",0.000,
"27.11.2024 16:15",0.000,
"27.11.2024 16:30",0.000,
"27.11.2024 16:45",0.000,
"27.11.2024 17:00",0.000,
"27.11.2024 17:15",0.000,
"27.11.2024 17:30",0.000,
"27.11.2024 17:45",0.000,
"27.11.2024 18:00",0.000,
"27.11.2024 18:15",0.000,
"27.11.2024 18:30",0.000,
"27.11.2024 18:45",0.000,
"27.11.2024 19:00",0.000,
"27.11.2024 19:15",0.000,
"27.11.2024 19:30",0.000,
"27.11.2024 19:45",0.000,
"27.11.2024 20:00",0.000,
"27.11.2024 20:15",0.000,
"27.11.2024 20:30",0.000,
"27.11.2024 20:45",0.000,
"27.11.2024 21:00",0.000,
"27.11.2024 21:15",0.000,
"27.11.2024 21:30",0.000,
"27.11.2024 21:45",0.000,
"27.11.2024 22:00",0.000,
"27.11.2024 22:15",0.000,
"27.11.2024 22:30",0.000,
"27.11.2024 22:45",0.000,
"27.11.2024 23:00",0.000,
"27.11.2024 23:15",0.000,
"27.11.2024 23:30",0.000,
"27.11.2024 23:45",0.000,
"28.11.2024 00:00",0.000,
"28.11.2024 00:15",0.000,
"28.11.2024 00:30",0.000,
"28.11.2024 00:45",0.000,
"28.11.2024 01:00",0.000,
"28.11.2024 01:15",0.000,
"28.11.2024 01:30",0.000,
"28.11.2024 01:45",0.000,
"28.11.2024 02:00",0.000,
"28.11.2024 02:15",0.000,
"28.11.2024 02:30",0.000,
"28.11.2024 02:45",0.000,
"28.11.2024 03:00",0.000,
"28.11.2024 03:15",0.000,
"28.11.2024 03:30",0.000,
"28.11.2024 03:45",0.000,
"28.11.2024 04:00",0.000,
"28.11.2024 04:15",0.000,
"28.11.2024 04:30",0.000,
"28.11.2024 04:45",0.000,
"28.11.2024 05:00",0.000,
"28.11.2024 05:15",0.000,
"28.11.2024 05:30",0.000,
"28.11.2024 05:45",0.000,
"28.11.2024 06:00",0.000,
"28.11.2024 06:15",0.000,
"28.11.2024 06:30",0.000,
"28.11.2024 06:45",0.000,
"28.11.2024 07:00",0.000,
"28.11.2024 07:15",0.000,
"28.11.2024 07:30",0.000,
"28.11.2024 07:45",0.000,
"28.11.2024 08:00",0.000,
"28.11.2024 08:15",0.000,
"28.11.2024 08:30",0.000,
"28.11.2024 08:45",149.000,
"28.11.2024 09:00",490.000,
"28.11.2024 09:15",1067.695,
"28.11.2024 09:30",404.000,
"28.11.2024 09:45",1069.115,
"28.11.2024 10:00",1810.100,
"28.11.2024 10:15",1945.180,
"28.11.2024 10:30",1429.100,
"28.11.2024 10:45",2080.068,
"28.11.2024 11:00",2802.900,
"28.11.2024 11:15",4122.000,
"28.11.2024 11:30",3695.262,
"28.11.2024 11:45",4642.900,
"28.11.2024 12:00",2107.000,
"28.11.2024 12:15",1675.000,
"28.11.2024 12:30",2367.885,
"28.11.2024 12:45",4179.900,
"28.11.2024 13:00",7148.100,
"28.11.2024 13:15",5910.068,
"28.11.2024 13:30",3387.000,
"28.11.2024 13:45",5807.000,
"28.11.2024 14:00",3332.066,
"28.11.2024 14:15",3186.593,
"28.11.2024 14:30",2634.607,
"28.11.2024 14:45",1883.288,
"28.11.2024 15:00",2342.949,
"28.11.2024 15:15",1433.066,
"28.11.2024 15:30",549.017,
"28.11.2024 15:45",236.984,
"28.11.2024 16:00",127.803,
"28.11.2024 16:15",0.000,
"28.11.2024 16:30",0.000,
"28.11.2024 16:45",0.000,
"28.11.2024 17:00",0.000,
"28.11.2024 17:15",0.000,
"28.11.2024 17:30",0.000,
"28.11.2024 17:45",0.000,
"28.11.2024 18:00",0.000,
"28.11.2024 18:15",0.000,
"28.11.2024 18:30",0.000,
"28.11.2024 18:45",0.000,
"28.11.2024 19:00",0.000,
"28.11.2024 19:15",0.000,
"28.11.2024 19:30",0.000,
"28.11.2024 19:45",0.000,
"28.11.2024 20:00",0.000,
"28.11.2024 20:15",0.000,
"28.11.2024 20:30",0.000,
"28.11.2024 20:45",0.000,
"28.11.2024 21:00",0.000,
"28.11.2024 21:15",0.000,
"28.11.2024 21:30",0.000,
"28.11.2024 21:45",0.000,
"28.11.2024 22:00",0.000,
"28.11.2024 22:15",0.000,
"28.11.2024 22:30",0.000,
"28.11.2024 22:45",0.000,
"28.11.2024 23:00",0.000,
"28.11.2024 23:15",0.000,
"28.11.2024 23:30",0.000,
"28.11.2024 23:45",0.000,
"29.11.2024 00:00",0.000,
"29.11.2024 00:15",0.000,
"29.11.2024 00:30",0.000,
"29.11.2024 00:45",0.000,
"29.11.2024 01:00",0.000,
"29.11.2024 01:15",0.000,
"29.11.2024 01:30",0.000,
"29.11.2024 01:45",0.000,
"29.11.2024 02:00",0.000,
"29.11.2024 02:15",0.000,
"29.11.2024 02:30",0.000,
"29.11.2024 02:45",-0.450,
"29.11.2024 03:00",0.000,
"29.11.2024 03:15",0.000,
"29.11.2024 03:30",0.000,
"29.11.2024 03:45",0.000,
"29.11.2024 04:00",0.000,
"29.11.2024 04:15",0.000,
"29.11.2024 04:30",0.000,
"29.11.2024 04:45",0.000,
"29.11.2024 05:00",0.000,
"29.11.2024 05:15",0.000,
"29.11.2024 05:30",0.000,
"29.11.2024 05:45",0.000,
"29.11.2024 06:00",0.000,
"29.11.2024 06:15",0.000,
"29.11.2024 06:30",0.000,
"29.11.2024 06:45",0.000,
"29.11.2024 07:00",0.000,
"29.11.2024 07:15",0.000,
"29.11.2024 07:30",0.000,
"29.11.2024 07:45",0.000,
"29.11.2024 08:00",0.000,
"29.11.2024 08:15",116.237,
"29.11.2024 08:30",463.900,
"29.11.2024 08:45",868.458,
"29.11.2024 09:00",1539.220,
"29.11.2024 09:15",2740.271,
"29.11.2024 09:30",4351.200,
"29.11.2024 09:45",5331.164,
"29.11.2024 10:00",6219.051,
"29.11.2024 10:15",7332.288,
"29.11.2024 10:30",7794.000,
"29.11.2024 10:45",8897.695,
"29.11.2024 11:00",9710.000,
"29.11.2024 11:15",10585.100,
"29.11.2024 11:30",11355.085,
"29.11.2024 11:45",11875.068,
"29.11.2024 12:00",12165.443,
"29.11.2024 12:15",11250.763,
"29.11.2024 12:30",11566.000,
"29.11.2024 12:45",11352.082,
"29.11.2024 13:00",11067.066,
"29.11.2024 13:15",10600.900,
"29.11.2024 13:30",9904.900,
"29.11.2024 13:45",9117.100,
"29.11.2024 14:00",8395.983,
"29.11.2024 14:15",6060.000,
"29.11.2024 14:30",6399.900,
"29.11.2024 14:45",5736.102,
"29.11.2024 15:00",4693.197,
"29.11.2024 15:15",2830.000,
"29.11.2024 15:30",1378.100,
"29.11.2024 15:45",617.610,
"29.11.2024 16:00",160.754,
"29.11.2024 16:15",0.000,
"29.11.2024 16:30",0.000,
"29.11.2024 16:45",0.000,
"29.11.2024 17:00",0.000,
"29.11.2024 17:15",0.000,
"29.11.2024 17:30",0.000,
"29.11.2024 17:45",0.000,
"29.11.2024 18:00",0.000,
"29.11.2024 18:15",0.000,
"29.11.2024 18:30",0.000,
"29.11.2024 18:45",0.000,
"29.11.2024 19:00",0.000,
"29.11.2024 19:15",0.000,
"29.11.2024 19:30",0.000,
"29.11.2024 19:45",0.000,
"29.11.2024 20:00",0.000,
"29.11.2024 20:15",0.000,
"29.11.2024 20:30",0.000,
"29.11.2024 20:45",0.000,
"29.11.2024 21:00",0.000,
"29.11.2024 21:15",0.000,
"29.11.2024 21:30",0.000,
"29.11.2024 21:45",0.000,
"29.11.2024 22:00",0.000,
"29.11.2024 22:15",0.000,
"29.11.2024 22:30",0.000,
"29.11.2024 22:45",0.000,
"29.11.2024 23:00",0.000,
"29.11.2024 23:15",0.000,
"29.11.2024 23:30",0.000,
"29.11.2024 23:45",0.000,
"30.11.2024 00:00",0.000,
"30.11.2024 00:15",0.000,
"30.11.2024 00:30",0.000,
"30.11.2024 00:45",0.000,
"30.11.2024 01:00",0.000,
"30.11.2024 01:15",0.000,
"30.11.2024 01:30",0.000,
"30.11.2024 01:45",0.000,
"30.11.2024 02:00",0.000,
"30.11.2024 02:15",0.000,
"30.11.2024 02:30",0.000,
"30.11.2024 02:45",0.000,
"30.11.2024 03:00",0.000,
"30.11.2024 03:15",0.000,
"30.11.2024 03:30",0.000,
"30.11.2024 03:45",0.000,
"30.11.2024 04:00",0.000,
"30.11.2024 04:15",0.000,
"30.11.2024 04:30",0.000,
"30.11.2024 04:45",0.000,
"30.11.2024 05:00",0.000,
"30.11.2024 05:15",0.000,
"30.11.2024 05:30",0.000,
"30.11.2024 05:45",0.000,
"30.11.2024 06:00",0.000,
"30.11.2024 06:15",0.000,
"30.11.2024 06:30",0.000,
"30.11.2024 06:45",0.000,
"30.11.2024 07:00",0.000,
"30.11.2024 07:15",0.000,
"30.11.2024 07:30",0.000,
"30.11.2024 07:45",0.000,
"30.11.2024 08:00",0.000,
"30.11.2024 08:15",0.000,
"30.11.2024 08:30",197.000,
"30.11.2024 08:45",533.900,
"30.11.2024 09:00",995.458,
"30.11.2024 09:15",1765.288,
"30.11.2024 09:30",2681.262,
"30.11.2024 09:45",3834.100,
"30.11.2024 10:00",4640.390,
"30.11.2024 10:15",5192.100,
"30.11.2024 10:30",6310.167,
"30.11.2024 10:45",7300.100,
"30.11.2024 11:00",8890.426,
"30.11.2024 11:15",11046.164,
"30.11.2024 11:30",11712.750,
"30.11.2024 11:45",12291.100,
"30.11.2024 12:00",12723.525,
"30.11.2024 12:15",12791.574,
"30.11.2024 12:30",9343.100,
"30.11.2024 12:45",10397.000,
"30.11.2024 13:00",10344.000,
"30.11.2024 13:15",9894.115,
"30.11.2024 13:30",9022.000,
"30.11.2024 13:45",9433.000,
"30.11.2024 14:00",9924.426,
"30.11.2024 14:15",7356.475,
"30.11.2024 14:30",2174.417,
"30.11.2024 14:45",2502.424,
"30.11.2024 15:00",3198.377,
"30.11.2024 15:15",1332.800,
"30.11.2024 15:30",890.100,
"30.11.2024 15:45",272.541,
"30.11.2024 16:00",0.000,
"30.11.2024 16:15",0.000,
"30.11.2024 16:30",0.000,
"30.11.2024 16:45",0.000,
"30.11.2024 17:00",0.000,
"30.11.2024 17:15",0.000,
"30.11.2024 17:30",0.000,
"30.11.2024 17:45",0.000,
"30.11.2024 18:00",0.000,
"30.11.2024 18:15",0.000,
"30.11.2024 18:30",0.000,
"30.11.2024 18:45",0.000,
"30.11.2024 19:00",0.000,
"30.11.2024 19:15",0.000,
"30.11.2024 19:30",0.000,
"30.11.2024 19:45",0.000,
"30.11.2024 20:00",0.000,
"30.11.2024 20:15",0.000,
"30.11.2024 20:30",0.000,
"30.11.2024 20:45",0.000,
"30.11.2024 21:00",0.000,
"30.11.2024 21:15",0.000,
"30.11.2024 21:30",0.000,
"30.11.2024 21:45",0.000,
"30.11.2024 22:00",0.000,
"30.11.2024 22:15",0.000,
"30.11.2024 22:30",0.000,
"30.11.2024 22:45",0.000,
"30.11.2024 23:00",0.000,
"30.11.2024 23:15",0.000,
"30.11.2024 23:30",0.000,
"30.11.2024 23:45",0.000,
"01.12.2024 00:00",0.000,
"01.12.2024 00:15",0.000,
"01.12.2024 00:30",0.000,
"01.12.2024 00:45",0.000,
"01.12.2024 01:00",0.000,
"01.12.2024 01:15",0.000,
"01.12.2024 01:30",0.000,
"01.12.2024 01:45",0.000,
"01.12.2024 02:00",0.000,
"01.12.2024 02:15",0.000,
"01.12.2024 02:30",0.000,
"01.12.2024 02:45",0.000,
"01.12.2024 03:00",0.000,
"01.12.2024 03:15",0.000,
"01.12.2024 03:30",0.000,
"01.12.2024 03:45",0.000,
"01.12.2024 04:00",0.000,
"01.12.2024 04:15",0.000,
"01.12.2024 04:30",0.000,
"01.12.2024 04:45",0.000,
"01.12.2024 05:00",0.000,
"01.12.2024 05:15",0.000,
"01.12.2024 05:30",0.000,
"01.12.2024 05:45",0.000,
"01.12.2024 06:00",0.000,
"01.12.2024 06:15",0.000,
"01.12.2024 06:30",0.000,
"01.12.2024 06:45",0.000,
"01.12.2024 07:00",0.000,
"01.12.2024 07:15",0.000,
"01.12.2024 07:30",0.000,
"01.12.2024 07:45",0.000,
"01.12.2024 08:00",0.000,
"01.12.2024 08:15",0.000,
"01.12.2024 08:30",0.000,
"01.12.2024 08:45",0.000,
"01.12.2024 09:00",236.200,
"01.12.2024 09:15",465.000,
"01.12.2024 09:30",744.000,
"01.12.2024 09:45",1273.000,
"01.12.2024 10:00",2160.000,
"01.12.2024 10:15",2479.000,
"01.12.2024 10:30",3225.051,
"01.12.2024 10:45",8361.271,
"01.12.2024 11:00",8483.721,
"01.12.2024 11:15",9709.115,
"01.12.2024 11:30",10265.800,
"01.12.2024 11:45",10749.000,
"01.12.2024 12:00",10966.803,
"01.12.2024 12:15",10919.900,
"01.12.2024 12:30",10894.000,
"01.12.2024 12:45",10568.100,
"01.12.2024 13:00",9942.000,
"01.12.2024 13:15",9550.237,
"01.12.2024 13:30",8757.949,
"01.12.2024 13:45",7727.085,
"01.12.2024 14:00",7964.576,
"01.12.2024 14:15",7253.000,
"01.12.2024 14:30",6333.900,
"01.12.2024 14:45",3274.900,
"01.12.2024 15:00",2268.864,
"01.12.2024 15:15",1200.254,
"01.12.2024 15:30",767.000,
"01.12.2024 15:45",478.458,
"01.12.2024 16:00",17.100,
"01.12.2024 16:15",0.000,
"01.12.2024 16:30",0.000,
"01.12.2024 16:45",0.000,
"01.12.2024 17:00",0.000,
"01.12.2024 17:15",0.000,
"01.12.2024 17:30",0.000,
"01.12.2024 17:45",0.000,
"01.12.2024 18:00",0.000,
"01.12.2024 18:15",0.000,
"01.12.2024 18:30",0.000,
"01.12.2024 18:45",0.000,
"01.12.2024 19:00",0.000,
"01.12.2024 19:15",0.000,
"01.12.2024 19:30",0.000,
"01.12.2024 19:45",0.000,
"01.12.2024 20:00",0.000,
"01.12.2024 20:15",0.000,
"01.12.2024 20:30",0.000,
"01.12.2024 20:45",0.000,
"01.12.2024 21:00",0.000,
"01.12.2024 21:15",0.000,
"01.12.2024 21:30",0.000,
"01.12.2024 21:45",0.000,
"01.12.2024 22:00",0.000,
"01.12.2024 22:15",0.000,
"01.12.2024 22:30",0.000,
"01.12.2024 22:45",0.000,
"01.12.2024 23:00",0.000,
"01.12.2024 23:15",0.000,
"01.12.2024 23:30",0.000,
"01.12.2024 23:45",0.000,
"02.12.2024 00:00",0.000,
"02.12.2024 00:15",0.000,
"02.12.2024 00:30",0.000,
"02.12.2024 00:45",0.000,
"02.12.2024 01:00",0.000,
"02.12.2024 01:15",0.000,
"02.12.2024 01:30",0.000,
"02.12.2024 01:45",0.000,
"02.12.2024 02:00",0.000,
"02.12.2024 02:15",0.000,
"02.12.2024 02:30",0.000,
"02.12.2024 02:45",-0.455,
"02.12.2024 03:00",0.000,
"02.12.2024 03:15",0.000,
"02.12.2024 03:30",0.000,
"02.12.2024 03:45",0.000,
"02.12.2024 04:00",0.000,
"02.12.2024 04:15",0.000,
"02.12.2024 04:30",0.000,
"02.12.2024 04:45",0.000,
"02.12.2024 05:00",0.000,
"02.12.2024 05:15",0.000,
"02.12.2024 05:30",0.000,
"02.12.2024 05:45",0.000,
"02.12.2024 06:00",0.000,
"02.12.2024 06:15",0.000,
"02.12.2024 06:30",0.000,
"02.12.2024 06:45",0.000,
"02.12.2024 07:00",0.000,
"02.12.2024 07:15",0.000,
"02.12.2024 07:30",0.000,
"02.12.2024 07:45",0.000,
"02.12.2024 08:00",0.000,
"02.12.2024 08:15",0.000,
"02.12.2024 08:30",0.000,
"02.12.2024 08:45",0.000,
"02.12.2024 09:00",0.000,
"02.12.2024 09:15",294.148,
"02.12.2024 09:30",655.197,
"02.12.2024 09:45",500.000,
"02.12.2024 10:00",1292.000,
"02.12.2024 10:15",703.300,
"02.12.2024 10:30",1216.984,
"02.12.2024 10:45",1533.100,
"02.12.2024 11:00",2207.885,
"02.12.2024 11:15",2436.803,
"02.12.2024 11:30",2457.148,
"02.12.2024 11:45",3988.295,
"02.12.2024 12:00",1084.377,
"02.12.2024 12:15",1991.100,
"02.12.2024 12:30",1741.000,
"02.12.2024 12:45",1476.864,
"02.12.2024 13:00",1290.100,
"02.12.2024 13:15",1748.864,
"02.12.2024 13:30",1579.475,
"02.12.2024 13:45",1052.967,
"02.12.2024 14:00",328.770,
"02.12.2024 14:15",1220.180,
"02.12.2024 14:30",719.900,
"02.12.2024 14:45",521.000,
"02.12.2024 15:00",864.000,
"02.12.2024 15:15",203.098,
"02.12.2024 15:30",137.864,
"02.12.2024 15:45",0.000,
"02.12.2024 16:00",0.000,
"02.12.2024 16:15",0.000,
"02.12.2024 16:30",0.000,
"02.12.2024 16:45",0.000,
"02.12.2024 17:00",0.000,
"02.12.2024 17:15",0.000,
"02.12.2024 17:30",0.000,
"02.12.2024 17:45",0.000,
"02.12.2024 18:00",0.000,
"02.12.2024 18:15",0.000,
"02.12.2024 18:30",0.000,
"02.12.2024 18:45",0.000,
"02.12.2024 19:00",0.000,
"02.12.2024 19:15",0.000,
"02.12.2024 19:30",0.000,
"02.12.2024 19:45",0.000,
"02.12.2024 20:00",0.000,
"02.12.2024 20:15",0.000,
"02.12.2024 20:30",0.000,
"02.12.2024 20:45",0.000,
"02.12.2024 21:00",0.000,
"02.12.2024 21:15",0.000,
"02.12.2024 21:30",0.000,
"02.12.2024 21:45",0.000,
"02.12.2024 22:00",0.000,
"02.12.2024 22:15",0.000,
"02.12.2024 22:30",0.000,
"02.12.2024 22:45",0.000,
"02.12.2024 23:00",0.000,
"02.12.2024 23:15",0.000,
"02.12.2024 23:30",0.000,
"02.12.2024 23:45",0.000,
"03.12.2024 00:00",0.000,
"03.12.2024 00:15",0.000,
"03.12.2024 00:30",0.000,
"03.12.2024 00:45",0.000,
"03.12.2024 01:00",0.000,
"03.12.2024 01:15",0.000,
"03.12.2024 01:30",0.000,
"03.12.2024 01:45",0.000,
"03.12.2024 02:00",0.000,
"03.12.2024 02:15",0.000,
"03.12.2024 02:30",0.000,
"03.12.2024 02:45",-0.450,
"03.12.2024 03:00",0.000,
"03.12.2024 03:15",0.000,
"03.12.2024 03:30",0.000,
"03.12.2024 03:45",0.000,
"03.12.2024 04:00",0.000,
"03.12.2024 04:15",0.000,
"03.12.2024 04:30",0.000,
"03.12.2024 04:45",0.000,
"03.12.2024 05:00",0.000,
"03.12.2024 05:15",0.000,
"03.12.2024 05:30",0.000,
"03.12.2024 05:45",0.000,
"03.12.2024 06:00",0.000,
"03.12.2024 06:15",0.000,
"03.12.2024 06:30",0.000,
"03.12.2024 06:45",0.000,
"03.12.2024 07:00",0.000,
"03.12.2024 07:15",0.000,
"03.12.2024 07:30",0.000,
"03.12.2024 07:45",0.000,
"03.12.2024 08:00",0.000,
"03.12.2024 08:15",0.000,
"03.12.2024 08:30",0.000,
"03.12.2024 08:45",237.098,
"03.12.2024 09:00",590.407,
"03.12.2024 09:15",1335.000,
"03.12.2024 09:30",3275.000,
"03.12.2024 09:45",3004.800,
"03.12.2024 10:00",5531.000,
"03.12.2024 10:15",9158.852,
"03.12.2024 10:30",5206.738,
"03.12.2024 10:45",5623.000,
"03.12.2024 11:00",7105.082,
"03.12.2024 11:15",12939.459,
"03.12.2024 11:30",8714.033,
"03.12.2024 11:45",14489.900,
"03.12.2024 12:00",6998.607,
"03.12.2024 12:15",6976.000,
"03.12.2024 12:30",4247.000,
"03.12.2024 12:45",3723.200,
"03.12.2024 13:00",9650.000,
"03.12.2024 13:15",4772.000,
"03.12.2024 13:30",4883.271,
"03.12.2024 13:45",6375.644,
"03.12.2024 14:00",4624.000,
"03.12.2024 14:15",2265.800,
"03.12.2024 14:30",1937.148,
"03.12.2024 14:45",2815.016,
"03.12.2024 15:00",1220.770,
"03.12.2024 15:15",647.763,
"03.12.2024 15:30",508.627,
"03.12.2024 15:45",0.000,
"03.12.2024 16:00",0.000,
"03.12.2024 16:15",0.000,
"03.12.2024 16:30",0.000,
"03.12.2024 16:45",0.000,
"03.12.2024 17:00",0.000,
"03.12.2024 17:15",0.000,
"03.12.2024 17:30",0.000,
"03.12.2024 17:45",0.000,
"03.12.2024 18:00",0.000,
"03.12.2024 18:15",0.000,
"03.12.2024 18:30",0.000,
"03.12.2024 18:45",0.000,
"03.12.2024 19:00",0.000,
"03.12.2024 19:15",0.000,
"03.12.2024 19:30",0.000,
"03.12.2024 19:45",0.000,
"03.12.2024 20:00",0.000,
"03.12.2024 20:15",0.000,
"03.12.2024 20:30",0.000,
"03.12.2024 20:45",0.000,
"03.12.2024 21:00",0.000,
"03.12.2024 21:15",0.000,
"03.12.2024 21:30",0.000,
"03.12.2024 21:45",0.000,
"03.12.2024 22:00",0.000,
"03.12.2024 22:15",0.000,
"03.12.2024 22:30",0.000,
"03.12.2024 22:45",0.000,
"03.12.2024 23:00",0.000,
"03.12.2024 23:15",0.000,
"03.12.2024 23:30",0.000,
"03.12.2024 23:45",0.000,
"04.12.2024 00:00",0.000,
"04.12.2024 00:15",0.000,
"04.12.2024 00:30",0.000,
"04.12.2024 00:45",0.000,
"04.12.2024 01:00",0.000,
"04.12.2024 01:15",0.000,
"04.12.2024 01:30",0.000,
"04.12.2024 01:45",0.000,
"04.12.2024 02:00",0.000,
"04.12.2024 02:15",0.000,
"04.12.2024 02:30",0.000,
"04.12.2024 02:45",0.000,
"04.12.2024 03:00",0.000,
"04.12.2024 03:15",0.000,
"04.12.2024 03:30",0.000,
"04.12.2024 03:45",0.000,
"04.12.2024 04:00",0.000,
"04.12.2024 04:15",0.000,
"04.12.2024 04:30",0.000,
"04.12.2024 04:45",0.000,
"04.12.2024 05:00",0.000,
"04.12.2024 05:15",0.000,
"04.12.2024 05:30",0.000,
"04.12.2024 05:45",0.000,
"04.12.2024 06:00",0.000,
"04.12.2024 06:15",0.000,
"04.12.2024 06:30",0.000,
"04.12.2024 06:45",0.000,
"04.12.2024 07:00",0.000,
"04.12.2024 07:15",0.000,
"04.12.2024 07:30",0.000,
"04.12.2024 07:45",0.000,
"04.12.2024 08:00",0.000,
"04.12.2024 08:15",0.000,
"04.12.2024 08:30",0.000,
"04.12.2024 08:45",0.000,
"04.12.2024 09:00",236.000,
"04.12.2024 09:15",620.200,
"04.12.2024 09:30",734.000,
"04.12.2024 09:45",1519.900,
"04.12.2024 10:00",1492.800,
"04.12.2024 10:15",1157.932,
"04.12.2024 10:30",1388.836,
"04.12.2024 10:45",1588.678,
"04.12.2024 11:00",2101.082,
"04.12.2024 11:15",1858.100,
"04.12.2024 11:30",2304.100,
"04.12.2024 11:45",3721.000,
"04.12.2024 12:00",6545.100,
"04.12.2024 12:15",6452.525,
"04.12.2024 12:30",2912.458,
"04.12.2024 12:45",2643.100,
"04.12.2024 13:00",2086.800,
"04.12.2024 13:15",1839.966,
"04.12.2024 13:30",1925.100,
"04.12.2024 13:45",3333.000,
"04.12.2024 14:00",2853.000,
"04.12.2024 14:15",1933.951,
"04.12.2024 14:30",496.984,
"04.12.2024 14:45",785.000,
"04.12.2024 15:00",1168.610,
"04.12.2024 15:15",1043.900,
"04.12.2024 15:30",468.000,
"04.12.2024 15:45",389.000,
"04.12.2024 16:00",0.000,
"04.12.2024 16:15",0.000,
"04.12.2024 16:30",0.000,
"04.12.2024 16:45",0.000,
"04.12.2024 17:00",0.000,
"04.12.2024 17:15",0.000,
"04.12.2024 17:30",0.000,
"04.12.2024 17:45",0.000,
"04.12.2024 18:00",0.000,
"04.12.2024 18:15",0.000,
"04.12.2024 18:30",0.000,
"04.12.2024 18:45",0.000,
"04.12.2024 19:00",0.000,
"04.12.2024 19:15",0.000,
"04.12.2024 19:30",0.000,
"04.12.2024 19:45",0.000,
"04.12.2024 20:00",0.000,
"04.12.2024 20:15",0.000,
"04.12.2024 20:30",0.000,
"04.12.2024 20:45",0.000,
"04.12.2024 21:00",0.000,
"04.12.2024 21:15",0.000,
"04.12.2024 21:30",0.000,
"04.12.2024 21:45",0.000,
"04.12.2024 22:00",0.000,
"04.12.2024 22:15",0.000,
"04.12.2024 22:30",0.000,
"04.12.2024 22:45",0.000,
"04.12.2024 23:00",0.000,
"04.12.2024 23:15",0.000,
"04.12.2024 23:30",0.000,
"04.12.2024 23:45",0.000,
"05.12.2024 00:00",0.000,
"05.12.2024 00:15",0.000,
"05.12.2024 00:30",0.000,
"05.12.2024 00:45",0.000,
"05.12.2024 01:00",0.000,
"05.12.2024 01:15",0.000,
"05.12.2024 01:30",0.000,
"05.12.2024 01:45",0.000,
"05.12.2024 02:00",0.000,
"05.12.2024 02:15",0.000,
"05.12.2024 02:30",0.000,
"05.12.2024 02:45",0.000,
"05.12.2024 03:00",0.000,
"05.12.2024 03:15",0.000,
"05.12.2024 03:30",0.000,
"05.12.2024 03:45",0.000,
"05.12.2024 04:00",0.000,
"05.12.2024 04:15",0.000,
"05.12.2024 04:30",0.000,
"05.12.2024 04:45",0.000,
"05.12.2024 05:00",0.000,
"05.12.2024 05:15",0.000,
"05.12.2024 05:30",0.000,
"05.12.2024 05:45",0.000,
"05.12.2024 06:00",0.000,
"05.12.2024 06:15",0.000,
"05.12.2024 06:30",0.000,
"05.12.2024 06:45",0.000,
"05.12.2024 07:00",0.000,
"05.12.2024 07:15",0.000,
"05.12.2024 07:30",0.000,
"05.12.2024 07:45",0.000,
"05.12.2024 08:00",0.000,
"05.12.2024 08:15",0.000,
"05.12.2024 08:30",124.200,
"05.12.2024 08:45",227.000,
"05.12.2024 09:00",255.000,
"05.12.2024 09:15",444.000,
"05.12.2024 09:30",633.639,
"05.12.2024 09:45",637.780,
"05.12.2024 10:00",1341.763,
"05.12.2024 10:15",3822.393,
"05.12.2024 10:30",3816.000,
"05.12.2024 10:45",3474.100,
"05.12.2024 11:00",5207.356,
"05.12.2024 11:15",5183.100,
"05.12.2024 11:30",7165.900,
"05.12.2024 11:45",7014.000,
"05.12.2024 12:00",7712.000,
"05.12.2024 12:15",6672.557,
"05.12.2024 12:30",4819.200,
"05.12.2024 12:45",4500.098,
"05.12.2024 13:00",8533.881,
"05.12.2024 13:15",7067.695,
"05.12.2024 13:30",4696.900,
"05.12.2024 13:45",2755.000,
"05.12.2024 14:00",3041.700,
"05.12.2024 14:15",1588.542,
"05.12.2024 14:30",1335.153,
"05.12.2024 14:45",821.847,
"05.12.2024 15:00",741.100,
"05.12.2024 15:15",437.900,
"05.12.2024 15:30",0.000,
"05.12.2024 15:45",0.000,
"05.12.2024 16:00",0.000,
"05.12.2024 16:15",0.000,
"05.12.2024 16:30",0.000,
"05.12.2024 16:45",0.000,
"05.12.2024 17:00",0.000,
"05.12.2024 17:15",0.000,
"05.12.2024 17:30",0.000,
"05.12.2024 17:45",0.000,
"05.12.2024 18:00",0.000,
"05.12.2024 18:15",0.000,
"05.12.2024 18:30",0.000,
"05.12.2024 18:45",0.000,
"05.12.2024 19:00",0.000,
"05.12.2024 19:15",0.000,
"05.12.2024 19:30",0.000,
"05.12.2024 19:45",0.000,
"05.12.2024 20:00",0.000,
"05.12.2024 20:15",0.000,
"05.12.2024 20:30",0.000,
"05.12.2024 20:45",0.000,
"05.12.2024 21:00",0.000,
"05.12.2024 21:15",0.000,
"05.12.2024 21:30",0.000,
"05.12.2024 21:45",0.000,
"05.12.2024 22:00",0.000,
"05.12.2024 22:15",0.000,
"05.12.2024 22:30",0.000,
"05.12.2024 22:45",0.000,
"05.12.2024 23:00",0.000,
"05.12.2024 23:15",0.000,
"05.12.2024 23:30",0.000,
"05.12.2024 23:45",0.000,
"06.12.2024 00:00",0.000,
"06.12.2024 00:15",0.000,
"06.12.2024 00:30",0.000,
"06.12.2024 00:45",0.000,
"06.12.2024 01:00",0.000,
"06.12.2024 01:15",0.000,
"06.12.2024 01:30",0.000,
"06.12.2024 01:45",0.000,
"06.12.2024 02:00",0.000,
"06.12.2024 02:15",0.000,
"06.12.2024 02:30",0.000,
"06.12.2024 02:45",0.000,
"06.12.2024 03:00",0.000,
"06.12.2024 03:15",0.000,
"06.12.2024 03:30",0.000,
"06.12.2024 03:45",0.000,
"06.12.2024 04:00",0.000,
"06.12.2024 04:15",0.000,
"06.12.2024 04:30",0.000,
"06.12.2024 04:45",0.000,
"06.12.2024 05:00",0.000,
"06.12.2024 05:15",0.000,
"06.12.2024 05:30",0.000,
"06.12.2024 05:45",0.000,
"06.12.2024 06:00",0.000,
"06.12.2024 06:15",0.000,
"06.12.2024 06:30",0.000,
"06.12.2024 06:45",0.000,
"06.12.2024 07:00",0.000,
"06.12.2024 07:15",0.000,
"06.12.2024 07:30",0.000,
"06.12.2024 07:45",0.000,
"06.12.2024 08:00",0.000,
"06.12.2024 08:15",0.000,
"06.12.2024 08:30",0.000,
"06.12.2024 08:45",187.000,
"06.12.2024 09:00",493.458,
"06.12.2024 09:15",836.000,
"06.12.2024 09:30",1277.246,
"06.12.2024 09:45",1605.237,
"06.12.2024 10:00",3017.900,
"06.12.2024 10:15",5181.000,
"06.12.2024 10:30",6850.746,
"06.12.2024 10:45",6140.100,
"06.12.2024 11:00",11184.900,
"06.12.2024 11:15",8638.100,
"06.12.2024 11:30",2734.900,
"06.12.2024 11:45",2137.000,
"06.12.2024 12:00",1751.000,
"06.12.2024 12:15",2836.900,
"06.12.2024 12:30",1483.200,
"06.12.2024 12:45",2321.100,
"06.12.2024 13:00",2206.000,
"06.12.2024 13:15",2912.903,
"06.12.2024 13:30",2650.475,
"06.12.2024 13:45",2598.542,
"06.12.2024 14:00",1398.000,
"06.12.2024 14:15",995.915,
"06.12.2024 14:30",677.847,
"06.12.2024 14:45",383.288,
"06.12.2024 15:00",236.847,
"06.12.2024 15:15",137.000,
"06.12.2024 15:30",97.900,
"06.12.2024 15:45",86.984,
"06.12.2024 16:00",0.000,
"06.12.2024 16:15",0.000,
"06.12.2024 16:30",0.000,
"06.12.2024 16:45",0.000,
"06.12.2024 17:00",0.000,
"06.12.2024 17:15",0.000,
"06.12.2024 17:30",0.000,
"06.12.2024 17:45",0.000,
"06.12.2024 18:00",0.000,
"06.12.2024 18:15",0.000,
"06.12.2024 18:30",0.000,
"06.12.2024 18:45",0.000,
"06.12.2024 19:00",0.000,
"06.12.2024 19:15",0.000,
"06.12.2024 19:30",0.000,
"06.12.2024 19:45",0.000,
"06.12.2024 20:00",0.000,
"06.12.2024 20:15",0.000,
"06.12.2024 20:30",0.000,
"06.12.2024 20:45",0.000,
"06.12.2024 21:00",0.000,
"06.12.2024 21:15",0.000,
"06.12.2024 21:30",0.000,
"06.12.2024 21:45",0.000,
"06.12.2024 22:00",0.000,
"06.12.2024 22:15",0.000,
"06.12.2024 22:30",0.000,
"06.12.2024 22:45",0.000,
"06.12.2024 23:00",0.000,
"06.12.2024 23:15",0.000,
"06.12.2024 23:30",0.000,
"06.12.2024 23:45",0.000,
"07.12.2024 00:00",0.000,
"07.12.2024 00:15",0.000,
"07.12.2024 00:30",0.000,
"07.12.2024 00:45",0.000,
"07.12.2024 01:00",0.000,
"07.12.2024 01:15",0.000,
"07.12.2024 01:30",0.000,
"07.12.2024 01:45",0.000,
"07.12.2024 02:00",0.000,
"07.12.2024 02:15",0.000,
"07.12.2024 02:30",0.000,
"07.12.2024 02:45",0.000,
"07.12.2024 03:00",0.000,
"07.12.2024 03:15",0.000,
"07.12.2024 03:30",0.000,
"07.12.2024 03:45",0.000,
"07.12.2024 04:00",0.000,
"07.12.2024 04:15",0.000,
"07.12.2024 04:30",0.000,
"07.12.2024 04:45",0.000,
"07.12.2024 05:00",0.000,
"07.12.2024 05:15",0.000,
"07.12.2024 05:30",0.000,
"07.12.2024 05:45",0.000,
"07.12.2024 06:00",0.000,
"07.12.2024 06:15",0.000,
"07.12.2024 06:30",0.000,
"07.12.2024 06:45",0.000,
"07.12.2024 07:00",0.000,
"07.12.2024 07:15",0.000,
"07.12.2024 07:30",0.000,
"07.12.2024 07:45",0.000,
"07.12.2024 08:00",0.000,
"07.12.2024 08:15",0.000,
"07.12.2024 08:30",0.000,
"07.12.2024 08:45",0.000,
"07.12.2024 09:00",0.000,
"07.12.2024 09:15",167.100,
"07.12.2024 09:30",228.100,
"07.12.2024 09:45",277.700,
"07.12.2024 10:00",341.100,
"07.12.2024 10:15",670.100,
"07.12.2024 10:30",1275.200,
"07.12.2024 10:45",1632.900,
"07.12.2024 11:00",2678.424,
"07.12.2024 11:15",1402.000,
"07.12.2024 11:30",1755.115,
"07.12.2024 11:45",1794.373,
"07.12.2024 12:00",2995.672,
"07.12.2024 12:15",876.068,
"07.12.2024 12:30",1234.200,
"07.12.2024 12:45",1283.800,
"07.12.2024 13:00",1925.695,
"07.12.2024 13:15",2320.000,
"07.12.2024 13:30",1651.644,
"07.12.2024 13:45",3057.082,
"07.12.2024 14:00",1057.902,
"07.12.2024 14:15",738.700,
"07.12.2024 14:30",434.000,
"07.12.2024 14:45",788.000,
"07.12.2024 15:00",229.847,
"07.12.2024 15:15",254.852,
"07.12.2024 15:30",88.712,
"07.12.2024 15:45",0.000,
"07.12.2024 16:00",0.000,
"07.12.2024 16:15",0.000,
"07.12.2024 16:30",0.000,
"07.12.2024 16:45",0.000,
"07.12.2024 17:00",0.000,
"07.12.2024 17:15",0.000,
"07.12.2024 17:30",0.000,
"07.12.2024 17:45",0.000,
"07.12.2024 18:00",0.000,
"07.12.2024 18:15",0.000,
"07.12.2024 18:30",0.000,
"07.12.2024 18:45",0.000,
"07.12.2024 19:00",0.000,
"07.12.2024 19:15",0.000,
"07.12.2024 19:30",0.000,
"07.12.2024 19:45",0.000,
"07.12.2024 20:00",0.000,
"07.12.2024 20:15",0.000,
"07.12.2024 20:30",0.000,
"07.12.2024 20:45",0.000,
"07.12.2024 21:00",0.000,
"07.12.2024 21:15",0.000,
"07.12.2024 21:30",0.000,
"07.12.2024 21:45",0.000,
"07.12.2024 22:00",0.000,
"07.12.2024 22:15",0.000,
"07.12.2024 22:30",0.000,
"07.12.2024 22:45",0.000,
"07.12.2024 23:00",0.000,
"07.12.2024 23:15",0.000,
"07.12.2024 23:30",0.000,
"07.12.2024 23:45",0.000,
"08.12.2024 00:00",0.000,
"08.12.2024 00:15",0.000,
"08.12.2024 00:30",0.000,
"08.12.2024 00:45",0.000,
"08.12.2024 01:00",0.000,
"08.12.2024 01:15",0.000,
"08.12.2024 01:30",0.000,
"08.12.2024 01:45",0.000,
"08.12.2024 02:00",0.000,
"08.12.2024 02:15",0.000,
"08.12.2024 02:30",0.000,
"08.12.2024 02:45",0.000,
"08.12.2024 03:00",0.000,
"08.12.2024 03:15",0.000,
"08.12.2024 03:30",0.000,
"08.12.2024 03:45",0.000,
"08.12.2024 04:00",0.000,
"08.12.2024 04:15",0.000,
"08.12.2024 04:30",0.000,
"08.12.2024 04:45",0.000,
"08.12.2024 05:00",0.000,
"08.12.2024 05:15",0.000,
"08.12.2024 05:30",0.000,
"08.12.2024 05:45",0.000,
"08.12.2024 06:00",0.000,
"08.12.2024 06:15",0.000,
"08.12.2024 06:30",0.000,
"08.12.2024 06:45",0.000,
"08.12.2024 07:00",0.000,
"08.12.2024 07:15",0.000,
"08.12.2024 07:30",0.000,
"08.12.2024 07:45",0.000,
"08.12.2024 08:00",0.000,
"08.12.2024 08:15",0.000,
"08.12.2024 08:30",0.000,
"08.12.2024 08:45",412.051,
"08.12.2024 09:00",824.131,
"08.12.2024 09:15",923.627,
"08.12.2024 09:30",923.100,
"08.12.2024 09:45",666.100,
"08.12.2024 10:00",748.800,
"08.12.2024 10:15",1004.100,
"08.12.2024 10:30",2530.305,
"08.12.2024 10:45",3736.100,
"08.12.2024 11:00",3040.250,
"08.12.2024 11:15",3442.900,
"08.12.2024 11:30",2381.700,
"08.12.2024 11:45",919.885,
"08.12.2024 12:00",772.100,
"08.12.2024 12:15",342.200,
"08.12.2024 12:30",1064.983,
"08.12.2024 12:45",1181.984,
"08.12.2024 13:00",1094.098,
"08.12.2024 13:15",2374.695,
"08.12.2024 13:30",1242.148,
"08.12.2024 13:45",2027.148,
"08.12.2024 14:00",979.475,
"08.12.2024 14:15",746.949,
"08.12.2024 14:30",554.131,
"08.12.2024 14:45",217.700,
"08.12.2024 15:00",81.288,
"08.12.2024 15:15",342.000,
"08.12.2024 15:30",242.000,
"08.12.2024 15:45",188.967,
"08.12.2024 16:00",0.000,
"08.12.2024 16:15",0.000,
"08.12.2024 16:30",0.000,
"08.12.2024 16:45",0.000,
"08.12.2024 17:00",0.000,
"08.12.2024 17:15",0.000,
"08.12.2024 17:30",0.000,
"08.12.2024 17:45",0.000,
"08.12.2024 18:00",0.000,
"08.12.2024 18:15",0.000,
"08.12.2024 18:30",0.000,
"08.12.2024 18:45",0.000,
"08.12.2024 19:00",0.000,
"08.12.2024 19:15",0.000,
"08.12.2024 19:30",0.000,
"08.12.2024 19:45",0.000,
"08.12.2024 20:00",0.000,
"08.12.2024 20:15",0.000,
"08.12.2024 20:30",0.000,
"08.12.2024 20:45",0.000,
"08.12.2024 21:00",0.000,
"08.12.2024 21:15",0.000,
"08.12.2024 21:30",0.000,
"08.12.2024 21:45",0.000,
"08.12.2024 22:00",0.000,
"08.12.2024 22:15",0.000,
"08.12.2024 22:30",0.000,
"08.12.2024 22:45",0.000,
"08.12.2024 23:00",0.000,
"08.12.2024 23:15",0.000,
"08.12.2024 23:30",0.000,
"08.12.2024 23:45",0.000,
"09.12.2024 00:00",0.000,
"09.12.2024 00:15",0.000,
"09.12.2024 00:30",0.000,
"09.12.2024 00:45",0.000,
"09.12.2024 01:00",0.000,
"09.12.2024 01:15",0.000,
"09.12.2024 01:30",0.000,
"09.12.2024 01:45",0.000,
"09.12.2024 02:00",0.000,
"09.12.2024 02:15",0.000,
"09.12.2024 02:30",0.000,
"09.12.2024 02:45",0.000,
"09.12.2024 03:00",0.000,
"09.12.2024 03:15",0.000,
"09.12.2024 03:30",0.000,
"09.12.2024 03:45",0.000,
"09.12.2024 04:00",0.000,
"09.12.2024 04:15",0.000,
"09.12.2024 04:30",0.000,
"09.12.2024 04:45",0.000,
"09.12.2024 05:00",0.000,
"09.12.2024 05:15",0.000,
"09.12.2024 05:30",0.000,
"09.12.2024 05:45",0.000,
"09.12.2024 06:00",0.000,
"09.12.2024 06:15",0.000,
"09.12.2024 06:30",0.000,
"09.12.2024 06:45",0.000,
"09.12.2024 07:00",0.000,
"09.12.2024 07:15",0.000,
"09.12.2024 07:30",0.000,
"09.12.2024 07:45",0.000,
"09.12.2024 08:00",0.000,
"09.12.2024 08:15",0.000,
"09.12.2024 08:30",0.000,
"09.12.2024 08:45",0.000,
"09.12.2024 09:00",151.200,
"09.12.2024 09:15",452.000,
"09.12.2024 09:30",135.407,
"09.12.2024 09:45",522.820,
"09.12.2024 10:00",957.100,
"09.12.2024 10:15",2214.900,
"09.12.2024 10:30",1519.000,
"09.12.2024 10:45",799.100,
"09.12.2024 11:00",1032.900,
"09.12.2024 11:15",961.000,
"09.12.2024 11:30",1035.541,
"09.12.2024 11:45",931.800,
"09.12.2024 12:00",1045.000,
"09.12.2024 12:15",1595.100,
"09.12.2024 12:30",1978.951,
"09.12.2024 12:45",1364.900,
"09.12.2024 13:00",654.200,
"09.12.2024 13:15",1471.100,
"09.12.2024 13:30",1781.344,
"09.12.2024 13:45",2515.900,
"09.12.2024 14:00",1850.705,
"09.12.2024 14:15",2595.000,
"09.12.2024 14:30",1187.610,
"09.12.2024 14:45",1151.000,
"09.12.2024 15:00",563.148,
"09.12.2024 15:15",397.984,
"09.12.2024 15:30",215.153,
"09.12.2024 15:45",0.000,
"09.12.2024 16:00",0.000,
"09.12.2024 16:15",0.000,
"09.12.2024 16:30",0.000,
"09.12.2024 16:45",0.000,
"09.12.2024 17:00",0.000,
"09.12.2024 17:15",0.000,
"09.12.2024 17:30",0.000,
"09.12.2024 17:45",0.000,
"09.12.2024 18:00",0.000,
"09.12.2024 18:15",0.000,
"09.12.2024 18:30",0.000,
"09.12.2024 18:45",0.000,
"09.12.2024 19:00",0.000,
"09.12.2024 19:15",0.000,
"09.12.2024 19:30",0.000,
"09.12.2024 19:45",0.000,
"09.12.2024 20:00",0.000,
"09.12.2024 20:15",0.000,
"09.12.2024 20:30",0.000,
"09.12.2024 20:45",0.000,
"09.12.2024 21:00",0.000,
"09.12.2024 21:15",0.000,
"09.12.2024 21:30",0.000,
"09.12.2024 21:45",0.000,
"09.12.2024 22:00",0.000,
"09.12.2024 22:15",0.000,
"09.12.2024 22:30",0.000,
"09.12.2024 22:45",0.000,
"09.12.2024 23:00",0.000,
"09.12.2024 23:15",0.000,
"09.12.2024 23:30",0.000,
"09.12.2024 23:45",0.000,
"10.12.2024 00:00",0.000,
"10.12.2024 00:15",0.000,
"10.12.2024 00:30",0.000,
"10.12.2024 00:45",0.000,
"10.12.2024 01:00",0.000,
"10.12.2024 01:15",0.000,
"10.12.2024 01:30",0.000,
"10.12.2024 01:45",0.000,
"10.12.2024 02:00",0.000,
"10.12.2024 02:15",0.000,
"10.12.2024 02:30",0.000,
"10.12.2024 02:45",0.000,
"10.12.2024 03:00",0.000,
"10.12.2024 03:15",0.000,
"10.12.2024 03:30",0.000,
"10.12.2024 03:45",0.000,
"10.12.2024 04:00",0.000,
"10.12.2024 04:15",0.000,
"10.12.2024 04:30",0.000,
"10.12.2024 04:45",0.000,
"10.12.2024 05:00",0.000,
"10.12.2024 05:15",0.000,
"10.12.2024 05:30",0.000,
"10.12.2024 05:45",0.000,
"10.12.2024 06:00",0.000,
"10.12.2024 06:15",0.000,
"10.12.2024 06:30",0.000,
"10.12.2024 06:45",0.000,
"10.12.2024 07:00",0.000,
"10.12.2024 07:15",0.000,
"10.12.2024 07:30",0.000,
"10.12.2024 07:45",0.000,
"10.12.2024 08:00",0.000,
"10.12.2024 08:15",0.000,
"10.12.2024 08:30",0.000,
"10.12.2024 08:45",0.000,
"10.12.2024 09:00",225.200,
"10.12.2024 09:15",612.967,
"10.12.2024 09:30",1135.305,
"10.12.2024 09:45",1282.695,
"10.12.2024 10:00",1510.373,
"10.12.2024 10:15",1794.000,
"10.12.2024 10:30",2331.000,
"10.12.2024 10:45",2370.295,
"10.12.2024 11:00",2473.000,
"10.12.2024 11:15",2106.000,
"10.12.2024 11:30",2737.100,
"10.12.2024 11:45",2933.000,
"10.12.2024 12:00",2877.000,
"10.12.2024 12:15",3080.000,
"10.12.2024 12:30",2204.000,
"10.12.2024 12:45",2200.800,
"10.12.2024 13:00",2042.100,
"10.12.2024 13:15",2084.246,
"10.12.2024 13:30",1837.000,
"10.12.2024 13:45",1575.200,
"10.12.2024 14:00",1205.576,
"10.12.2024 14:15",1243.100,
"10.12.2024 14:30",956.983,
"10.12.2024 14:45",649.200,
"10.12.2024 15:00",628.100,
"10.12.2024 15:15",449.100,
"10.12.2024 15:30",106.847,
"10.12.2024 15:45",0.000,
"10.12.2024 16:00",0.000,
"10.12.2024 16:15",0.000,
"10.12.2024 16:30",0.000,
"10.12.2024 16:45",0.000,
"10.12.2024 17:00",0.000,
"10.12.2024 17:15",0.000,
"10.12.2024 17:30",0.000,
"10.12.2024 17:45",0.000,
"10.12.2024 18:00",0.000,
"10.12.2024 18:15",0.000,
"10.12.2024 18:30",0.000,
"10.12.2024 18:45",0.000,
"10.12.2024 19:00",0.000,
"10.12.2024 19:15",0.000,
"10.12.2024 19:30",0.000,
"10.12.2024 19:45",0.000,
"10.12.2024 20:00",0.000,
"10.12.2024 20:15",0.000,
"10.12.2024 20:30",0.000,
"10.12.2024 20:45",0.000,
"10.12.2024 21:00",0.000,
"10.12.2024 21:15",0.000,
"10.12.2024 21:30",0.000,
"10.12.2024 21:45",0.000,
"10.12.2024 22:00",0.000,
"10.12.2024 22:15",0.000,
"10.12.2024 22:30",0.000,
"10.12.2024 22:45",0.000,
"10.12.2024 23:00",0.000,
"10.12.2024 23:15",0.000,
"10.12.2024 23:30",0.000,
"10.12.2024 23:45",0.000,
"11.12.2024 00:00",0.000,
"11.12.2024 00:15",0.000,
"11.12.2024 00:30",0.000,
"11.12.2024 00:45",0.000,
"11.12.2024 01:00",0.000,
"11.12.2024 01:15",0.000,
"11.12.2024 01:30",0.000,
"11.12.2024 01:45",0.000,
"11.12.2024 02:00",0.000,
"11.12.2024 02:15",0.000,
"11.12.2024 02:30",0.000,
"11.12.2024 02:45",0.000,
"11.12.2024 03:00",0.000,
"11.12.2024 03:15",0.000,
"11.12.2024 03:30",0.000,
"11.12.2024 03:45",0.000,
"11.12.2024 04:00",0.000,
"11.12.2024 04:15",0.000,
"11.12.2024 04:30",0.000,
"11.12.2024 04:45",0.000,
"11.12.2024 05:00",0.000,
"11.12.2024 05:15",0.000,
"11.12.2024 05:30",0.000,
"11.12.2024 05:45",0.000,
"11.12.2024 06:00",0.000,
"11.12.2024 06:15",0.000,
"11.12.2024 06:30",0.000,
"11.12.2024 06:45",0.000,
"11.12.2024 07:00",0.000,
"11.12.2024 07:15",0.000,
"11.12.2024 07:30",0.000,
"11.12.2024 07:45",0.000,
"11.12.2024 08:00",0.000,
"11.12.2024 08:15",0.000,
"11.12.2024 08:30",0.000,
"11.12.2024 08:45",0.000,
"11.12.2024 09:00",198.000,
"11.12.2024 09:15",644.033,
"11.12.2024 09:30",885.322,
"11.12.2024 09:45",1310.607,
"11.12.2024 10:00",1806.847,
"11.12.2024 10:15",2082.100,
"11.12.2024 10:30",2715.100,
"11.12.2024 10:45",2985.900,
"11.12.2024 11:00",3473.763,
"11.12.2024 11:15",3377.902,
"11.12.2024 11:30",3425.820,
"11.12.2024 11:45",3633.525,
"11.12.2024 12:00",3243.049,
"11.12.2024 12:15",4369.900,
"11.12.2024 12:30",5796.475,
"11.12.2024 12:45",9151.288,
"11.12.2024 13:00",3975.917,
"11.12.2024 13:15",2316.918,
"11.12.2024 13:30",1929.000,
"11.12.2024 13:45",1707.100,
"11.12.2024 14:00",3535.770,
"11.12.2024 14:15",1984.305,
"11.12.2024 14:30",1767.000,
"11.12.2024 14:45",924.590,
"11.12.2024 15:00",781.085,
"11.12.2024 15:15",442.100,
"11.12.2024 15:30",251.100,
"11.12.2024 15:45",137.068,
"11.12.2024 16:00",0.000,
"11.12.2024 16:15",0.000,
"11.12.2024 16:30",0.000,
"11.12.2024 16:45",0.000,
"11.12.2024 17:00",0.000,
"11.12.2024 17:15",0.000,
"11.12.2024 17:30",0.000,
"11.12.2024 17:45",0.000,
"11.12.2024 18:00",0.000,
"11.12.2024 18:15",0.000,
"11.12.2024 18:30",0.000,
"11.12.2024 18:45",0.000,
"11.12.2024 19:00",0.000,
"11.12.2024 19:15",0.000,
"11.12.2024 19:30",0.000,
"11.12.2024 19:45",0.000,
"11.12.2024 20:00",0.000,
"11.12.2024 20:15",0.000,
"11.12.2024 20:30",0.000,
"11.12.2024 20:45",0.000,
"11.12.2024 21:00",0.000,
"11.12.2024 21:15",0.000,
"11.12.2024 21:30",0.000,
"11.12.2024 21:45",0.000,
"11.12.2024 22:00",0.000,
"11.12.2024 22:15",0.000,
"11.12.2024 22:30",0.000,
"11.12.2024 22:45",0.000,
"11.12.2024 23:00",0.000,
"11.12.2024 23:15",0.000,
"11.12.2024 23:30",0.000,
"11.12.2024 23:45",0.000,
"12.12.2024 00:00",0.000,
"12.12.2024 00:15",0.000,
"12.12.2024 00:30",0.000,
"12.12.2024 00:45",0.000,
"12.12.2024 01:00",0.000,
"12.12.2024 01:15",0.000,
"12.12.2024 01:30",0.000,
"12.12.2024 01:45",0.000,
"12.12.2024 02:00",0.000,
"12.12.2024 02:15",0.000,
"12.12.2024 02:30",0.000,
"12.12.2024 02:45",0.000,
"12.12.2024 03:00",0.000,
"12.12.2024 03:15",0.000,
"12.12.2024 03:30",0.000,
"12.12.2024 03:45",0.000,
"12.12.2024 04:00",0.000,
"12.12.2024 04:15",0.000,
"12.12.2024 04:30",0.000,
"12.12.2024 04:45",0.000,
"12.12.2024 05:00",0.000,
"12.12.2024 05:15",0.000,
"12.12.2024 05:30",0.000,
"12.12.2024 05:45",0.000,
"12.12.2024 06:00",0.000,
"12.12.2024 06:15",0.000,
"12.12.2024 06:30",0.000,
"12.12.2024 06:45",0.000,
"12.12.2024 07:00",0.000,
"12.12.2024 07:15",0.000,
"12.12.2024 07:30",0.000,
"12.12.2024 07:45",0.000,
"12.12.2024 08:00",0.000,
"12.12.2024 08:15",0.000,
"12.12.2024 08:30",0.000,
"12.12.2024 08:45",0.000,
"12.12.2024 09:00",0.000,
"12.12.2024 09:15",294.200,
"12.12.2024 09:30",546.984,
"12.12.2024 09:45",921.098,
"12.12.2024 10:00",1188.763,
"12.12.2024 10:15",1425.847,
"12.12.2024 10:30",1597.984,
"12.12.2024 10:45",1874.100,
"12.12.2024 11:00",1914.000,
"12.12.2024 11:15",2095.000,
"12.12.2024 11:30",1533.000,
"12.12.2024 11:45",1435.197,
"12.12.2024 12:00",1489.951,
"12.12.2024 12:15",1769.115,
"12.12.2024 12:30",1580.000,
"12.12.2024 12:45",1612.000,
"12.12.2024 13:00",1547.000,
"12.12.2024 13:15",1842.000,
"12.12.2024 13:30",1682.066,
"12.12.2024 13:45",1331.169,
"12.12.2024 14:00",1229.000,
"12.12.2024 14:15",1130.169,
"12.12.2024 14:30",844.900,
"12.12.2024 14:45",538.610,
"12.12.2024 15:00",348.787,
"12.12.2024 15:15",187.066,
"12.12.2024 15:30",0.000,
"12.12.2024 15:45",0.000,
"12.12.2024 16:00",0.000,
"12.12.2024 16:15",0.000,
"12.12.2024 16:30",0.000,
"12.12.2024 16:45",0.000,
"12.12.2024 17:00",0.000,
"12.12.2024 17:15",0.000,
"12.12.2024 17:30",0.000,
"12.12.2024 17:45",0.000,
"12.12.2024 18:00",0.000,
"12.12.2024 18:15",0.000,
"12.12.2024 18:30",0.000,
"12.12.2024 18:45",0.000,
"12.12.2024 19:00",0.000,
"12.12.2024 19:15",0.000,
"12.12.2024 19:30",0.000,
"12.12.2024 19:45",0.000,
"12.12.2024 20:00",0.000,
"12.12.2024 20:15",0.000,
"12.12.2024 20:30",0.000,
"12.12.2024 20:45",0.000,
"12.12.2024 21:00",0.000,
"12.12.2024 21:15",0.000,
"12.12.2024 21:30",0.000,
"12.12.2024 21:45",0.000,
"12.12.2024 22:00",0.000,
"12.12.2024 22:15",0.000,
"12.12.2024 22:30",0.000,
"12.12.2024 22:45",0.000,
"12.12.2024 23:00",0.000,
"12.12.2024 23:15",0.000,
"12.12.2024 23:30",0.000,
"12.12.2024 23:45",0.000,
"13.12.2024 00:00",0.000,
"13.12.2024 00:15",0.000,
"13.12.2024 00:30",0.000,
"13.12.2024 00:45",0.000,
"13.12.2024 01:00",0.000,
"13.12.2024 01:15",0.000,
"13.12.2024 01:30",0.000,
"13.12.2024 01:45",0.000,
"13.12.2024 02:00",0.000,
"13.12.2024 02:15",0.000,
"13.12.2024 02:30",0.000,
"13.12.2024 02:45",0.000,
"13.12.2024 03:00",0.000,
"13.12.2024 03:15",0.000,
"13.12.2024 03:30",0.000,
"13.12.2024 03:45",0.000,
"13.12.2024 04:00",0.000,
"13.12.2024 04:15",0.000,
"13.12.2024 04:30",0.000,
"13.12.2024 04:45",0.000,
"13.12.2024 05:00",0.000,
"13.12.2024 05:15",0.000,
"13.12.2024 05:30",0.000,
"13.12.2024 05:45",0.000,
"13.12.2024 06:00",0.000,
"13.12.2024 06:15",0.000,
"13.12.2024 06:30",0.000,
"13.12.2024 06:45",0.000,
"13.12.2024 07:00",0.000,
"13.12.2024 07:15",0.000,
"13.12.2024 07:30",0.000,
"13.12.2024 07:45",0.000,
"13.12.2024 08:00",0.000,
"13.12.2024 08:15",0.000,
"13.12.2024 08:30",0.000,
"13.12.2024 08:45",0.000,
"13.12.2024 09:00",0.000,
"13.12.2024 09:15",157.000,
"13.12.2024 09:30",269.000,
"13.12.2024 09:45",475.311,
"13.12.2024 10:00",609.934,
"13.12.2024 10:15",830.000,
"13.12.2024 10:30",913.934,
"13.12.2024 10:45",1197.967,
"13.12.2024 11:00",1475.016,
"13.12.2024 11:15",1797.153,
"13.12.2024 11:30",1794.900,
"13.12.2024 11:45",1850.000,
"13.12.2024 12:00",1811.932,
"13.12.2024 12:15",1864.000,
"13.12.2024 12:30",1822.100,
"13.12.2024 12:45",1647.695,
"13.12.2024 13:00",1792.900,
"13.12.2024 13:15",1732.800,
"13.12.2024 13:30",1488.900,
"13.12.2024 13:45",1560.197,
"13.12.2024 14:00",1281.100,
"13.12.2024 14:15",999.800,
"13.12.2024 14:30",924.800,
"13.12.2024 14:45",661.016,
"13.12.2024 15:00",407.200,
"13.12.2024 15:15",276.932,
"13.12.2024 15:30",157.000,
"13.12.2024 15:45",0.000,
"13.12.2024 16:00",0.000,
"13.12.2024 16:15",0.000,
"13.12.2024 16:30",0.000,
"13.12.2024 16:45",0.000,
"13.12.2024 17:00",0.000,
"13.12.2024 17:15",0.000,
"13.12.2024 17:30",0.000,
"13.12.2024 17:45",0.000,
"13.12.2024 18:00",0.000,
"13.12.2024 18:15",0.000,
"13.12.2024 18:30",0.000,
"13.12.2024 18:45",0.000,
"13.12.2024 19:00",0.000,
"13.12.2024 19:15",0.000,
"13.12.2024 19:30",0.000,
"13.12.2024 19:45",0.000,
"13.12.2024 20:00",0.000,
"13.12.2024 20:15",0.000,
"13.12.2024 20:30",0.000,
"13.12.2024 20:45",0.000,
"13.12.2024 21:00",0.000,
"13.12.2024 21:15",0.000,
"13.12.2024 21:30",0.000,
"13.12.2024 21:45",0.000,
"13.12.2024 22:00",0.000,
"13.12.2024 22:15",0.000,
"13.12.2024 22:30",0.000,
"13.12.2024 22:45",0.000,
"13.12.2024 23:00",0.000,
"13.12.2024 23:15",0.000,
"13.12.2024 23:30",0.000,
"13.12.2024 23:45",0.000,
"14.12.2024 00:00",0.000,
"14.12.2024 00:15",0.000,
"14.12.2024 00:30",0.000,
"14.12.2024 00:45",0.000,
"14.12.2024 01:00",0.000,
"14.12.2024 01:15",0.000,
"14.12.2024 01:30",0.000,
"14.12.2024 01:45",0.000,
"14.12.2024 02:00",0.000,
"14.12.2024 02:15",0.000,
"14.12.2024 02:30",0.000,
"14.12.2024 02:45",0.000,
"14.12.2024 03:00",0.000,
"14.12.2024 03:15",0.000,
"14.12.2024 03:30",0.000,
"14.12.2024 03:45",0.000,
"14.12.2024 04:00",0.000,
"14.12.2024 04:15",0.000,
"14.12.2024 04:30",0.000,
"14.12.2024 04:45",0.000,
"14.12.2024 05:00",0.000,
"14.12.2024 05:15",0.000,
"14.12.2024 05:30",0.000,
"14.12.2024 05:45",0.000,
"14.12.2024 06:00",0.000,
"14.12.2024 06:15",0.000,
"14.12.2024 06:30",0.000,
"14.12.2024 06:45",0.000,
"14.12.2024 07:00",0.000,
"14.12.2024 07:15",0.000,
"14.12.2024 07:30",0.000,
"14.12.2024 07:45",0.000,
"14.12.2024 08:00",0.000,
"14.12.2024 08:15",0.000,
"14.12.2024 08:30",0.000,
"14.12.2024 08:45",0.000,
"14.12.2024 09:00",0.000,
"14.12.2024 09:15",0.000,
"14.12.2024 09:30",96.627,
"14.12.2024 09:45",455.098,
"14.12.2024 10:00",696.900,
"14.12.2024 10:15",581.098,
"14.12.2024 10:30",828.100,
"14.12.2024 10:45",581.237,
"14.12.2024 11:00",700.100,
"14.12.2024 11:15",3074.754,
"14.12.2024 11:30",1056.918,
"14.12.2024 11:45",680.000,
"14.12.2024 12:00",390.016,
"14.12.2024 12:15",1417.966,
"14.12.2024 12:30",506.000,
"14.12.2024 12:45",1094.100,
"14.12.2024 13:00",1301.082,
"14.12.2024 13:15",1316.100,
"14.12.2024 13:30",870.407,
"14.12.2024 13:45",731.656,
"14.12.2024 14:00",456.820,
"14.12.2024 14:15",546.000,
"14.12.2024 14:30",571.932,
"14.12.2024 14:45",183.542,
"14.12.2024 15:00",627.610,
"14.12.2024 15:15",637.721,
"14.12.2024 15:30",154.100,
"14.12.2024 15:45",0.000,
"14.12.2024 16:00",0.000,
"14.12.2024 16:15",0.000,
"14.12.2024 16:30",0.000,
"14.12.2024 16:45",0.000,
"14.12.2024 17:00",0.000,
"14.12.2024 17:15",0.000,
"14.12.2024 17:30",0.000,
"14.12.2024 17:45",0.000,
"14.12.2024 18:00",0.000,
"14.12.2024 18:15",0.000,
"14.12.2024 18:30",0.000,
"14.12.2024 18:45",0.000,
"14.12.2024 19:00",0.000,
"14.12.2024 19:15",0.000,
"14.12.2024 19:30",0.000,
"14.12.2024 19:45",0.000,
"14.12.2024 20:00",0.000,
"14.12.2024 20:15",0.000,
"14.12.2024 20:30",0.000,
"14.12.2024 20:45",0.000,
"14.12.2024 21:00",0.000,
"14.12.2024 21:15",0.000,
"14.12.2024 21:30",0.000,
"14.12.2024 21:45",0.000,
"14.12.2024 22:00",0.000,
"14.12.2024 22:15",0.000,
"14.12.2024 22:30",0.000,
"14.12.2024 22:45",0.000,
"14.12.2024 23:00",0.000,
"14.12.2024 23:15",0.000,
"14.12.2024 23:30",0.000,
"14.12.2024 23:45",0.000,
"15.12.2024 00:00",0.000,
"15.12.2024 00:15",0.000,
"15.12.2024 00:30",0.000,
"15.12.2024 00:45",0.000,
"15.12.2024 01:00",0.000,
"15.12.2024 01:15",0.000,
"15.12.2024 01:30",0.000,
"15.12.2024 01:45",0.000,
"15.12.2024 02:00",0.000,
"15.12.2024 02:15",0.000,
"15.12.2024 02:30",0.000,
"15.12.2024 02:45",0.000,
"15.12.2024 03:00",0.000,
"15.12.2024 03:15",0.000,
"15.12.2024 03:30",0.000,
"15.12.2024 03:45",0.000,
"15.12.2024 04:00",0.000,
"15.12.2024 04:15",0.000,
"15.12.2024 04:30",0.000,
"15.12.2024 04:45",0.000,
"15.12.2024 05:00",0.000,
"15.12.2024 05:15",0.000,
"15.12.2024 05:30",0.000,
"15.12.2024 05:45",0.000,
"15.12.2024 06:00",0.000,
"15.12.2024 06:15",0.000,
"15.12.2024 06:30",0.000,
"15.12.2024 06:45",0.000,
"15.12.2024 07:00",0.000,
"15.12.2024 07:15",0.000,
"15.12.2024 07:30",0.000,
"15.12.2024 07:45",0.000,
"15.12.2024 08:00",0.000,
"15.12.2024 08:15",0.000,
"15.12.2024 08:30",0.000,
"15.12.2024 08:45",0.000,
"15.12.2024 09:00",0.000,
"15.12.2024 09:15",665.000,
"15.12.2024 09:30",834.900,
"15.12.2024 09:45",2189.810,
"15.12.2024 10:00",2109.983,
"15.12.2024 10:15",3060.333,
"15.12.2024 10:30",1561.407,
"15.12.2024 10:45",1607.017,
"15.12.2024 11:00",2592.000,
"15.12.2024 11:15",2269.000,
"15.12.2024 11:30",1897.254,
"15.12.2024 11:45",2146.984,
"15.12.2024 12:00",2199.000,
"15.12.2024 12:15",1854.695,
"15.12.2024 12:30",1840.898,
"15.12.2024 12:45",1967.051,
"15.12.2024 13:00",1729.951,
"15.12.2024 13:15",725.100,
"15.12.2024 13:30",903.525,
"15.12.2024 13:45",711.932,
"15.12.2024 14:00",289.000,
"15.12.2024 14:15",460.983,
"15.12.2024 14:30",629.305,
"15.12.2024 14:45",525.136,
"15.12.2024 15:00",228.610,
"15.12.2024 15:15",0.000,
"15.12.2024 15:30",0.000,
"15.12.2024 15:45",0.000,
"15.12.2024 16:00",0.000,
"15.12.2024 16:15",0.000,
"15.12.2024 16:30",0.000,
"15.12.2024 16:45",0.000,
"15.12.2024 17:00",0.000,
"15.12.2024 17:15",0.000,
"15.12.2024 17:30",0.000,
"15.12.2024 17:45",0.000,
"15.12.2024 18:00",0.000,
"15.12.2024 18:15",0.000,
"15.12.2024 18:30",0.000,
"15.12.2024 18:45",0.000,
"15.12.2024 19:00",0.000,
"15.12.2024 19:15",0.000,
"15.12.2024 19:30",0.000,
"15.12.2024 19:45",0.000,
"15.12.2024 20:00",0.000,
"15.12.2024 20:15",0.000,
"15.12.2024 20:30",0.000,
"15.12.2024 20:45",0.000,
"15.12.2024 21:00",0.000,
"15.12.2024 21:15",0.000,
"15.12.2024 21:30",0.000,
"15.12.2024 21:45",0.000,
"15.12.2024 22:00",0.000,
"15.12.2024 22:15",0.000,
"15.12.2024 22:30",0.000,
"15.12.2024 22:45",0.000,
"15.12.2024 23:00",0.000,
"15.12.2024 23:15",0.000,
"15.12.2024 23:30",0.000,
"15.12.2024 23:45",0.000,
"16.12.2024 00:00",0.000,
"16.12.2024 00:15",0.000,
"16.12.2024 00:30",0.000,
"16.12.2024 00:45",0.000,
"16.12.2024 01:00",0.000,
"16.12.2024 01:15",0.000,
"16.12.2024 01:30",0.000,
"16.12.2024 01:45",0.000,
"16.12.2024 02:00",0.000,
"16.12.2024 02:15",0.000,
"16.12.2024 02:30",0.000,
"16.12.2024 02:45",0.000,
"16.12.2024 03:00",0.000,
"16.12.2024 03:15",0.000,
"16.12.2024 03:30",0.000,
"16.12.2024 03:45",0.000,
"16.12.2024 04:00",0.000,
"16.12.2024 04:15",0.000,
"16.12.2024 04:30",0.000,
"16.12.2024 04:45",0.000,
"16.12.2024 05:00",0.000,
"16.12.2024 05:15",0.000,
"16.12.2024 05:30",0.000,
"16.12.2024 05:45",0.000,
"16.12.2024 06:00",0.000,
"16.12.2024 06:15",0.000,
"16.12.2024 06:30",0.000,
"16.12.2024 06:45",0.000,
"16.12.2024 07:00",0.000,
"16.12.2024 07:15",0.000,
"16.12.2024 07:30",0.000,
"16.12.2024 07:45",0.000,
"16.12.2024 08:00",0.000,
"16.12.2024 08:15",0.000,
"16.12.2024 08:30",0.000,
"16.12.2024 08:45",0.000,
"16.12.2024 09:00",0.000,
"16.12.2024 09:15",126.305,
"16.12.2024 09:30",377.100,
"16.12.2024 09:45",533.900,
"16.12.2024 10:00",1878.441,
"16.12.2024 10:15",955.000,
"16.12.2024 10:30",1082.000,
"16.12.2024 10:45",1434.200,
"16.12.2024 11:00",1625.016,
"16.12.2024 11:15",697.623,
"16.12.2024 11:30",688.305,
"16.12.2024 11:45",1043.695,
"16.12.2024 12:00",1684.115,
"16.12.2024 12:15",1874.131,
"16.12.2024 12:30",1726.426,
"16.12.2024 12:45",1870.000,
"16.12.2024 13:00",2249.100,
"16.12.2024 13:15",2424.705,
"16.12.2024 13:30",1290.656,
"16.12.2024 13:45",1410.000,
"16.12.2024 14:00",1375.153,
"16.12.2024 14:15",1112.864,
"16.12.2024 14:30",858.951,
"16.12.2024 14:45",846.322,
"16.12.2024 15:00",561.443,
"16.12.2024 15:15",0.000,
"16.12.2024 15:30",0.000,
"16.12.2024 15:45",0.000,
"16.12.2024 16:00",0.000,
"16.12.2024 16:15",0.000,
"16.12.2024 16:30",0.000,
"16.12.2024 16:45",0.000,
"16.12.2024 17:00",0.000,
"16.12.2024 17:15",0.000,
"16.12.2024 17:30",0.000,
"16.12.2024 17:45",0.000,
"16.12.2024 18:00",0.000,
"16.12.2024 18:15",0.000,
"16.12.2024 18:30",0.000,
"16.12.2024 18:45",0.000,
"16.12.2024 19:00",0.000,
"16.12.2024 19:15",0.000,
"16.12.2024 19:30",0.000,
"16.12.2024 19:45",0.000,
"16.12.2024 20:00",0.000,
"16.12.2024 20:15",0.000,
"16.12.2024 20:30",0.000,
"16.12.2024 20:45",0.000,
"16.12.2024 21:00",0.000,
"16.12.2024 21:15",0.000,
"16.12.2024 21:30",0.000,
"16.12.2024 21:45",0.000,
"16.12.2024 22:00",0.000,
"16.12.2024 22:15",0.000,
"16.12.2024 22:30",0.000,
"16.12.2024 22:45",0.000,
"16.12.2024 23:00",0.000,
"16.12.2024 23:15",0.000,
"16.12.2024 23:30",0.000,
"16.12.2024 23:45",0.000,
"17.12.2024 00:00",0.000,
"17.12.2024 00:15",0.000,
"17.12.2024 00:30",0.000,
"17.12.2024 00:45",0.000,
"17.12.2024 01:00",0.000,
"17.12.2024 01:15",0.000,
"17.12.2024 01:30",0.000,
"17.12.2024 01:45",0.000,
"17.12.2024 02:00",0.000,
"17.12.2024 02:15",0.000,
"17.12.2024 02:30",0.000,
"17.12.2024 02:45",0.000,
"17.12.2024 03:00",0.000,
"17.12.2024 03:15",0.000,
"17.12.2024 03:30",0.000,
"17.12.2024 03:45",0.000,
"17.12.2024 04:00",0.000,
"17.12.2024 04:15",0.000,
"17.12.2024 04:30",0.000,
"17.12.2024 04:45",0.000,
"17.12.2024 05:00",0.000,
"17.12.2024 05:15",0.000,
"17.12.2024 05:30",0.000,
"17.12.2024 05:45",0.000,
"17.12.2024 06:00",0.000,
"17.12.2024 06:15",0.000,
"17.12.2024 06:30",0.000,
"17.12.2024 06:45",0.000,
"17.12.2024 07:00",0.000,
"17.12.2024 07:15",0.000,
"17.12.2024 07:30",0.000,
"17.12.2024 07:45",0.000,
"17.12.2024 08:00",0.000,
"17.12.2024 08:15",0.000,
"17.12.2024 08:30",0.000,
"17.12.2024 08:45",0.000,
"17.12.2024 09:00",218.900,
"17.12.2024 09:15",632.100,
"17.12.2024 09:30",949.780,
"17.12.2024 09:45",430.754,
"17.12.2024 10:00",543.390,
"17.12.2024 10:15",1539.763,
"17.12.2024 10:30",531.115,
"17.12.2024 10:45",1138.000,
"17.12.2024 11:00",1475.100,
"17.12.2024 11:15",1700.590,
"17.12.2024 11:30",3400.746,
"17.12.2024 11:45",1863.869,
"17.12.2024 12:00",994.100,
"17.12.2024 12:15",2198.627,
"17.12.2024 12:30",2386.900,
"17.12.2024 12:45",1229.000,
"17.12.2024 13:00",1116.100,
"17.12.2024 13:15",1324.131,
"17.12.2024 13:30",726.000,
"17.12.2024 13:45",581.763,
"17.12.2024 14:00",1358.900,
"17.12.2024 14:15",882.200,
"17.12.2024 14:30",661.237,
"17.12.2024 14:45",980.237,
"17.12.2024 15:00",1413.230,
"17.12.2024 15:15",440.322,
"17.12.2024 15:30",297.100,
"17.12.2024 15:45",0.000,
"17.12.2024 16:00",0.000,
"17.12.2024 16:15",0.000,
"17.12.2024 16:30",0.000,
"17.12.2024 16:45",0.000,
"17.12.2024 17:00",0.000,
"17.12.2024 17:15",0.000,
"17.12.2024 17:30",0.000,
"17.12.2024 17:45",0.000,
"17.12.2024 18:00",0.000,
"17.12.2024 18:15",0.000,
"17.12.2024 18:30",0.000,
"17.12.2024 18:45",0.000,
"17.12.2024 19:00",0.000,
"17.12.2024 19:15",0.000,
"17.12.2024 19:30",0.000,
"17.12.2024 19:45",0.000,
"17.12.2024 20:00",0.000,
"17.12.2024 20:15",0.000,
"17.12.2024 20:30",0.000,
"17.12.2024 20:45",0.000,
"17.12.2024 21:00",0.000,
"17.12.2024 21:15",0.000,
"17.12.2024 21:30",0.000,
"17.12.2024 21:45",0.000,
"17.12.2024 22:00",0.000,
"17.12.2024 22:15",0.000,
"17.12.2024 22:30",0.000,
"17.12.2024 22:45",0.000,
"17.12.2024 23:00",0.000,
"17.12.2024 23:15",0.000,
"17.12.2024 23:30",0.000,
"17.12.2024 23:45",0.000,
"18.12.2024 00:00",0.000,
"18.12.2024 00:15",0.000,
"18.12.2024 00:30",0.000,
"18.12.2024 00:45",0.000,
"18.12.2024 01:00",0.000,
"18.12.2024 01:15",0.000,
"18.12.2024 01:30",0.000,
"18.12.2024 01:45",0.000,
"18.12.2024 02:00",0.000,
"18.12.2024 02:15",0.000,
"18.12.2024 02:30",0.000,
"18.12.2024 02:45",0.000,
"18.12.2024 03:00",0.000,
"18.12.2024 03:15",0.000,
"18.12.2024 03:30",0.000,
"18.12.2024 03:45",0.000,
"18.12.2024 04:00",0.000,
"18.12.2024 04:15",0.000,
"18.12.2024 04:30",0.000,
"18.12.2024 04:45",0.000,
"18.12.2024 05:00",0.000,
"18.12.2024 05:15",0.000,
"18.12.2024 05:30",0.000,
"18.12.2024 05:45",0.000,
"18.12.2024 06:00",0.000,
"18.12.2024 06:15",0.000,
"18.12.2024 06:30",0.000,
"18.12.2024 06:45",0.000,
"18.12.2024 07:00",0.000,
"18.12.2024 07:15",0.000,
"18.12.2024 07:30",0.000,
"18.12.2024 07:45",0.000,
"18.12.2024 08:00",0.000,
"18.12.2024 08:15",0.000,
"18.12.2024 08:30",0.000,
"18.12.2024 08:45",0.000,
"18.12.2024 09:00",0.000,
"18.12.2024 09:15",670.333,
"18.12.2024 09:30",214.542,
"18.12.2024 09:45",400.000,
"18.12.2024 10:00",1205.900,
"18.12.2024 10:15",1002.100,
"18.12.2024 10:30",1498.885,
"18.12.2024 10:45",521.136,
"18.12.2024 11:00",1264.900,
"18.12.2024 11:15",690.900,
"18.12.2024 11:30",1650.100,
"18.12.2024 11:45",2201.441,
"18.12.2024 12:00",1648.033,
"18.12.2024 12:15",1634.500,
"18.12.2024 12:30",1369.000,
"18.12.2024 12:45",1643.623,
"18.12.2024 13:00",997.100,
"18.12.2024 13:15",1252.100,
"18.12.2024 13:30",913.000,
"18.12.2024 13:45",699.115,
"18.12.2024 14:00",1093.441,
"18.12.2024 14:15",686.148,
"18.12.2024 14:30",500.000,
"18.12.2024 14:45",173.800,
"18.12.2024 15:00",436.984,
"18.12.2024 15:15",102.017,
"18.12.2024 15:30",0.000,
"18.12.2024 15:45",0.000,
"18.12.2024 16:00",0.000,
"18.12.2024 16:15",0.000,
"18.12.2024 16:30",0.000,
"18.12.2024 16:45",0.000,
"18.12.2024 17:00",0.000,
"18.12.2024 17:15",0.000,
"18.12.2024 17:30",0.000,
"18.12.2024 17:45",0.000,
"18.12.2024 18:00",0.000,
"18.12.2024 18:15",0.000,
"18.12.2024 18:30",0.000,
"18.12.2024 18:45",0.000,
"18.12.2024 19:00",0.000,
"18.12.2024 19:15",0.000,
"18.12.2024 19:30",0.000,
"18.12.2024 19:45",0.000,
"18.12.2024 20:00",0.000,
"18.12.2024 20:15",0.000,
"18.12.2024 20:30",0.000,
"18.12.2024 20:45",0.000,
"18.12.2024 21:00",0.000,
"18.12.2024 21:15",0.000,
"18.12.2024 21:30",0.000,
"18.12.2024 21:45",0.000,
"18.12.2024 22:00",0.000,
"18.12.2024 22:15",0.000,
"18.12.2024 22:30",0.000,
"18.12.2024 22:45",0.000,
"18.12.2024 23:00",0.000,
"18.12.2024 23:15",0.000,
"18.12.2024 23:30",0.000,
"18.12.2024 23:45",0.000,
"19.12.2024 00:00",0.000,
"19.12.2024 00:15",0.000,
"19.12.2024 00:30",0.000,
"19.12.2024 00:45",0.000,
"19.12.2024 01:00",0.000,
"19.12.2024 01:15",0.000,
"19.12.2024 01:30",0.000,
"19.12.2024 01:45",0.000,
"19.12.2024 02:00",0.000,
"19.12.2024 02:15",0.000,
"19.12.2024 02:30",0.000,
"19.12.2024 02:45",0.000,
"19.12.2024 03:00",0.000,
"19.12.2024 03:15",0.000,
"19.12.2024 03:30",0.000,
"19.12.2024 03:45",0.000,
"19.12.2024 04:00",0.000,
"19.12.2024 04:15",0.000,
"19.12.2024 04:30",0.000,
"19.12.2024 04:45",0.000,
"19.12.2024 05:00",0.000,
"19.12.2024 05:15",0.000,
"19.12.2024 05:30",0.000,
"19.12.2024 05:45",0.000,
"19.12.2024 06:00",0.000,
"19.12.2024 06:15",0.000,
"19.12.2024 06:30",0.000,
"19.12.2024 06:45",0.000,
"19.12.2024 07:00",0.000,
"19.12.2024 07:15",0.000,
"19.12.2024 07:30",0.000,
"19.12.2024 07:45",0.000,
"19.12.2024 08:00",0.000,
"19.12.2024 08:15",0.000,
"19.12.2024 08:30",0.000,
"19.12.2024 08:45",0.000,
"19.12.2024 09:00",0.000,
"19.12.2024 09:15",0.000,
"19.12.2024 09:30",0.000,
"19.12.2024 09:45",1020.898,
"19.12.2024 10:00",1635.180,
"19.12.2024 10:15",1512.000,
"19.12.2024 10:30",1326.000,
"19.12.2024 10:45",5651.763,
"19.12.2024 11:00",1949.900,
"19.12.2024 11:15",804.661,
"19.12.2024 11:30",6312.900,
"19.12.2024 11:45",4075.100,
"19.12.2024 12:00",2448.000,
"19.12.2024 12:15",3708.373,
"19.12.2024 12:30",4934.200,
"19.12.2024 12:45",2914.000,
"19.12.2024 13:00",4407.000,
"19.12.2024 13:15",2614.721,
"19.12.2024 13:30",807.780,
"19.12.2024 13:45",1775.344,
"19.12.2024 14:00",2043.869,
"19.12.2024 14:15",1163.458,
"19.12.2024 14:30",1048.800,
"19.12.2024 14:45",712.900,
"19.12.2024 15:00",776.984,
"19.12.2024 15:15",540.237,
"19.12.2024 15:30",328.678,
"19.12.2024 15:45",169.700,
"19.12.2024 16:00",0.000,
"19.12.2024 16:15",0.000,
"19.12.2024 16:30",0.000,
"19.12.2024 16:45",0.000,
"19.12.2024 17:00",0.000,
"19.12.2024 17:15",0.000,
"19.12.2024 17:30",0.000,
"19.12.2024 17:45",0.000,
"19.12.2024 18:00",0.000,
"19.12.2024 18:15",0.000,
"19.12.2024 18:30",0.000,
"19.12.2024 18:45",0.000,
"19.12.2024 19:00",0.000,
"19.12.2024 19:15",0.000,
"19.12.2024 19:30",0.000,
"19.12.2024 19:45",0.000,
"19.12.2024 20:00",0.000,
"19.12.2024 20:15",0.000,
"19.12.2024 20:30",0.000,
"19.12.2024 20:45",0.000,
"19.12.2024 21:00",0.000,
"19.12.2024 21:15",0.000,
"19.12.2024 21:30",0.000,
"19.12.2024 21:45",0.000,
"19.12.2024 22:00",0.000,
"19.12.2024 22:15",0.000,
"19.12.2024 22:30",0.000,
"19.12.2024 22:45",0.000,
"19.12.2024 23:00",0.000,
"19.12.2024 23:15",0.000,
"19.12.2024 23:30",0.000,
"19.12.2024 23:45",0.000,
"20.12.2024 00:00",0.000,
"20.12.2024 00:15",0.000,
"20.12.2024 00:30",0.000,
"20.12.2024 00:45",0.000,
"20.12.2024 01:00",0.000,
"20.12.2024 01:15",0.000,
"20.12.2024 01:30",0.000,
"20.12.2024 01:45",0.000,
"20.12.2024 02:00",0.000,
"20.12.2024 02:15",0.000,
"20.12.2024 02:30",0.000,
"20.12.2024 02:45",0.000,
"20.12.2024 03:00",0.000,
"20.12.2024 03:15",0.000,
"20.12.2024 03:30",0.000,
"20.12.2024 03:45",0.000,
"20.12.2024 04:00",0.000,
"20.12.2024 04:15",0.000,
"20.12.2024 04:30",0.000,
"20.12.2024 04:45",0.000,
"20.12.2024 05:00",0.000,
"20.12.2024 05:15",0.000,
"20.12.2024 05:30",0.000,
"20.12.2024 05:45",0.000,
"20.12.2024 06:00",0.000,
"20.12.2024 06:15",0.000,
"20.12.2024 06:30",0.000,
"20.12.2024 06:45",0.000,
"20.12.2024 07:00",0.000,
"20.12.2024 07:15",0.000,
"20.12.2024 07:30",0.000,
"20.12.2024 07:45",0.000,
"20.12.2024 08:00",0.000,
"20.12.2024 08:15",0.000,
"20.12.2024 08:30",0.000,
"20.12.2024 08:45",177.068,
"20.12.2024 09:00",508.000,
"20.12.2024 09:15",847.393,
"20.12.2024 09:30",1839.900,
"20.12.2024 09:45",2958.610,
"20.12.2024 10:00",2572.000,
"20.12.2024 10:15",2738.200,
"20.12.2024 10:30",2983.678,
"20.12.2024 10:45",8348.200,
"20.12.2024 11:00",7375.852,
"20.12.2024 11:15",8521.254,
"20.12.2024 11:30",11103.000,
"20.12.2024 11:45",11031.000,
"20.12.2024 12:00",6102.900,
"20.12.2024 12:15",10560.100,
"20.12.2024 12:30",12370.902,
"20.12.2024 12:45",8673.000,
"20.12.2024 13:00",7617.900,
"20.12.2024 13:15",7994.100,
"20.12.2024 13:30",3592.459,
"20.12.2024 13:45",2877.379,
"20.12.2024 14:00",4450.918,
"20.12.2024 14:15",4286.984,
"20.12.2024 14:30",6907.627,
"20.12.2024 14:45",3640.525,
"20.12.2024 15:00",1837.869,
"20.12.2024 15:15",802.803,
"20.12.2024 15:30",537.600,
"20.12.2024 15:45",276.918,
"20.12.2024 16:00",0.000,
"20.12.2024 16:15",0.000,
"20.12.2024 16:30",0.000,
"20.12.2024 16:45",0.000,
"20.12.2024 17:00",0.000,
"20.12.2024 17:15",0.000,
"20.12.2024 17:30",0.000,
"20.12.2024 17:45",0.000,
"20.12.2024 18:00",0.000,
"20.12.2024 18:15",0.000,
"20.12.2024 18:30",0.000,
"20.12.2024 18:45",0.000,
"20.12.2024 19:00",0.000,
"20.12.2024 19:15",0.000,
"20.12.2024 19:30",0.000,
"20.12.2024 19:45",0.000,
"20.12.2024 20:00",0.000,
"20.12.2024 20:15",0.000,
"20.12.2024 20:30",0.000,
"20.12.2024 20:45",0.000,
"20.12.2024 21:00",0.000,
"20.12.2024 21:15",0.000,
"20.12.2024 21:30",0.000,
"20.12.2024 21:45",0.000,
"20.12.2024 22:00",0.000,
"20.12.2024 22:15",0.000,
"20.12.2024 22:30",0.000,
"20.12.2024 22:45",0.000,
"20.12.2024 23:00",0.000,
"20.12.2024 23:15",0.000,
"20.12.2024 23:30",0.000,
"20.12.2024 23:45",0.000,
"21.12.2024 00:00",0.000,
"21.12.2024 00:15",0.000,
"21.12.2024 00:30",0.000,
"21.12.2024 00:45",0.000,
"21.12.2024 01:00",0.000,
"21.12.2024 01:15",0.000,
"21.12.2024 01:30",0.000,
"21.12.2024 01:45",0.000,
"21.12.2024 02:00",0.000,
"21.12.2024 02:15",0.000,
"21.12.2024 02:30",0.000,
"21.12.2024 02:45",0.000,
"21.12.2024 03:00",0.000,
"21.12.2024 03:15",0.000,
"21.12.2024 03:30",0.000,
"21.12.2024 03:45",0.000,
"21.12.2024 04:00",0.000,
"21.12.2024 04:15",0.000,
"21.12.2024 04:30",0.000,
"21.12.2024 04:45",0.000,
"21.12.2024 05:00",0.000,
"21.12.2024 05:15",0.000,
"21.12.2024 05:30",0.000,
"21.12.2024 05:45",0.000,
"21.12.2024 06:00",0.000,
"21.12.2024 06:15",0.000,
"21.12.2024 06:30",0.000,
"21.12.2024 06:45",0.000,
"21.12.2024 07:00",0.000,
"21.12.2024 07:15",0.000,
"21.12.2024 07:30",0.000,
"21.12.2024 07:45",0.000,
"21.12.2024 08:00",0.000,
"21.12.2024 08:15",0.000,
"21.12.2024 08:30",0.000,
"21.12.2024 08:45",0.000,
"21.12.2024 09:00",218.763,
"21.12.2024 09:15",197.000,
"21.12.2024 09:30",838.000,
"21.12.2024 09:45",896.100,
"21.12.2024 10:00",1217.200,
"21.12.2024 10:15",2062.932,
"21.12.2024 10:30",1624.200,
"21.12.2024 10:45",2852.900,
"21.12.2024 11:00",3697.000,
"21.12.2024 11:15",2735.800,
"21.12.2024 11:30",3870.361,
"21.12.2024 11:45",2579.900,
"21.12.2024 12:00",2020.100,
"21.12.2024 12:15",2243.410,
"21.12.2024 12:30",2836.800,
"21.12.2024 12:45",2904.000,
"21.12.2024 13:00",4169.000,
"21.12.2024 13:15",2694.525,
"21.12.2024 13:30",2928.203,
"21.12.2024 13:45",1309.689,
"21.12.2024 14:00",3083.900,
"21.12.2024 14:15",1195.424,
"21.12.2024 14:30",613.213,
"21.12.2024 14:45",302.800,
"21.12.2024 15:00",262.262,
"21.12.2024 15:15",0.000,
"21.12.2024 15:30",0.000,
"21.12.2024 15:45",0.000,
"21.12.2024 16:00",0.000,
"21.12.2024 16:15",0.000,
"21.12.2024 16:30",0.000,
"21.12.2024 16:45",0.000,
"21.12.2024 17:00",0.000,
"21.12.2024 17:15",0.000,
"21.12.2024 17:30",0.000,
"21.12.2024 17:45",0.000,
"21.12.2024 18:00",0.000,
"21.12.2024 18:15",0.000,
"21.12.2024 18:30",0.000,
"21.12.2024 18:45",0.000,
"21.12.2024 19:00",0.000,
"21.12.2024 19:15",0.000,
"21.12.2024 19:30",0.000,
"21.12.2024 19:45",0.000,
"21.12.2024 20:00",0.000,
"21.12.2024 20:15",0.000,
"21.12.2024 20:30",0.000,
"21.12.2024 20:45",0.000,
"21.12.2024 21:00",0.000,
"21.12.2024 21:15",0.000,
"21.12.2024 21:30",0.000,
"21.12.2024 21:45",0.000,
"21.12.2024 22:00",0.000,
"21.12.2024 22:15",0.000,
"21.12.2024 22:30",0.000,
"21.12.2024 22:45",0.000,
"21.12.2024 23:00",0.000,
"21.12.2024 23:15",0.000,
"21.12.2024 23:30",0.000,
"21.12.2024 23:45",0.000,
"22.12.2024 00:00",0.000,
"22.12.2024 00:15",0.000,
"22.12.2024 00:30",0.000,
"22.12.2024 00:45",0.000,
"22.12.2024 01:00",0.000,
"22.12.2024 01:15",0.000,
"22.12.2024 01:30",0.000,
"22.12.2024 01:45",0.000,
"22.12.2024 02:00",0.000,
"22.12.2024 02:15",0.000,
"22.12.2024 02:30",0.000,
"22.12.2024 02:45",-0.458,
"22.12.2024 03:00",0.000,
"22.12.2024 03:15",0.000,
"22.12.2024 03:30",0.000,
"22.12.2024 03:45",0.000,
"22.12.2024 04:00",0.000,
"22.12.2024 04:15",0.000,
"22.12.2024 04:30",0.000,
"22.12.2024 04:45",0.000,
"22.12.2024 05:00",0.000,
"22.12.2024 05:15",0.000,
"22.12.2024 05:30",0.000,
"22.12.2024 05:45",0.000,
"22.12.2024 06:00",0.000,
"22.12.2024 06:15",0.000,
"22.12.2024 06:30",0.000,
"22.12.2024 06:45",0.000,
"22.12.2024 07:00",0.000,
"22.12.2024 07:15",0.000,
"22.12.2024 07:30",0.000,
"22.12.2024 07:45",0.000,
"22.12.2024 08:00",0.000,
"22.12.2024 08:15",0.000,
"22.12.2024 08:30",0.000,
"22.12.2024 08:45",0.000,
"22.12.2024 09:00",7.700,
"22.12.2024 09:15",256.053,
"22.12.2024 09:30",693.525,
"22.12.2024 09:45",441.000,
"22.12.2024 10:00",967.000,
"22.12.2024 10:15",734.100,
"22.12.2024 10:30",285.100,
"22.12.2024 10:45",958.000,
"22.12.2024 11:00",1556.900,
"22.12.2024 11:15",2632.900,
"22.12.2024 11:30",7022.034,
"22.12.2024 11:45",2975.000,
"22.12.2024 12:00",1088.803,
"22.12.2024 12:15",3171.590,
"22.12.2024 12:30",8301.100,
"22.12.2024 12:45",2693.800,
"22.12.2024 13:00",1331.900,
"22.12.2024 13:15",7450.200,
"22.12.2024 13:30",3179.900,
"22.12.2024 13:45",1754.200,
"22.12.2024 14:00",2569.000,
"22.12.2024 14:15",1149.213,
"22.12.2024 14:30",1023.900,
"22.12.2024 14:45",950.820,
"22.12.2024 15:00",998.213,
"22.12.2024 15:15",636.100,
"22.12.2024 15:30",140.305,
"22.12.2024 15:45",0.000,
"22.12.2024 16:00",0.000,
"22.12.2024 16:15",0.000,
"22.12.2024 16:30",0.000,
"22.12.2024 16:45",0.000,
"22.12.2024 17:00",0.000,
"22.12.2024 17:15",0.000,
"22.12.2024 17:30",0.000,
"22.12.2024 17:45",0.000,
"22.12.2024 18:00",0.000,
"22.12.2024 18:15",0.000,
"22.12.2024 18:30",0.000,
"22.12.2024 18:45",0.000,
"22.12.2024 19:00",0.000,
"22.12.2024 19:15",0.000,
"22.12.2024 19:30",0.000,
"22.12.2024 19:45",0.000,
"22.12.2024 20:00",0.000,
"22.12.2024 20:15",0.000,
"22.12.2024 20:30",0.000,
"22.12.2024 20:45",0.000,
"22.12.2024 21:00",0.000,
"22.12.2024 21:15",0.000,
"22.12.2024 21:30",0.000,
"22.12.2024 21:45",0.000,
"22.12.2024 22:00",0.000,
"22.12.2024 22:15",0.000,
"22.12.2024 22:30",0.000,
"22.12.2024 22:45",0.000,
"22.12.2024 23:00",0.000,
"22.12.2024 23:15",0.000,
"22.12.2024 23:30",0.000,
"22.12.2024 23:45",0.000,
"23.12.2024 00:00",0.000,
"23.12.2024 00:15",0.000,
"23.12.2024 00:30",0.000,
"23.12.2024 00:45",0.000,
"23.12.2024 01:00",0.000,
"23.12.2024 01:15",0.000,
"23.12.2024 01:30",0.000,
"23.12.2024 01:45",0.000,
"23.12.2024 02:00",0.000,
"23.12.2024 02:15",0.000,
"23.12.2024 02:30",0.000,
"23.12.2024 02:45",0.000,
"23.12.2024 03:00",0.000,
"23.12.2024 03:15",0.000,
"23.12.2024 03:30",0.000,
"23.12.2024 03:45",0.000,
"23.12.2024 04:00",0.000,
"23.12.2024 04:15",0.000,
"23.12.2024 04:30",0.000,
"23.12.2024 04:45",0.000,
"23.12.2024 05:00",0.000,
"23.12.2024 05:15",0.000,
"23.12.2024 05:30",0.000,
"23.12.2024 05:45",0.000,
"23.12.2024 06:00",0.000,
"23.12.2024 06:15",0.000,
"23.12.2024 06:30",0.000,
"23.12.2024 06:45",0.000,
"23.12.2024 07:00",0.000,
"23.12.2024 07:15",0.000,
"23.12.2024 07:30",0.000,
"23.12.2024 07:45",0.000,
"23.12.2024 08:00",0.000,
"23.12.2024 08:15",0.000,
"23.12.2024 08:30",0.000,
"23.12.2024 08:45",0.000,
"23.12.2024 09:00",0.000,
"23.12.2024 09:15",401.983,
"23.12.2024 09:30",685.262,
"23.12.2024 09:45",2468.000,
"23.12.2024 10:00",2086.100,
"23.12.2024 10:15",1436.678,
"23.12.2024 10:30",7067.705,
"23.12.2024 10:45",3691.000,
"23.12.2024 11:00",3222.000,
"23.12.2024 11:15",4231.557,
"23.12.2024 11:30",4207.100,
"23.12.2024 11:45",4884.100,
"23.12.2024 12:00",8786.305,
"23.12.2024 12:15",10829.900,
"23.12.2024 12:30",10306.000,
"23.12.2024 12:45",11626.000,
"23.12.2024 13:00",11526.066,
"23.12.2024 13:15",5054.213,
"23.12.2024 13:30",7801.262,
"23.12.2024 13:45",8702.000,
"23.12.2024 14:00",7723.900,
"23.12.2024 14:15",6165.900,
"23.12.2024 14:30",5239.900,
"23.12.2024 14:45",4162.800,
"23.12.2024 15:00",3097.000,
"23.12.2024 15:15",1953.689,
"23.12.2024 15:30",992.902,
"23.12.2024 15:45",419.700,
"23.12.2024 16:00",128.200,
"23.12.2024 16:15",0.000,
"23.12.2024 16:30",0.000,
"23.12.2024 16:45",0.000,
"23.12.2024 17:00",0.000,
"23.12.2024 17:15",0.000,
"23.12.2024 17:30",0.000,
"23.12.2024 17:45",0.000,
"23.12.2024 18:00",0.000,
"23.12.2024 18:15",0.000,
"23.12.2024 18:30",0.000,
"23.12.2024 18:45",0.000,
"23.12.2024 19:00",0.000,
"23.12.2024 19:15",0.000,
"23.12.2024 19:30",0.000,
"23.12.2024 19:45",0.000,
"23.12.2024 20:00",0.000,
"23.12.2024 20:15",0.000,
"23.12.2024 20:30",0.000,
"23.12.2024 20:45",0.000,
"23.12.2024 21:00",0.000,
"23.12.2024 21:15",0.000,
"23.12.2024 21:30",0.000,
"23.12.2024 21:45",0.000,
"23.12.2024 22:00",0.000,
"23.12.2024 22:15",0.000,
"23.12.2024 22:30",0.000,
"23.12.2024 22:45",0.000,
"23.12.2024 23:00",0.000,
"23.12.2024 23:15",0.000,
"23.12.2024 23:30",0.000,
"23.12.2024 23:45",0.000,
"24.12.2024 00:00",0.000,
"24.12.2024 00:15",0.000,
"24.12.2024 00:30",0.000,
"24.12.2024 00:45",0.000,
"24.12.2024 01:00",0.000,
"24.12.2024 01:15",0.000,
"24.12.2024 01:30",0.000,
"24.12.2024 01:45",0.000,
"24.12.2024 02:00",0.000,
"24.12.2024 02:15",0.000,
"24.12.2024 02:30",0.000,
"24.12.2024 02:45",0.000,
"24.12.2024 03:00",0.000,
"24.12.2024 03:15",0.000,
"24.12.2024 03:30",0.000,
"24.12.2024 03:45",0.000,
"24.12.2024 04:00",0.000,
"24.12.2024 04:15",0.000,
"24.12.2024 04:30",0.000,
"24.12.2024 04:45",0.000,
"24.12.2024 05:00",0.000,
"24.12.2024 05:15",0.000,
"24.12.2024 05:30",0.000,
"24.12.2024 05:45",0.000,
"24.12.2024 06:00",0.000,
"24.12.2024 06:15",0.000,
"24.12.2024 06:30",0.000,
"24.12.2024 06:45",0.000,
"24.12.2024 07:00",0.000,
"24.12.2024 07:15",0.000,
"24.12.2024 07:30",0.000,
"24.12.2024 07:45",0.000,
"24.12.2024 08:00",0.000,
"24.12.2024 08:15",0.000,
"24.12.2024 08:30",0.000,
"24.12.2024 08:45",0.000,
"24.12.2024 09:00",599.033,
"24.12.2024 09:15",1560.000,
"24.12.2024 09:30",2469.279,
"24.12.2024 09:45",2822.800,
"24.12.2024 10:00",2313.100,
"24.12.2024 10:15",3587.705,
"24.12.2024 10:30",4106.508,
"24.12.2024 10:45",8070.322,
"24.12.2024 11:00",6622.000,
"24.12.2024 11:15",5938.000,
"24.12.2024 11:30",4865.800,
"24.12.2024 11:45",7143.300,
"24.12.2024 12:00",8901.932,
"24.12.2024 12:15",4279.131,
"24.12.2024 12:30",3112.186,
"24.12.2024 12:45",5875.443,
"24.12.2024 13:00",6512.200,
"24.12.2024 13:15",5097.100,
"24.12.2024 13:30",4311.000,
"24.12.2024 13:45",4659.800,
"24.12.2024 14:00",2550.700,
"24.12.2024 14:15",3405.932,
"24.12.2024 14:30",1560.738,
"24.12.2024 14:45",2391.082,
"24.12.2024 15:00",3041.932,
"24.12.2024 15:15",962.803,
"24.12.2024 15:30",642.200,
"24.12.2024 15:45",183.000,
"24.12.2024 16:00",0.000,
"24.12.2024 16:15",0.000,
"24.12.2024 16:30",0.000,
"24.12.2024 16:45",0.000,
"24.12.2024 17:00",0.000,
"24.12.2024 17:15",0.000,
"24.12.2024 17:30",0.000,
"24.12.2024 17:45",0.000,
"24.12.2024 18:00",0.000,
"24.12.2024 18:15",0.000,
"24.12.2024 18:30",0.000,
"24.12.2024 18:45",0.000,
"24.12.2024 19:00",0.000,
"24.12.2024 19:15",0.000,
"24.12.2024 19:30",0.000,
"24.12.2024 19:45",0.000,
"24.12.2024 20:00",0.000,
"24.12.2024 20:15",0.000,
"24.12.2024 20:30",0.000,
"24.12.2024 20:45",0.000,
"24.12.2024 21:00",0.000,
"24.12.2024 21:15",0.000,
"24.12.2024 21:30",0.000,
"24.12.2024 21:45",0.000,
"24.12.2024 22:00",0.000,
"24.12.2024 22:15",0.000,
"24.12.2024 22:30",0.000,
"24.12.2024 22:45",0.000,
"24.12.2024 23:00",0.000,
"24.12.2024 23:15",0.000,
"24.12.2024 23:30",0.000,
"24.12.2024 23:45",0.000,
"25.12.2024 00:00",0.000,
"25.12.2024 00:15",0.000,
"25.12.2024 00:30",0.000,
"25.12.2024 00:45",0.000,
"25.12.2024 01:00",0.000,
"25.12.2024 01:15",0.000,
"25.12.2024 01:30",0.000,
"25.12.2024 01:45",0.000,
"25.12.2024 02:00",0.000,
"25.12.2024 02:15",0.000,
"25.12.2024 02:30",0.000,
"25.12.2024 02:45",0.000,
"25.12.2024 03:00",0.000,
"25.12.2024 03:15",0.000,
"25.12.2024 03:30",0.000,
"25.12.2024 03:45",0.000,
"25.12.2024 04:00",0.000,
"25.12.2024 04:15",0.000,
"25.12.2024 04:30",0.000,
"25.12.2024 04:45",0.000,
"25.12.2024 05:00",0.000,
"25.12.2024 05:15",0.000,
"25.12.2024 05:30",0.000,
"25.12.2024 05:45",0.000,
"25.12.2024 06:00",0.000,
"25.12.2024 06:15",0.000,
"25.12.2024 06:30",0.000,
"25.12.2024 06:45",0.000,
"25.12.2024 07:00",0.000,
"25.12.2024 07:15",0.000,
"25.12.2024 07:30",0.000,
"25.12.2024 07:45",0.000,
"25.12.2024 08:00",0.000,
"25.12.2024 08:15",0.000,
"25.12.2024 08:30",0.000,
"25.12.2024 08:45",0.000,
"25.12.2024 09:00",0.000,
"25.12.2024 09:15",0.000,
"25.12.2024 09:30",441.254,
"25.12.2024 09:45",998.869,
"25.12.2024 10:00",813.525,
"25.12.2024 10:15",2089.000,
"25.12.2024 10:30",1920.100,
"25.12.2024 10:45",2040.000,
"25.12.2024 11:00",2292.000,
"25.12.2024 11:15",2587.100,
"25.12.2024 11:30",1977.900,
"25.12.2024 11:45",2511.085,
"25.12.2024 12:00",2275.254,
"25.12.2024 12:15",2900.169,
"25.12.2024 12:30",2927.000,
"25.12.2024 12:45",2590.934,
"25.12.2024 13:00",2387.100,
"25.12.2024 13:15",1484.300,
"25.12.2024 13:30",1461.237,
"25.12.2024 13:45",1330.000,
"25.12.2024 14:00",1414.900,
"25.12.2024 14:15",1708.951,
"25.12.2024 14:30",820.000,
"25.12.2024 14:45",878.100,
"25.12.2024 15:00",825.153,
"25.12.2024 15:15",332.000,
"25.12.2024 15:30",199.100,
"25.12.2024 15:45",0.000,
"25.12.2024 16:00",0.000,
"25.12.2024 16:15",0.000,
"25.12.2024 16:30",0.000,
"25.12.2024 16:45",0.000,
"25.12.2024 17:00",0.000,
"25.12.2024 17:15",0.000,
"25.12.2024 17:30",0.000,
"25.12.2024 17:45",0.000,
"25.12.2024 18:00",0.000,
"25.12.2024 18:15",0.000,
"25.12.2024 18:30",0.000,
"25.12.2024 18:45",0.000,
"25.12.2024 19:00",0.000,
"25.12.2024 19:15",0.000,
"25.12.2024 19:30",0.000,
"25.12.2024 19:45",0.000,
"25.12.2024 20:00",0.000,
"25.12.2024 20:15",0.000,
"25.12.2024 20:30",0.000,
"25.12.2024 20:45",0.000,
"25.12.2024 21:00",0.000,
"25.12.2024 21:15",0.000,
"25.12.2024 21:30",0.000,
"25.12.2024 21:45",0.000,
"25.12.2024 22:00",0.000,
"25.12.2024 22:15",0.000,
"25.12.2024 22:30",0.000,
"25.12.2024 22:45",0.000,
"25.12.2024 23:00",0.000,
"25.12.2024 23:15",0.000,
"25.12.2024 23:30",0.000,
"25.12.2024 23:45",0.000,
"26.12.2024 00:00",0.000,
"26.12.2024 00:15",0.000,
"26.12.2024 00:30",0.000,
"26.12.2024 00:45",0.000,
"26.12.2024 01:00",0.000,
"26.12.2024 01:15",0.000,
"26.12.2024 01:30",0.000,
"26.12.2024 01:45",0.000,
"26.12.2024 02:00",0.000,
"26.12.2024 02:15",0.000,
"26.12.2024 02:30",0.000,
"26.12.2024 02:45",0.000,
"26.12.2024 03:00",0.000,
"26.12.2024 03:15",0.000,
"26.12.2024 03:30",0.000,
"26.12.2024 03:45",0.000,
"26.12.2024 04:00",0.000,
"26.12.2024 04:15",0.000,
"26.12.2024 04:30",0.000,
"26.12.2024 04:45",0.000,
"26.12.2024 05:00",0.000,
"26.12.2024 05:15",0.000,
"26.12.2024 05:30",0.000,
"26.12.2024 05:45",0.000,
"26.12.2024 06:00",0.000,
"26.12.2024 06:15",0.000,
"26.12.2024 06:30",0.000,
"26.12.2024 06:45",0.000,
"26.12.2024 07:00",0.000,
"26.12.2024 07:15",0.000,
"26.12.2024 07:30",0.000,
"26.12.2024 07:45",0.000,
"26.12.2024 08:00",0.000,
"26.12.2024 08:15",0.000,
"26.12.2024 08:30",0.000,
"26.12.2024 08:45",0.000,
"26.12.2024 09:00",0.000,
"26.12.2024 09:15",187.902,
"26.12.2024 09:30",388.900,
"26.12.2024 09:45",610.800,
"26.12.2024 10:00",789.000,
"26.12.2024 10:15",868.230,
"26.12.2024 10:30",938.100,
"26.12.2024 10:45",997.900,
"26.12.2024 11:00",891.000,
"26.12.2024 11:15",1147.610,
"26.12.2024 11:30",1183.100,
"26.12.2024 11:45",1820.100,
"26.12.2024 12:00",1697.800,
"26.12.2024 12:15",1393.593,
"26.12.2024 12:30",1741.068,
"26.12.2024 12:45",2069.115,
"26.12.2024 13:00",2618.900,
"26.12.2024 13:15",1417.100,
"26.12.2024 13:30",989.441,
"26.12.2024 13:45",763.000,
"26.12.2024 14:00",955.000,
"26.12.2024 14:15",652.000,
"26.12.2024 14:30",618.000,
"26.12.2024 14:45",830.068,
"26.12.2024 15:00",598.049,
"26.12.2024 15:15",294.800,
"26.12.2024 15:30",125.000,
"26.12.2024 15:45",0.000,
"26.12.2024 16:00",0.000,
"26.12.2024 16:15",0.000,
"26.12.2024 16:30",0.000,
"26.12.2024 16:45",0.000,
"26.12.2024 17:00",0.000,
"26.12.2024 17:15",0.000,
"26.12.2024 17:30",0.000,
"26.12.2024 17:45",0.000,
"26.12.2024 18:00",0.000,
"26.12.2024 18:15",0.000,
"26.12.2024 18:30",0.000,
"26.12.2024 18:45",0.000,
"26.12.2024 19:00",0.000,
"26.12.2024 19:15",0.000,
"26.12.2024 19:30",0.000,
"26.12.2024 19:45",0.000,
"26.12.2024 20:00",0.000,
"26.12.2024 20:15",0.000,
"26.12.2024 20:30",0.000,
"26.12.2024 20:45",0.000,
"26.12.2024 21:00",0.000,
"26.12.2024 21:15",0.000,
"26.12.2024 21:30",0.000,
"26.12.2024 21:45",0.000,
"26.12.2024 22:00",0.000,
"26.12.2024 22:15",0.000,
"26.12.2024 22:30",0.000,
"26.12.2024 22:45",0.000,
"26.12.2024 23:00",0.000,
"26.12.2024 23:15",0.000,
"26.12.2024 23:30",0.000,
"26.12.2024 23:45",0.000,
"27.12.2024 00:00",0.000,
"27.12.2024 00:15",0.000,
"27.12.2024 00:30",0.000,
"27.12.2024 00:45",0.000,
"27.12.2024 01:00",0.000,
"27.12.2024 01:15",0.000,
"27.12.2024 01:30",0.000,
"27.12.2024 01:45",0.000,
"27.12.2024 02:00",0.000,
"27.12.2024 02:15",0.000,
"27.12.2024 02:30",0.000,
"27.12.2024 02:45",0.000,
"27.12.2024 03:00",0.000,
"27.12.2024 03:15",0.000,
"27.12.2024 03:30",0.000,
"27.12.2024 03:45",0.000,
"27.12.2024 04:00",0.000,
"27.12.2024 04:15",0.000,
"27.12.2024 04:30",0.000,
"27.12.2024 04:45",0.000,
"27.12.2024 05:00",0.000,
"27.12.2024 05:15",0.000,
"27.12.2024 05:30",0.000,
"27.12.2024 05:45",0.000,
"27.12.2024 06:00",0.000,
"27.12.2024 06:15",0.000,
"27.12.2024 06:30",0.000,
"27.12.2024 06:45",0.000,
"27.12.2024 07:00",0.000,
"27.12.2024 07:15",0.000,
"27.12.2024 07:30",0.000,
"27.12.2024 07:45",0.000,
"27.12.2024 08:00",0.000,
"27.12.2024 08:15",0.000,
"27.12.2024 08:30",0.000,
"27.12.2024 08:45",0.000,
"27.12.2024 09:00",178.200,
"27.12.2024 09:15",702.000,
"27.12.2024 09:30",1077.000,
"27.12.2024 09:45",1771.200,
"27.12.2024 10:00",1970.983,
"27.12.2024 10:15",2109.934,
"27.12.2024 10:30",2684.000,
"27.12.2024 10:45",2478.000,
"27.12.2024 11:00",2020.016,
"27.12.2024 11:15",1845.115,
"27.12.2024 11:30",1930.900,
"27.12.2024 11:45",2906.900,
"27.12.2024 12:00",4024.000,
"27.12.2024 12:15",5314.100,
"27.12.2024 12:30",4931.900,
"27.12.2024 12:45",4098.900,
"27.12.2024 13:00",2957.100,
"27.12.2024 13:15",3431.200,
"27.12.2024 13:30",2910.051,
"27.12.2024 13:45",2964.672,
"27.12.2024 14:00",2241.000,
"27.12.2024 14:15",2249.900,
"27.12.2024 14:30",1302.951,
"27.12.2024 14:45",1737.900,
"27.12.2024 15:00",1038.900,
"27.12.2024 15:15",797.967,
"27.12.2024 15:30",408.100,
"27.12.2024 15:45",198.800,
"27.12.2024 16:00",0.000,
"27.12.2024 16:15",0.000,
"27.12.2024 16:30",0.000,
"27.12.2024 16:45",0.000,
"27.12.2024 17:00",0.000,
"27.12.2024 17:15",0.000,
"27.12.2024 17:30",0.000,
"27.12.2024 17:45",0.000,
"27.12.2024 18:00",0.000,
"27.12.2024 18:15",0.000,
"27.12.2024 18:30",0.000,
"27.12.2024 18:45",0.000,
"27.12.2024 19:00",0.000,
"27.12.2024 19:15",0.000,
"27.12.2024 19:30",0.000,
"27.12.2024 19:45",0.000,
"27.12.2024 20:00",0.000,
"27.12.2024 20:15",0.000,
"27.12.2024 20:30",0.000,
"27.12.2024 20:45",0.000,
"27.12.2024 21:00",0.000,
"27.12.2024 21:15",0.000,
"27.12.2024 21:30",0.000,
"27.12.2024 21:45",0.000,
"27.12.2024 22:00",0.000,
"27.12.2024 22:15",0.000,
"27.12.2024 22:30",0.000,
"27.12.2024 22:45",0.000,
"27.12.2024 23:00",0.000,
"27.12.2024 23:15",0.000,
"27.12.2024 23:30",0.000,
"27.12.2024 23:45",0.000,
"28.12.2024 00:00",0.000,
"28.12.2024 00:15",0.000,
"28.12.2024 00:30",0.000,
"28.12.2024 00:45",0.000,
"28.12.2024 01:00",0.000,
"28.12.2024 01:15",0.000,
"28.12.2024 01:30",0.000,
"28.12.2024 01:45",0.000,
"28.12.2024 02:00",0.000,
"28.12.2024 02:15",0.000,
"28.12.2024 02:30",0.000,
"28.12.2024 02:45",0.000,
"28.12.2024 03:00",0.000,
"28.12.2024 03:15",0.000,
"28.12.2024 03:30",0.000,
"28.12.2024 03:45",0.000,
"28.12.2024 04:00",0.000,
"28.12.2024 04:15",0.000,
"28.12.2024 04:30",0.000,
"28.12.2024 04:45",0.000,
"28.12.2024 05:00",0.000,
"28.12.2024 05:15",0.000,
"28.12.2024 05:30",0.000,
"28.12.2024 05:45",0.000,
"28.12.2024 06:00",0.000,
"28.12.2024 06:15",0.000,
"28.12.2024 06:30",0.000,
"28.12.2024 06:45",0.000,
"28.12.2024 07:00",0.000,
"28.12.2024 07:15",0.000,
"28.12.2024 07:30",0.000,
"28.12.2024 07:45",0.000,
"28.12.2024 08:00",0.000,
"28.12.2024 08:15",0.000,
"28.12.2024 08:30",0.000,
"28.12.2024 08:45",0.000,
"28.12.2024 09:00",0.000,
"28.12.2024 09:15",176.918,
"28.12.2024 09:30",547.000,
"28.12.2024 09:45",844.000,
"28.12.2024 10:00",1125.254,
"28.12.2024 10:15",1456.885,
"28.12.2024 10:30",1809.900,
"28.12.2024 10:45",2251.300,
"28.12.2024 11:00",1781.000,
"28.12.2024 11:15",3009.361,
"28.12.2024 11:30",2923.000,
"28.12.2024 11:45",2749.100,
"28.12.2024 12:00",3420.000,
"28.12.2024 12:15",3186.000,
"28.12.2024 12:30",2715.100,
"28.12.2024 12:45",3703.000,
"28.12.2024 13:00",3346.900,
"28.12.2024 13:15",3071.098,
"28.12.2024 13:30",2958.000,
"28.12.2024 13:45",2410.700,
"28.12.2024 14:00",2482.900,
"28.12.2024 14:15",1685.000,
"28.12.2024 14:30",2076.407,
"28.12.2024 14:45",1411.000,
"28.12.2024 15:00",1567.100,
"28.12.2024 15:15",1037.949,
"28.12.2024 15:30",446.000,
"28.12.2024 15:45",182.169,
"28.12.2024 16:00",6.800,
"28.12.2024 16:15",0.000,
"28.12.2024 16:30",0.000,
"28.12.2024 16:45",0.000,
"28.12.2024 17:00",0.000,
"28.12.2024 17:15",0.000,
"28.12.2024 17:30",0.000,
"28.12.2024 17:45",0.000,
"28.12.2024 18:00",0.000,
"28.12.2024 18:15",0.000,
"28.12.2024 18:30",0.000,
"28.12.2024 18:45",0.000,
"28.12.2024 19:00",0.000,
"28.12.2024 19:15",0.000,
"28.12.2024 19:30",0.000,
"28.12.2024 19:45",0.000,
"28.12.2024 20:00",0.000,
"28.12.2024 20:15",0.000,
"28.12.2024 20:30",0.000,
"28.12.2024 20:45",0.000,
"28.12.2024 21:00",0.000,
"28.12.2024 21:15",0.000,
"28.12.2024 21:30",0.000,
"28.12.2024 21:45",0.000,
"28.12.2024 22:00",0.000,
"28.12.2024 22:15",0.000,
"28.12.2024 22:30",0.000,
"28.12.2024 22:45",0.000,
"28.12.2024 23:00",0.000,
"28.12.2024 23:15",0.000,
"28.12.2024 23:30",0.000,
"28.12.2024 23:45",0.000,
"29.12.2024 00:00",0.000,
"29.12.2024 00:15",0.000,
"29.12.2024 00:30",0.000,
"29.12.2024 00:45",0.000,
"29.12.2024 01:00",0.000,
"29.12.2024 01:15",0.000,
"29.12.2024 01:30",0.000,
"29.12.2024 01:45",0.000,
"29.12.2024 02:00",0.000,
"29.12.2024 02:15",0.000,
"29.12.2024 02:30",0.000,
"29.12.2024 02:45",0.000,
"29.12.2024 03:00",0.000,
"29.12.2024 03:15",0.000,
"29.12.2024 03:30",0.000,
"29.12.2024 03:45",0.000,
"29.12.2024 04:00",0.000,
"29.12.2024 04:15",0.000,
"29.12.2024 04:30",0.000,
"29.12.2024 04:45",0.000,
"29.12.2024 05:00",0.000,
"29.12.2024 05:15",0.000,
"29.12.2024 05:30",0.000,
"29.12.2024 05:45",0.000,
"29.12.2024 06:00",0.000,
"29.12.2024 06:15",0.000,
"29.12.2024 06:30",0.000,
"29.12.2024 06:45",0.000,
"29.12.2024 07:00",0.000,
"29.12.2024 07:15",0.000,
"29.12.2024 07:30",0.000,
"29.12.2024 07:45",0.000,
"29.12.2024 08:00",0.000,
"29.12.2024 08:15",0.000,
"29.12.2024 08:30",0.000,
"29.12.2024 08:45",0.000,
"29.12.2024 09:00",0.000,
"29.12.2024 09:15",134.100,
"29.12.2024 09:30",657.458,
"29.12.2024 09:45",603.800,
"29.12.2024 10:00",957.100,
"29.12.2024 10:15",1242.000,
"29.12.2024 10:30",1282.900,
"29.12.2024 10:45",1701.700,
"29.12.2024 11:00",1596.237,
"29.12.2024 11:15",1585.600,
"29.12.2024 11:30",2041.000,
"29.12.2024 11:45",2475.085,
"29.12.2024 12:00",2211.085,
"29.12.2024 12:15",2046.508,
"29.12.2024 12:30",1718.541,
"29.12.2024 12:45",1729.492,
"29.12.2024 13:00",1630.180,
"29.12.2024 13:15",1444.800,
"29.12.2024 13:30",1573.220,
"29.12.2024 13:45",1497.000,
"29.12.2024 14:00",1188.458,
"29.12.2024 14:15",1226.100,
"29.12.2024 14:30",815.934,
"29.12.2024 14:45",751.593,
"29.12.2024 15:00",287.800,
"29.12.2024 15:15",237.000,
"29.12.2024 15:30",168.000,
"29.12.2024 15:45",168.678,
"29.12.2024 16:00",0.000,
"29.12.2024 16:15",0.000,
"29.12.2024 16:30",0.000,
"29.12.2024 16:45",0.000,
"29.12.2024 17:00",0.000,
"29.12.2024 17:15",0.000,
"29.12.2024 17:30",0.000,
"29.12.2024 17:45",0.000,
"29.12.2024 18:00",0.000,
"29.12.2024 18:15",0.000,
"29.12.2024 18:30",0.000,
"29.12.2024 18:45",0.000,
"29.12.2024 19:00",0.000,
"29.12.2024 19:15",0.000,
"29.12.2024 19:30",0.000,
"29.12.2024 19:45",0.000,
"29.12.2024 20:00",0.000,
"29.12.2024 20:15",0.000,
"29.12.2024 20:30",0.000,
"29.12.2024 20:45",0.000,
"29.12.2024 21:00",0.000,
"29.12.2024 21:15",0.000,
"29.12.2024 21:30",0.000,
"29.12.2024 21:45",0.000,
"29.12.2024 22:00",0.000,
"29.12.2024 22:15",0.000,
"29.12.2024 22:30",0.000,
"29.12.2024 22:45",0.000,
"29.12.2024 23:00",0.000,
"29.12.2024 23:15",0.000,
"29.12.2024 23:30",0.000,
"29.12.2024 23:45",0.000,
"30.12.2024 00:00",0.000,
"30.12.2024 00:15",0.000,
"30.12.2024 00:30",0.000,
"30.12.2024 00:45",0.000,
"30.12.2024 01:00",0.000,
"30.12.2024 01:15",0.000,
"30.12.2024 01:30",0.000,
"30.12.2024 01:45",0.000,
"30.12.2024 02:00",0.000,
"30.12.2024 02:15",0.000,
"30.12.2024 02:30",0.000,
"30.12.2024 02:45",0.000,
"30.12.2024 03:00",0.000,
"30.12.2024 03:15",0.000,
"30.12.2024 03:30",0.000,
"30.12.2024 03:45",0.000,
"30.12.2024 04:00",0.000,
"30.12.2024 04:15",0.000,
"30.12.2024 04:30",0.000,
"30.12.2024 04:45",0.000,
"30.12.2024 05:00",0.000,
"30.12.2024 05:15",0.000,
"30.12.2024 05:30",0.000,
"30.12.2024 05:45",0.000,
"30.12.2024 06:00",0.000,
"30.12.2024 06:15",0.000,
"30.12.2024 06:30",0.000,
"30.12.2024 06:45",0.000,
"30.12.2024 07:00",0.000,
"30.12.2024 07:15",0.000,
"30.12.2024 07:30",0.000,
"30.12.2024 07:45",0.000,
"30.12.2024 08:00",0.000,
"30.12.2024 08:15",0.000,
"30.12.2024 08:30",0.000,
"30.12.2024 08:45",0.000,
"30.12.2024 09:00",0.000,
"30.12.2024 09:15",0.000,
"30.12.2024 09:30",339.100,
"30.12.2024 09:45",1314.361,
"30.12.2024 10:00",1200.100,
"30.12.2024 10:15",1823.770,
"30.12.2024 10:30",1537.017,
"30.12.2024 10:45",2198.034,
"30.12.2024 11:00",2688.000,
"30.12.2024 11:15",2663.000,
"30.12.2024 11:30",2526.600,
"30.12.2024 11:45",2206.082,
"30.12.2024 12:00",1751.639,
"30.12.2024 12:15",1677.000,
"30.12.2024 12:30",1014.800,
"30.12.2024 12:45",884.770,
"30.12.2024 13:00",995.900,
"30.12.2024 13:15",996.900,
"30.12.2024 13:30",1072.393,
"30.12.2024 13:45",1062.885,
"30.12.2024 14:00",1067.102,
"30.12.2024 14:15",1036.082,
"30.12.2024 14:30",929.459,
"30.12.2024 14:45",923.311,
"30.12.2024 15:00",883.148,
"30.12.2024 15:15",516.700,
"30.12.2024 15:30",421.098,
"30.12.2024 15:45",7.672,
"30.12.2024 16:00",0.000,
"30.12.2024 16:15",0.000,
"30.12.2024 16:30",0.000,
"30.12.2024 16:45",0.000,
"30.12.2024 17:00",0.000,
"30.12.2024 17:15",0.000,
"30.12.2024 17:30",0.000,
"30.12.2024 17:45",0.000,
"30.12.2024 18:00",0.000,
"30.12.2024 18:15",0.000,
"30.12.2024 18:30",0.000,
"30.12.2024 18:45",0.000,
"30.12.2024 19:00",0.000,
"30.12.2024 19:15",0.000,
"30.12.2024 19:30",0.000,
"30.12.2024 19:45",0.000,
"30.12.2024 20:00",0.000,
"30.12.2024 20:15",0.000,
"30.12.2024 20:30",0.000,
"30.12.2024 20:45",0.000,
"30.12.2024 21:00",0.000,
"30.12.2024 21:15",0.000,
"30.12.2024 21:30",0.000,
"30.12.2024 21:45",0.000,
"30.12.2024 22:00",0.000,
"30.12.2024 22:15",0.000,
"30.12.2024 22:30",0.000,
"30.12.2024 22:45",0.000,
"30.12.2024 23:00",0.000,
"30.12.2024 23:15",0.000,
"30.12.2024 23:30",0.000,
"30.12.2024 23:45",0.000,
"31.12.2024 00:00",0.000,
"31.12.2024 00:15",0.000,
"31.12.2024 00:30",0.000,
"31.12.2024 00:45",0.000,
"31.12.2024 01:00",0.000,
"31.12.2024 01:15",0.000,
"31.12.2024 01:30",0.000,
"31.12.2024 01:45",0.000,
"31.12.2024 02:00",0.000,
"31.12.2024 02:15",0.000,
"31.12.2024 02:30",0.000,
"31.12.2024 02:45",0.000,
"31.12.2024 03:00",0.000,
"31.12.2024 03:15",0.000,
"31.12.2024 03:30",0.000,
"31.12.2024 03:45",0.000,
"31.12.2024 04:00",0.000,
"31.12.2024 04:15",0.000,
"31.12.2024 04:30",0.000,
"31.12.2024 04:45",0.000,
"31.12.2024 05:00",0.000,
"31.12.2024 05:15",0.000,
"31.12.2024 05:30",0.000,
"31.12.2024 05:45",0.000,
"31.12.2024 06:00",0.000,
"31.12.2024 06:15",0.000,
"31.12.2024 06:30",0.000,
"31.12.2024 06:45",0.000,
"31.12.2024 07:00",0.000,
"31.12.2024 07:15",0.000,
"31.12.2024 07:30",0.000,
"31.12.2024 07:45",0.000,
"31.12.2024 08:00",0.000,
"31.12.2024 08:15",0.000,
"31.12.2024 08:30",0.000,
"31.12.2024 08:45",0.000,
"31.12.2024 09:00",0.000,
"31.12.2024 09:15",278.000,
"31.12.2024 09:30",194.148,
"31.12.2024 09:45",794.333,
"31.12.2024 10:00",1045.322,
"31.12.2024 10:15",1179.017,
"31.12.2024 10:30",1159.000,
"31.12.2024 10:45",1105.000,
"31.12.2024 11:00",990.295,
"31.12.2024 11:15",1319.100,
"31.12.2024 11:30",1471.200,
"31.12.2024 11:45",1442.885,
"31.12.2024 12:00",850.100,
"31.12.2024 12:15",1109.000,
"31.12.2024 12:30",1374.900,
"31.12.2024 12:45",1428.000,
"31.12.2024 13:00",1617.949,
"31.12.2024 13:15",1272.803,
"31.12.2024 13:30",1476.492,
"31.12.2024 13:45",1175.000,
"31.12.2024 14:00",1037.000,
"31.12.2024 14:15",704.100,
"31.12.2024 14:30",497.000,
"31.12.2024 14:45",426.016,
"31.12.2024 15:00",256.900,
"31.12.2024 15:15",256.847,
"31.12.2024 15:30",212.800,
"31.12.2024 15:45",0.000,
"31.12.2024 16:00",0.000,
"31.12.2024 16:15",0.000,
"31.12.2024 16:30",0.000,
"31.12.2024 16:45",0.000,
"31.12.2024 17:00",0.000,
"31.12.2024 17:15",0.000,
"31.12.2024 17:30",0.000,
"31.12.2024 17:45",0.000,
"31.12.2024 18:00",0.000,
"31.12.2024 18:15",0.000,
"31.12.2024 18:30",0.000,
"31.12.2024 18:45",0.000,
"31.12.2024 19:00",0.000,
"31.12.2024 19:15",0.000,
"31.12.2024 19:30",0.000,
"31.12.2024 19:45",0.000,
"31.12.2024 20:00",0.000,
"31.12.2024 20:15",0.000,
"31.12.2024 20:30",0.000,
"31.12.2024 20:45",0.000,
"31.12.2024 21:00",0.000,
"31.12.2024 21:15",0.000,
"31.12.2024 21:30",0.000,
"31.12.2024 21:45",0.000,
"31.12.2024 22:00",0.000,
"31.12.2024 22:15",0.000,
"31.12.2024 22:30",0.000,
"31.12.2024 22:45",0.000,
"31.12.2024 23:00",0.000,
"31.12.2024 23:15",0.000,
"31.12.2024 23:30",0.000,
"31.12.2024 23:45",0.000,
"01.01.2025 00:00",0.000,
