datetime,actual,forecast
2024-10-01 01:00:00,0.0,-0.04618501663208008
2024-10-01 02:00:00,0.0,-0.04618501663208008
2024-10-01 03:00:00,0.0,0.05768537521362305
2024-10-01 04:00:00,0.0,0.05768537521362305
2024-10-01 05:00:00,0.0,-0.03286170959472656
2024-10-01 06:00:00,0.0,-0.03286170959472656
2024-10-01 07:00:00,0.0,0.07086515426635742
2024-10-01 08:00:00,0.5112309999999995,0.8974823951721191
2024-10-01 09:00:00,1.435123,2.554202079772949
2024-10-01 10:00:00,4.3815613,3.014023780822754
2024-10-01 11:00:00,4.710106,5.94038200378418
2024-10-01 12:00:00,4.809928,5.730508804321289
2024-10-01 13:00:00,7.9254227,5.5880022048950195
2024-10-01 14:00:00,7.094993,6.810208797454834
2024-10-01 15:00:00,3.4575372,5.752822399139404
2024-10-01 16:00:00,3.1749291,1.1557402610778809
2024-10-01 17:00:00,1.2682250000000002,0.40822792053222656
2024-10-01 18:00:00,0.30713550000000023,0.7888107299804688
2024-10-01 19:00:00,0.0,-0.20084381103515625
2024-10-01 20:00:00,0.0,-0.18940162658691406
2024-10-01 21:00:00,0.0,-0.1944112777709961
2024-10-01 22:00:00,0.0,-0.13122320175170898
2024-10-01 23:00:00,0.0,-0.13122320175170898
2024-10-02 00:00:00,0.0,-0.05115318298339844
2024-10-02 01:00:00,0.0,-0.03952836990356445
2024-10-02 02:00:00,0.0,-0.04618501663208008
2024-10-02 03:00:00,0.0,0.05768537521362305
2024-10-02 04:00:00,0.0,0.05768537521362305
2024-10-02 05:00:00,0.0,-0.03286170959472656
2024-10-02 06:00:00,0.0,-0.03286170959472656
2024-10-02 07:00:00,0.0,0.5987811088562012
2024-10-02 08:00:00,1.4702498999999998,2.0226259231567383
2024-10-02 09:00:00,3.8376908,6.136631965637207
2024-10-02 10:00:00,5.2083826,11.378152847290039
2024-10-02 11:00:00,19.551558,14.3886079788208
2024-10-02 12:00:00,26.371332,26.578662872314453
2024-10-02 13:00:00,27.834711,25.334823608398438
2024-10-02 14:00:00,25.42752,19.366302490234375
2024-10-02 15:00:00,25.1934,13.852465629577637
2024-10-02 16:00:00,20.750864,8.13958740234375
2024-10-02 17:00:00,6.815704,7.656318187713623
2024-10-02 18:00:00,1.1664577000000005,1.6809039115905762
2024-10-02 19:00:00,0.0,0.45639896392822266
2024-10-02 20:00:00,0.0,-0.18274497985839844
2024-10-02 21:00:00,0.0,-0.18775463104248047
2024-10-02 22:00:00,0.0,-0.12456655502319336
2024-10-02 23:00:00,0.0,-0.20770263671875
2024-10-03 00:00:00,0.0,-0.12763309478759766
2024-10-03 01:00:00,0.0,-0.03952836990356445
2024-10-03 02:00:00,0.0,-0.1226649284362793
2024-10-03 03:00:00,0.0,-0.01879405975341797
2024-10-03 04:00:00,0.0,-0.01879405975341797
2024-10-03 05:00:00,0.0,-0.10934114456176758
2024-10-03 06:00:00,0.0,-0.026204586029052734
2024-10-03 07:00:00,0.10899999999999999,1.2922272682189941
2024-10-03 08:00:00,2.224666,3.570549964904785
2024-10-03 09:00:00,10.995731,7.445844650268555
2024-10-03 10:00:00,27.410658,17.955421447753906
2024-10-03 11:00:00,33.161827,30.114837646484375
2024-10-03 12:00:00,29.117,30.521663665771484
2024-10-03 13:00:00,29.256508,26.357742309570312
2024-10-03 14:00:00,32.698547,25.17740249633789
2024-10-03 15:00:00,26.526047,20.393165588378906
2024-10-03 16:00:00,18.494072,15.502607345581055
2024-10-03 17:00:00,7.671219,7.177528381347656
2024-10-03 18:00:00,0.7788900000000005,1.6809039115905762
2024-10-03 19:00:00,0.0,0.028800010681152344
2024-10-03 20:00:00,0.0,-0.18274497985839844
2024-10-03 21:00:00,0.0,-0.18775463104248047
2024-10-03 22:00:00,0.0,-0.20770263671875
2024-10-03 23:00:00,0.0,-0.20770263671875
2024-10-04 00:00:00,0.0,-0.12763309478759766
2024-10-04 01:00:00,0.0,-0.1226649284362793
2024-10-04 02:00:00,0.0,-0.1226649284362793
2024-10-04 03:00:00,0.0,-0.01879405975341797
2024-10-04 04:00:00,0.0,-0.01879405975341797
2024-10-04 05:00:00,0.0,-0.10934114456176758
2024-10-04 06:00:00,0.0,-0.10934114456176758
2024-10-04 07:00:00,0.14047500000000035,1.2090911865234375
2024-10-04 08:00:00,2.2492754,4.174120903015137
2024-10-04 09:00:00,12.4286785,10.089502334594727
2024-10-04 10:00:00,21.25688,17.164215087890625
2024-10-04 11:00:00,19.988209,25.05133819580078
2024-10-04 12:00:00,15.647528,23.715038299560547
2024-10-04 13:00:00,24.126598,21.569229125976562
2024-10-04 14:00:00,28.047213,17.78337860107422
2024-10-04 15:00:00,21.831801999999996,20.51541519165039
2024-10-04 16:00:00,17.555836,10.115001678466797
2024-10-04 17:00:00,6.0055213,4.806180953979492
2024-10-04 18:00:00,0.7234695000000002,1.4455604553222656
2024-10-04 19:00:00,0.0,-0.20654296875
2024-10-04 20:00:00,0.0,-0.4180889129638672
2024-10-04 21:00:00,0.0,-0.4230985641479492
2024-10-04 22:00:00,0.0,-0.20770263671875
2024-10-04 23:00:00,0.0,-0.20770263671875
2024-10-05 00:00:00,0.0,-0.05208396911621094
2024-10-05 01:00:00,0.0,-0.13025188446044922
2024-10-05 02:00:00,0.0,-0.13025188446044922
2024-10-05 03:00:00,0.0,0.050098419189453125
2024-10-05 04:00:00,0.0,0.050098419189453125
2024-10-05 05:00:00,0.0,-0.040448665618896484
2024-10-05 06:00:00,0.0,-0.040448665618896484
2024-10-05 07:00:00,0.16090249999999973,1.2779836654663086
2024-10-05 08:00:00,2.0025243999999995,3.9881510734558105
2024-10-05 09:00:00,12.2276325,7.792233943939209
2024-10-05 10:00:00,20.64001,16.12445831298828
2024-10-05 11:00:00,27.510544,23.500829696655273
2024-10-05 12:00:00,31.806225,23.479862213134766
2024-10-05 13:00:00,33.448997,23.141510009765625
2024-10-05 14:00:00,36.11428999999999,19.124187469482422
2024-10-05 15:00:00,19.554394,17.970195770263672
2024-10-05 16:00:00,8.0932045,9.634443283081055
2024-10-05 17:00:00,8.879943,1.437973976135254
2024-10-05 18:00:00,0.7680921999999999,3.1093711853027344
2024-10-05 19:00:00,0.0,0.021213054656982422
2024-10-05 20:00:00,0.0,-0.4256753921508789
2024-10-05 21:00:00,0.0,-0.43068599700927734
2024-10-05 22:00:00,0.0,-0.21529006958007812
2024-10-05 23:00:00,0.0,-0.21529006958007812
2024-10-06 00:00:00,0.0,-0.13522005081176758
2024-10-06 01:00:00,0.0,-0.13025188446044922
2024-10-06 02:00:00,0.0,-0.13025188446044922
2024-10-06 03:00:00,0.0,-0.026381492614746094
2024-10-06 04:00:00,0.0,0.05675506591796875
2024-10-06 05:00:00,0.0,-0.1169285774230957
2024-10-06 06:00:00,0.0,-0.1169285774230957
2024-10-06 07:00:00,0.11604924500000013,1.2015047073364258
2024-10-06 08:00:00,1.6114538000000005,4.312052249908447
2024-10-06 09:00:00,11.849665,9.161555290222168
2024-10-06 10:00:00,20.577866,16.081972122192383
2024-10-06 11:00:00,27.58281,28.167194366455078
2024-10-06 12:00:00,31.774006,27.562042236328125
2024-10-06 13:00:00,34.206573,28.759136199951172
2024-10-06 14:00:00,23.867443,23.141510009765625
2024-10-06 15:00:00,14.54662,13.990396499633789
2024-10-06 16:00:00,19.475653,7.274909973144531
2024-10-06 17:00:00,5.735434,7.450083255767822
2024-10-06 18:00:00,0.5578072699999996,1.6636772155761719
2024-10-06 19:00:00,0.0,-0.21413040161132812
2024-10-06 20:00:00,0.0,-0.1969890594482422
2024-10-06 21:00:00,0.0,-0.20199871063232422
2024-10-06 22:00:00,0.0,-0.1388101577758789
2024-10-06 23:00:00,0.0,-0.13215351104736328
2024-10-07 00:00:00,0.0,-0.3341484069824219
2024-10-07 01:00:00,0.0,-0.2381753921508789
2024-10-07 02:00:00,0.0,-0.24604320526123047
2024-10-07 03:00:00,0.0,-0.2253093719482422
2024-10-07 04:00:00,0.0,-0.14217281341552734
2024-10-07 05:00:00,0.0,-0.03286170959472656
2024-10-07 06:00:00,0.0,-0.03286170959472656
2024-10-07 07:00:00,0.0,0.07086515426635742
2024-10-07 08:00:00,2.3301635000000003,0.8974823951721191
2024-10-07 09:00:00,3.3411529999999994,4.28302001953125
2024-10-07 10:00:00,2.7722185,4.688825607299805
2024-10-07 11:00:00,5.952833,6.02085018157959
2024-10-07 12:00:00,7.636175,7.127408504486084
2024-10-07 13:00:00,11.543555,10.291031837463379
2024-10-07 14:00:00,6.444856,13.011858940124512
2024-10-07 15:00:00,12.720617,9.157275199890137
2024-10-07 16:00:00,6.602335,6.695120811462402
2024-10-07 17:00:00,5.5177956,1.2390427589416504
2024-10-07 18:00:00,0.6869817400000002,1.8999500274658203
2024-10-07 19:00:00,0.0,0.02214336395263672
2024-10-07 20:00:00,0.0,-0.18940162658691406
2024-10-07 21:00:00,0.0,-0.1944112777709961
2024-10-07 22:00:00,0.0,-0.13122320175170898
2024-10-07 23:00:00,0.0,-0.13122320175170898
2024-10-08 00:00:00,0.0,-0.05115318298339844
2024-10-08 01:00:00,0.0,-0.04618501663208008
2024-10-08 02:00:00,0.0,-0.04618501663208008
2024-10-08 03:00:00,0.0,0.05768537521362305
2024-10-08 04:00:00,0.0,0.05768537521362305
2024-10-08 05:00:00,0.0,-0.03286170959472656
2024-10-08 06:00:00,0.0,-0.03286170959472656
2024-10-08 07:00:00,0.0,0.07086515426635742
2024-10-08 08:00:00,0.3467874799999997,0.16141223907470703
2024-10-08 09:00:00,1.6408622,2.2269654273986816
2024-10-08 10:00:00,2.7456299999999993,4.657532691955566
2024-10-08 11:00:00,4.0617247,4.526610374450684
2024-10-08 12:00:00,6.7463117,9.040450096130371
2024-10-08 13:00:00,11.732394,8.802159309387207
2024-10-08 14:00:00,16.114365,14.73320198059082
2024-10-08 15:00:00,16.587229,15.744874954223633
2024-10-08 16:00:00,10.343024,7.627525329589844
2024-10-08 17:00:00,3.8720639,3.345644474029541
2024-10-08 18:00:00,0.5089494999999999,0.40822792053222656
2024-10-08 19:00:00,0.0,0.02214336395263672
2024-10-08 20:00:00,0.0,-0.18940162658691406
2024-10-08 21:00:00,0.0,-0.1944112777709961
2024-10-08 22:00:00,0.0,-0.13122320175170898
2024-10-08 23:00:00,0.0,-0.13122320175170898
2024-10-09 00:00:00,0.0,-0.05115318298339844
2024-10-09 01:00:00,0.0,-0.04618501663208008
2024-10-09 02:00:00,0.0,-0.04618501663208008
2024-10-09 03:00:00,0.0,0.05768537521362305
2024-10-09 04:00:00,0.0,-0.01879405975341797
2024-10-09 05:00:00,0.0,-0.026204586029052734
2024-10-09 06:00:00,0.0,-0.03286170959472656
2024-10-09 07:00:00,0.0,0.5987811088562012
2024-10-09 08:00:00,1.7993189999999997,1.5842714309692383
2024-10-09 09:00:00,2.4520602,5.196765422821045
2024-10-09 10:00:00,6.3594146,6.104857444763184
2024-10-09 11:00:00,16.274946,16.83753776550293
2024-10-09 12:00:00,21.778456,22.43455696105957
2024-10-09 13:00:00,11.564224,18.63802719116211
2024-10-09 14:00:00,9.0739155,11.18511962890625
2024-10-09 15:00:00,9.93298,7.513864517211914
2024-10-09 16:00:00,6.876775,4.455378532409668
2024-10-09 17:00:00,3.5768094,1.6742467880249023
2024-10-09 18:00:00,0.17128675000000104,0.40822792053222656
2024-10-09 19:00:00,0.0,-0.20084381103515625
2024-10-09 20:00:00,0.0,-0.18940162658691406
2024-10-09 21:00:00,0.0,-0.1944112777709961
2024-10-09 22:00:00,0.0,-0.13122320175170898
2024-10-09 23:00:00,0.0,-0.13122320175170898
2024-10-10 00:00:00,0.0,-0.05115318298339844
2024-10-10 01:00:00,0.0,-0.04618501663208008
2024-10-10 02:00:00,0.0,-0.04618501663208008
2024-10-10 03:00:00,0.0,0.05768537521362305
2024-10-10 04:00:00,0.0,0.05768537521362305
2024-10-10 05:00:00,0.0,-0.03286170959472656
2024-10-10 06:00:00,0.0,-0.03286170959472656
2024-10-10 07:00:00,0.0,0.07086515426635742
2024-10-10 08:00:00,0.23320775000000005,0.16141223907470703
2024-10-10 09:00:00,2.4127780000000003,1.7886109352111816
2024-10-10 10:00:00,5.307322,6.1587724685668945
2024-10-10 11:00:00,3.6508890000000003,8.776851654052734
2024-10-10 12:00:00,4.679082,4.347686767578125
2024-10-10 13:00:00,17.693981,12.611698150634766
2024-10-10 14:00:00,9.136343,10.664531707763672
2024-10-10 15:00:00,18.414534,7.444570064544678
2024-10-10 16:00:00,17.392107,6.671867370605469
2024-10-10 17:00:00,3.6541930000000002,5.0415239334106445
2024-10-10 18:00:00,0.45183450000000036,0.4148845672607422
2024-10-10 19:00:00,0.0,-0.4295310974121094
2024-10-10 20:00:00,0.0,-0.18274497985839844
2024-10-10 21:00:00,0.0,-0.4230985641479492
2024-10-10 22:00:00,0.0,-0.20770263671875
2024-10-10 23:00:00,0.0,-0.20770263671875
2024-10-11 00:00:00,0.0,-0.12763309478759766
2024-10-11 01:00:00,0.0,-0.1226649284362793
2024-10-11 02:00:00,0.0,-0.1226649284362793
2024-10-11 03:00:00,0.0,0.06434202194213867
2024-10-11 04:00:00,0.0,-0.01879405975341797
2024-10-11 05:00:00,0.0,-0.026204586029052734
2024-10-11 06:00:00,0.0,-0.026204586029052734
2024-10-11 07:00:00,0.0,1.5674891471862793
2024-10-11 08:00:00,1.2455312999999997,3.570549964904785
2024-10-11 09:00:00,9.123163,5.8069939613342285
2024-10-11 10:00:00,11.21073,15.394156455993652
2024-10-11 11:00:00,24.922813,16.212255477905273
2024-10-11 12:00:00,25.10123,17.99135971069336
2024-10-11 13:00:00,32.42448,22.98598861694336
2024-10-11 14:00:00,27.822372,21.383907318115234
2024-10-11 15:00:00,17.50172,20.181997299194336
2024-10-11 16:00:00,10.744772,8.33192253112793
2024-10-11 17:00:00,3.4859636,2.8701462745666504
2024-10-11 18:00:00,0.2608987700000007,0.4148845672607422
2024-10-11 19:00:00,0.0,-0.19418716430664062
2024-10-11 20:00:00,0.0,-0.18274497985839844
2024-10-11 21:00:00,0.0,-0.18775463104248047
2024-10-11 22:00:00,0.0,-0.12456655502319336
2024-10-11 23:00:00,0.0,-0.13122320175170898
2024-10-12 00:00:00,0.0,-0.05208396911621094
2024-10-12 01:00:00,0.0,-0.13025188446044922
2024-10-12 02:00:00,0.0,-0.13025188446044922
2024-10-12 03:00:00,0.0,-0.026381492614746094
2024-10-12 04:00:00,0.0,-0.026381492614746094
2024-10-12 05:00:00,0.0,-0.1169285774230957
2024-10-12 06:00:00,0.0,-0.040448665618896484
2024-10-12 07:00:00,0.051475000000000826,1.2779836654663086
2024-10-12 08:00:00,1.7788388,3.701824188232422
2024-10-12 09:00:00,7.472987,6.267905235290527
2024-10-12 10:00:00,15.51263,10.813148498535156
2024-10-12 11:00:00,20.917677,17.86579132080078
2024-10-12 12:00:00,21.72142,17.72600555419922
2024-10-12 13:00:00,18.444725,18.91387939453125
2024-10-12 14:00:00,16.818926,13.604569435119629
2024-10-12 15:00:00,13.167855,9.4236478805542
2024-10-12 16:00:00,5.6786256,5.983914852142334
2024-10-12 17:00:00,1.9869881999999999,1.8923635482788086
2024-10-12 18:00:00,0.6477500000000003,0.32931947708129883
2024-10-12 19:00:00,0.0,0.014556407928466797
2024-10-12 20:00:00,0.0,-0.19033241271972656
2024-10-12 21:00:00,0.0,-0.43068599700927734
2024-10-12 22:00:00,0.0,-0.21529006958007812
2024-10-12 23:00:00,0.0,-0.21529006958007812
2024-10-13 00:00:00,0.0,-0.05874061584472656
2024-10-13 01:00:00,0.0,-0.05377197265625
2024-10-13 02:00:00,0.0,-0.05377197265625
2024-10-13 03:00:00,0.0,0.050098419189453125
2024-10-13 04:00:00,0.0,0.050098419189453125
2024-10-13 05:00:00,0.0,-0.040448665618896484
2024-10-13 06:00:00,0.0,-0.03379201889038086
2024-10-13 07:00:00,0.0,0.514714241027832
2024-10-13 08:00:00,0.787123199999999,3.7084813117980957
2024-10-13 09:00:00,6.232516,5.611620903015137
2024-10-13 10:00:00,17.966393,13.93721866607666
2024-10-13 11:00:00,29.343275,17.917346954345703
2024-10-13 12:00:00,20.361725,18.963855743408203
2024-10-13 13:00:00,22.513289999999998,14.802976608276367
2024-10-13 14:00:00,23.515278,19.083900451660156
2024-10-13 15:00:00,14.972992,13.990396499633789
2024-10-13 16:00:00,10.688143,6.581838607788086
2024-10-13 17:00:00,2.9456713,2.8625597953796387
2024-10-13 18:00:00,0.3680000000000012,0.40729713439941406
2024-10-13 19:00:00,0.0,-0.20177459716796875
2024-10-13 20:00:00,0.0,-0.19033241271972656
2024-10-13 21:00:00,0.0,-0.1953420639038086
2024-10-13 22:00:00,0.0,-0.33080101013183594
2024-10-13 23:00:00,0.0,-0.33080101013183594
2024-10-14 00:00:00,0.0,-0.05115318298339844
2024-10-14 01:00:00,0.0,-0.04618501663208008
2024-10-14 02:00:00,0.0,-0.04618501663208008
2024-10-14 03:00:00,0.0,-0.14217281341552734
2024-10-14 04:00:00,0.0,-0.13430547714233398
2024-10-14 05:00:00,0.0,-0.23272037506103516
2024-10-14 06:00:00,0.0,-0.23272037506103516
2024-10-14 07:00:00,0.0,0.3989224433898926
2024-10-14 08:00:00,1.1052062999999999,3.5638928413391113
2024-10-14 09:00:00,6.4768324,5.8834733963012695
2024-10-14 10:00:00,9.5732,11.213737487792969
2024-10-14 11:00:00,12.685228,14.076507568359375
2024-10-14 12:00:00,17.139765,15.504369735717773
2024-10-14 13:00:00,20.350819,13.328716278076172
2024-10-14 14:00:00,11.211671,12.064465522766113
2024-10-14 15:00:00,7.6101723,6.872823715209961
2024-10-14 16:00:00,9.075754,1.97078275680542
2024-10-14 17:00:00,3.4567120000000005,3.345644474029541
2024-10-14 18:00:00,0.4782340000000005,0.40822792053222656
2024-10-14 19:00:00,0.0,0.02214336395263672
2024-10-14 20:00:00,0.0,-0.18940162658691406
2024-10-14 21:00:00,0.0,-0.1944112777709961
2024-10-14 22:00:00,0.0,-0.13122320175170898
2024-10-14 23:00:00,0.0,-0.13122320175170898
2024-10-15 00:00:00,0.0,-0.05115318298339844
2024-10-15 01:00:00,0.0,-0.03952836990356445
2024-10-15 02:00:00,0.0,-0.1226649284362793
2024-10-15 03:00:00,0.0,-0.01879405975341797
2024-10-15 04:00:00,0.0,-0.01879405975341797
2024-10-15 05:00:00,0.0,-0.026204586029052734
2024-10-15 06:00:00,0.0,-0.03286170959472656
2024-10-15 07:00:00,0.0,0.6054377555847168
2024-10-15 08:00:00,1.3520463000000005,3.570549964904785
2024-10-15 09:00:00,9.252452,6.053494930267334
2024-10-15 10:00:00,14.315168,15.785393714904785
2024-10-15 11:00:00,23.20902,17.745677947998047
2024-10-15 12:00:00,27.712255,23.213607788085938
2024-10-15 13:00:00,28.342758,24.706066131591797
2024-10-15 14:00:00,25.838541,17.47153091430664
2024-10-15 15:00:00,20.091446,16.67331314086914
2024-10-15 16:00:00,12.605939,8.434381484985352
2024-10-15 17:00:00,3.0881054,2.995516777038574
2024-10-15 18:00:00,0.1749787499999993,0.17954063415527344
2024-10-15 19:00:00,0.0,-0.4295310974121094
2024-10-15 20:00:00,0.0,-0.4180889129638672
2024-10-15 21:00:00,0.0,-0.18775463104248047
2024-10-15 22:00:00,0.0,-0.13122320175170898
2024-10-15 23:00:00,0.0,-0.13122320175170898
2024-10-16 00:00:00,0.0,-0.05115318298339844
2024-10-16 01:00:00,0.0,-0.04618501663208008
2024-10-16 02:00:00,0.0,-0.04618501663208008
2024-10-16 03:00:00,0.0,0.05768537521362305
2024-10-16 04:00:00,0.0,0.05768537521362305
2024-10-16 05:00:00,0.0,-0.03286170959472656
2024-10-16 06:00:00,0.0,-0.03286170959472656
2024-10-16 07:00:00,0.0,0.07086515426635742
2024-10-16 08:00:00,1.4592593000000003,2.0226259231567383
2024-10-16 09:00:00,9.400277,5.8834733963012695
2024-10-16 10:00:00,14.224975,13.619464874267578
2024-10-16 11:00:00,19.8775,15.907221794128418
2024-10-16 12:00:00,26.52746,23.149051666259766
2024-10-16 13:00:00,26.69039,19.273279190063477
2024-10-16 14:00:00,24.716614,22.38720703125
2024-10-16 15:00:00,16.692776,13.852465629577637
2024-10-16 16:00:00,9.130344,7.634182453155518
2024-10-16 17:00:00,2.748648,3.3523011207580566
2024-10-16 18:00:00,0.10502500000000037,0.4148845672607422
2024-10-16 19:00:00,0.0,-0.19418716430664062
2024-10-16 20:00:00,0.0,-0.18274497985839844
2024-10-16 21:00:00,0.0,-0.4230985641479492
2024-10-16 22:00:00,0.0,-0.12456655502319336
2024-10-16 23:00:00,0.0,-0.13122320175170898
2024-10-17 00:00:00,0.0,-0.05115318298339844
2024-10-17 01:00:00,0.0,-0.1226649284362793
2024-10-17 02:00:00,0.0,-0.1226649284362793
2024-10-17 03:00:00,0.0,0.06434202194213867
2024-10-17 04:00:00,0.0,0.06434202194213867
2024-10-17 05:00:00,0.0,-0.10934114456176758
2024-10-17 06:00:00,0.0,-0.026204586029052734
2024-10-17 07:00:00,0.0,0.522301197052002
2024-10-17 08:00:00,0.7638091999999999,3.073582172393799
2024-10-17 09:00:00,6.050059,5.473690509796143
2024-10-17 10:00:00,14.127014,13.792630195617676
2024-10-17 11:00:00,17.0811,16.099212646484375
2024-10-17 12:00:00,21.527391,16.30661392211914
2024-10-17 13:00:00,12.824672,14.827415466308594
2024-10-17 14:00:00,14.382956,9.2984037399292
2024-10-17 15:00:00,7.474144,5.616805076599121
2024-10-17 16:00:00,2.6673730000000004,1.4345712661743164
2024-10-17 17:00:00,0.5585334999999993,0.33690690994262695
2024-10-17 18:00:00,0.056199999999999584,0.1258702278137207
2024-10-17 19:00:00,0.0,-0.20084381103515625
2024-10-17 20:00:00,0.0,-0.18940162658691406
2024-10-17 21:00:00,0.0,-0.1944112777709961
2024-10-17 22:00:00,0.0,-0.13122320175170898
2024-10-17 23:00:00,0.0,-0.13122320175170898
2024-10-18 00:00:00,0.0,-0.05115318298339844
2024-10-18 01:00:00,0.0,-0.04618501663208008
2024-10-18 02:00:00,0.0,-0.04618501663208008
2024-10-18 03:00:00,0.0,0.05768537521362305
2024-10-18 04:00:00,0.0,0.05768537521362305
2024-10-18 05:00:00,0.0,-0.03286170959472656
2024-10-18 06:00:00,0.0,-0.03286170959472656
2024-10-18 07:00:00,0.0,0.07086515426635742
2024-10-18 08:00:00,0.3753749999999991,1.5842714309692383
2024-10-18 09:00:00,3.8197882,1.7886109352111816
2024-10-18 10:00:00,6.33447,4.688825607299805
2024-10-18 11:00:00,13.571341,7.337281703948975
2024-10-18 12:00:00,10.4671955,9.67204761505127
2024-10-18 13:00:00,9.469415,10.834579467773438
2024-10-18 14:00:00,10.584682,9.005143165588379
2024-10-18 15:00:00,12.748032,7.549947738647461
2024-10-18 16:00:00,8.661787,5.138508319854736
2024-10-18 17:00:00,3.2110615000000005,3.3523011207580566
2024-10-18 18:00:00,0.22397500000000026,0.17954063415527344
2024-10-18 19:00:00,0.0,-0.19418716430664062
2024-10-18 20:00:00,0.0,-0.18274497985839844
2024-10-18 21:00:00,0.0,-0.18775463104248047
2024-10-18 22:00:00,0.0,-0.12456655502319336
2024-10-18 23:00:00,0.0,-0.13122320175170898
2024-10-19 00:00:00,0.0,-0.05874061584472656
2024-10-19 01:00:00,0.0,-0.05377197265625
2024-10-19 02:00:00,0.0,-0.05377197265625
2024-10-19 03:00:00,0.0,0.050098419189453125
2024-10-19 04:00:00,0.0,0.050098419189453125
2024-10-19 05:00:00,0.0,-0.040448665618896484
2024-10-19 06:00:00,0.0,-0.040448665618896484
2024-10-19 07:00:00,0.0,0.0632781982421875
2024-10-19 08:00:00,0.12021174000000023,0.8434219360351562
2024-10-19 09:00:00,7.3114495,3.9061636924743652
2024-10-19 10:00:00,5.2586927,10.403806686401367
2024-10-19 11:00:00,4.11228,9.81050968170166
2024-10-19 12:00:00,14.434425,3.9217610359191895
2024-10-19 13:00:00,9.8598,11.394368171691895
2024-10-19 14:00:00,10.305325,8.53764533996582
2024-10-19 15:00:00,2.6065679,5.1001996994018555
2024-10-19 16:00:00,1.5806407,0.4862794876098633
2024-10-19 17:00:00,0.02486875000000044,0.7812237739562988
2024-10-19 18:00:00,0.0,-0.10470438003540039
2024-10-19 19:00:00,0.0,-0.20843124389648438
2024-10-19 20:00:00,0.0,-0.1969890594482422
2024-10-19 21:00:00,0.0,-0.20199871063232422
2024-10-19 22:00:00,0.0,-0.21529006958007812
2024-10-19 23:00:00,0.0,-0.1388101577758789
2024-10-20 00:00:00,0.0,-0.05208396911621094
2024-10-20 01:00:00,0.0,-0.13025188446044922
2024-10-20 02:00:00,0.0,-0.13025188446044922
2024-10-20 03:00:00,0.0,-0.026381492614746094
2024-10-20 04:00:00,0.0,0.05675506591796875
2024-10-20 05:00:00,0.0,-0.03379201889038086
2024-10-20 06:00:00,0.0,-0.03379201889038086
2024-10-20 07:00:00,0.0,0.06993484497070312
2024-10-20 08:00:00,0.7886377600000003,2.160557270050049
2024-10-20 09:00:00,5.8991714,5.358463287353516
2024-10-20 10:00:00,10.748466,11.351668357849121
2024-10-20 11:00:00,13.89703,13.047080993652344
2024-10-20 12:00:00,15.517903999999998,15.780221939086914
2024-10-20 13:00:00,15.601488,11.0848388671875
2024-10-20 14:00:00,10.058024,9.149064064025879
2024-10-20 15:00:00,7.484198,5.1001996994018555
2024-10-20 16:00:00,5.307063,1.5725021362304688
2024-10-20 17:00:00,1.9871476000000001,1.8923635482788086
2024-10-20 18:00:00,0.0018124999999997726,0.32931947708129883
2024-10-20 19:00:00,0.0,-0.20843124389648438
2024-10-20 20:00:00,0.0,-0.1969890594482422
2024-10-20 21:00:00,0.0,-0.20199871063232422
2024-10-20 22:00:00,0.0,-0.1388101577758789
2024-10-20 23:00:00,0.0,-0.1388101577758789
2024-10-21 00:00:00,0.0,-0.05115318298339844
2024-10-21 01:00:00,0.0,-0.04618501663208008
2024-10-21 02:00:00,0.0,-0.04618501663208008
2024-10-21 03:00:00,0.0,0.05768537521362305
2024-10-21 04:00:00,0.0,0.05768537521362305
2024-10-21 05:00:00,0.0,-0.03286170959472656
2024-10-21 06:00:00,0.0,-0.03286170959472656
2024-10-21 07:00:00,0.0,0.07086515426635742
2024-10-21 08:00:00,1.1497207000000014,1.822767734527588
2024-10-21 09:00:00,4.962069,5.8834733963012695
2024-10-21 10:00:00,7.3883033,10.162416458129883
2024-10-21 11:00:00,6.4180326,11.1322603225708
2024-10-21 12:00:00,9.69532,9.8616361618042
2024-10-21 13:00:00,11.595425,5.779491424560547
2024-10-21 14:00:00,6.5492406,6.329372406005859
2024-10-21 15:00:00,8.0232115,3.5831360816955566
2024-10-21 16:00:00,3.6315842,1.4345712661743164
2024-10-21 17:00:00,0.9797937000000001,0.40822792053222656
2024-10-21 18:00:00,0.0,0.7888107299804688
2024-10-21 19:00:00,0.0,-0.40070247650146484
2024-10-21 20:00:00,0.0,-0.18940162658691406
2024-10-21 21:00:00,0.0,-0.1944112777709961
2024-10-21 22:00:00,0.0,-0.13122320175170898
2024-10-21 23:00:00,0.0,-0.13122320175170898
2024-10-22 00:00:00,0.0,-0.05115318298339844
2024-10-22 01:00:00,0.0,-0.04618501663208008
2024-10-22 02:00:00,0.0,-0.04618501663208008
2024-10-22 03:00:00,0.0,0.05768537521362305
2024-10-22 04:00:00,0.0,0.05768537521362305
2024-10-22 05:00:00,0.0,-0.03286170959472656
2024-10-22 06:00:00,0.0,-0.026204586029052734
2024-10-22 07:00:00,0.0,0.07752180099487305
2024-10-22 08:00:00,0.5795782999999997,1.8306350708007812
2024-10-22 09:00:00,4.5372148,5.227189064025879
2024-10-22 10:00:00,13.597247,11.702018737792969
2024-10-22 11:00:00,19.486982,16.10586929321289
2024-10-22 12:00:00,22.673237,16.061731338500977
2024-10-22 13:00:00,27.66267,18.891185760498047
2024-10-22 14:00:00,17.30431,21.180095672607422
2024-10-22 15:00:00,16.873123,10.279922485351562
2024-10-22 16:00:00,9.932348,6.582054615020752
2024-10-22 17:00:00,1.663385,3.3523011207580566
2024-10-22 18:00:00,0.049775000000001235,0.5968198776245117
2024-10-22 19:00:00,0.0,-0.19418716430664062
2024-10-22 20:00:00,0.0,-0.18274497985839844
2024-10-22 21:00:00,0.0,-0.18775463104248047
2024-10-22 22:00:00,0.0,-0.12456655502319336
2024-10-22 23:00:00,0.0,-0.20770263671875
2024-10-23 00:00:00,0.0,-0.12763309478759766
2024-10-23 01:00:00,0.0,-0.1226649284362793
2024-10-23 02:00:00,0.0,-0.03952836990356445
2024-10-23 03:00:00,0.0,0.06434202194213867
2024-10-23 04:00:00,0.0,-0.01879405975341797
2024-10-23 05:00:00,0.0,-0.03286170959472656
2024-10-23 06:00:00,0.0,-0.2248525619506836
2024-10-23 07:00:00,0.0,-0.005614280700683594
2024-10-23 08:00:00,0.8675140000000008,1.9461469650268555
2024-10-23 09:00:00,3.4936767,5.890130519866943
2024-10-23 10:00:00,7.847603,9.042594909667969
2024-10-23 11:00:00,12.789932,13.717809677124023
2024-10-23 12:00:00,20.75827,14.777645111083984
2024-10-23 13:00:00,25.708471,18.347270965576172
2024-10-23 14:00:00,18.237373,17.671409606933594
2024-10-23 15:00:00,18.3149,10.04457950592041
2024-10-23 16:00:00,10.248139,5.228321552276611
2024-10-23 17:00:00,1.9806308000000001,3.116957664489746
2024-10-23 18:00:00,0.062156747999999595,0.5601239204406738
2024-10-23 19:00:00,0.0,-0.4295310974121094
2024-10-23 20:00:00,0.0,-0.18940162658691406
2024-10-23 21:00:00,0.0,-0.4230985641479492
2024-10-23 22:00:00,0.0,-0.20770263671875
2024-10-23 23:00:00,0.0,-0.20770263671875
2024-10-24 00:00:00,0.0,-0.04449653625488281
2024-10-24 01:00:00,0.0,-0.1226649284362793
2024-10-24 02:00:00,0.0,-0.1226649284362793
2024-10-24 03:00:00,0.0,-0.01879405975341797
2024-10-24 04:00:00,0.0,-0.01879405975341797
2024-10-24 05:00:00,0.0,-0.10934114456176758
2024-10-24 06:00:00,0.0,-0.026204586029052734
2024-10-24 07:00:00,0.0,0.07086515426635742
2024-10-24 08:00:00,0.3390000000000004,1.5842714309692383
2024-10-24 09:00:00,2.5436711,3.7748894691467285
2024-10-24 10:00:00,9.135678,3.8769280910491943
2024-10-24 11:00:00,18.743975,15.64747142791748
2024-10-24 12:00:00,23.026639999999997,21.889556884765625
2024-10-24 13:00:00,24.049793,18.8764591217041
2024-10-24 14:00:00,21.321774999999995,18.583221435546875
2024-10-24 15:00:00,15.987314000000001,14.947161674499512
2024-10-24 16:00:00,9.134329,6.286285877227783
2024-10-24 17:00:00,1.5505000000000004,3.345644474029541
2024-10-24 18:00:00,0.03900000000000059,0.5601239204406738
2024-10-24 19:00:00,0.0,-0.4295310974121094
2024-10-24 20:00:00,0.0,-0.4180889129638672
2024-10-24 21:00:00,0.0,-0.4230985641479492
2024-10-24 22:00:00,0.0,-0.20770263671875
2024-10-24 23:00:00,0.0,-0.20770263671875
2024-10-25 00:00:00,0.0,-0.12763309478759766
2024-10-25 01:00:00,0.0,-0.04618501663208008
2024-10-25 02:00:00,0.0,-0.04618501663208008
2024-10-25 03:00:00,0.0,0.05768537521362305
2024-10-25 04:00:00,0.0,0.06434202194213867
2024-10-25 05:00:00,0.0,-0.10934114456176758
2024-10-25 06:00:00,0.0,-0.10934114456176758
2024-10-25 07:00:00,0.0,-0.005614280700683594
2024-10-25 08:00:00,0.30272502000000046,1.9461469650268555
2024-10-25 09:00:00,2.3897103999999993,4.769697666168213
2024-10-25 10:00:00,11.01862,6.286594390869141
2024-10-25 11:00:00,17.269196,18.988758087158203
2024-10-25 12:00:00,20.972527,17.739721298217773
2024-10-25 13:00:00,19.569614,17.333412170410156
2024-10-25 14:00:00,13.4638195,18.991943359375
2024-10-25 15:00:00,14.813389,8.63141918182373
2024-10-25 16:00:00,6.686967,4.917923450469971
2024-10-25 17:00:00,1.4077267999999998,1.6742467880249023
2024-10-25 18:00:00,0.016819748999999717,0.7888107299804688
2024-10-25 19:00:00,0.0,-0.20084381103515625
2024-10-25 20:00:00,0.0,-0.18940162658691406
2024-10-25 21:00:00,0.0,-0.1944112777709961
2024-10-25 22:00:00,0.0,-0.13122320175170898
2024-10-25 23:00:00,0.0,-0.20770263671875
2024-10-26 00:00:00,0.0,-0.05874061584472656
2024-10-26 01:00:00,0.0,-0.05377197265625
2024-10-26 02:00:00,0.0,-0.05377197265625
2024-10-26 03:00:00,0.0,0.050098419189453125
2024-10-26 04:00:00,0.0,0.050098419189453125
2024-10-26 05:00:00,0.0,-0.040448665618896484
2024-10-26 06:00:00,0.0,-0.040448665618896484
2024-10-26 07:00:00,0.0,0.0632781982421875
2024-10-26 08:00:00,0.5050660000000011,1.7222027778625488
2024-10-26 09:00:00,4.335504,3.1304879188537598
2024-10-26 10:00:00,11.007463,8.825705528259277
2024-10-26 11:00:00,16.744526,12.312936782836914
2024-10-26 12:00:00,21.1023,16.201576232910156
2024-10-26 13:00:00,17.729372,18.88958740234375
2024-10-26 14:00:00,19.158676,13.580276489257812
2024-10-26 15:00:00,14.326006,11.817787170410156
2024-10-26 16:00:00,8.022552,4.540369033813477
2024-10-26 17:00:00,1.3801316999999997,1.437973976135254
2024-10-26 18:00:00,0.001674999999999649,0.5525369644165039
2024-10-26 19:00:00,0.0,-0.4371175765991211
2024-10-26 20:00:00,0.0,-0.4256753921508789
2024-10-26 21:00:00,0.0,-0.1953420639038086
2024-10-26 22:00:00,0.0,-0.13215351104736328
2024-10-26 23:00:00,0.0,-0.13215351104736328
2024-10-27 00:00:00,0.0,-0.13522005081176758
2024-10-27 01:00:00,0.0,-0.05377197265625
2024-10-27 02:00:00,0.0,-0.05377197265625
2024-10-27 03:00:00,0.0,0.050098419189453125
2024-10-27 04:00:00,0.0,0.050098419189453125
2024-10-27 05:00:00,0.0,-0.040448665618896484
2024-10-27 06:00:00,0.0,-0.040448665618896484
2024-10-27 07:00:00,0.0,0.0632781982421875
2024-10-27 08:00:00,0.6402652,0.29934263229370117
2024-10-27 09:00:00,1.0615705000000002,0.994011402130127
2024-10-27 10:00:00,2.9009793000000004,1.9389476776123047
2024-10-27 11:00:00,5.6107674,5.039271354675293
2024-10-27 12:00:00,21.742474,12.432687759399414
2024-10-27 13:00:00,22.454184999999995,18.920536041259766
2024-10-27 14:00:00,5.6417828,15.10992431640625
2024-10-27 15:00:00,3.4959178,4.546308517456055
2024-10-27 16:00:00,1.7004165999999996,0.32891321182250977
2024-10-27 17:00:00,0.0,0.5525369644165039
2024-10-27 18:00:00,0.0,-0.3333911895751953
2024-10-27 19:00:00,0.0,-0.20843124389648438
2024-10-27 20:00:00,0.0,-0.1969890594482422
2024-10-27 21:00:00,0.0,-0.1953420639038086
2024-10-27 22:00:00,0.0,-0.13215351104736328
2024-10-27 23:00:00,0.0,-0.1388101577758789
2024-10-28 00:00:00,0.0,-0.05115318298339844
2024-10-28 01:00:00,0.0,-0.04618501663208008
2024-10-28 02:00:00,0.0,-0.04618501663208008
2024-10-28 03:00:00,0.0,0.05768537521362305
2024-10-28 04:00:00,0.0,0.05768537521362305
2024-10-28 05:00:00,0.0,-0.03286170959472656
2024-10-28 06:00:00,0.0,-0.03286170959472656
2024-10-28 07:00:00,0.22044074999999985,0.07086515426635742
2024-10-28 08:00:00,1.8395739999999998,0.8974823951721191
2024-10-28 09:00:00,4.81775,3.2171430587768555
2024-10-28 10:00:00,6.0411,4.154314041137695
2024-10-28 11:00:00,4.519175500000001,4.752737998962402
2024-10-28 12:00:00,5.012081,3.4395079612731934
2024-10-28 13:00:00,3.3396153,4.626062393188477
2024-10-28 14:00:00,2.013217,1.574143886566162
2024-10-28 15:00:00,1.26145,0.5476784706115723
2024-10-28 16:00:00,0.34341198000000084,0.8002529144287109
2024-10-28 17:00:00,0.0,-0.09711694717407227
2024-10-28 18:00:00,0.0,-0.09711694717407227
2024-10-28 19:00:00,0.0,-0.20084381103515625
2024-10-28 20:00:00,0.0,-0.18940162658691406
2024-10-28 21:00:00,0.0,-0.1944112777709961
2024-10-28 22:00:00,0.0,-0.13122320175170898
2024-10-28 23:00:00,0.0,-0.13122320175170898
2024-10-29 00:00:00,0.0,-0.05115318298339844
2024-10-29 01:00:00,0.0,-0.04618501663208008
2024-10-29 02:00:00,0.0,-0.04618501663208008
2024-10-29 03:00:00,0.0,0.05768537521362305
2024-10-29 04:00:00,0.0,0.05768537521362305
2024-10-29 05:00:00,0.0,-0.03286170959472656
2024-10-29 06:00:00,0.0,-0.03286170959472656
2024-10-29 07:00:00,0.0,0.07086515426635742
2024-10-29 08:00:00,0.5609411999999994,0.16141223907470703
2024-10-29 09:00:00,1.5186374999999996,0.8560805320739746
2024-10-29 10:00:00,2.9415500000000003,3.014023780822754
2024-10-29 11:00:00,2.5883092999999997,3.4867210388183594
2024-10-29 12:00:00,3.4035082,3.574586868286133
2024-10-29 13:00:00,2.4536570000000006,2.1722917556762695
2024-10-29 14:00:00,4.24381,3.2009429931640625
2024-10-29 15:00:00,1.5505692,3.8088393211364746
2024-10-29 16:00:00,0.18271175000000017,0.8002529144287109
2024-10-29 17:00:00,0.0,-0.2891082763671875
2024-10-29 18:00:00,0.0,-0.09711694717407227
2024-10-29 19:00:00,0.0,-0.20084381103515625
2024-10-29 20:00:00,0.0,-0.18940162658691406
2024-10-29 21:00:00,0.0,-0.3864021301269531
2024-10-29 22:00:00,0.0,-0.13122320175170898
2024-10-29 23:00:00,0.0,-0.13122320175170898
2024-10-30 00:00:00,0.0,-0.05115318298339844
2024-10-30 01:00:00,0.0,-0.04618501663208008
2024-10-30 02:00:00,0.0,-0.04618501663208008
2024-10-30 03:00:00,0.0,0.05768537521362305
2024-10-30 04:00:00,0.0,0.05768537521362305
2024-10-30 05:00:00,0.0,-0.03286170959472656
2024-10-30 06:00:00,0.0,-0.03286170959472656
2024-10-30 07:00:00,0.4369225200000004,0.07086515426635742
2024-10-30 08:00:00,3.0549278000000006,1.1648240089416504
2024-10-30 09:00:00,6.836694,4.354340553283691
2024-10-30 10:00:00,17.09478,7.475203990936279
2024-10-30 11:00:00,11.579607,17.732454299926758
2024-10-30 12:00:00,11.75005,12.417523384094238
2024-10-30 13:00:00,7.2424593,13.506632804870605
2024-10-30 14:00:00,4.9030104,7.077026844024658
2024-10-30 15:00:00,7.9831305,3.8088393211364746
2024-10-30 16:00:00,1.4952987000000002,1.4345712661743164
2024-10-30 17:00:00,0.0,0.7888107299804688
2024-10-30 18:00:00,0.0,-0.09711694717407227
2024-10-30 19:00:00,0.0,-0.20084381103515625
2024-10-30 20:00:00,0.0,-0.18940162658691406
2024-10-30 21:00:00,0.0,-0.18775463104248047
2024-10-30 22:00:00,0.0,-0.13122320175170898
2024-10-30 23:00:00,0.0,-0.13122320175170898
2024-10-31 00:00:00,0.0,-0.05115318298339844
2024-10-31 01:00:00,0.0,-0.04618501663208008
2024-10-31 02:00:00,0.0,-0.04618501663208008
2024-10-31 03:00:00,0.0,0.05768537521362305
2024-10-31 04:00:00,0.0,0.05768537521362305
2024-10-31 05:00:00,0.0,-0.03286170959472656
2024-10-31 06:00:00,0.0,-0.03286170959472656
2024-10-31 07:00:00,0.13975399999999993,0.07086515426635742
2024-10-31 08:00:00,1.8007495000000002,0.16141223907470703
2024-10-31 09:00:00,4.9704533,2.255093574523926
2024-10-31 10:00:00,2.6356192,6.078304290771484
2024-10-31 11:00:00,3.3743430000000005,5.722529888153076
2024-10-31 12:00:00,4.1416407,4.341029167175293
2024-10-31 13:00:00,2.3939510000000004,4.096281051635742
2024-10-31 14:00:00,1.0732577,3.2009429931640625
2024-10-31 15:00:00,0.6335131999999994,0.9995827674865723
2024-10-31 16:00:00,0.05924999999999958,0.1373124122619629
2024-10-31 17:00:00,0.0,-0.09711694717407227
2024-10-31 18:00:00,0.0,-0.09711694717407227
2024-10-31 19:00:00,0.0,-0.20084381103515625
2024-10-31 20:00:00,0.0,-0.18940162658691406
2024-10-31 21:00:00,0.0,-0.1944112777709961
2024-10-31 22:00:00,0.0,-0.13122320175170898
2024-10-31 23:00:00,0.0,-0.13122320175170898
2024-11-01 00:00:00,0.0,-0.05115318298339844
2024-11-01 01:00:00,0.0,-0.04618501663208008
2024-11-01 02:00:00,0.0,-0.04618501663208008
2024-11-01 03:00:00,0.0,0.05768537521362305
2024-11-01 04:00:00,0.0,0.05768537521362305
2024-11-01 05:00:00,0.0,-0.03286170959472656
2024-11-01 06:00:00,0.0,-0.03286170959472656
2024-11-01 07:00:00,0.0,0.07086515426635742
2024-11-01 08:00:00,0.7532800399999999,0.16141223907470703
2024-11-01 09:00:00,1.8650200000000003,2.554202079772949
2024-11-01 10:00:00,3.1989004999999997,3.014023780822754
2024-11-01 11:00:00,2.8869133,4.448660850524902
2024-11-01 12:00:00,3.48677,4.607848167419434
2024-11-01 13:00:00,2.3027500000000005,3.1343417167663574
2024-11-01 14:00:00,1.6128,1.5028228759765625
2024-11-01 15:00:00,0.6868132400000002,0.9995827674865723
2024-11-01 16:00:00,0.03942499999999871,0.1373124122619629
2024-11-01 17:00:00,0.0,-0.09711694717407227
2024-11-01 18:00:00,0.0,-0.09711694717407227
2024-11-01 19:00:00,0.0,-0.20084381103515625
2024-11-01 20:00:00,0.0,-0.18940162658691406
2024-11-01 21:00:00,0.0,-0.3864021301269531
2024-11-01 22:00:00,0.0,-0.12456655502319336
2024-11-01 23:00:00,0.0,-0.12456655502319336
2024-11-02 00:00:00,0.0,-0.05208396911621094
2024-11-02 01:00:00,0.0,-0.047115325927734375
2024-11-02 02:00:00,0.0,-0.05377197265625
2024-11-02 03:00:00,0.0,0.050098419189453125
2024-11-02 04:00:00,0.0,0.050098419189453125
2024-11-02 05:00:00,0.0,-0.040448665618896484
2024-11-02 06:00:00,0.0,-0.040448665618896484
2024-11-02 07:00:00,0.28482499999999966,0.0632781982421875
2024-11-02 08:00:00,2.968477,1.7288599014282227
2024-11-02 09:00:00,8.793295,6.490388870239258
2024-11-02 10:00:00,15.241209,14.442174911499023
2024-11-02 11:00:00,19.486826,15.237335205078125
2024-11-02 12:00:00,20.352383,17.30109405517578
2024-11-02 13:00:00,16.128777,15.789276123046875
2024-11-02 14:00:00,12.737051,15.395964622497559
2024-11-02 15:00:00,6.797,7.937694072723389
2024-11-02 16:00:00,1.0434463000000003,1.5725021362304688
2024-11-02 17:00:00,0.0,0.7812237739562988
2024-11-02 18:00:00,0.0,-0.10470438003540039
2024-11-02 19:00:00,0.0,-0.20843124389648438
2024-11-02 20:00:00,0.0,-0.1969890594482422
2024-11-02 21:00:00,0.0,-0.20199871063232422
2024-11-02 22:00:00,0.0,-0.1388101577758789
2024-11-02 23:00:00,0.0,-0.1388101577758789
2024-11-03 00:00:00,0.0,-0.05874061584472656
2024-11-03 01:00:00,0.0,-0.05377197265625
2024-11-03 02:00:00,0.0,-0.05377197265625
2024-11-03 03:00:00,0.0,-0.1418924331665039
2024-11-03 04:00:00,0.0,0.050098419189453125
2024-11-03 05:00:00,0.0,-0.040448665618896484
2024-11-03 06:00:00,0.0,-0.040448665618896484
2024-11-03 07:00:00,0.04627499999999962,0.0632781982421875
2024-11-03 08:00:00,1.6675820000000003,1.7222027778625488
2024-11-03 09:00:00,5.8423443,3.793429374694824
2024-11-03 10:00:00,7.7736397,9.1425199508667
2024-11-03 11:00:00,10.413599,9.978896141052246
2024-11-03 12:00:00,9.881334,11.09170913696289
2024-11-03 13:00:00,7.4467545,8.820021629333496
2024-11-03 14:00:00,4.0161424,6.152825832366943
2024-11-03 15:00:00,1.5008337000000003,1.4930009841918945
2024-11-03 16:00:00,0.2824367299999988,0.9381833076477051
2024-11-03 17:00:00,0.0,-0.10470438003540039
2024-11-03 18:00:00,0.0,-0.10470438003540039
2024-11-03 19:00:00,0.0,-0.20843124389648438
2024-11-03 20:00:00,0.0,-0.1969890594482422
2024-11-03 21:00:00,0.0,-0.1953420639038086
2024-11-03 22:00:00,0.0,-0.13215351104736328
2024-11-03 23:00:00,0.0,-0.13215351104736328
2024-11-04 00:00:00,0.0,-0.25101184844970703
2024-11-04 01:00:00,0.0,-0.04618501663208008
2024-11-04 02:00:00,0.0,-0.04618501663208008
2024-11-04 03:00:00,0.0,0.05768537521362305
2024-11-04 04:00:00,0.0,0.05768537521362305
2024-11-04 05:00:00,0.0,-0.03286170959472656
2024-11-04 06:00:00,0.0,-0.03286170959472656
2024-11-04 07:00:00,0.049249999999999794,0.07086515426635742
2024-11-04 08:00:00,1.0274627,0.16141223907470703
2024-11-04 09:00:00,4.97811,3.2171430587768555
2024-11-04 10:00:00,8.132399,6.078304290771484
2024-11-04 11:00:00,7.216653,7.393726348876953
2024-11-04 12:00:00,6.476225,7.1838531494140625
2024-11-04 13:00:00,5.1681976,6.513599872589111
2024-11-04 14:00:00,3.307295,4.763984680175781
2024-11-04 15:00:00,1.2841974,1.355069637298584
2024-11-04 16:00:00,0.10819999999999919,0.8002529144287109
2024-11-04 17:00:00,0.0,-0.09711694717407227
2024-11-04 18:00:00,0.0,-0.09711694717407227
2024-11-04 19:00:00,0.0,-0.20084381103515625
2024-11-04 20:00:00,0.0,-0.18940162658691406
2024-11-04 21:00:00,0.0,-0.1944112777709961
2024-11-04 22:00:00,0.0,-0.13122320175170898
2024-11-04 23:00:00,0.0,-0.13122320175170898
2024-11-05 00:00:00,0.0,-0.05115318298339844
2024-11-05 01:00:00,0.0,-0.04618501663208008
2024-11-05 02:00:00,0.0,-0.04618501663208008
2024-11-05 03:00:00,0.0,0.05768537521362305
2024-11-05 04:00:00,0.0,0.05768537521362305
2024-11-05 05:00:00,0.0,-0.03286170959472656
2024-11-05 06:00:00,0.0,-0.03286170959472656
2024-11-05 07:00:00,0.0,0.07086515426635742
2024-11-05 08:00:00,0.8205884699999997,0.16141223907470703
2024-11-05 09:00:00,2.1414131999999997,2.554202079772949
2024-11-05 10:00:00,3.7534155999999994,6.248587608337402
2024-11-05 11:00:00,5.9701385,8.840113639831543
2024-11-05 12:00:00,6.8965044,9.436724662780762
2024-11-05 13:00:00,4.960121,6.615841865539551
2024-11-05 14:00:00,3.1929512000000004,5.356864929199219
2024-11-05 15:00:00,1.6951,1.355069637298584
2024-11-05 16:00:00,0.17665250000000032,0.8002529144287109
2024-11-05 17:00:00,0.0,-0.09711694717407227
2024-11-05 18:00:00,0.0,-0.09711694717407227
2024-11-05 19:00:00,0.0,-0.20084381103515625
2024-11-05 20:00:00,0.0,-0.18940162658691406
2024-11-05 21:00:00,0.0,-0.1944112777709961
2024-11-05 22:00:00,0.0,-0.13122320175170898
2024-11-05 23:00:00,0.0,-0.13122320175170898
2024-11-06 00:00:00,0.0,-0.05115318298339844
2024-11-06 01:00:00,0.0,-0.04618501663208008
2024-11-06 02:00:00,0.0,-0.04618501663208008
2024-11-06 03:00:00,0.0,0.05768537521362305
2024-11-06 04:00:00,0.0,0.05768537521362305
2024-11-06 05:00:00,0.0,-0.03286170959472656
2024-11-06 06:00:00,0.0,-0.03286170959472656
2024-11-06 07:00:00,0.0,0.07086515426635742
2024-11-06 08:00:00,0.2817614700000002,0.16141223907470703
2024-11-06 09:00:00,1.7670481000000002,1.7886109352111816
2024-11-06 10:00:00,2.374225,3.014023780822754
2024-11-06 11:00:00,4.1391363,5.297618865966797
2024-11-06 12:00:00,3.4874332,8.142066955566406
2024-11-06 13:00:00,2.3655999999999997,3.7272210121154785
2024-11-06 14:00:00,1.6890839,4.1628828048706055
2024-11-06 15:00:00,0.7085629999999989,1.735654354095459
2024-11-06 16:00:00,0.06614575500000086,0.1373124122619629
2024-11-06 17:00:00,0.0,-0.09711694717407227
2024-11-06 18:00:00,0.0,-0.09711694717407227
2024-11-06 19:00:00,0.0,-0.20084381103515625
2024-11-06 20:00:00,0.0,-0.18940162658691406
2024-11-06 21:00:00,0.0,-0.1944112777709961
2024-11-06 22:00:00,0.0,-0.13122320175170898
2024-11-06 23:00:00,0.0,-0.13122320175170898
2024-11-07 00:00:00,0.0,-0.05115318298339844
2024-11-07 01:00:00,0.0,-0.04618501663208008
2024-11-07 02:00:00,0.0,-0.04618501663208008
2024-11-07 03:00:00,0.0,0.05768537521362305
2024-11-07 04:00:00,0.0,0.05768537521362305
2024-11-07 05:00:00,0.0,-0.03286170959472656
2024-11-07 06:00:00,0.0,-0.03286170959472656
2024-11-07 07:00:00,0.0,0.07086515426635742
2024-11-07 08:00:00,0.37983049999999974,0.16141223907470703
2024-11-07 09:00:00,1.8526055000000001,2.331214427947998
2024-11-07 10:00:00,2.6797214,3.014023780822754
2024-11-07 11:00:00,4.032,4.479582786560059
2024-11-07 12:00:00,3.749619,4.341029167175293
2024-11-07 13:00:00,2.8823976999999994,4.096281051635742
2024-11-07 14:00:00,2.2974830000000006,3.272264003753662
2024-11-07 15:00:00,0.92438924,0.5476784706115723
2024-11-07 16:00:00,0.07275000000000009,0.8002529144287109
2024-11-07 17:00:00,0.0,-0.09711694717407227
2024-11-07 18:00:00,0.0,-0.09711694717407227
2024-11-07 19:00:00,0.0,-0.20084381103515625
2024-11-07 20:00:00,0.0,-0.18940162658691406
2024-11-07 21:00:00,0.0,-0.1944112777709961
2024-11-07 22:00:00,0.0,-0.13122320175170898
2024-11-07 23:00:00,0.0,-0.13122320175170898
2024-11-08 00:00:00,0.0,-0.05115318298339844
2024-11-08 01:00:00,0.0,-0.04618501663208008
2024-11-08 02:00:00,0.0,-0.04618501663208008
2024-11-08 03:00:00,0.0,0.05768537521362305
2024-11-08 04:00:00,0.0,0.05768537521362305
2024-11-08 05:00:00,0.0,-0.03286170959472656
2024-11-08 06:00:00,0.0,-0.03286170959472656
2024-11-08 07:00:00,0.0,0.07086515426635742
2024-11-08 08:00:00,0.5989312499999997,0.16141223907470703
2024-11-08 09:00:00,2.6572382,2.554202079772949
2024-11-08 10:00:00,4.353842,4.515261650085449
2024-11-08 11:00:00,4.7531033,5.94038200378418
2024-11-08 12:00:00,4.73069,5.730508804321289
2024-11-08 13:00:00,3.0801878,5.5880022048950195
2024-11-08 14:00:00,2.109025,3.272264003753662
2024-11-08 15:00:00,0.876473250000001,0.5476784706115723
2024-11-08 16:00:00,0.05424999999999969,0.8002529144287109
2024-11-08 17:00:00,0.0,-0.09711694717407227
2024-11-08 18:00:00,0.0,-0.09711694717407227
2024-11-08 19:00:00,0.0,-0.20084381103515625
2024-11-08 20:00:00,0.0,-0.18940162658691406
2024-11-08 21:00:00,0.0,-0.1944112777709961
2024-11-08 22:00:00,0.0,-0.13122320175170898
2024-11-08 23:00:00,0.0,-0.13122320175170898
2024-11-09 00:00:00,0.0,-0.05874061584472656
2024-11-09 01:00:00,0.0,-0.05377197265625
2024-11-09 02:00:00,0.0,-0.05377197265625
2024-11-09 03:00:00,0.0,0.050098419189453125
2024-11-09 04:00:00,0.0,0.050098419189453125
2024-11-09 05:00:00,0.0,-0.040448665618896484
2024-11-09 06:00:00,0.0,-0.040448665618896484
2024-11-09 07:00:00,0.0,0.0632781982421875
2024-11-09 08:00:00,0.09797874999999934,0.29934263229370117
2024-11-09 09:00:00,0.7669627699999992,1.926541805267334
2024-11-09 10:00:00,1.8809673,2.489013671875
2024-11-09 11:00:00,1.7266734999999995,3.1519546508789062
2024-11-09 12:00:00,1.9744606999999998,2.9420809745788574
2024-11-09 13:00:00,1.3024975000000003,2.4305152893066406
2024-11-09 14:00:00,0.5037792999999997,2.7995753288269043
2024-11-09 15:00:00,0.05963525000000036,0.47457265853881836
2024-11-09 16:00:00,0.0,0.05225563049316406
2024-11-09 17:00:00,0.0,-0.10470438003540039
2024-11-09 18:00:00,0.0,-0.10470438003540039
2024-11-09 19:00:00,0.0,-0.20843124389648438
2024-11-09 20:00:00,0.0,-0.1969890594482422
2024-11-09 21:00:00,0.0,-0.20199871063232422
2024-11-09 22:00:00,0.0,-0.1388101577758789
2024-11-09 23:00:00,0.0,-0.1388101577758789
2024-11-10 00:00:00,0.0,-0.05874061584472656
2024-11-10 01:00:00,0.0,-0.05377197265625
2024-11-10 02:00:00,0.0,-0.05377197265625
2024-11-10 03:00:00,0.0,0.050098419189453125
2024-11-10 04:00:00,0.0,0.050098419189453125
2024-11-10 05:00:00,0.0,-0.040448665618896484
2024-11-10 06:00:00,0.0,-0.040448665618896484
2024-11-10 07:00:00,0.0,0.0632781982421875
2024-11-10 08:00:00,0.19666575000000108,0.29934263229370117
2024-11-10 09:00:00,1.6555095,1.926541805267334
2024-11-10 10:00:00,2.8332658000000004,3.1519546508789062
2024-11-10 11:00:00,5.703082,4.724514007568359
2024-11-10 12:00:00,5.8100834,6.1086039543151855
2024-11-10 13:00:00,3.8642042,5.597037315368652
2024-11-10 14:00:00,2.0098428999999998,4.003074645996094
2024-11-10 15:00:00,1.6484398000000002,1.421679973602295
2024-11-10 16:00:00,0.13441050000000043,0.9381833076477051
2024-11-10 17:00:00,0.0,-0.10470438003540039
2024-11-10 18:00:00,0.0,-0.10470438003540039
2024-11-10 19:00:00,0.0,-0.20843124389648438
2024-11-10 20:00:00,0.0,-0.1969890594482422
2024-11-10 21:00:00,0.0,-0.20199871063232422
2024-11-10 22:00:00,0.0,-0.1388101577758789
2024-11-10 23:00:00,0.0,-0.1388101577758789
2024-11-11 00:00:00,0.0,-0.05115318298339844
2024-11-11 01:00:00,0.0,-0.04618501663208008
2024-11-11 02:00:00,0.0,-0.04618501663208008
2024-11-11 03:00:00,0.0,0.05768537521362305
2024-11-11 04:00:00,0.0,0.05768537521362305
2024-11-11 05:00:00,0.0,-0.03286170959472656
2024-11-11 06:00:00,0.0,-0.03286170959472656
2024-11-11 07:00:00,0.0,0.07086515426635742
2024-11-11 08:00:00,0.2127287400000002,0.16141223907470703
2024-11-11 09:00:00,0.9944296999999995,0.3657517433166504
2024-11-11 10:00:00,0.9467700000000008,2.051973819732666
2024-11-11 11:00:00,0.9966775000000005,2.876101493835449
2024-11-11 12:00:00,1.6539788,3.035287857055664
2024-11-11 13:00:00,2.438467,2.523721694946289
2024-11-11 14:00:00,1.5219050000000003,1.5028228759765625
2024-11-11 15:00:00,1.7619828000000002,0.9995827674865723
2024-11-11 16:00:00,0.12622550000000032,0.8002529144287109
2024-11-11 17:00:00,0.0,-0.09711694717407227
2024-11-11 18:00:00,0.0,-0.09711694717407227
2024-11-11 19:00:00,0.0,-0.40070247650146484
2024-11-11 20:00:00,0.0,-0.38926029205322266
2024-11-11 21:00:00,0.0,-0.6296138763427734
2024-11-11 22:00:00,0.0,-0.3310813903808594
2024-11-11 23:00:00,0.0,-0.3310813903808594
2024-11-12 00:00:00,0.0,-0.24314403533935547
2024-11-12 01:00:00,0.0,-0.04618501663208008
2024-11-12 02:00:00,0.0,-0.04618501663208008
2024-11-12 03:00:00,0.0,0.05768537521362305
2024-11-12 04:00:00,0.0,0.06434202194213867
2024-11-12 05:00:00,0.0,-0.03286170959472656
2024-11-12 06:00:00,0.0,-0.03286170959472656
2024-11-12 07:00:00,0.0,0.07086515426635742
2024-11-12 08:00:00,0.4357827299999988,0.16806888580322266
2024-11-12 09:00:00,1.721025,2.337871551513672
2024-11-12 10:00:00,3.3537667000000004,3.122922420501709
2024-11-12 11:00:00,3.9932423,8.846771240234375
2024-11-12 12:00:00,3.9472500000000004,8.341987609863281
2024-11-12 13:00:00,10.292999,3.829463005065918
2024-11-12 14:00:00,4.9569764,8.399714469909668
2024-11-12 15:00:00,3.970753,2.846789836883545
2024-11-12 16:00:00,0.432291750000001,0.41967010498046875
2024-11-12 17:00:00,0.0,-0.09711694717407227
2024-11-12 18:00:00,0.0,-0.09711694717407227
2024-11-12 19:00:00,0.0,-0.20084381103515625
2024-11-12 20:00:00,0.0,-0.18940162658691406
2024-11-12 21:00:00,0.0,-0.1944112777709961
2024-11-12 22:00:00,0.0,-0.13122320175170898
2024-11-12 23:00:00,0.0,-0.13122320175170898
2024-11-13 00:00:00,0.0,-0.05115318298339844
2024-11-13 01:00:00,0.0,-0.04618501663208008
2024-11-13 02:00:00,0.0,-0.04618501663208008
2024-11-13 03:00:00,0.0,0.05768537521362305
2024-11-13 04:00:00,0.0,0.05768537521362305
2024-11-13 05:00:00,0.0,-0.03286170959472656
2024-11-13 06:00:00,0.0,-0.03286170959472656
2024-11-13 07:00:00,0.0,0.07086515426635742
2024-11-13 08:00:00,0.17590000000000128,0.16141223907470703
2024-11-13 09:00:00,0.8467127699999999,0.3657517433166504
2024-11-13 10:00:00,2.0102494,1.3890328407287598
2024-11-13 11:00:00,4.091539,3.4154000282287598
2024-11-13 12:00:00,5.549414,3.645907402038574
2024-11-13 13:00:00,4.682529,3.6640119552612305
2024-11-13 14:00:00,4.91929,3.801934242248535
2024-11-13 15:00:00,2.7679532,2.110720157623291
2024-11-13 16:00:00,0.31575850000000116,0.41967010498046875
2024-11-13 17:00:00,0.0,-0.09711694717407227
2024-11-13 18:00:00,0.0,-0.09711694717407227
2024-11-13 19:00:00,0.0,-0.20084381103515625
2024-11-13 20:00:00,0.0,-0.18940162658691406
2024-11-13 21:00:00,0.0,-0.1944112777709961
2024-11-13 22:00:00,0.0,-0.13122320175170898
2024-11-13 23:00:00,0.0,-0.13122320175170898
2024-11-14 00:00:00,0.0,-0.05115318298339844
2024-11-14 01:00:00,0.0,-0.04618501663208008
2024-11-14 02:00:00,0.0,-0.04618501663208008
2024-11-14 03:00:00,0.0,0.05768537521362305
2024-11-14 04:00:00,0.0,0.06434202194213867
2024-11-14 05:00:00,0.0,-0.026204586029052734
2024-11-14 06:00:00,0.0,-0.10934114456176758
2024-11-14 07:00:00,0.0,0.07752180099487305
2024-11-14 08:00:00,0.46151227000000006,0.16141223907470703
2024-11-14 09:00:00,1.8260750999999997,2.139223575592041
2024-11-14 10:00:00,3.002453,4.4490275382995605
2024-11-14 11:00:00,5.0832367,5.5959391593933105
2024-11-14 12:00:00,7.124033,8.142066955566406
2024-11-14 13:00:00,7.976775,6.57004451751709
2024-11-14 14:00:00,6.5730815,6.014895439147949
2024-11-14 15:00:00,2.9329994,1.885016918182373
2024-11-14 16:00:00,0.21481450000000013,0.41967010498046875
2024-11-14 17:00:00,0.0,-0.09711694717407227
2024-11-14 18:00:00,0.0,-0.09711694717407227
2024-11-14 19:00:00,0.0,-0.20084381103515625
2024-11-14 20:00:00,0.0,-0.4180889129638672
2024-11-14 21:00:00,0.0,-0.4230985641479492
2024-11-14 22:00:00,0.0,-0.20770263671875
2024-11-14 23:00:00,0.0,-0.20770263671875
2024-11-15 00:00:00,0.0,-0.04449653625488281
2024-11-15 01:00:00,0.0,-0.04618501663208008
2024-11-15 02:00:00,0.0,-0.1226649284362793
2024-11-15 03:00:00,0.0,-0.13430547714233398
2024-11-15 04:00:00,0.0,0.05768537521362305
2024-11-15 05:00:00,0.0,-0.03286170959472656
2024-11-15 06:00:00,0.0,-0.03286170959472656
2024-11-15 07:00:00,0.0,0.07086515426635742
2024-11-15 08:00:00,0.4798062700000001,0.16141223907470703
2024-11-15 09:00:00,2.2757735000000006,1.5921506881713867
2024-11-15 10:00:00,4.7700343,3.5533223152160645
2024-11-15 11:00:00,5.540451,4.978442192077637
2024-11-15 12:00:00,4.705719,5.13762903213501
2024-11-15 13:00:00,4.532394,4.626062393188477
2024-11-15 14:00:00,2.192995,3.065864086151123
2024-11-15 15:00:00,0.7661217499999999,0.5476784706115723
2024-11-15 16:00:00,0.041258250000000274,0.1373124122619629
2024-11-15 17:00:00,0.0,-0.09711694717407227
2024-11-15 18:00:00,0.0,-0.09711694717407227
2024-11-15 19:00:00,0.0,-0.20084381103515625
2024-11-15 20:00:00,0.0,-0.18940162658691406
2024-11-15 21:00:00,0.0,-0.1944112777709961
2024-11-15 22:00:00,0.0,-0.13122320175170898
2024-11-15 23:00:00,0.0,-0.13122320175170898
2024-11-16 00:00:00,0.0,-0.05874061584472656
2024-11-16 01:00:00,0.0,-0.05377197265625
2024-11-16 02:00:00,0.0,-0.05377197265625
2024-11-16 03:00:00,0.0,0.050098419189453125
2024-11-16 04:00:00,0.0,0.050098419189453125
2024-11-16 05:00:00,0.0,-0.040448665618896484
2024-11-16 06:00:00,0.0,-0.040448665618896484
2024-11-16 07:00:00,0.0,0.0632781982421875
2024-11-16 08:00:00,0.36105699999999974,0.29934263229370117
2024-11-16 09:00:00,1.2124712000000004,1.2397522926330566
2024-11-16 10:00:00,3.246804,2.675017833709717
2024-11-16 11:00:00,2.5426288,2.8005247116088867
2024-11-16 12:00:00,2.0005905999999998,2.88839054107666
2024-11-16 13:00:00,2.0941219999999996,2.376824378967285
2024-11-16 14:00:00,0.6847082400000009,1.640754222869873
2024-11-16 15:00:00,0.25849999999999884,0.47457265853881836
2024-11-16 16:00:00,0.0,0.05225563049316406
2024-11-16 17:00:00,0.0,-0.10470438003540039
2024-11-16 18:00:00,0.0,-0.10470438003540039
2024-11-16 19:00:00,0.0,-0.20843124389648438
2024-11-16 20:00:00,0.0,-0.1969890594482422
2024-11-16 21:00:00,0.0,-0.20199871063232422
2024-11-16 22:00:00,0.0,-0.33080101013183594
2024-11-16 23:00:00,0.0,-0.1388101577758789
2024-11-17 00:00:00,0.0,-0.05874061584472656
2024-11-17 01:00:00,0.0,-0.05377197265625
2024-11-17 02:00:00,0.0,-0.05377197265625
2024-11-17 03:00:00,0.0,0.050098419189453125
2024-11-17 04:00:00,0.0,0.050098419189453125
2024-11-17 05:00:00,0.0,-0.040448665618896484
2024-11-17 06:00:00,0.0,-0.23243999481201172
2024-11-17 07:00:00,0.0,0.06993484497070312
2024-11-17 08:00:00,0.5825619699999995,0.3059992790222168
2024-11-17 09:00:00,4.6714783,2.6987900733947754
2024-11-17 10:00:00,10.100365,9.149176597595215
2024-11-17 11:00:00,2.7224834000000007,11.30824089050293
2024-11-17 12:00:00,2.8355705999999996,5.661918640136719
2024-11-17 13:00:00,1.8094608,3.913325786590576
2024-11-17 14:00:00,2.3629273999999993,2.4305152893066406
2024-11-17 15:00:00,1.5004748999999995,0.4936180114746094
2024-11-17 16:00:00,0.07547499999999996,0.9381833076477051
2024-11-17 17:00:00,0.0,-0.10470438003540039
2024-11-17 18:00:00,0.0,-0.09804773330688477
2024-11-17 19:00:00,0.0,-0.20177459716796875
2024-11-17 20:00:00,0.0,-0.3889799118041992
2024-11-17 21:00:00,0.0,-0.20199871063232422
2024-11-17 22:00:00,0.0,-0.13215351104736328
2024-11-17 23:00:00,0.0,-0.13215351104736328
2024-11-18 00:00:00,0.0,-0.05115318298339844
2024-11-18 01:00:00,0.0,-0.24604320526123047
2024-11-18 02:00:00,0.0,-0.24604320526123047
2024-11-18 03:00:00,0.0,-0.13430547714233398
2024-11-18 04:00:00,0.0,-0.13430547714233398
2024-11-18 05:00:00,0.0,-0.2248525619506836
2024-11-18 06:00:00,0.0,-0.03286170959472656
2024-11-18 07:00:00,0.0,0.07086515426635742
2024-11-18 08:00:00,0.12438323999999934,-0.03844642639160156
2024-11-18 09:00:00,2.489953,1.588752269744873
2024-11-18 10:00:00,3.4040015000000006,6.048729419708252
2024-11-18 11:00:00,5.87745,7.783409595489502
2024-11-18 12:00:00,8.748173,9.6419038772583
2024-11-18 13:00:00,9.798725,10.104432106018066
2024-11-18 14:00:00,3.1930451,7.830795764923096
2024-11-18 15:00:00,1.5444993,1.355069637298584
2024-11-18 16:00:00,0.0,0.6003942489624023
2024-11-18 17:00:00,0.0,-0.29697608947753906
2024-11-18 18:00:00,0.0,-0.29697608947753906
2024-11-18 19:00:00,0.0,-0.40070247650146484
2024-11-18 20:00:00,0.0,-0.38926029205322266
2024-11-18 21:00:00,0.0,-0.3942699432373047
2024-11-18 22:00:00,0.0,-0.13122320175170898
2024-11-18 23:00:00,0.0,-0.13122320175170898
2024-11-19 00:00:00,0.0,-0.05115318298339844
2024-11-19 01:00:00,0.0,-0.04618501663208008
2024-11-19 02:00:00,0.0,-0.04618501663208008
2024-11-19 03:00:00,0.0,0.05768537521362305
2024-11-19 04:00:00,0.0,0.05768537521362305
2024-11-19 05:00:00,0.0,-0.03286170959472656
2024-11-19 06:00:00,0.0,-0.03286170959472656
2024-11-19 07:00:00,0.0,0.07086515426635742
2024-11-19 08:00:00,0.1866484900000005,0.16141223907470703
2024-11-19 09:00:00,1.2743685000000005,0.8761248588562012
2024-11-19 10:00:00,2.0701041,2.368539810180664
2024-11-19 11:00:00,6.06838,3.731856346130371
2024-11-19 12:00:00,4.359243,7.025166034698486
2024-11-19 13:00:00,3.8268886,5.5880022048950195
2024-11-19 14:00:00,1.6743648000000002,2.310214042663574
2024-11-19 15:00:00,0.8598519999999992,0.9995827674865723
2024-11-19 16:00:00,0.05124174799999981,0.1373124122619629
2024-11-19 17:00:00,0.0,-0.09046030044555664
2024-11-19 18:00:00,0.0,-0.09711694717407227
2024-11-19 19:00:00,0.0,-0.20084381103515625
2024-11-19 20:00:00,0.0,-0.18940162658691406
2024-11-19 21:00:00,0.0,-0.1944112777709961
2024-11-19 22:00:00,0.0,-0.13122320175170898
2024-11-19 23:00:00,0.0,-0.13122320175170898
2024-11-20 00:00:00,0.0,-0.05115318298339844
2024-11-20 01:00:00,0.0,-0.04618501663208008
2024-11-20 02:00:00,0.0,-0.04618501663208008
2024-11-20 03:00:00,0.0,0.05768537521362305
2024-11-20 04:00:00,0.0,0.05768537521362305
2024-11-20 05:00:00,0.0,-0.03286170959472656
2024-11-20 06:00:00,0.0,-0.03286170959472656
2024-11-20 07:00:00,0.0,0.07086515426635742
2024-11-20 08:00:00,0.5921054999999997,0.16141223907470703
2024-11-20 09:00:00,4.94911,1.9087181091308594
2024-11-20 10:00:00,9.232235,8.132105827331543
2024-11-20 11:00:00,10.094168,12.766267776489258
2024-11-20 12:00:00,6.8194723,13.195220947265625
2024-11-20 13:00:00,3.0994964000000005,5.970358848571777
2024-11-20 14:00:00,1.9540392999999998,2.633437156677246
2024-11-20 15:00:00,1.8598005999999998,0.7805423736572266
2024-11-20 16:00:00,0.03279999999999994,0.8069095611572266
2024-11-20 17:00:00,0.0,-0.3258037567138672
2024-11-20 18:00:00,0.0,-0.09046030044555664
2024-11-20 19:00:00,0.0,-0.4295310974121094
2024-11-20 20:00:00,0.0,-0.4180889129638672
2024-11-20 21:00:00,0.0,-0.4230985641479492
2024-11-20 22:00:00,0.0,-0.20770263671875
2024-11-20 23:00:00,0.0,-0.20770263671875
2024-11-21 00:00:00,0.0,-0.04449653625488281
2024-11-21 01:00:00,0.0,-0.04618501663208008
2024-11-21 02:00:00,0.0,-0.04618501663208008
2024-11-21 03:00:00,0.0,0.05768537521362305
2024-11-21 04:00:00,0.0,0.05768537521362305
2024-11-21 05:00:00,0.0,-0.03286170959472656
2024-11-21 06:00:00,0.0,-0.03286170959472656
2024-11-21 07:00:00,0.0,0.07086515426635742
2024-11-21 08:00:00,0.0,0.16141223907470703
2024-11-21 09:00:00,0.9629551999999997,1.1431269645690918
2024-11-21 10:00:00,1.2951435,2.4707818031311035
2024-11-21 11:00:00,1.0342113,2.2306175231933594
2024-11-21 12:00:00,2.224723,2.12298583984375
2024-11-21 13:00:00,0.7780499999999995,3.379477024078369
2024-11-21 14:00:00,0.690086700000001,1.3532190322875977
2024-11-21 15:00:00,0.0940500050000006,0.11094522476196289
2024-11-21 16:00:00,0.0,-0.08567476272583008
2024-11-21 17:00:00,0.0,-0.09711694717407227
2024-11-21 18:00:00,0.0,-0.09711694717407227
2024-11-21 19:00:00,0.0,-0.20084381103515625
2024-11-21 20:00:00,0.0,-0.18274497985839844
2024-11-21 21:00:00,0.0,-0.4230985641479492
2024-11-21 22:00:00,0.0,-0.12456655502319336
2024-11-21 23:00:00,0.0,-0.12456655502319336
2024-11-22 00:00:00,0.0,-0.05115318298339844
2024-11-22 01:00:00,0.0,-0.04618501663208008
2024-11-22 02:00:00,0.0,-0.1226649284362793
2024-11-22 03:00:00,0.0,0.06434202194213867
2024-11-22 04:00:00,0.0,0.05768537521362305
2024-11-22 05:00:00,0.0,-0.03286170959472656
2024-11-22 06:00:00,0.0,-0.03286170959472656
2024-11-22 07:00:00,0.0,0.07086515426635742
2024-11-22 08:00:00,0.06742500500000048,0.16141223907470703
2024-11-22 09:00:00,0.0,1.4183893203735352
2024-11-22 10:00:00,0.0,0.940007209777832
2024-11-22 11:00:00,0.0,0.8020849227905273
2024-11-22 12:00:00,0.0,1.8825407028198242
2024-11-22 13:00:00,0.0,0.9351582527160645
2024-11-22 14:00:00,0.0,0.33701086044311523
2024-11-22 15:00:00,0.0,-0.11204242706298828
2024-11-22 16:00:00,0.0,-0.08567476272583008
2024-11-22 17:00:00,0.0,-0.09046030044555664
2024-11-22 18:00:00,0.0,-0.3258037567138672
2024-11-22 19:00:00,0.0,-0.4295310974121094
2024-11-22 20:00:00,0.0,-0.4180889129638672
2024-11-22 21:00:00,0.0,-0.18775463104248047
2024-11-22 22:00:00,0.0,-0.13122320175170898
2024-11-22 23:00:00,0.0,-0.13122320175170898
2024-11-23 00:00:00,0.0,-0.05874061584472656
2024-11-23 01:00:00,0.0,-0.05377197265625
2024-11-23 02:00:00,0.0,-0.05377197265625
2024-11-23 03:00:00,0.0,0.050098419189453125
2024-11-23 04:00:00,0.0,-0.1418924331665039
2024-11-23 05:00:00,0.0,-0.040448665618896484
2024-11-23 06:00:00,0.0,-0.040448665618896484
2024-11-23 07:00:00,0.0,0.0632781982421875
2024-11-23 08:00:00,0.0,0.29934263229370117
2024-11-23 09:00:00,0.0,1.281057357788086
2024-11-23 10:00:00,0.33383328000000123,1.1801795959472656
2024-11-23 11:00:00,0.5215829600000008,2.9420204162597656
2024-11-23 12:00:00,0.5515634999999994,2.553933620452881
2024-11-23 13:00:00,0.7531524999999997,2.986171245574951
2024-11-23 14:00:00,0.3656047299999994,1.12208890914917
2024-11-23 15:00:00,0.004749999999999588,0.025888442993164062
2024-11-23 16:00:00,0.0,0.05225563049316406
2024-11-23 17:00:00,0.0,-0.10470438003540039
2024-11-23 18:00:00,0.0,-0.10470438003540039
2024-11-23 19:00:00,0.0,-0.20843124389648438
2024-11-23 20:00:00,0.0,-0.1969890594482422
2024-11-23 21:00:00,0.0,-0.20199871063232422
2024-11-23 22:00:00,0.0,-0.1388101577758789
2024-11-23 23:00:00,0.0,-0.1388101577758789
2024-11-24 00:00:00,0.0,-0.05874061584472656
2024-11-24 01:00:00,0.0,-0.05377197265625
2024-11-24 02:00:00,0.0,-0.05377197265625
2024-11-24 03:00:00,0.0,0.050098419189453125
2024-11-24 04:00:00,0.0,0.050098419189453125
2024-11-24 05:00:00,0.0,-0.040448665618896484
2024-11-24 06:00:00,0.0,-0.040448665618896484
2024-11-24 07:00:00,0.0,0.0632781982421875
2024-11-24 08:00:00,0.0,0.29934263229370117
2024-11-24 09:00:00,0.5827194999999996,0.5036821365356445
2024-11-24 10:00:00,2.6439686,1.2760071754455566
2024-11-24 11:00:00,6.6663947,4.653193473815918
2024-11-24 12:00:00,9.769606,7.403261661529541
2024-11-24 13:00:00,7.5805883,8.820021629333496
2024-11-24 14:00:00,4.8630543,6.845897674560547
2024-11-24 15:00:00,1.6272718,2.2486510276794434
2024-11-24 16:00:00,0.0224449989999993,0.9381833076477051
2024-11-24 17:00:00,0.0,-0.10470438003540039
2024-11-24 18:00:00,0.0,-0.10470438003540039
2024-11-24 19:00:00,0.0,-0.20843124389648438
2024-11-24 20:00:00,0.0,-0.1969890594482422
2024-11-24 21:00:00,0.0,-0.20199871063232422
2024-11-24 22:00:00,0.0,-0.1388101577758789
2024-11-24 23:00:00,0.0,-0.1388101577758789
2024-11-25 00:00:00,0.0,-0.05115318298339844
2024-11-25 01:00:00,0.0,-0.04618501663208008
2024-11-25 02:00:00,0.0,-0.04618501663208008
2024-11-25 03:00:00,0.0,0.05768537521362305
2024-11-25 04:00:00,0.0,0.05768537521362305
2024-11-25 05:00:00,0.0,-0.03286170959472656
2024-11-25 06:00:00,0.0,-0.03286170959472656
2024-11-25 07:00:00,0.0,0.07086515426635742
2024-11-25 08:00:00,0.03449999999999953,0.16141223907470703
2024-11-25 09:00:00,0.4007744800000008,0.3657517433166504
2024-11-25 10:00:00,0.6994584999999995,0.9150876998901367
2024-11-25 11:00:00,1.229818999999999,1.7362232208251953
2024-11-25 12:00:00,1.0556354999999993,2.5583510398864746
2024-11-25 13:00:00,1.2567706999999988,1.3107147216796875
2024-11-25 14:00:00,1.8183653,1.4486370086669922
2024-11-25 15:00:00,0.16166775000000033,0.9995827674865723
2024-11-25 16:00:00,0.0,-0.08567476272583008
2024-11-25 17:00:00,0.0,-0.09711694717407227
2024-11-25 18:00:00,0.0,-0.09711694717407227
2024-11-25 19:00:00,0.0,-0.20084381103515625
2024-11-25 20:00:00,0.0,-0.18940162658691406
2024-11-25 21:00:00,0.0,-0.1944112777709961
2024-11-25 22:00:00,0.0,-0.13122320175170898
2024-11-25 23:00:00,0.0,-0.13122320175170898
2024-11-26 00:00:00,0.0,-0.05115318298339844
2024-11-26 01:00:00,0.0,-0.04618501663208008
2024-11-26 02:00:00,0.0,-0.04618501663208008
2024-11-26 03:00:00,0.0,0.05768537521362305
2024-11-26 04:00:00,0.0,0.06434202194213867
2024-11-26 05:00:00,0.0,-0.10934114456176758
2024-11-26 06:00:00,0.0,-0.10934114456176758
2024-11-26 07:00:00,0.0,-0.005614280700683594
2024-11-26 08:00:00,0.4064787299999999,0.08493280410766602
2024-11-26 09:00:00,3.4279725999999995,2.6459717750549316
2024-11-26 10:00:00,7.6935334,9.011245727539062
2024-11-26 11:00:00,8.641391,9.999225616455078
2024-11-26 12:00:00,5.416063,10.815855979919434
2024-11-26 13:00:00,5.066871,7.630500793457031
2024-11-26 14:00:00,2.9794592999999994,5.725924491882324
2024-11-26 15:00:00,0.7406872500000006,0.6189994812011719
2024-11-26 16:00:00,0.032635502999999844,0.14396905899047852
2024-11-26 17:00:00,0.0,-0.09711694717407227
2024-11-26 18:00:00,0.0,-0.09046030044555664
2024-11-26 19:00:00,0.0,-0.19418716430664062
2024-11-26 20:00:00,0.0,-0.18274497985839844
2024-11-26 21:00:00,0.0,-0.18775463104248047
2024-11-26 22:00:00,0.0,-0.12456655502319336
2024-11-26 23:00:00,0.0,-0.12456655502319336
2024-11-27 00:00:00,0.0,-0.12763309478759766
2024-11-27 01:00:00,0.0,-0.1226649284362793
2024-11-27 02:00:00,0.0,-0.03952836990356445
2024-11-27 03:00:00,0.0,-0.01879405975341797
2024-11-27 04:00:00,0.0,0.06434202194213867
2024-11-27 05:00:00,0.0,-0.026204586029052734
2024-11-27 06:00:00,0.0,-0.10934114456176758
2024-11-27 07:00:00,0.0,0.07086515426635742
2024-11-27 08:00:00,0.37703299999999995,0.16141223907470703
2024-11-27 09:00:00,2.6657686,2.331214427947998
2024-11-27 10:00:00,5.6771984,4.617504119873047
2024-11-27 11:00:00,7.3548603,6.042624473571777
2024-11-27 12:00:00,4.90282,6.388538837432861
2024-11-27 13:00:00,2.957025,4.626062393188477
2024-11-27 14:00:00,0.7683142399999996,1.574143886566162
2024-11-27 15:00:00,0.03532500200000044,0.3366422653198242
2024-11-27 16:00:00,0.0,-0.08567476272583008
2024-11-27 17:00:00,0.0,-0.09711694717407227
2024-11-27 18:00:00,0.0,-0.09711694717407227
2024-11-27 19:00:00,0.0,-0.20084381103515625
2024-11-27 20:00:00,0.0,-0.18940162658691406
2024-11-27 21:00:00,0.0,-0.1944112777709961
2024-11-27 22:00:00,0.0,-0.13122320175170898
2024-11-27 23:00:00,0.0,-0.13122320175170898
2024-11-28 00:00:00,0.0,-0.05115318298339844
2024-11-28 01:00:00,0.0,-0.04618501663208008
2024-11-28 02:00:00,0.0,-0.04618501663208008
2024-11-28 03:00:00,0.0,0.05768537521362305
2024-11-28 04:00:00,0.0,0.05768537521362305
2024-11-28 05:00:00,0.0,-0.03286170959472656
2024-11-28 06:00:00,0.0,-0.03286170959472656
2024-11-28 07:00:00,0.0,0.07086515426635742
2024-11-28 08:00:00,0.03725000000000023,0.16141223907470703
2024-11-28 09:00:00,0.7577024699999999,0.3657517433166504
2024-11-28 10:00:00,1.8161119999999995,1.3890328407287598
2024-11-28 11:00:00,3.8157654,2.876101493835449
2024-11-28 12:00:00,2.582446,4.2387871742248535
2024-11-28 13:00:00,5.563042,3.655900478363037
2024-11-28 14:00:00,2.7591383,4.571992874145508
2024-11-28 15:00:00,1.140504,0.7815494537353516
2024-11-28 16:00:00,0.03195075000000003,0.571566104888916
2024-11-28 17:00:00,0.0,-0.3258037567138672
2024-11-28 18:00:00,0.0,-0.3258037567138672
2024-11-28 19:00:00,0.0,-0.19418716430664062
2024-11-28 20:00:00,0.0,-0.18940162658691406
2024-11-28 21:00:00,0.0,-0.18775463104248047
2024-11-28 22:00:00,0.0,-0.20770263671875
2024-11-28 23:00:00,0.0,-0.20770263671875
2024-11-29 00:00:00,0.0,-0.12763309478759766
2024-11-29 01:00:00,0.0,-0.04618501663208008
2024-11-29 02:00:00,0.0,-0.2381753921508789
2024-11-29 03:00:00,0.0,0.06434202194213867
2024-11-29 04:00:00,0.0,0.06434202194213867
2024-11-29 05:00:00,0.0,-0.10934114456176758
2024-11-29 06:00:00,0.0,-0.10934114456176758
2024-11-29 07:00:00,0.0,0.07086515426635742
2024-11-29 08:00:00,0.3621487600000002,0.16141223907470703
2024-11-29 09:00:00,3.4904637000000003,1.1431269645690918
2024-11-29 10:00:00,7.5607586,4.043341636657715
2024-11-29 11:00:00,10.881313,10.017800331115723
2024-11-29 12:00:00,11.583572,13.17764663696289
2024-11-29 13:00:00,10.172492,9.411504745483398
2024-11-29 14:00:00,6.6479964,8.34541130065918
2024-11-29 15:00:00,2.3797266000000006,1.693026065826416
2024-11-29 16:00:00,0.04018850000000018,0.11966228485107422
2024-11-29 17:00:00,0.0,-0.09711694717407227
2024-11-29 18:00:00,0.0,-0.09711694717407227
2024-11-29 19:00:00,0.0,-0.20084381103515625
2024-11-29 20:00:00,0.0,-0.18940162658691406
2024-11-29 21:00:00,0.0,-0.1944112777709961
2024-11-29 22:00:00,0.0,-0.13122320175170898
2024-11-29 23:00:00,0.0,-0.13122320175170898
2024-11-30 00:00:00,0.0,-0.05874061584472656
2024-11-30 01:00:00,0.0,-0.05377197265625
2024-11-30 02:00:00,0.0,-0.13025188446044922
2024-11-30 03:00:00,0.0,0.05675506591796875
2024-11-30 04:00:00,0.0,0.05675506591796875
2024-11-30 05:00:00,0.0,-0.1169285774230957
2024-11-30 06:00:00,0.0,-0.1169285774230957
2024-11-30 07:00:00,0.0,0.06993484497070312
2024-11-30 08:00:00,0.1827250100000013,0.29934263229370117
2024-11-30 09:00:00,2.319027,1.2045783996582031
2024-11-30 10:00:00,5.860689,5.664555549621582
2024-11-30 11:00:00,10.98511,7.470253944396973
2024-11-30 12:00:00,11.3138,14.646882057189941
2024-11-30 13:00:00,9.673279,12.513450622558594
2024-11-30 14:00:00,5.4894357,8.483342170715332
2024-11-30 15:00:00,1.4234545,2.022953987121582
2024-11-30 16:00:00,0.0,0.9381833076477051
2024-11-30 17:00:00,0.0,-0.10470438003540039
2024-11-30 18:00:00,0.0,-0.10470438003540039
2024-11-30 19:00:00,0.0,-0.4371175765991211
2024-11-30 20:00:00,0.0,-0.4256753921508789
2024-11-30 21:00:00,0.0,-0.43068599700927734
2024-11-30 22:00:00,0.0,-0.21529006958007812
2024-11-30 23:00:00,0.0,-0.21529006958007812
2024-12-01 00:00:00,0.0,-0.13522005081176758
2024-12-01 01:00:00,0.0,-0.13025188446044922
2024-12-01 02:00:00,0.0,-0.13025188446044922
2024-12-01 03:00:00,0.0,-0.026381492614746094
2024-12-01 04:00:00,0.0,0.05675506591796875
2024-12-01 05:00:00,0.0,-0.040448665618896484
2024-12-01 06:00:00,0.0,-0.040448665618896484
2024-12-01 07:00:00,0.0,0.0632781982421875
2024-12-01 08:00:00,0.0,0.29934263229370117
2024-12-01 09:00:00,0.6795500000000008,0.2779850959777832
2024-12-01 10:00:00,4.0563307,2.4956703186035156
2024-12-01 11:00:00,9.8019085,8.551313400268555
2024-12-01 12:00:00,10.8372,13.516200065612793
2024-12-01 13:00:00,8.994318,12.06405258178711
2024-12-01 14:00:00,6.206594,8.17524242401123
2024-12-01 15:00:00,1.1786441000000014,2.029604911804199
2024-12-01 16:00:00,0.004274999999999807,0.9381833076477051
2024-12-01 17:00:00,0.0,-0.10470438003540039
2024-12-01 18:00:00,0.0,-0.10470438003540039
2024-12-01 19:00:00,0.0,-0.20843124389648438
2024-12-01 20:00:00,0.0,-0.1969890594482422
2024-12-01 21:00:00,0.0,-0.20199871063232422
2024-12-01 22:00:00,0.0,-0.1388101577758789
2024-12-01 23:00:00,0.0,-0.1388101577758789
2024-12-02 00:00:00,0.0,-0.05115318298339844
2024-12-02 01:00:00,0.0,-0.04618501663208008
2024-12-02 02:00:00,0.0,-0.04618501663208008
2024-12-02 03:00:00,0.0,0.05768537521362305
2024-12-02 04:00:00,0.0,0.05768537521362305
2024-12-02 05:00:00,0.0,-0.03286170959472656
2024-12-02 06:00:00,0.0,-0.03286170959472656
2024-12-02 07:00:00,0.0,0.07086515426635742
2024-12-02 08:00:00,0.0,0.16141223907470703
2024-12-02 09:00:00,0.36233624999999936,0.3657517433166504
2024-12-02 10:00:00,1.1863459999999995,0.6477456092834473
2024-12-02 11:00:00,2.7725327,2.876101493835449
2024-12-02 12:00:00,1.5733351999999998,3.645907402038574
2024-12-02 13:00:00,1.4178514,1.3107147216796875
2024-12-02 14:00:00,0.6974625000000003,1.4486370086669922
2024-12-02 15:00:00,0.3012404999999996,0.3366422653198242
2024-12-02 16:00:00,0.0,-0.08567476272583008
2024-12-02 17:00:00,0.0,-0.09711694717407227
2024-12-02 18:00:00,0.0,-0.2891082763671875
2024-12-02 19:00:00,0.0,-0.20084381103515625
2024-12-02 20:00:00,0.0,-0.18940162658691406
2024-12-02 21:00:00,0.0,-0.1944112777709961
2024-12-02 22:00:00,0.0,-0.13122320175170898
2024-12-02 23:00:00,0.0,-0.13122320175170898
2024-12-03 00:00:00,0.0,-0.05115318298339844
2024-12-03 01:00:00,0.0,-0.03952836990356445
2024-12-03 02:00:00,0.0,-0.03952836990356445
2024-12-03 03:00:00,0.0,0.06434202194213867
2024-12-03 04:00:00,0.0,0.05768537521362305
2024-12-03 05:00:00,0.0,-0.03286170959472656
2024-12-03 06:00:00,0.0,-0.03286170959472656
2024-12-03 07:00:00,0.0,0.07086515426635742
2024-12-03 08:00:00,0.05927450200000095,0.16141223907470703
2024-12-03 09:00:00,2.0513017,0.3657517433166504
2024-12-03 10:00:00,6.3798976,3.5599794387817383
2024-12-03 11:00:00,10.812119,7.343938827514648
2024-12-03 12:00:00,5.486202,11.985007286071777
2024-12-03 13:00:00,6.420229,5.218942642211914
2024-12-03 14:00:00,2.9104909999999995,3.5762314796447754
2024-12-03 15:00:00,0.59429,0.6189994812011719
2024-12-03 16:00:00,0.0,0.1373124122619629
2024-12-03 17:00:00,0.0,-0.09711694717407227
2024-12-03 18:00:00,0.0,-0.09711694717407227
2024-12-03 19:00:00,0.0,-0.20084381103515625
2024-12-03 20:00:00,0.0,-0.18274497985839844
2024-12-03 21:00:00,0.0,-0.1944112777709961
2024-12-03 22:00:00,0.0,-0.13122320175170898
2024-12-03 23:00:00,0.0,-0.13122320175170898
2024-12-04 00:00:00,0.0,-0.05115318298339844
2024-12-04 01:00:00,0.0,-0.03952836990356445
2024-12-04 02:00:00,0.0,-0.04618501663208008
2024-12-04 03:00:00,0.0,0.05768537521362305
2024-12-04 04:00:00,0.0,0.05768537521362305
2024-12-04 05:00:00,0.0,-0.03286170959472656
2024-12-04 06:00:00,0.0,-0.03286170959472656
2024-12-04 07:00:00,0.0,0.07086515426635742
2024-12-04 08:00:00,0.0,0.16141223907470703
2024-12-04 09:00:00,0.7775250700000012,0.3657517433166504
2024-12-04 10:00:00,1.4070615999999996,1.1380748748779297
2024-12-04 11:00:00,2.4960704,1.6630945205688477
2024-12-04 12:00:00,4.6382957,1.8764667510986328
2024-12-04 13:00:00,2.2962165,4.626062393188477
2024-12-04 14:00:00,1.5172337000000002,1.5028228759765625
2024-12-04 15:00:00,0.7673775000000003,0.9995827674865723
2024-12-04 16:00:00,0.0,0.1373124122619629
2024-12-04 17:00:00,0.0,-0.09711694717407227
2024-12-04 18:00:00,0.0,-0.09711694717407227
2024-12-04 19:00:00,0.0,-0.20084381103515625
2024-12-04 20:00:00,0.0,-0.18940162658691406
2024-12-04 21:00:00,0.0,-0.1944112777709961
2024-12-04 22:00:00,0.0,-0.13122320175170898
2024-12-04 23:00:00,0.0,-0.13122320175170898
2024-12-05 00:00:00,0.0,-0.05115318298339844
2024-12-05 01:00:00,0.0,-0.04618501663208008
2024-12-05 02:00:00,0.0,-0.2381753921508789
2024-12-05 03:00:00,0.0,0.05768537521362305
2024-12-05 04:00:00,0.0,0.05768537521362305
2024-12-05 05:00:00,0.0,-0.03286170959472656
2024-12-05 06:00:00,0.0,-0.03286170959472656
2024-12-05 07:00:00,0.0,0.07086515426635742
2024-12-05 08:00:00,0.08779999600000021,0.16141223907470703
2024-12-05 09:00:00,0.49260473000000093,0.14005470275878906
2024-12-05 10:00:00,3.113564,2.3577394485473633
2024-12-05 11:00:00,6.142589,8.131598472595215
2024-12-05 12:00:00,5.925964,9.436724662780762
2024-12-05 13:00:00,5.763369,6.615841865539551
2024-12-05 14:00:00,1.6968104999999998,4.763984680175781
2024-12-05 15:00:00,0.29474997999999886,0.9995827674865723
2024-12-05 16:00:00,0.0,-0.08567476272583008
2024-12-05 17:00:00,0.0,-0.09711694717407227
2024-12-05 18:00:00,0.0,-0.09711694717407227
2024-12-05 19:00:00,0.0,-0.20084381103515625
2024-12-05 20:00:00,0.0,-0.18940162658691406
2024-12-05 21:00:00,0.0,-0.1944112777709961
2024-12-05 22:00:00,0.0,-0.13122320175170898
2024-12-05 23:00:00,0.0,-0.13122320175170898
2024-12-06 00:00:00,0.0,-0.05115318298339844
2024-12-06 01:00:00,0.0,-0.04618501663208008
2024-12-06 02:00:00,0.0,-0.04618501663208008
2024-12-06 03:00:00,0.0,0.05768537521362305
2024-12-06 04:00:00,0.0,0.05768537521362305
2024-12-06 05:00:00,0.0,-0.03286170959472656
2024-12-06 06:00:00,0.0,-0.03286170959472656
2024-12-06 07:00:00,0.0,0.07086515426635742
2024-12-06 08:00:00,0.04675000000000029,0.16141223907470703
2024-12-06 09:00:00,1.0529852000000002,0.3657517433166504
2024-12-06 10:00:00,5.2974367,1.8010168075561523
2024-12-06 11:00:00,6.173725,4.978442192077637
2024-12-06 12:00:00,2.0980499999999997,3.9498748779296875
2024-12-06 13:00:00,2.5919800000000004,2.10097074508667
2024-12-06 14:00:00,0.8637625,1.5028228759765625
2024-12-06 15:00:00,0.1396827500000004,0.9995827674865723
2024-12-06 16:00:00,0.0,-0.08567476272583008
2024-12-06 17:00:00,0.0,-0.09711694717407227
2024-12-06 18:00:00,0.0,-0.09711694717407227
2024-12-06 19:00:00,0.0,-0.20084381103515625
2024-12-06 20:00:00,0.0,-0.18940162658691406
2024-12-06 21:00:00,0.0,-0.1944112777709961
2024-12-06 22:00:00,0.0,-0.13122320175170898
2024-12-06 23:00:00,0.0,-0.13122320175170898
2024-12-07 00:00:00,0.0,-0.05874061584472656
2024-12-07 01:00:00,0.0,-0.05377197265625
2024-12-07 02:00:00,0.0,-0.05377197265625
2024-12-07 03:00:00,0.0,0.050098419189453125
2024-12-07 04:00:00,0.0,0.050098419189453125
2024-12-07 05:00:00,0.0,-0.040448665618896484
2024-12-07 06:00:00,0.0,-0.040448665618896484
2024-12-07 07:00:00,0.0,0.0632781982421875
2024-12-07 08:00:00,0.0,0.29934263229370117
2024-12-07 09:00:00,0.1682250000000005,0.5036821365356445
2024-12-07 10:00:00,0.979825,0.7856764793395996
2024-12-07 11:00:00,1.9074780999999996,2.675017833709717
2024-12-07 12:00:00,1.597435,2.0981345176696777
2024-12-07 13:00:00,2.2386053000000006,1.5865683555603027
2024-12-07 14:00:00,0.7546505000000012,1.640754222869873
2024-12-07 15:00:00,0.14335275000000003,0.47457265853881836
2024-12-07 16:00:00,0.0,0.05225563049316406
2024-12-07 17:00:00,0.0,-0.10470438003540039
2024-12-07 18:00:00,0.0,-0.10470438003540039
2024-12-07 19:00:00,0.0,-0.20843124389648438
2024-12-07 20:00:00,0.0,-0.1969890594482422
2024-12-07 21:00:00,0.0,-0.20199871063232422
2024-12-07 22:00:00,0.0,-0.1388101577758789
2024-12-07 23:00:00,0.0,-0.1388101577758789
2024-12-08 00:00:00,0.0,-0.05874061584472656
2024-12-08 01:00:00,0.0,-0.05377197265625
2024-12-08 02:00:00,0.0,-0.05377197265625
2024-12-08 03:00:00,0.0,0.050098419189453125
2024-12-08 04:00:00,0.0,0.050098419189453125
2024-12-08 05:00:00,0.0,-0.040448665618896484
2024-12-08 06:00:00,0.0,-0.040448665618896484
2024-12-08 07:00:00,0.0,0.0632781982421875
2024-12-08 08:00:00,0.10301275000000043,0.29934263229370117
2024-12-08 09:00:00,0.8342394999999998,0.5036821365356445
2024-12-08 10:00:00,2.0048263000000004,2.489013671875
2024-12-08 11:00:00,2.4461836999999997,4.653193473815918
2024-12-08 12:00:00,0.8403168000000001,4.812379837036133
2024-12-08 13:00:00,1.6845223000000003,2.13663387298584
2024-12-08 14:00:00,0.6245637000000004,2.322638511657715
2024-12-08 15:00:00,0.21356376000000044,0.47457265853881836
2024-12-08 16:00:00,0.0,0.05225563049316406
2024-12-08 17:00:00,0.0,-0.10470438003540039
2024-12-08 18:00:00,0.0,-0.10470438003540039
2024-12-08 19:00:00,0.0,-0.20843124389648438
2024-12-08 20:00:00,0.0,-0.1969890594482422
2024-12-08 21:00:00,0.0,-0.20199871063232422
2024-12-08 22:00:00,0.0,-0.1388101577758789
2024-12-08 23:00:00,0.0,-0.1388101577758789
2024-12-09 00:00:00,0.0,-0.05115318298339844
2024-12-09 01:00:00,0.0,-0.04618501663208008
2024-12-09 02:00:00,0.0,-0.04618501663208008
2024-12-09 03:00:00,0.0,0.05768537521362305
2024-12-09 04:00:00,0.0,0.05768537521362305
2024-12-09 05:00:00,0.0,-0.03286170959472656
2024-12-09 06:00:00,0.0,-0.03286170959472656
2024-12-09 07:00:00,0.0,0.07086515426635742
2024-12-09 08:00:00,0.0,0.16141223907470703
2024-12-09 09:00:00,0.3153567300000004,0.3657517433166504
2024-12-09 10:00:00,1.3725250000000004,1.3838162422180176
2024-12-09 11:00:00,0.9903103,2.876101493835449
2024-12-09 12:00:00,1.4959878,2.5583510398864746
2024-12-09 13:00:00,1.6056359999999996,1.3107147216796875
2024-12-09 14:00:00,1.6960787999999996,1.4486370086669922
2024-12-09 15:00:00,0.29407125999999995,0.9995827674865723
2024-12-09 16:00:00,0.0,-0.08567476272583008
2024-12-09 17:00:00,0.0,-0.09711694717407227
2024-12-09 18:00:00,0.0,-0.09711694717407227
2024-12-09 19:00:00,0.0,-0.20084381103515625
2024-12-09 20:00:00,0.0,-0.18940162658691406
2024-12-09 21:00:00,0.0,-0.1944112777709961
2024-12-09 22:00:00,0.0,-0.13122320175170898
2024-12-09 23:00:00,0.0,-0.13122320175170898
2024-12-10 00:00:00,0.0,-0.05115318298339844
2024-12-10 01:00:00,0.0,-0.04618501663208008
2024-12-10 02:00:00,0.0,-0.04618501663208008
2024-12-10 03:00:00,0.0,0.05768537521362305
2024-12-10 04:00:00,0.0,0.05768537521362305
2024-12-10 05:00:00,0.0,-0.03286170959472656
2024-12-10 06:00:00,0.0,-0.03286170959472656
2024-12-10 07:00:00,0.0,0.07086515426635742
2024-12-10 08:00:00,0.0,0.16141223907470703
2024-12-10 09:00:00,0.8140417300000005,0.3657517433166504
2024-12-10 10:00:00,2.001417,2.3510823249816895
2024-12-10 11:00:00,2.5622750000000005,3.4154000282287598
2024-12-10 12:00:00,2.5904499999999997,3.574586868286133
2024-12-10 13:00:00,1.8846365,2.10097074508667
2024-12-10 14:00:00,1.0137148000000007,1.4486370086669922
2024-12-10 15:00:00,0.2960117499999999,0.9995827674865723
2024-12-10 16:00:00,0.0,-0.08567476272583008
2024-12-10 17:00:00,0.0,-0.09711694717407227
2024-12-10 18:00:00,0.0,-0.09711694717407227
2024-12-10 19:00:00,0.0,-0.20084381103515625
2024-12-10 20:00:00,0.0,-0.18940162658691406
2024-12-10 21:00:00,0.0,-0.1944112777709961
2024-12-10 22:00:00,0.0,-0.13122320175170898
2024-12-10 23:00:00,0.0,-0.13122320175170898
2024-12-11 00:00:00,0.0,-0.05115318298339844
2024-12-11 01:00:00,0.0,-0.04618501663208008
2024-12-11 02:00:00,0.0,-0.04618501663208008
2024-12-11 03:00:00,0.0,0.05768537521362305
2024-12-11 04:00:00,0.0,0.05768537521362305
2024-12-11 05:00:00,0.0,-0.03286170959472656
2024-12-11 06:00:00,0.0,-0.2248525619506836
2024-12-11 07:00:00,0.0,0.07752180099487305
2024-12-11 08:00:00,0.0,0.16806888580322266
2024-12-11 09:00:00,0.7594905499999998,0.8761248588562012
2024-12-11 10:00:00,2.3974867,1.7055983543395996
2024-12-11 11:00:00,3.4777524,3.731856346130371
2024-12-11 12:00:00,5.6401777,3.645907402038574
2024-12-11 13:00:00,2.4822338000000004,3.9805779457092285
2024-12-11 14:00:00,2.0529163000000006,1.5028228759765625
2024-12-11 15:00:00,0.4028382600000011,0.5476784706115723
2024-12-11 16:00:00,0.0,-0.08567476272583008
2024-12-11 17:00:00,0.0,-0.09711694717407227
2024-12-11 18:00:00,0.0,-0.09711694717407227
2024-12-11 19:00:00,0.0,-0.20084381103515625
2024-12-11 20:00:00,0.0,-0.18940162658691406
2024-12-11 21:00:00,0.0,-0.1944112777709961
2024-12-11 22:00:00,0.0,-0.13122320175170898
2024-12-11 23:00:00,0.0,-0.13122320175170898
2024-12-12 00:00:00,0.0,-0.05115318298339844
2024-12-12 01:00:00,0.0,-0.04618501663208008
2024-12-12 02:00:00,0.0,-0.04618501663208008
2024-12-12 03:00:00,0.0,0.05768537521362305
2024-12-12 04:00:00,0.0,0.05768537521362305
2024-12-12 05:00:00,0.0,-0.03286170959472656
2024-12-12 06:00:00,0.0,-0.03286170959472656
2024-12-12 07:00:00,0.0,0.07086515426635742
2024-12-12 08:00:00,0.0,0.16141223907470703
2024-12-12 09:00:00,0.44057049999999975,0.3657517433166504
2024-12-12 10:00:00,1.5216734,1.6511578559875488
2024-12-12 11:00:00,1.7442992999999998,2.876101493835449
2024-12-12 12:00:00,1.6127665000000002,2.4742369651794434
2024-12-12 13:00:00,1.6005588,2.161318778991699
2024-12-12 14:00:00,0.9356697,2.6616439819335938
2024-12-12 15:00:00,0.13396323999999993,0.9995827674865723
2024-12-12 16:00:00,0.0,-0.08567476272583008
2024-12-12 17:00:00,0.0,-0.09711694717407227
2024-12-12 18:00:00,0.0,-0.09711694717407227
2024-12-12 19:00:00,0.0,-0.20084381103515625
2024-12-12 20:00:00,0.0,-0.18940162658691406
2024-12-12 21:00:00,0.0,-0.1944112777709961
2024-12-12 22:00:00,0.0,-0.13122320175170898
2024-12-12 23:00:00,0.0,-0.13122320175170898
2024-12-13 00:00:00,0.0,-0.05115318298339844
2024-12-13 01:00:00,0.0,-0.04618501663208008
2024-12-13 02:00:00,0.0,-0.2381753921508789
2024-12-13 03:00:00,0.0,0.06434202194213867
2024-12-13 04:00:00,0.0,0.06434202194213867
2024-12-13 05:00:00,0.0,-0.026204586029052734
2024-12-13 06:00:00,0.0,-0.10934114456176758
2024-12-13 07:00:00,0.0,0.07752180099487305
2024-12-13 08:00:00,0.0,0.16806888580322266
2024-12-13 09:00:00,0.225327759999999,0.8761248588562012
2024-12-13 10:00:00,0.88795877,0.940007209777832
2024-12-13 11:00:00,1.7292671999999998,2.2306175231933594
2024-12-13 12:00:00,1.7864317000000005,2.3898043632507324
2024-12-13 13:00:00,1.6436992999999998,1.8782382011413574
2024-12-13 14:00:00,0.966679000000001,1.2229394912719727
2024-12-13 15:00:00,0.21028301000000038,0.7738857269287109
2024-12-13 16:00:00,0.0,-0.08567476272583008
2024-12-13 17:00:00,0.0,-0.09711694717407227
2024-12-13 18:00:00,0.0,-0.09711694717407227
2024-12-13 19:00:00,0.0,-0.19418716430664062
2024-12-13 20:00:00,0.0,-0.4180889129638672
2024-12-13 21:00:00,0.0,-0.4230985641479492
2024-12-13 22:00:00,0.0,-0.20770263671875
2024-12-13 23:00:00,0.0,-0.20770263671875
2024-12-14 00:00:00,0.0,-0.05208396911621094
2024-12-14 01:00:00,0.0,-0.05377197265625
2024-12-14 02:00:00,0.0,-0.05377197265625
2024-12-14 03:00:00,0.0,0.050098419189453125
2024-12-14 04:00:00,0.0,0.050098419189453125
2024-12-14 05:00:00,0.0,-0.040448665618896484
2024-12-14 06:00:00,0.0,-0.040448665618896484
2024-12-14 07:00:00,0.0,0.0632781982421875
2024-12-14 08:00:00,0.0,0.29934263229370117
2024-12-14 09:00:00,0.13793126000000022,0.2779850959777832
2024-12-14 10:00:00,0.6718337500000002,0.5599794387817383
2024-12-14 11:00:00,1.3779430000000001,1.0503082275390625
2024-12-14 12:00:00,0.8520204399999995,2.0981345176696777
2024-12-14 13:00:00,1.0548111999999996,0.9236254692077637
2024-12-14 14:00:00,0.43957352999999877,1.5865683555603027
2024-12-14 15:00:00,0.3548577399999999,0.2515850067138672
2024-12-14 16:00:00,0.0,0.05225563049316406
2024-12-14 17:00:00,0.0,-0.09804773330688477
2024-12-14 18:00:00,0.0,-0.3333911895751953
2024-12-14 19:00:00,0.0,-0.20177459716796875
2024-12-14 20:00:00,0.0,-0.19033241271972656
2024-12-14 21:00:00,0.0,-0.1953420639038086
2024-12-14 22:00:00,0.0,-0.13215351104736328
2024-12-14 23:00:00,0.0,-0.13215351104736328
2024-12-15 00:00:00,0.0,-0.05208396911621094
2024-12-15 01:00:00,0.0,-0.047115325927734375
2024-12-15 02:00:00,0.0,-0.047115325927734375
2024-12-15 03:00:00,0.0,0.050098419189453125
2024-12-15 04:00:00,0.0,0.050098419189453125
2024-12-15 05:00:00,0.0,-0.040448665618896484
2024-12-15 06:00:00,0.0,-0.040448665618896484
2024-12-15 07:00:00,0.0,0.0632781982421875
2024-12-15 08:00:00,0.0,0.29934263229370117
2024-12-15 09:00:00,0.9224275400000002,0.5036821365356445
2024-12-15 10:00:00,2.0846848,1.9389476776123047
2024-12-15 11:00:00,2.2263095,1.993133544921875
2024-12-15 12:00:00,1.9654110000000005,2.152320384979248
2024-12-15 13:00:00,1.017627,1.5865683555603027
2024-12-15 14:00:00,0.4761059999999988,1.5865683555603027
2024-12-15 15:00:00,0.05715249999999994,0.47457265853881836
2024-12-15 16:00:00,0.0,0.05225563049316406
2024-12-15 17:00:00,0.0,-0.10470438003540039
2024-12-15 18:00:00,0.0,-0.10470438003540039
2024-12-15 19:00:00,0.0,-0.20843124389648438
2024-12-15 20:00:00,0.0,-0.1969890594482422
2024-12-15 21:00:00,0.0,-0.20199871063232422
2024-12-15 22:00:00,0.0,-0.1388101577758789
2024-12-15 23:00:00,0.0,-0.1388101577758789
2024-12-16 00:00:00,0.0,-0.05115318298339844
2024-12-16 01:00:00,0.0,-0.04618501663208008
2024-12-16 02:00:00,0.0,-0.04618501663208008
2024-12-16 03:00:00,0.0,0.05768537521362305
2024-12-16 04:00:00,0.0,0.05768537521362305
2024-12-16 05:00:00,0.0,-0.03286170959472656
2024-12-16 06:00:00,0.0,-0.03286170959472656
2024-12-16 07:00:00,0.0,0.07086515426635742
2024-12-16 08:00:00,0.0,0.16141223907470703
2024-12-16 09:00:00,0.2593262799999989,0.3657517433166504
2024-12-16 10:00:00,1.3374101999999999,0.6477456092834473
2024-12-16 11:00:00,1.0136596999999998,1.6630945205688477
2024-12-16 12:00:00,1.7886679,2.5583510398864746
2024-12-16 13:00:00,1.8436152999999997,1.3107147216796875
2024-12-16 14:00:00,1.0483224,1.4486370086669922
2024-12-16 15:00:00,0.1403607400000011,0.9995827674865723
2024-12-16 16:00:00,0.0,-0.08567476272583008
2024-12-16 17:00:00,0.0,-0.09711694717407227
2024-12-16 18:00:00,0.0,-0.09711694717407227
2024-12-16 19:00:00,0.0,-0.20084381103515625
2024-12-16 20:00:00,0.0,-0.18940162658691406
2024-12-16 21:00:00,0.0,-0.1944112777709961
2024-12-16 22:00:00,0.0,-0.13122320175170898
2024-12-16 23:00:00,0.0,-0.13122320175170898
2024-12-17 00:00:00,0.0,-0.05115318298339844
2024-12-17 01:00:00,0.0,-0.04618501663208008
2024-12-17 02:00:00,0.0,-0.04618501663208008
2024-12-17 03:00:00,0.0,0.05768537521362305
2024-12-17 04:00:00,0.0,0.05768537521362305
2024-12-17 05:00:00,0.0,-0.2248525619506836
2024-12-17 06:00:00,0.0,-0.2248525619506836
2024-12-17 07:00:00,0.0,0.07752180099487305
2024-12-17 08:00:00,0.0,-0.03057861328125
2024-12-17 09:00:00,0.5578835000000009,1.1018218994140625
2024-12-17 10:00:00,0.9380669999999993,2.3510823249816895
2024-12-17 11:00:00,2.1100762,2.876101493835449
2024-12-17 12:00:00,1.7021568,2.612536907196045
2024-12-17 13:00:00,0.9369985000000005,1.3107147216796875
2024-12-17 14:00:00,0.9706435000000004,2.1847071647644043
2024-12-17 15:00:00,0.5376629999999993,0.9995827674865723
2024-12-17 16:00:00,0.0,0.1373124122619629
2024-12-17 17:00:00,0.0,-0.09711694717407227
2024-12-17 18:00:00,0.0,-0.09711694717407227
2024-12-17 19:00:00,0.0,-0.20084381103515625
2024-12-17 20:00:00,0.0,-0.18940162658691406
2024-12-17 21:00:00,0.0,-0.1944112777709961
2024-12-17 22:00:00,0.0,-0.13122320175170898
2024-12-17 23:00:00,0.0,-0.13122320175170898
2024-12-18 00:00:00,0.0,-0.05115318298339844
2024-12-18 01:00:00,0.0,-0.04618501663208008
2024-12-18 02:00:00,0.0,-0.04618501663208008
2024-12-18 03:00:00,0.0,0.05768537521362305
2024-12-18 04:00:00,0.0,0.05768537521362305
2024-12-18 05:00:00,0.0,-0.03286170959472656
2024-12-18 06:00:00,0.0,-0.03286170959472656
2024-12-18 07:00:00,0.0,0.07086515426635742
2024-12-18 08:00:00,0.0,0.16141223907470703
2024-12-18 09:00:00,0.3212187600000007,0.3657517433166504
2024-12-18 10:00:00,1.0570052999999993,0.6477456092834473
2024-12-18 11:00:00,1.4518352000000005,1.6630945205688477
2024-12-18 12:00:00,1.5737890000000005,1.8222808837890625
2024-12-18 13:00:00,0.9653287499999994,1.3107147216796875
2024-12-18 14:00:00,0.6133472300000005,1.4486370086669922
2024-12-18 15:00:00,0.13475025000000063,0.3366422653198242
2024-12-18 16:00:00,0.0,-0.08567476272583008
2024-12-18 17:00:00,0.0,-0.09711694717407227
2024-12-18 18:00:00,0.0,-0.09711694717407227
2024-12-18 19:00:00,0.0,-0.20084381103515625
2024-12-18 20:00:00,0.0,-0.18274497985839844
2024-12-18 21:00:00,0.0,-0.1944112777709961
2024-12-18 22:00:00,0.0,-0.13122320175170898
2024-12-18 23:00:00,0.0,-0.13122320175170898
2024-12-19 00:00:00,0.0,-0.05115318298339844
2024-12-19 01:00:00,0.0,-0.04618501663208008
2024-12-19 02:00:00,0.0,-0.04618501663208008
2024-12-19 03:00:00,0.0,0.05768537521362305
2024-12-19 04:00:00,0.0,0.05768537521362305
2024-12-19 05:00:00,0.0,-0.03286170959472656
2024-12-19 06:00:00,0.0,-0.03286170959472656
2024-12-19 07:00:00,0.0,0.07086515426635742
2024-12-19 08:00:00,0.0,0.16141223907470703
2024-12-19 09:00:00,0.25522450000000063,0.17376089096069336
2024-12-19 10:00:00,2.5312357,1.860753059387207
2024-12-19 11:00:00,3.2856402000000005,1.7172799110412598
2024-12-19 12:00:00,3.5011435000000004,4.607848167419434
2024-12-19 13:00:00,2.4012113,3.1343417167663574
2024-12-19 14:00:00,1.2422568000000007,1.5028228759765625
2024-12-19 15:00:00,0.4538997699999996,0.9995827674865723
2024-12-19 16:00:00,0.0,-0.07901811599731445
2024-12-19 17:00:00,0.0,-0.09046030044555664
2024-12-19 18:00:00,0.0,-0.09046030044555664
2024-12-19 19:00:00,0.0,-0.4295310974121094
2024-12-19 20:00:00,0.0,-0.18274497985839844
2024-12-19 21:00:00,0.0,-0.4230985641479492
2024-12-19 22:00:00,0.0,-0.12456655502319336
2024-12-19 23:00:00,0.0,-0.12456655502319336
2024-12-20 00:00:00,0.0,-0.04449653625488281
2024-12-20 01:00:00,0.0,-0.1226649284362793
2024-12-20 02:00:00,0.0,-0.03952836990356445
2024-12-20 03:00:00,0.0,-0.01879405975341797
2024-12-20 04:00:00,0.0,-0.01879405975341797
2024-12-20 05:00:00,0.0,-0.10934114456176758
2024-12-20 06:00:00,0.0,-0.10934114456176758
2024-12-20 07:00:00,0.0,-0.005614280700683594
2024-12-20 08:00:00,0.04426699999999961,0.08493280410766602
2024-12-20 09:00:00,1.5384757999999996,1.4165806770324707
2024-12-20 10:00:00,4.160519600000001,3.122922420501709
2024-12-20 11:00:00,9.507776,8.358597755432129
2024-12-20 12:00:00,9.426725,10.815855979919434
2024-12-20 13:00:00,5.5204597,8.261792182922363
2024-12-20 14:00:00,4.8215137,4.770641803741455
2024-12-20 15:00:00,0.8637974999999987,2.1173768043518066
2024-12-20 16:00:00,0.0,0.8002529144287109
2024-12-20 17:00:00,0.0,-0.09711694717407227
2024-12-20 18:00:00,0.0,-0.09711694717407227
2024-12-20 19:00:00,0.0,-0.20084381103515625
2024-12-20 20:00:00,0.0,-0.18940162658691406
2024-12-20 21:00:00,0.0,-0.1944112777709961
2024-12-20 22:00:00,0.0,-0.13122320175170898
2024-12-20 23:00:00,0.0,-0.13122320175170898
2024-12-21 00:00:00,0.0,-0.05874061584472656
2024-12-21 01:00:00,0.0,-0.05377197265625
2024-12-21 02:00:00,0.0,-0.05377197265625
2024-12-21 03:00:00,0.0,0.050098419189453125
2024-12-21 04:00:00,0.0,0.050098419189453125
2024-12-21 05:00:00,0.0,-0.040448665618896484
2024-12-21 06:00:00,0.0,-0.040448665618896484
2024-12-21 07:00:00,0.0,0.0632781982421875
2024-12-21 08:00:00,0.0,0.29934263229370117
2024-12-21 09:00:00,0.53746575,0.5036821365356445
2024-12-21 10:00:00,1.9393078,1.5269641876220703
2024-12-21 11:00:00,3.220765,3.1519546508789062
2024-12-21 12:00:00,2.5010774,3.9217610359191895
2024-12-21 13:00:00,2.7753541000000004,3.338874340057373
2024-12-21 14:00:00,1.2988342,1.7120752334594727
2024-12-21 15:00:00,0.06556550000000083,1.1375131607055664
2024-12-21 16:00:00,0.0,0.05225563049316406
2024-12-21 17:00:00,0.0,-0.10470438003540039
2024-12-21 18:00:00,0.0,-0.10470438003540039
2024-12-21 19:00:00,0.0,-0.20843124389648438
2024-12-21 20:00:00,0.0,-0.1969890594482422
2024-12-21 21:00:00,0.0,-0.20199871063232422
2024-12-21 22:00:00,0.0,-0.1388101577758789
2024-12-21 23:00:00,0.0,-0.1388101577758789
2024-12-22 00:00:00,0.0,-0.05874061584472656
2024-12-22 01:00:00,0.0,-0.05377197265625
2024-12-22 02:00:00,0.0,-0.05377197265625
2024-12-22 03:00:00,0.0,0.050098419189453125
2024-12-22 04:00:00,0.0,0.05675506591796875
2024-12-22 05:00:00,0.0,-0.03379201889038086
2024-12-22 06:00:00,0.0,-0.03379201889038086
2024-12-22 07:00:00,0.0,-0.12871265411376953
2024-12-22 08:00:00,0.0,0.3059992790222168
2024-12-22 09:00:00,0.3495695000000003,1.2464089393615723
2024-12-22 10:00:00,0.7360499999999988,1.7234225273132324
2024-12-22 11:00:00,3.5467085999999997,2.4956703186035156
2024-12-22 12:00:00,3.8138232,8.197577476501465
2024-12-22 13:00:00,3.42905,3.4101953506469727
2024-12-22 14:00:00,1.4232332999999997,2.4481453895568848
2024-12-22 15:00:00,0.44365450000000006,1.1375131607055664
2024-12-22 16:00:00,0.0,0.05225563049316406
2024-12-22 17:00:00,0.0,-0.10470438003540039
2024-12-22 18:00:00,0.0,-0.10470438003540039
2024-12-22 19:00:00,0.0,-0.20843124389648438
2024-12-22 20:00:00,0.0,-0.19033241271972656
2024-12-22 21:00:00,0.0,-0.20199871063232422
2024-12-22 22:00:00,0.0,-0.1388101577758789
2024-12-22 23:00:00,0.0,-0.1388101577758789
2024-12-23 00:00:00,0.0,-0.05115318298339844
2024-12-23 01:00:00,0.0,-0.04618501663208008
2024-12-23 02:00:00,0.0,-0.04618501663208008
2024-12-23 03:00:00,0.0,0.05768537521362305
2024-12-23 04:00:00,0.0,-0.14217281341552734
2024-12-23 05:00:00,0.0,-0.23272037506103516
2024-12-23 06:00:00,0.0,-0.23272037506103516
2024-12-23 07:00:00,0.0,-0.12899303436279297
2024-12-23 08:00:00,0.0,-0.03844642639160156
2024-12-23 09:00:00,0.88881123,1.21006441116333
2024-12-23 10:00:00,3.5703707,3.122264862060547
2024-12-23 11:00:00,4.1361895,8.460182189941406
2024-12-23 12:00:00,10.387052,8.250308990478516
2024-12-23 13:00:00,8.270885,8.34430980682373
2024-12-23 14:00:00,5.823125,6.794032096862793
2024-12-23 15:00:00,1.6158226999999998,2.0667543411254883
2024-12-23 16:00:00,0.0320500000000008,0.3650507926940918
2024-12-23 17:00:00,0.0,-0.5323190689086914
2024-12-23 18:00:00,0.0,-0.5323190689086914
2024-12-23 19:00:00,0.0,-0.6360464096069336
2024-12-23 20:00:00,0.0,-0.6246042251586914
2024-12-23 21:00:00,0.0,-0.6296138763427734
2024-12-23 22:00:00,0.0,-0.4142179489135742
2024-12-23 23:00:00,0.0,-0.4142179489135742
2024-12-24 00:00:00,0.0,-0.12763309478759766
2024-12-24 01:00:00,0.0,-0.1226649284362793
2024-12-24 02:00:00,0.0,-0.04618501663208008
2024-12-24 03:00:00,0.0,0.05768537521362305
2024-12-24 04:00:00,0.0,0.05768537521362305
2024-12-24 05:00:00,0.0,-0.03286170959472656
2024-12-24 06:00:00,0.0,-0.03286170959472656
2024-12-24 07:00:00,0.0,0.07086515426635742
2024-12-24 08:00:00,0.0,0.16141223907470703
2024-12-24 09:00:00,1.8627780999999999,0.14005470275878906
2024-12-24 10:00:00,4.5194087,3.014023780822754
2024-12-24 11:00:00,6.142275,6.042624473571777
2024-12-24 12:00:00,5.542173,6.332094192504883
2024-12-24 13:00:00,5.1450253,3.6640119552612305
2024-12-24 14:00:00,2.477113,3.065864086151123
2024-12-24 15:00:00,1.2074838000000003,0.5476784706115723
2024-12-24 16:00:00,0.0,0.8002529144287109
2024-12-24 17:00:00,0.0,-0.09711694717407227
2024-12-24 18:00:00,0.0,-0.09711694717407227
2024-12-24 19:00:00,0.0,-0.20084381103515625
2024-12-24 20:00:00,0.0,-0.18940162658691406
2024-12-24 21:00:00,0.0,-0.1944112777709961
2024-12-24 22:00:00,0.0,-0.13122320175170898
2024-12-24 23:00:00,0.0,-0.13122320175170898
2024-12-25 00:00:00,0.0,-0.05115318298339844
2024-12-25 01:00:00,0.0,-0.04618501663208008
2024-12-25 02:00:00,0.0,-0.04618501663208008
2024-12-25 03:00:00,0.0,0.05768537521362305
2024-12-25 04:00:00,0.0,0.05768537521362305
2024-12-25 05:00:00,0.0,-0.03286170959472656
2024-12-25 06:00:00,0.0,-0.03286170959472656
2024-12-25 07:00:00,0.0,0.07086515426635742
2024-12-25 08:00:00,0.0,0.16141223907470703
2024-12-25 09:00:00,0.3600307399999991,0.3657517433166504
2024-12-25 10:00:00,1.7156563,0.6477456092834473
2024-12-25 11:00:00,2.3420212000000005,1.6630945205688477
2024-12-25 12:00:00,2.6733394000000006,1.8764667510986328
2024-12-25 13:00:00,1.6656592999999997,2.10097074508667
2024-12-25 14:00:00,1.2054877000000008,1.4486370086669922
2024-12-25 15:00:00,0.33906325999999964,0.9995827674865723
2024-12-25 16:00:00,0.0,-0.08567476272583008
2024-12-25 17:00:00,0.0,-0.09711694717407227
2024-12-25 18:00:00,0.0,-0.09711694717407227
2024-12-25 19:00:00,0.0,-0.20084381103515625
2024-12-25 20:00:00,0.0,-0.18940162658691406
2024-12-25 21:00:00,0.0,-0.1944112777709961
2024-12-25 22:00:00,0.0,-0.13122320175170898
2024-12-25 23:00:00,0.0,-0.13122320175170898
2024-12-26 00:00:00,0.0,-0.05115318298339844
2024-12-26 01:00:00,0.0,-0.04618501663208008
2024-12-26 02:00:00,0.0,-0.04618501663208008
2024-12-26 03:00:00,0.0,0.05768537521362305
2024-12-26 04:00:00,0.0,0.05768537521362305
2024-12-26 05:00:00,0.0,-0.03286170959472656
2024-12-26 06:00:00,0.0,-0.03286170959472656
2024-12-26 07:00:00,0.0,0.07086515426635742
2024-12-26 08:00:00,0.0,0.16141223907470703
2024-12-26 09:00:00,0.2969004799999997,0.3657517433166504
2024-12-26 10:00:00,0.8983075000000005,1.3838162422180176
2024-12-26 11:00:00,1.2604525000000004,2.876101493835449
2024-12-26 12:00:00,1.7253940000000005,3.035287857055664
2024-12-26 13:00:00,1.4471102,2.523721694946289
2024-12-26 14:00:00,0.7637669999999996,2.6616439819335938
2024-12-26 15:00:00,0.2544622399999996,0.14465093612670898
2024-12-26 16:00:00,0.0,-0.08567476272583008
2024-12-26 17:00:00,0.0,-0.09711694717407227
2024-12-26 18:00:00,0.0,-0.09711694717407227
2024-12-26 19:00:00,0.0,-0.20084381103515625
2024-12-26 20:00:00,0.0,-0.18940162658691406
2024-12-26 21:00:00,0.0,-0.1944112777709961
2024-12-26 22:00:00,0.0,-0.13122320175170898
2024-12-26 23:00:00,0.0,-0.13122320175170898
2024-12-27 00:00:00,0.0,-0.05115318298339844
2024-12-27 01:00:00,0.0,-0.04618501663208008
2024-12-27 02:00:00,0.0,-0.04618501663208008
2024-12-27 03:00:00,0.0,0.05768537521362305
2024-12-27 04:00:00,0.0,0.05768537521362305
2024-12-27 05:00:00,0.0,-0.03286170959472656
2024-12-27 06:00:00,0.0,-0.03286170959472656
2024-12-27 07:00:00,0.0,0.07086515426635742
2024-12-27 08:00:00,0.0,0.16141223907470703
2024-12-27 09:00:00,0.9320999999999993,0.3657517433166504
2024-12-27 10:00:00,2.3107293,1.8010168075561523
2024-12-27 11:00:00,2.1757326,3.4154000282287598
2024-12-27 12:00:00,4.592225,3.574586868286133
2024-12-27 13:00:00,3.0657558,3.6640119552612305
2024-12-27 14:00:00,1.8829377000000003,1.574143886566162
2024-12-27 15:00:00,0.6109417700000002,0.9995827674865723
2024-12-27 16:00:00,0.0,0.1373124122619629
2024-12-27 17:00:00,0.0,-0.09711694717407227
2024-12-27 18:00:00,0.0,-0.09711694717407227
2024-12-27 19:00:00,0.0,-0.20084381103515625
2024-12-27 20:00:00,0.0,-0.18940162658691406
2024-12-27 21:00:00,0.0,-0.1944112777709961
2024-12-27 22:00:00,0.0,-0.13122320175170898
2024-12-27 23:00:00,0.0,-0.13122320175170898
2024-12-28 00:00:00,0.0,-0.05874061584472656
2024-12-28 01:00:00,0.0,-0.05377197265625
2024-12-28 02:00:00,0.0,-0.05377197265625
2024-12-28 03:00:00,0.0,0.050098419189453125
2024-12-28 04:00:00,0.0,0.050098419189453125
2024-12-28 05:00:00,0.0,-0.040448665618896484
2024-12-28 06:00:00,0.0,-0.040448665618896484
2024-12-28 07:00:00,0.0,0.0632781982421875
2024-12-28 08:00:00,0.0,0.29934263229370117
2024-12-28 09:00:00,0.39197952000000136,0.5036821365356445
2024-12-28 10:00:00,1.6608348,1.7890892028808594
2024-12-28 11:00:00,2.6156154000000003,3.1519546508789062
2024-12-28 12:00:00,3.256025,4.812379837036133
2024-12-28 13:00:00,2.9466743000000006,3.726651191711426
2024-12-28 14:00:00,1.9138267000000004,2.2224478721618652
2024-12-28 15:00:00,0.8083045000000011,0.9118161201477051
2024-12-28 16:00:00,0.0016999999999995907,0.28189945220947266
2024-12-28 17:00:00,0.0,-0.09804773330688477
2024-12-28 18:00:00,0.0,-0.10470438003540039
2024-12-28 19:00:00,0.0,-0.20843124389648438
2024-12-28 20:00:00,0.0,-0.1969890594482422
2024-12-28 21:00:00,0.0,-0.20199871063232422
2024-12-28 22:00:00,0.0,-0.1388101577758789
2024-12-28 23:00:00,0.0,-0.1388101577758789
2024-12-29 00:00:00,0.0,-0.05874061584472656
2024-12-29 01:00:00,0.0,-0.05377197265625
2024-12-29 02:00:00,0.0,-0.05377197265625
2024-12-29 03:00:00,0.0,0.050098419189453125
2024-12-29 04:00:00,0.0,0.050098419189453125
2024-12-29 05:00:00,0.0,-0.040448665618896484
2024-12-29 06:00:00,0.0,-0.040448665618896484
2024-12-29 07:00:00,0.0,0.0632781982421875
2024-12-29 08:00:00,0.0,0.29934263229370117
2024-12-29 09:00:00,0.3488395200000003,0.5036821365356445
2024-12-29 10:00:00,1.2959249000000002,0.7856764793395996
2024-12-29 11:00:00,1.9244804000000002,2.675017833709717
2024-12-29 12:00:00,1.9264064999999997,2.0981345176696777
2024-12-29 13:00:00,1.5362999999999998,1.8375253677368164
2024-12-29 14:00:00,0.9955212499999995,1.5865683555603027
2024-12-29 15:00:00,0.21536950000000132,1.1375131607055664
2024-12-29 16:00:00,0.0,0.05225563049316406
2024-12-29 17:00:00,0.0,-0.10470438003540039
2024-12-29 18:00:00,0.0,-0.10470438003540039
2024-12-29 19:00:00,0.0,-0.20843124389648438
2024-12-29 20:00:00,0.0,-0.1969890594482422
2024-12-29 21:00:00,0.0,-0.20199871063232422
2024-12-29 22:00:00,0.0,-0.1388101577758789
2024-12-29 23:00:00,0.0,-0.1388101577758789
2024-12-30 00:00:00,0.0,-0.05115318298339844
2024-12-30 01:00:00,0.0,-0.04618501663208008
2024-12-30 02:00:00,0.0,-0.04618501663208008
2024-12-30 03:00:00,0.0,0.05768537521362305
2024-12-30 04:00:00,0.0,0.05768537521362305
2024-12-30 05:00:00,0.0,-0.03286170959472656
2024-12-30 06:00:00,0.0,-0.03286170959472656
2024-12-30 07:00:00,0.0,0.07086515426635742
2024-12-30 08:00:00,0.0,0.16141223907470703
2024-12-30 09:00:00,0.4133652400000001,0.3657517433166504
2024-12-30 10:00:00,1.6897303,0.9150876998901367
2024-12-30 11:00:00,2.5209205,2.876101493835449
2024-12-30 12:00:00,1.3320521999999997,2.612536907196045
2024-12-30 13:00:00,1.0320194999999988,2.0467848777770996
2024-12-30 14:00:00,0.9889885000000005,1.4486370086669922
2024-12-30 15:00:00,0.4571544999999997,0.9995827674865723
2024-12-30 16:00:00,0.0,-0.08567476272583008
2024-12-30 17:00:00,0.0,-0.09711694717407227
2024-12-30 18:00:00,0.0,-0.09711694717407227
2024-12-30 19:00:00,0.0,-0.3928346633911133
2024-12-30 20:00:00,0.0,-0.18940162658691406
2024-12-30 21:00:00,0.0,-0.1944112777709961
2024-12-30 22:00:00,0.0,-0.13122320175170898
2024-12-30 23:00:00,0.0,-0.13122320175170898
2024-12-31 00:00:00,0.0,-0.05115318298339844
