,Wert
2024-01-01 00:00:00,0.0
2024-01-01 01:00:00,0.0
2024-01-01 02:00:00,0.0
2024-01-01 03:00:00,0.0
2024-01-01 04:00:00,0.0
2024-01-01 05:00:00,0.0
2024-01-01 06:00:00,0.0
2024-01-01 07:00:00,0.0
2024-01-01 08:00:00,0.0
2024-01-01 09:00:00,0.278504
2024-01-01 10:00:00,1.04968
2024-01-01 11:00:00,1.6061305
2024-01-01 12:00:00,3.2444134
2024-01-01 13:00:00,1.7834858
2024-01-01 14:00:00,2.4899774
2024-01-01 15:00:00,0.2556005
2024-01-01 16:00:00,0.0
2024-01-01 17:00:00,0.0
2024-01-01 18:00:00,0.0
2024-01-01 19:00:00,0.0
2024-01-01 20:00:00,0.0
2024-01-01 21:00:00,0.0
2024-01-01 22:00:00,0.0
2024-01-01 23:00:00,0.0
2024-01-02 00:00:00,0.0
2024-01-02 01:00:00,0.0
2024-01-02 02:00:00,0.0
2024-01-02 03:00:00,0.0
2024-01-02 04:00:00,0.0
2024-01-02 05:00:00,0.0
2024-01-02 06:00:00,0.0
2024-01-02 07:00:00,0.0
2024-01-02 08:00:00,0.0
2024-01-02 09:00:00,0.1967
2024-01-02 10:00:00,1.3248395
2024-01-02 11:00:00,2.1965818
2024-01-02 12:00:00,1.9842737
2024-01-02 13:00:00,2.128861
2024-01-02 14:00:00,1.483336
2024-01-02 15:00:00,0.40572873
2024-01-02 16:00:00,0.0
2024-01-02 17:00:00,0.0
2024-01-02 18:00:00,0.0
2024-01-02 19:00:00,0.0
2024-01-02 20:00:00,0.0
2024-01-02 21:00:00,0.0
2024-01-02 22:00:00,0.0
2024-01-02 23:00:00,0.0
2024-01-03 00:00:00,0.0
2024-01-03 01:00:00,0.0
2024-01-03 02:00:00,0.0
2024-01-03 03:00:00,0.0
2024-01-03 04:00:00,0.0
2024-01-03 05:00:00,0.0
2024-01-03 06:00:00,0.0
2024-01-03 07:00:00,0.0
2024-01-03 08:00:00,0.0
2024-01-03 09:00:00,0.099807754
2024-01-03 10:00:00,0.43711025
2024-01-03 11:00:00,0.86641675
2024-01-03 12:00:00,2.407104
2024-01-03 13:00:00,2.8639364
2024-01-03 14:00:00,3.7577825
2024-01-03 15:00:00,1.0764867
2024-01-03 16:00:00,0.0
2024-01-03 17:00:00,0.0
2024-01-03 18:00:00,0.0
2024-01-03 19:00:00,0.0
2024-01-03 20:00:00,0.0
2024-01-03 21:00:00,0.0
2024-01-03 22:00:00,0.0
2024-01-03 23:00:00,0.0
2024-01-04 00:00:00,0.0
2024-01-04 01:00:00,0.0
2024-01-04 02:00:00,0.0
2024-01-04 03:00:00,0.0
2024-01-04 04:00:00,0.0
2024-01-04 05:00:00,-0.0002045
2024-01-04 06:00:00,0.0
2024-01-04 07:00:00,0.0
2024-01-04 08:00:00,0.0
2024-01-04 09:00:00,0.12305924
2024-01-04 10:00:00,0.7447647
2024-01-04 11:00:00,0.67094624
2024-01-04 12:00:00,0.96722496
2024-01-04 13:00:00,0.81599176
2024-01-04 14:00:00,0.5895855
2024-01-04 15:00:00,0.085246
2024-01-04 16:00:00,0.0
2024-01-04 17:00:00,0.0
2024-01-04 18:00:00,0.0
2024-01-04 19:00:00,0.0
2024-01-04 20:00:00,0.0
2024-01-04 21:00:00,0.0
2024-01-04 22:00:00,0.0
2024-01-04 23:00:00,0.0
2024-01-05 00:00:00,0.0
2024-01-05 01:00:00,0.0
2024-01-05 02:00:00,0.0
2024-01-05 03:00:00,0.0
2024-01-05 04:00:00,0.0
2024-01-05 05:00:00,0.0
2024-01-05 06:00:00,0.0
2024-01-05 07:00:00,0.0
2024-01-05 08:00:00,0.0
2024-01-05 09:00:00,0.130275
2024-01-05 10:00:00,0.67519975
2024-01-05 11:00:00,0.45715776
2024-01-05 12:00:00,0.8820243
2024-01-05 13:00:00,0.59383875
2024-01-05 14:00:00,0.4577925
2024-01-05 15:00:00,0.0
2024-01-05 16:00:00,0.0
2024-01-05 17:00:00,0.0
2024-01-05 18:00:00,0.0
2024-01-05 19:00:00,0.0
2024-01-05 20:00:00,0.0
2024-01-05 21:00:00,0.0
2024-01-05 22:00:00,0.0
2024-01-05 23:00:00,0.0
2024-01-06 00:00:00,0.0
2024-01-06 01:00:00,0.0
2024-01-06 02:00:00,0.0
2024-01-06 03:00:00,0.0
2024-01-06 04:00:00,0.0
2024-01-06 05:00:00,0.0
2024-01-06 06:00:00,0.0
2024-01-06 07:00:00,0.0
2024-01-06 08:00:00,0.0
2024-01-06 09:00:00,0.0
2024-01-06 10:00:00,0.07275
2024-01-06 11:00:00,0.1286
2024-01-06 12:00:00,0.114075
2024-01-06 13:00:00,0.1124
2024-01-06 14:00:00,0.0246695
2024-01-06 15:00:00,0.0
2024-01-06 16:00:00,0.0
2024-01-06 17:00:00,0.0
2024-01-06 18:00:00,0.0
2024-01-06 19:00:00,0.0
2024-01-06 20:00:00,0.0
2024-01-06 21:00:00,0.0
2024-01-06 22:00:00,0.0
2024-01-06 23:00:00,0.0
2024-01-07 00:00:00,0.0
2024-01-07 01:00:00,0.0
2024-01-07 02:00:00,0.0
2024-01-07 03:00:00,0.0
2024-01-07 04:00:00,0.0
2024-01-07 05:00:00,0.0
2024-01-07 06:00:00,0.0
2024-01-07 07:00:00,0.0
2024-01-07 08:00:00,0.0
2024-01-07 09:00:00,0.0
2024-01-07 10:00:00,0.14119649
2024-01-07 11:00:00,0.37854224
2024-01-07 12:00:00,0.45152125
2024-01-07 13:00:00,0.345225
2024-01-07 14:00:00,0.155352
2024-01-07 15:00:00,0.032
2024-01-07 16:00:00,0.0
2024-01-07 17:00:00,0.0
2024-01-07 18:00:00,0.0
2024-01-07 19:00:00,0.0
2024-01-07 20:00:00,0.0
2024-01-07 21:00:00,0.0
2024-01-07 22:00:00,0.0
2024-01-07 23:00:00,0.0
2024-01-08 00:00:00,0.0
2024-01-08 01:00:00,0.0
2024-01-08 02:00:00,0.0
2024-01-08 03:00:00,0.0
2024-01-08 04:00:00,0.0
2024-01-08 05:00:00,0.0
2024-01-08 06:00:00,0.0
2024-01-08 07:00:00,0.0
2024-01-08 08:00:00,0.0
2024-01-08 09:00:00,0.0
2024-01-08 10:00:00,0.1911305
2024-01-08 11:00:00,0.68340254
2024-01-08 12:00:00,0.45277953
2024-01-08 13:00:00,0.51647127
2024-01-08 14:00:00,0.27114975
2024-01-08 15:00:00,0.0468
2024-01-08 16:00:00,0.0
2024-01-08 17:00:00,0.0
2024-01-08 18:00:00,0.0
2024-01-08 19:00:00,0.0
2024-01-08 20:00:00,0.0
2024-01-08 21:00:00,0.0
2024-01-08 22:00:00,0.0
2024-01-08 23:00:00,0.0
2024-01-09 00:00:00,0.0
2024-01-09 01:00:00,0.0
2024-01-09 02:00:00,0.0
2024-01-09 03:00:00,0.0
2024-01-09 04:00:00,0.0
2024-01-09 05:00:00,0.0
2024-01-09 06:00:00,0.0
2024-01-09 07:00:00,0.0
2024-01-09 08:00:00,0.0
2024-01-09 09:00:00,0.11060125
2024-01-09 10:00:00,0.4722405
2024-01-09 11:00:00,0.740052
2024-01-09 12:00:00,0.7890488
2024-01-09 13:00:00,0.6421735
2024-01-09 14:00:00,0.37664375
2024-01-09 15:00:00,0.09643675
2024-01-09 16:00:00,0.0
2024-01-09 17:00:00,0.0
2024-01-09 18:00:00,0.0
2024-01-09 19:00:00,0.0
2024-01-09 20:00:00,0.0
2024-01-09 21:00:00,0.0
2024-01-09 22:00:00,0.0
2024-01-09 23:00:00,0.0
2024-01-10 00:00:00,0.0
2024-01-10 01:00:00,0.0
2024-01-10 02:00:00,0.0
2024-01-10 03:00:00,0.0
2024-01-10 04:00:00,0.0
2024-01-10 05:00:00,0.0
2024-01-10 06:00:00,0.0
2024-01-10 07:00:00,0.0
2024-01-10 08:00:00,0.0
2024-01-10 09:00:00,0.058725
2024-01-10 10:00:00,0.342242
2024-01-10 11:00:00,0.5918475
2024-01-10 12:00:00,0.66683424
2024-01-10 13:00:00,0.7792755
2024-01-10 14:00:00,0.34452873
2024-01-10 15:00:00,0.07317525
2024-01-10 16:00:00,0.0
2024-01-10 17:00:00,0.0
2024-01-10 18:00:00,0.0
2024-01-10 19:00:00,0.0
2024-01-10 20:00:00,0.0
2024-01-10 21:00:00,0.0
2024-01-10 22:00:00,0.0
2024-01-10 23:00:00,0.0
2024-01-11 00:00:00,0.0
2024-01-11 01:00:00,0.0
2024-01-11 02:00:00,0.0
2024-01-11 03:00:00,0.0
2024-01-11 04:00:00,0.0
2024-01-11 05:00:00,0.0
2024-01-11 06:00:00,0.0
2024-01-11 07:00:00,0.0
2024-01-11 08:00:00,0.0
2024-01-11 09:00:00,0.01975
2024-01-11 10:00:00,0.242775
2024-01-11 11:00:00,0.50415576
2024-01-11 12:00:00,1.6342263
2024-01-11 13:00:00,2.08247
2024-01-11 14:00:00,1.7452095
2024-01-11 15:00:00,0.79728
2024-01-11 16:00:00,0.03759325
2024-01-11 17:00:00,0.0
2024-01-11 18:00:00,0.0
2024-01-11 19:00:00,0.0
2024-01-11 20:00:00,0.0
2024-01-11 21:00:00,0.0
2024-01-11 22:00:00,0.0
2024-01-11 23:00:00,0.0
2024-01-12 00:00:00,0.0
2024-01-12 01:00:00,0.0
2024-01-12 02:00:00,0.0
2024-01-12 03:00:00,0.0
2024-01-12 04:00:00,0.0
2024-01-12 05:00:00,0.0
2024-01-12 06:00:00,0.0
2024-01-12 07:00:00,0.0
2024-01-12 08:00:00,0.0
2024-01-12 09:00:00,0.35105374
2024-01-12 10:00:00,1.1816692
2024-01-12 11:00:00,2.275825
2024-01-12 12:00:00,5.114275
2024-01-12 13:00:00,5.5268803
2024-01-12 14:00:00,4.1617002
2024-01-12 15:00:00,2.0443099
2024-01-12 16:00:00,0.19332826
2024-01-12 17:00:00,0.0
2024-01-12 18:00:00,0.0
2024-01-12 19:00:00,0.0
2024-01-12 20:00:00,0.0
2024-01-12 21:00:00,0.0
2024-01-12 22:00:00,0.0
2024-01-12 23:00:00,0.0
2024-01-13 00:00:00,0.0
2024-01-13 01:00:00,0.0
2024-01-13 02:00:00,0.0
2024-01-13 03:00:00,0.0
2024-01-13 04:00:00,0.0
2024-01-13 05:00:00,0.0
2024-01-13 06:00:00,0.0
2024-01-13 07:00:00,0.0
2024-01-13 08:00:00,0.0
2024-01-13 09:00:00,0.47962028
2024-01-13 10:00:00,2.2273002
2024-01-13 11:00:00,3.1873724
2024-01-13 12:00:00,2.393199
2024-01-13 13:00:00,5.064025
2024-01-13 14:00:00,5.315619
2024-01-13 15:00:00,2.1071062
2024-01-13 16:00:00,0.088575
2024-01-13 17:00:00,0.0
2024-01-13 18:00:00,0.0
2024-01-13 19:00:00,0.0
2024-01-13 20:00:00,0.0
2024-01-13 21:00:00,0.0
2024-01-13 22:00:00,0.0
2024-01-13 23:00:00,0.0
2024-01-14 00:00:00,0.0
2024-01-14 01:00:00,0.0
2024-01-14 02:00:00,0.0
2024-01-14 03:00:00,0.0
2024-01-14 04:00:00,0.0
2024-01-14 05:00:00,0.0
2024-01-14 06:00:00,0.0
2024-01-14 07:00:00,0.0
2024-01-14 08:00:00,0.046364497
2024-01-14 09:00:00,1.46375
2024-01-14 10:00:00,5.008809
2024-01-14 11:00:00,8.489263
2024-01-14 12:00:00,6.72425
2024-01-14 13:00:00,7.7102194
2024-01-14 14:00:00,10.08988
2024-01-14 15:00:00,2.890552
2024-01-14 16:00:00,0.2528
2024-01-14 17:00:00,0.0
2024-01-14 18:00:00,0.0
2024-01-14 19:00:00,0.0
2024-01-14 20:00:00,0.0
2024-01-14 21:00:00,0.0
2024-01-14 22:00:00,0.0
2024-01-14 23:00:00,0.0
2024-01-15 00:00:00,0.0
2024-01-15 01:00:00,0.0
2024-01-15 02:00:00,0.0
2024-01-15 03:00:00,0.0
2024-01-15 04:00:00,0.0
2024-01-15 05:00:00,0.0
2024-01-15 06:00:00,0.0
2024-01-15 07:00:00,0.0
2024-01-15 08:00:00,0.115825
2024-01-15 09:00:00,2.4899309
2024-01-15 10:00:00,4.6245003
2024-01-15 11:00:00,6.206525
2024-01-15 12:00:00,9.26186
2024-01-15 13:00:00,12.1188
2024-01-15 14:00:00,7.7546268
2024-01-15 15:00:00,3.5584462
2024-01-15 16:00:00,0.18852499
2024-01-15 17:00:00,0.0
2024-01-15 18:00:00,0.0
2024-01-15 19:00:00,0.0
2024-01-15 20:00:00,0.0
2024-01-15 21:00:00,0.0
2024-01-15 22:00:00,0.0
2024-01-15 23:00:00,0.0
2024-01-16 00:00:00,0.0
2024-01-16 01:00:00,0.0
2024-01-16 02:00:00,0.0
2024-01-16 03:00:00,0.0
2024-01-16 04:00:00,0.0
2024-01-16 05:00:00,0.0
2024-01-16 06:00:00,0.0
2024-01-16 07:00:00,0.0
2024-01-16 08:00:00,0.0
2024-01-16 09:00:00,0.04175
2024-01-16 10:00:00,0.46891373
2024-01-16 11:00:00,0.9165373
2024-01-16 12:00:00,1.0824802
2024-01-16 13:00:00,0.8394817
2024-01-16 14:00:00,0.701541
2024-01-16 15:00:00,0.174662
2024-01-16 16:00:00,0.0
2024-01-16 17:00:00,0.0
2024-01-16 18:00:00,0.0
2024-01-16 19:00:00,0.0
2024-01-16 20:00:00,0.0
2024-01-16 21:00:00,0.0
2024-01-16 22:00:00,0.0
2024-01-16 23:00:00,0.0
2024-01-17 00:00:00,0.0
2024-01-17 01:00:00,0.0
2024-01-17 02:00:00,0.0
2024-01-17 03:00:00,0.0
2024-01-17 04:00:00,0.0
2024-01-17 05:00:00,0.0
2024-01-17 06:00:00,0.0
2024-01-17 07:00:00,0.0
2024-01-17 08:00:00,0.0
2024-01-17 09:00:00,0.0
2024-01-17 10:00:00,0.0
2024-01-17 11:00:00,0.08597875
2024-01-17 12:00:00,0.121325
2024-01-17 13:00:00,0.0
2024-01-17 14:00:00,0.0
2024-01-17 15:00:00,0.0
2024-01-17 16:00:00,0.0
2024-01-17 17:00:00,0.0
2024-01-17 18:00:00,0.0
2024-01-17 19:00:00,0.0
2024-01-17 20:00:00,0.0
2024-01-17 21:00:00,0.0
2024-01-17 22:00:00,0.0
2024-01-17 23:00:00,0.0
2024-01-18 00:00:00,0.0
2024-01-18 01:00:00,0.0
2024-01-18 02:00:00,0.0
2024-01-18 03:00:00,0.0
2024-01-18 04:00:00,0.0
2024-01-18 05:00:00,0.0
2024-01-18 06:00:00,0.0
2024-01-18 07:00:00,0.0
2024-01-18 08:00:00,0.0
2024-01-18 09:00:00,0.02719675
2024-01-18 10:00:00,0.14132999
2024-01-18 11:00:00,0.3714505
2024-01-18 12:00:00,0.465125
2024-01-18 13:00:00,0.391746
2024-01-18 14:00:00,0.29922
2024-01-18 15:00:00,0.062725
2024-01-18 16:00:00,0.0
2024-01-18 17:00:00,0.0
2024-01-18 18:00:00,0.0
2024-01-18 19:00:00,0.0
2024-01-18 20:00:00,0.0
2024-01-18 21:00:00,0.0
2024-01-18 22:00:00,0.0
2024-01-18 23:00:00,0.0
2024-01-19 00:00:00,0.0
2024-01-19 01:00:00,0.0
2024-01-19 02:00:00,0.0
2024-01-19 03:00:00,0.0
2024-01-19 04:00:00,0.0
2024-01-19 05:00:00,0.0
2024-01-19 06:00:00,0.0
2024-01-19 07:00:00,0.0
2024-01-19 08:00:00,0.0
2024-01-19 09:00:00,0.0
2024-01-19 10:00:00,0.027177999
2024-01-19 11:00:00,0.0375
2024-01-19 12:00:00,0.137722
2024-01-19 13:00:00,0.16814426
2024-01-19 14:00:00,0.23971325
2024-01-19 15:00:00,0.046495996
2024-01-19 16:00:00,0.0
2024-01-19 17:00:00,0.0
2024-01-19 18:00:00,0.0
2024-01-19 19:00:00,0.0
2024-01-19 20:00:00,0.0
2024-01-19 21:00:00,0.0
2024-01-19 22:00:00,0.0
2024-01-19 23:00:00,0.0
2024-01-20 00:00:00,0.0
2024-01-20 01:00:00,0.0
2024-01-20 02:00:00,0.0
2024-01-20 03:00:00,0.0
2024-01-20 04:00:00,0.0
2024-01-20 05:00:00,0.0
2024-01-20 06:00:00,0.0
2024-01-20 07:00:00,0.0
2024-01-20 08:00:00,0.0
2024-01-20 09:00:00,1.693037
2024-01-20 10:00:00,4.458996
2024-01-20 11:00:00,5.1796646
2024-01-20 12:00:00,6.9993067
2024-01-20 13:00:00,9.95995
2024-01-20 14:00:00,5.9994316
2024-01-20 15:00:00,4.738831
2024-01-20 16:00:00,0.33862326
2024-01-20 17:00:00,0.0
2024-01-20 18:00:00,0.0
2024-01-20 19:00:00,0.0
2024-01-20 20:00:00,0.0
2024-01-20 21:00:00,0.0
2024-01-20 22:00:00,0.0
2024-01-20 23:00:00,0.0
2024-01-21 00:00:00,0.0
2024-01-21 01:00:00,0.0
2024-01-21 02:00:00,0.0
2024-01-21 03:00:00,0.0
2024-01-21 04:00:00,0.0
2024-01-21 05:00:00,0.0
2024-01-21 06:00:00,0.0
2024-01-21 07:00:00,0.0
2024-01-21 08:00:00,0.0336355
2024-01-21 09:00:00,0.9580605
2024-01-21 10:00:00,1.8015668
2024-01-21 11:00:00,3.208575
2024-01-21 12:00:00,3.618725
2024-01-21 13:00:00,4.12684
2024-01-21 14:00:00,1.32555
2024-01-21 15:00:00,0.47245926
2024-01-21 16:00:00,0.055745997
2024-01-21 17:00:00,0.0
2024-01-21 18:00:00,0.0
2024-01-21 19:00:00,0.0
2024-01-21 20:00:00,0.0
2024-01-21 21:00:00,0.0
2024-01-21 22:00:00,0.0
2024-01-21 23:00:00,0.0
2024-01-22 00:00:00,0.0
2024-01-22 01:00:00,0.0
2024-01-22 02:00:00,-0.0001125
2024-01-22 03:00:00,0.0
2024-01-22 04:00:00,0.0
2024-01-22 05:00:00,0.0
2024-01-22 06:00:00,0.0
2024-01-22 07:00:00,0.0
2024-01-22 08:00:00,0.0
2024-01-22 09:00:00,0.21342501
2024-01-22 10:00:00,3.2257686
2024-01-22 11:00:00,4.634283
2024-01-22 12:00:00,14.177664
2024-01-22 13:00:00,13.033075
2024-01-22 14:00:00,7.8872004
2024-01-22 15:00:00,3.1796224
2024-01-22 16:00:00,0.9304552
2024-01-22 17:00:00,0.0
2024-01-22 18:00:00,0.0
2024-01-22 19:00:00,0.0
2024-01-22 20:00:00,0.0
2024-01-22 21:00:00,0.0
2024-01-22 22:00:00,0.0
2024-01-22 23:00:00,0.0
2024-01-23 00:00:00,0.0
2024-01-23 01:00:00,0.0
2024-01-23 02:00:00,0.0
2024-01-23 03:00:00,0.0
2024-01-23 04:00:00,0.0
2024-01-23 05:00:00,0.0
2024-01-23 06:00:00,0.0
2024-01-23 07:00:00,0.0
2024-01-23 08:00:00,0.104263246
2024-01-23 09:00:00,2.613775
2024-01-23 10:00:00,5.1971393
2024-01-23 11:00:00,10.160719
2024-01-23 12:00:00,11.504114
2024-01-23 13:00:00,11.880897
2024-01-23 14:00:00,6.5135117
2024-01-23 15:00:00,1.6810017
2024-01-23 16:00:00,0.31813675
2024-01-23 17:00:00,0.0
2024-01-23 18:00:00,0.0
2024-01-23 19:00:00,0.0
2024-01-23 20:00:00,0.0
2024-01-23 21:00:00,0.0
2024-01-23 22:00:00,0.0
2024-01-23 23:00:00,0.0
2024-01-24 00:00:00,0.0
2024-01-24 01:00:00,0.0
2024-01-24 02:00:00,-0.00011375
2024-01-24 03:00:00,0.0
2024-01-24 04:00:00,0.0
2024-01-24 05:00:00,0.0
2024-01-24 06:00:00,0.0
2024-01-24 07:00:00,0.0
2024-01-24 08:00:00,0.041504003
2024-01-24 09:00:00,1.1175213
2024-01-24 10:00:00,1.9938678
2024-01-24 11:00:00,2.6694129
2024-01-24 12:00:00,1.6909626
2024-01-24 13:00:00,2.1311529
2024-01-24 14:00:00,2.5720015
2024-01-24 15:00:00,2.1548061
2024-01-24 16:00:00,0.38914353
2024-01-24 17:00:00,0.0
2024-01-24 18:00:00,0.0
2024-01-24 19:00:00,0.0
2024-01-24 20:00:00,0.0
2024-01-24 21:00:00,0.0
2024-01-24 22:00:00,0.0
2024-01-24 23:00:00,0.0
2024-01-25 00:00:00,0.0
2024-01-25 01:00:00,0.0
2024-01-25 02:00:00,0.0
2024-01-25 03:00:00,0.0
2024-01-25 04:00:00,0.0
2024-01-25 05:00:00,0.0
2024-01-25 06:00:00,0.0
2024-01-25 07:00:00,0.0
2024-01-25 08:00:00,0.1559
2024-01-25 09:00:00,2.8271773
2024-01-25 10:00:00,6.863696
2024-01-25 11:00:00,9.833517
2024-01-25 12:00:00,5.860623
2024-01-25 13:00:00,4.790529
2024-01-25 14:00:00,4.312751
2024-01-25 15:00:00,4.1517706
2024-01-25 16:00:00,0.939327
2024-01-25 17:00:00,0.0
2024-01-25 18:00:00,0.0
2024-01-25 19:00:00,0.0
2024-01-25 20:00:00,0.0
2024-01-25 21:00:00,0.0
2024-01-25 22:00:00,0.0
2024-01-25 23:00:00,0.0
2024-01-26 00:00:00,0.0
2024-01-26 01:00:00,0.0
2024-01-26 02:00:00,0.0
2024-01-26 03:00:00,0.0
2024-01-26 04:00:00,0.0
2024-01-26 05:00:00,0.0
2024-01-26 06:00:00,0.0
2024-01-26 07:00:00,0.0
2024-01-26 08:00:00,0.0
2024-01-26 09:00:00,0.0
2024-01-26 10:00:00,0.202384
2024-01-26 11:00:00,1.2608852
2024-01-26 12:00:00,3.0745258
2024-01-26 13:00:00,2.4803
2024-01-26 14:00:00,4.180504
2024-01-26 15:00:00,4.6021776
2024-01-26 16:00:00,1.0924237
2024-01-26 17:00:00,0.0
2024-01-26 18:00:00,0.0
2024-01-26 19:00:00,0.0
2024-01-26 20:00:00,0.0
2024-01-26 21:00:00,0.0
2024-01-26 22:00:00,0.0
2024-01-26 23:00:00,0.0
2024-01-27 00:00:00,0.0
2024-01-27 01:00:00,0.0
2024-01-27 02:00:00,0.0
2024-01-27 03:00:00,0.0
2024-01-27 04:00:00,0.0
2024-01-27 05:00:00,0.0
2024-01-27 06:00:00,0.0
2024-01-27 07:00:00,0.0
2024-01-27 08:00:00,0.5719275
2024-01-27 09:00:00,3.4554794
2024-01-27 10:00:00,6.993629
2024-01-27 11:00:00,9.1505
2024-01-27 12:00:00,14.01921
2024-01-27 13:00:00,7.412445
2024-01-27 14:00:00,4.5913568
2024-01-27 15:00:00,3.0249841
2024-01-27 16:00:00,0.711145
2024-01-27 17:00:00,0.0
2024-01-27 18:00:00,0.0
2024-01-27 19:00:00,0.0
2024-01-27 20:00:00,0.0
2024-01-27 21:00:00,0.0
2024-01-27 22:00:00,0.0
2024-01-27 23:00:00,0.0
2024-01-28 00:00:00,0.0
2024-01-28 01:00:00,0.0
2024-01-28 02:00:00,0.0
2024-01-28 03:00:00,0.0
2024-01-28 04:00:00,0.0
2024-01-28 05:00:00,0.0
2024-01-28 06:00:00,0.0
2024-01-28 07:00:00,0.0
2024-01-28 08:00:00,0.41594076
2024-01-28 09:00:00,3.1527152
2024-01-28 10:00:00,10.5134325
2024-01-28 11:00:00,14.885281
2024-01-28 12:00:00,13.809725
2024-01-28 13:00:00,17.596159
2024-01-28 14:00:00,10.582282
2024-01-28 15:00:00,7.33647
2024-01-28 16:00:00,1.236839
2024-01-28 17:00:00,0.0
2024-01-28 18:00:00,0.0
2024-01-28 19:00:00,0.0
2024-01-28 20:00:00,0.0
2024-01-28 21:00:00,0.0
2024-01-28 22:00:00,0.0
2024-01-28 23:00:00,0.0
2024-01-29 00:00:00,0.0
2024-01-29 01:00:00,0.0
2024-01-29 02:00:00,0.0
2024-01-29 03:00:00,0.0
2024-01-29 04:00:00,0.0
2024-01-29 05:00:00,0.0
2024-01-29 06:00:00,0.0
2024-01-29 07:00:00,0.0
2024-01-29 08:00:00,0.4735
2024-01-29 09:00:00,4.444848
2024-01-29 10:00:00,9.261669
2024-01-29 11:00:00,14.276716
2024-01-29 12:00:00,15.431307
2024-01-29 13:00:00,14.933259
2024-01-29 14:00:00,9.156219
2024-01-29 15:00:00,4.558848
2024-01-29 16:00:00,0.674198
2024-01-29 17:00:00,0.0
2024-01-29 18:00:00,0.0
2024-01-29 19:00:00,0.0
2024-01-29 20:00:00,0.0
2024-01-29 21:00:00,0.0
2024-01-29 22:00:00,0.0
2024-01-29 23:00:00,0.0
2024-01-30 00:00:00,0.0
2024-01-30 01:00:00,0.0
2024-01-30 02:00:00,0.0
2024-01-30 03:00:00,0.0
2024-01-30 04:00:00,0.0
2024-01-30 05:00:00,0.0
2024-01-30 06:00:00,0.0
2024-01-30 07:00:00,0.0
2024-01-30 08:00:00,0.3420915
2024-01-30 09:00:00,2.5824742
2024-01-30 10:00:00,5.33941
2024-01-30 11:00:00,6.0335264
2024-01-30 12:00:00,3.325451
2024-01-30 13:00:00,3.4302392
2024-01-30 14:00:00,1.9193001
2024-01-30 15:00:00,1.6700265
2024-01-30 16:00:00,0.049487002
2024-01-30 17:00:00,0.0
2024-01-30 18:00:00,0.0
2024-01-30 19:00:00,0.0
2024-01-30 20:00:00,0.0
2024-01-30 21:00:00,0.0
2024-01-30 22:00:00,0.0
2024-01-30 23:00:00,0.0
2024-01-31 00:00:00,0.0
2024-01-31 01:00:00,0.0
2024-01-31 02:00:00,0.0
2024-01-31 03:00:00,0.0
2024-01-31 04:00:00,0.0
2024-01-31 05:00:00,0.0
2024-01-31 06:00:00,0.0
2024-01-31 07:00:00,0.0
2024-01-31 08:00:00,0.47138324
2024-01-31 09:00:00,3.0816371
2024-01-31 10:00:00,9.223175
2024-01-31 11:00:00,6.8304353
2024-01-31 12:00:00,5.212052
2024-01-31 13:00:00,6.0752287
2024-01-31 14:00:00,2.7686234
2024-01-31 15:00:00,1.4143175
2024-01-31 16:00:00,0.74293125
2024-01-31 17:00:00,0.0
2024-01-31 18:00:00,0.0
2024-01-31 19:00:00,0.0
2024-01-31 20:00:00,0.0
2024-01-31 21:00:00,0.0
2024-01-31 22:00:00,0.0
2024-01-31 23:00:00,0.0
2024-02-01 00:00:00,0.0
2024-02-01 01:00:00,0.0
2024-02-01 02:00:00,-0.0001125
2024-02-01 03:00:00,0.0
2024-02-01 04:00:00,0.0
2024-02-01 05:00:00,0.0
2024-02-01 06:00:00,0.0
2024-02-01 07:00:00,0.0
2024-02-01 08:00:00,0.5676145
2024-02-01 09:00:00,4.0167313
2024-02-01 10:00:00,9.97862
2024-02-01 11:00:00,14.32445
2024-02-01 12:00:00,17.486094
2024-02-01 13:00:00,17.4205
2024-02-01 14:00:00,14.103806
2024-02-01 15:00:00,6.173252
2024-02-01 16:00:00,1.8012072
2024-02-01 17:00:00,0.0
2024-02-01 18:00:00,0.0
2024-02-01 19:00:00,0.0
2024-02-01 20:00:00,0.0
2024-02-01 21:00:00,0.0
2024-02-01 22:00:00,0.0
2024-02-01 23:00:00,0.0
2024-02-02 00:00:00,0.0
2024-02-02 01:00:00,0.0
2024-02-02 02:00:00,0.0
2024-02-02 03:00:00,0.0
2024-02-02 04:00:00,0.0
2024-02-02 05:00:00,0.0
2024-02-02 06:00:00,0.0
2024-02-02 07:00:00,0.0
2024-02-02 08:00:00,0.12406275
2024-02-02 09:00:00,0.59469104
2024-02-02 10:00:00,1.7526298
2024-02-02 11:00:00,2.2134235
2024-02-02 12:00:00,2.4564128
2024-02-02 13:00:00,1.4553673
2024-02-02 14:00:00,0.8547322
2024-02-02 15:00:00,0.39949626
2024-02-02 16:00:00,0.05931475
2024-02-02 17:00:00,0.0
2024-02-02 18:00:00,0.0
2024-02-02 19:00:00,0.0
2024-02-02 20:00:00,0.0
2024-02-02 21:00:00,0.0
2024-02-02 22:00:00,0.0
2024-02-02 23:00:00,0.0
2024-02-03 00:00:00,0.0
2024-02-03 01:00:00,0.0
2024-02-03 02:00:00,-0.0001135
2024-02-03 03:00:00,0.0
2024-02-03 04:00:00,0.0
2024-02-03 05:00:00,0.0
2024-02-03 06:00:00,0.0
2024-02-03 07:00:00,0.0
2024-02-03 08:00:00,0.41839024
2024-02-03 09:00:00,2.7462964
2024-02-03 10:00:00,5.9735975
2024-02-03 11:00:00,15.82142
2024-02-03 12:00:00,12.141825
2024-02-03 13:00:00,15.3215
2024-02-03 14:00:00,11.303807
2024-02-03 15:00:00,3.440194
2024-02-03 16:00:00,1.1960871
2024-02-03 17:00:00,0.017963
2024-02-03 18:00:00,0.0
2024-02-03 19:00:00,0.0
2024-02-03 20:00:00,0.0
2024-02-03 21:00:00,0.0
2024-02-03 22:00:00,0.0
2024-02-03 23:00:00,0.0
2024-02-04 00:00:00,0.0
2024-02-04 01:00:00,0.0
2024-02-04 02:00:00,0.0
2024-02-04 03:00:00,0.0
2024-02-04 04:00:00,0.0
2024-02-04 05:00:00,0.0
2024-02-04 06:00:00,0.0
2024-02-04 07:00:00,0.0
2024-02-04 08:00:00,0.37434325
2024-02-04 09:00:00,2.41605
2024-02-04 10:00:00,5.3519263
2024-02-04 11:00:00,5.7031975
2024-02-04 12:00:00,5.1121397
2024-02-04 13:00:00,3.8184967
2024-02-04 14:00:00,3.7422135
2024-02-04 15:00:00,1.7721766
2024-02-04 16:00:00,0.30683726
2024-02-04 17:00:00,0.0
2024-02-04 18:00:00,0.0
2024-02-04 19:00:00,0.0
2024-02-04 20:00:00,0.0
2024-02-04 21:00:00,0.0
2024-02-04 22:00:00,0.0
2024-02-04 23:00:00,0.0
2024-02-05 00:00:00,0.0
2024-02-05 01:00:00,0.0
2024-02-05 02:00:00,0.0
2024-02-05 03:00:00,0.0
2024-02-05 04:00:00,0.0
2024-02-05 05:00:00,0.0
2024-02-05 06:00:00,0.0
2024-02-05 07:00:00,0.0
2024-02-05 08:00:00,0.0
2024-02-05 09:00:00,0.297934
2024-02-05 10:00:00,1.5418985
2024-02-05 11:00:00,1.399644
2024-02-05 12:00:00,1.6454043
2024-02-05 13:00:00,2.6892405
2024-02-05 14:00:00,1.1487973
2024-02-05 15:00:00,0.95318925
2024-02-05 16:00:00,0.27415
2024-02-05 17:00:00,0.0
2024-02-05 18:00:00,0.0
2024-02-05 19:00:00,0.0
2024-02-05 20:00:00,0.0
2024-02-05 21:00:00,0.0
2024-02-05 22:00:00,0.0
2024-02-05 23:00:00,0.0
2024-02-06 00:00:00,0.0
2024-02-06 01:00:00,0.0
2024-02-06 02:00:00,0.0
2024-02-06 03:00:00,0.0
2024-02-06 04:00:00,0.0
2024-02-06 05:00:00,0.0
2024-02-06 06:00:00,0.0
2024-02-06 07:00:00,0.0
2024-02-06 08:00:00,0.0
2024-02-06 09:00:00,0.33964974
2024-02-06 10:00:00,1.0647583
2024-02-06 11:00:00,1.845854
2024-02-06 12:00:00,3.0021749
2024-02-06 13:00:00,2.2761354
2024-02-06 14:00:00,1.5894746
2024-02-06 15:00:00,0.7381435
2024-02-06 16:00:00,0.09884325
2024-02-06 17:00:00,0.0
2024-02-06 18:00:00,0.0
2024-02-06 19:00:00,0.0
2024-02-06 20:00:00,0.0
2024-02-06 21:00:00,0.0
2024-02-06 22:00:00,0.0
2024-02-06 23:00:00,0.0
2024-02-07 00:00:00,0.0
2024-02-07 01:00:00,0.0
2024-02-07 02:00:00,-0.0001125
2024-02-07 03:00:00,0.0
2024-02-07 04:00:00,0.0
2024-02-07 05:00:00,0.0
2024-02-07 06:00:00,0.0
2024-02-07 07:00:00,0.0
2024-02-07 08:00:00,1.164
2024-02-07 09:00:00,5.6744194
2024-02-07 10:00:00,11.965
2024-02-07 11:00:00,10.090431
2024-02-07 12:00:00,7.8426476
2024-02-07 13:00:00,8.026856
2024-02-07 14:00:00,9.255278
2024-02-07 15:00:00,11.21277
2024-02-07 16:00:00,3.053175
2024-02-07 17:00:00,0.06777125
2024-02-07 18:00:00,0.0
2024-02-07 19:00:00,0.0
2024-02-07 20:00:00,0.0
2024-02-07 21:00:00,0.0
2024-02-07 22:00:00,0.0
2024-02-07 23:00:00,0.0
2024-02-08 00:00:00,0.0
2024-02-08 01:00:00,0.0
2024-02-08 02:00:00,-0.0001125
2024-02-08 03:00:00,0.0
2024-02-08 04:00:00,0.0
2024-02-08 05:00:00,0.0
2024-02-08 06:00:00,0.0
2024-02-08 07:00:00,0.0
2024-02-08 08:00:00,0.161805
2024-02-08 09:00:00,1.4675858
2024-02-08 10:00:00,2.2294867
2024-02-08 11:00:00,4.8018503
2024-02-08 12:00:00,5.8262367
2024-02-08 13:00:00,8.655346
2024-02-08 14:00:00,6.9328947
2024-02-08 15:00:00,4.6893744
2024-02-08 16:00:00,1.7226042
2024-02-08 17:00:00,0.029246
2024-02-08 18:00:00,0.0
2024-02-08 19:00:00,0.0
2024-02-08 20:00:00,0.0
2024-02-08 21:00:00,0.0
2024-02-08 22:00:00,0.0
2024-02-08 23:00:00,0.0
2024-02-09 00:00:00,0.0
2024-02-09 01:00:00,0.0
2024-02-09 02:00:00,0.0
2024-02-09 03:00:00,0.0
2024-02-09 04:00:00,0.0
2024-02-09 05:00:00,0.0
2024-02-09 06:00:00,0.0
2024-02-09 07:00:00,0.0
2024-02-09 08:00:00,0.0
2024-02-09 09:00:00,0.0
2024-02-09 10:00:00,0.0
2024-02-09 11:00:00,0.002966
2024-02-09 12:00:00,0.204988
2024-02-09 13:00:00,0.178934
2024-02-09 14:00:00,0.16025001
2024-02-09 15:00:00,0.23864226
2024-02-09 16:00:00,0.026774999
2024-02-09 17:00:00,0.0
2024-02-09 18:00:00,0.0
2024-02-09 19:00:00,0.0
2024-02-09 20:00:00,0.0
2024-02-09 21:00:00,0.0
2024-02-09 22:00:00,0.0
2024-02-09 23:00:00,0.0
2024-02-10 00:00:00,0.0
2024-02-10 01:00:00,0.0
2024-02-10 02:00:00,0.0
2024-02-10 03:00:00,0.0
2024-02-10 04:00:00,0.0
2024-02-10 05:00:00,0.0
2024-02-10 06:00:00,0.0
2024-02-10 07:00:00,0.0
2024-02-10 08:00:00,0.076433
2024-02-10 09:00:00,0.78428745
2024-02-10 10:00:00,2.0465727
2024-02-10 11:00:00,3.9047117
2024-02-10 12:00:00,4.5541706
2024-02-10 13:00:00,4.766135
2024-02-10 14:00:00,4.02682
2024-02-10 15:00:00,2.5694885
2024-02-10 16:00:00,0.5887892
2024-02-10 17:00:00,0.0
2024-02-10 18:00:00,0.0
2024-02-10 19:00:00,0.0
2024-02-10 20:00:00,0.0
2024-02-10 21:00:00,0.0
2024-02-10 22:00:00,0.0
2024-02-10 23:00:00,0.0
2024-02-11 00:00:00,0.0
2024-02-11 01:00:00,0.0
2024-02-11 02:00:00,-0.0001125
2024-02-11 03:00:00,0.0
2024-02-11 04:00:00,0.0
2024-02-11 05:00:00,0.0
2024-02-11 06:00:00,0.0
2024-02-11 07:00:00,0.0
2024-02-11 08:00:00,0.0638
2024-02-11 09:00:00,0.8602885
2024-02-11 10:00:00,1.3527
2024-02-11 11:00:00,2.793075
2024-02-11 12:00:00,2.1990204
2024-02-11 13:00:00,2.196148
2024-02-11 14:00:00,1.6504459
2024-02-11 15:00:00,1.1612113
2024-02-11 16:00:00,0.3407
2024-02-11 17:00:00,0.0
2024-02-11 18:00:00,0.0
2024-02-11 19:00:00,0.0
2024-02-11 20:00:00,0.0
2024-02-11 21:00:00,0.0
2024-02-11 22:00:00,0.0
2024-02-11 23:00:00,0.0
2024-02-12 00:00:00,0.0
2024-02-12 01:00:00,0.0
2024-02-12 02:00:00,0.0
2024-02-12 03:00:00,0.0
2024-02-12 04:00:00,0.0
2024-02-12 05:00:00,0.0
2024-02-12 06:00:00,0.0
2024-02-12 07:00:00,0.0
2024-02-12 08:00:00,0.37612623
2024-02-12 09:00:00,2.376296
2024-02-12 10:00:00,7.503981
2024-02-12 11:00:00,10.15345
2024-02-12 12:00:00,9.791925
2024-02-12 13:00:00,8.174433
2024-02-12 14:00:00,7.8383026
2024-02-12 15:00:00,3.951775
2024-02-12 16:00:00,1.663725
2024-02-12 17:00:00,0.100025
2024-02-12 18:00:00,0.0
2024-02-12 19:00:00,0.0
2024-02-12 20:00:00,0.0
2024-02-12 21:00:00,0.0
2024-02-12 22:00:00,0.0
2024-02-12 23:00:00,0.0
2024-02-13 00:00:00,0.0
2024-02-13 01:00:00,0.0
2024-02-13 02:00:00,0.0
2024-02-13 03:00:00,0.0
2024-02-13 04:00:00,0.0
2024-02-13 05:00:00,0.0
2024-02-13 06:00:00,0.0
2024-02-13 07:00:00,0.0
2024-02-13 08:00:00,0.94966197
2024-02-13 09:00:00,3.7877498
2024-02-13 10:00:00,10.874563
2024-02-13 11:00:00,4.2223473
2024-02-13 12:00:00,4.745525
2024-02-13 13:00:00,2.4501288
2024-02-13 14:00:00,1.7699705
2024-02-13 15:00:00,1.2836235
2024-02-13 16:00:00,0.6115035
2024-02-13 17:00:00,0.0
2024-02-13 18:00:00,0.0
2024-02-13 19:00:00,0.0
2024-02-13 20:00:00,0.0
2024-02-13 21:00:00,0.0
2024-02-13 22:00:00,0.0
2024-02-13 23:00:00,0.0
2024-02-14 00:00:00,0.0
2024-02-14 01:00:00,0.0
2024-02-14 02:00:00,0.0
2024-02-14 03:00:00,0.0
2024-02-14 04:00:00,0.0
2024-02-14 05:00:00,0.0
2024-02-14 06:00:00,0.0
2024-02-14 07:00:00,0.0
2024-02-14 08:00:00,0.472668
2024-02-14 09:00:00,1.9568865
2024-02-14 10:00:00,3.6312437
2024-02-14 11:00:00,5.316334
2024-02-14 12:00:00,6.5353413
2024-02-14 13:00:00,6.392346
2024-02-14 14:00:00,2.299195
2024-02-14 15:00:00,2.3855991
2024-02-14 16:00:00,1.1677468
2024-02-14 17:00:00,0.009053251
2024-02-14 18:00:00,0.0
2024-02-14 19:00:00,0.0
2024-02-14 20:00:00,0.0
2024-02-14 21:00:00,0.0
2024-02-14 22:00:00,0.0
2024-02-14 23:00:00,0.0
2024-02-15 00:00:00,0.0
2024-02-15 01:00:00,0.0
2024-02-15 02:00:00,0.0
2024-02-15 03:00:00,0.0
2024-02-15 04:00:00,0.0
2024-02-15 05:00:00,0.0
2024-02-15 06:00:00,0.0
2024-02-15 07:00:00,0.0
2024-02-15 08:00:00,0.356867
2024-02-15 09:00:00,2.065339
2024-02-15 10:00:00,2.2855396
2024-02-15 11:00:00,5.331409
2024-02-15 12:00:00,5.981965
2024-02-15 13:00:00,4.8318
2024-02-15 14:00:00,3.346425
2024-02-15 15:00:00,1.8876038
2024-02-15 16:00:00,0.801
2024-02-15 17:00:00,0.06425
2024-02-15 18:00:00,0.0
2024-02-15 19:00:00,0.0
2024-02-15 20:00:00,0.0
2024-02-15 21:00:00,0.0
2024-02-15 22:00:00,0.0
2024-02-15 23:00:00,0.0
2024-02-16 00:00:00,0.0
2024-02-16 01:00:00,0.0
2024-02-16 02:00:00,0.0
2024-02-16 03:00:00,0.0
2024-02-16 04:00:00,0.0
2024-02-16 05:00:00,0.0
2024-02-16 06:00:00,0.0
2024-02-16 07:00:00,0.0
2024-02-16 08:00:00,1.1326398
2024-02-16 09:00:00,5.805825
2024-02-16 10:00:00,7.963709
2024-02-16 11:00:00,7.198062
2024-02-16 12:00:00,11.379859
2024-02-16 13:00:00,10.518229
2024-02-16 14:00:00,3.7580423
2024-02-16 15:00:00,0.608557
2024-02-16 16:00:00,0.86288226
2024-02-16 17:00:00,0.06605326
2024-02-16 18:00:00,0.0
2024-02-16 19:00:00,0.0
2024-02-16 20:00:00,0.0
2024-02-16 21:00:00,0.0
2024-02-16 22:00:00,0.0
2024-02-16 23:00:00,0.0
2024-02-17 00:00:00,0.0
2024-02-17 01:00:00,0.0
2024-02-17 02:00:00,0.0
2024-02-17 03:00:00,0.0
2024-02-17 04:00:00,0.0
2024-02-17 05:00:00,0.0
2024-02-17 06:00:00,0.0
2024-02-17 07:00:00,0.0
2024-02-17 08:00:00,0.81479996
2024-02-17 09:00:00,2.7795615
2024-02-17 10:00:00,4.304188
2024-02-17 11:00:00,6.8791504
2024-02-17 12:00:00,6.9345975
2024-02-17 13:00:00,6.519705
2024-02-17 14:00:00,5.1622763
2024-02-17 15:00:00,3.2917123
2024-02-17 16:00:00,1.5623952
2024-02-17 17:00:00,0.26708826
2024-02-17 18:00:00,0.0
2024-02-17 19:00:00,0.0
2024-02-17 20:00:00,0.0
2024-02-17 21:00:00,0.0
2024-02-17 22:00:00,0.0
2024-02-17 23:00:00,0.0
2024-02-18 00:00:00,0.0
2024-02-18 01:00:00,0.0
2024-02-18 02:00:00,0.0
2024-02-18 03:00:00,0.0
2024-02-18 04:00:00,0.0
2024-02-18 05:00:00,0.0
2024-02-18 06:00:00,0.0
2024-02-18 07:00:00,0.0
2024-02-18 08:00:00,0.2766075
2024-02-18 09:00:00,2.012151
2024-02-18 10:00:00,2.4160674
2024-02-18 11:00:00,4.1920886
2024-02-18 12:00:00,3.804335
2024-02-18 13:00:00,3.3095937
2024-02-18 14:00:00,2.3256488
2024-02-18 15:00:00,0.8750125
2024-02-18 16:00:00,0.36677876
2024-02-18 17:00:00,0.0
2024-02-18 18:00:00,0.0
2024-02-18 19:00:00,0.0
2024-02-18 20:00:00,0.0
2024-02-18 21:00:00,0.0
2024-02-18 22:00:00,0.0
2024-02-18 23:00:00,0.0
2024-02-19 00:00:00,0.0
2024-02-19 01:00:00,0.0
2024-02-19 02:00:00,-0.0001145
2024-02-19 03:00:00,0.0
2024-02-19 04:00:00,0.0
2024-02-19 05:00:00,0.0
2024-02-19 06:00:00,0.0
2024-02-19 07:00:00,0.0
2024-02-19 08:00:00,1.2979977
2024-02-19 09:00:00,3.3103771
2024-02-19 10:00:00,7.001005
2024-02-19 11:00:00,12.647512
2024-02-19 12:00:00,7.532467
2024-02-19 13:00:00,8.149557
2024-02-19 14:00:00,7.349737
2024-02-19 15:00:00,5.6640043
2024-02-19 16:00:00,0.7336425
2024-02-19 17:00:00,0.0
2024-02-19 18:00:00,0.0
2024-02-19 19:00:00,0.0
2024-02-19 20:00:00,0.0
2024-02-19 21:00:00,0.0
2024-02-19 22:00:00,0.0
2024-02-19 23:00:00,0.0
2024-02-20 00:00:00,0.0
2024-02-20 01:00:00,0.0
2024-02-20 02:00:00,0.0
2024-02-20 03:00:00,0.0
2024-02-20 04:00:00,0.0
2024-02-20 05:00:00,0.0
2024-02-20 06:00:00,0.0
2024-02-20 07:00:00,0.046995997
2024-02-20 08:00:00,2.1509695
2024-02-20 09:00:00,5.249983
2024-02-20 10:00:00,12.804555
2024-02-20 11:00:00,15.247584
2024-02-20 12:00:00,14.317656
2024-02-20 13:00:00,7.7497983
2024-02-20 14:00:00,8.161591
2024-02-20 15:00:00,5.503797
2024-02-20 16:00:00,2.1726954
2024-02-20 17:00:00,0.216258
2024-02-20 18:00:00,0.0
2024-02-20 19:00:00,0.0
2024-02-20 20:00:00,0.0
2024-02-20 21:00:00,0.0
2024-02-20 22:00:00,0.0
2024-02-20 23:00:00,0.0
2024-02-21 00:00:00,0.0
2024-02-21 01:00:00,0.0
2024-02-21 02:00:00,0.0
2024-02-21 03:00:00,0.0
2024-02-21 04:00:00,0.0
2024-02-21 05:00:00,0.0
2024-02-21 06:00:00,0.0
2024-02-21 07:00:00,0.093025
2024-02-21 08:00:00,2.5489874
2024-02-21 09:00:00,11.551122
2024-02-21 10:00:00,14.482407
2024-02-21 11:00:00,17.813656
2024-02-21 12:00:00,14.149005
2024-02-21 13:00:00,4.7452335
2024-02-21 14:00:00,3.6842422
2024-02-21 15:00:00,4.699255
2024-02-21 16:00:00,2.4065824
2024-02-21 17:00:00,0.20744725
2024-02-21 18:00:00,0.0
2024-02-21 19:00:00,0.0
2024-02-21 20:00:00,0.0
2024-02-21 21:00:00,0.0
2024-02-21 22:00:00,0.0
2024-02-21 23:00:00,0.0
2024-02-22 00:00:00,0.0
2024-02-22 01:00:00,0.0
2024-02-22 02:00:00,0.0
2024-02-22 03:00:00,0.0
2024-02-22 04:00:00,0.0
2024-02-22 05:00:00,0.0
2024-02-22 06:00:00,0.0
2024-02-22 07:00:00,0.0
2024-02-22 08:00:00,1.5988967
2024-02-22 09:00:00,3.093504
2024-02-22 10:00:00,6.745407
2024-02-22 11:00:00,7.270175
2024-02-22 12:00:00,4.26161
2024-02-22 13:00:00,9.182755
2024-02-22 14:00:00,13.172991
2024-02-22 15:00:00,3.2743526
2024-02-22 16:00:00,4.2119746
2024-02-22 17:00:00,1.9692825
2024-02-22 18:00:00,0.0
2024-02-22 19:00:00,0.0
2024-02-22 20:00:00,0.0
2024-02-22 21:00:00,0.0
2024-02-22 22:00:00,0.0
2024-02-22 23:00:00,0.0
2024-02-23 00:00:00,0.0
2024-02-23 01:00:00,0.0
2024-02-23 02:00:00,-0.0001125
2024-02-23 03:00:00,0.0
2024-02-23 04:00:00,0.0
2024-02-23 05:00:00,0.0
2024-02-23 06:00:00,0.0
2024-02-23 07:00:00,0.0
2024-02-23 08:00:00,4.028804
2024-02-23 09:00:00,6.964343
2024-02-23 10:00:00,18.893097
2024-02-23 11:00:00,11.668297
2024-02-23 12:00:00,10.744309
2024-02-23 13:00:00,13.783193
2024-02-23 14:00:00,9.621337
2024-02-23 15:00:00,5.7604446
2024-02-23 16:00:00,2.0074568
2024-02-23 17:00:00,0.544975
2024-02-23 18:00:00,0.0
2024-02-23 19:00:00,0.0
2024-02-23 20:00:00,0.0
2024-02-23 21:00:00,0.0
2024-02-23 22:00:00,0.0
2024-02-23 23:00:00,0.0
2024-02-24 00:00:00,0.0
2024-02-24 01:00:00,0.0
2024-02-24 02:00:00,0.0
2024-02-24 03:00:00,0.0
2024-02-24 04:00:00,0.0
2024-02-24 05:00:00,0.0
2024-02-24 06:00:00,0.0
2024-02-24 07:00:00,0.24177998
2024-02-24 08:00:00,2.6913283
2024-02-24 09:00:00,6.290248
2024-02-24 10:00:00,11.105473
2024-02-24 11:00:00,16.632233
2024-02-24 12:00:00,19.192564
2024-02-24 13:00:00,17.959572
2024-02-24 14:00:00,12.152372
2024-02-24 15:00:00,4.081539
2024-02-24 16:00:00,3.6772952
2024-02-24 17:00:00,0.0
2024-02-24 18:00:00,0.0
2024-02-24 19:00:00,0.0
2024-02-24 20:00:00,0.0
2024-02-24 21:00:00,0.0
2024-02-24 22:00:00,0.0
2024-02-24 23:00:00,0.0
2024-02-25 00:00:00,0.0
2024-02-25 01:00:00,0.0
2024-02-25 02:00:00,0.0
2024-02-25 03:00:00,0.0
2024-02-25 04:00:00,0.0
2024-02-25 05:00:00,0.0
2024-02-25 06:00:00,0.0
2024-02-25 07:00:00,0.119775005
2024-02-25 08:00:00,1.689034
2024-02-25 09:00:00,2.7136
2024-02-25 10:00:00,6.649739
2024-02-25 11:00:00,15.314501
2024-02-25 12:00:00,13.710201
2024-02-25 13:00:00,8.059744
2024-02-25 14:00:00,10.361378
2024-02-25 15:00:00,1.748309
2024-02-25 16:00:00,3.4328043
2024-02-25 17:00:00,0.7193895
2024-02-25 18:00:00,0.0
2024-02-25 19:00:00,0.0
2024-02-25 20:00:00,0.0
2024-02-25 21:00:00,0.0
2024-02-25 22:00:00,0.0
2024-02-25 23:00:00,0.0
2024-02-26 00:00:00,0.0
2024-02-26 01:00:00,0.0
2024-02-26 02:00:00,0.0
2024-02-26 03:00:00,0.0
2024-02-26 04:00:00,0.0
2024-02-26 05:00:00,0.0
2024-02-26 06:00:00,0.0
2024-02-26 07:00:00,0.21466675
2024-02-26 08:00:00,2.636857
2024-02-26 09:00:00,7.6367
2024-02-26 10:00:00,9.545291
2024-02-26 11:00:00,10.348145
2024-02-26 12:00:00,12.21682
2024-02-26 13:00:00,13.730676
2024-02-26 14:00:00,11.845335
2024-02-26 15:00:00,11.236935
2024-02-26 16:00:00,5.3212748
2024-02-26 17:00:00,1.3995203
2024-02-26 18:00:00,0.0
2024-02-26 19:00:00,0.0
2024-02-26 20:00:00,0.0
2024-02-26 21:00:00,0.0
2024-02-26 22:00:00,0.0
2024-02-26 23:00:00,0.0
2024-02-27 00:00:00,0.0
2024-02-27 01:00:00,0.0
2024-02-27 02:00:00,0.0
2024-02-27 03:00:00,0.0
2024-02-27 04:00:00,0.0
2024-02-27 05:00:00,0.0
2024-02-27 06:00:00,0.0
2024-02-27 07:00:00,0.0376435
2024-02-27 08:00:00,1.1495787
2024-02-27 09:00:00,2.790775
2024-02-27 10:00:00,4.9482446
2024-02-27 11:00:00,8.644577
2024-02-27 12:00:00,12.83786
2024-02-27 13:00:00,36.851913
2024-02-27 14:00:00,28.39272
2024-02-27 15:00:00,15.451008
2024-02-27 16:00:00,4.752344
2024-02-27 17:00:00,0.9123755
2024-02-27 18:00:00,0.0
2024-02-27 19:00:00,0.0
2024-02-27 20:00:00,0.0
2024-02-27 21:00:00,0.0
2024-02-27 22:00:00,0.0
2024-02-27 23:00:00,0.0
2024-02-28 00:00:00,0.0
2024-02-28 01:00:00,0.0
2024-02-28 02:00:00,0.0
2024-02-28 03:00:00,0.0
2024-02-28 04:00:00,0.0
2024-02-28 05:00:00,0.0
2024-02-28 06:00:00,0.0
2024-02-28 07:00:00,0.460086
2024-02-28 08:00:00,2.7617006
2024-02-28 09:00:00,4.237716
2024-02-28 10:00:00,7.846744
2024-02-28 11:00:00,9.664217
2024-02-28 12:00:00,11.091974
2024-02-28 13:00:00,15.271124
2024-02-28 14:00:00,10.958859
2024-02-28 15:00:00,5.5699625
2024-02-28 16:00:00,1.7763549
2024-02-28 17:00:00,0.18202502
2024-02-28 18:00:00,0.0
2024-02-28 19:00:00,0.0
2024-02-28 20:00:00,0.0
2024-02-28 21:00:00,0.0
2024-02-28 22:00:00,0.0
2024-02-28 23:00:00,0.0
2024-02-29 00:00:00,0.0
2024-02-29 01:00:00,0.0
2024-02-29 02:00:00,-0.0001125
2024-02-29 03:00:00,0.0
2024-02-29 04:00:00,0.0
2024-02-29 05:00:00,0.0
2024-02-29 06:00:00,0.0
2024-02-29 07:00:00,0.78067493
2024-02-29 08:00:00,3.6885781
2024-02-29 09:00:00,13.894648
2024-02-29 10:00:00,18.492226
2024-02-29 11:00:00,14.770203
2024-02-29 12:00:00,18.999126
2024-02-29 13:00:00,11.663534
2024-02-29 14:00:00,10.537009
2024-02-29 15:00:00,6.362353
2024-02-29 16:00:00,4.26199
2024-02-29 17:00:00,1.0879363
2024-02-29 18:00:00,0.0
2024-02-29 19:00:00,0.0
2024-02-29 20:00:00,0.0
2024-02-29 21:00:00,0.0
2024-02-29 22:00:00,0.0
2024-02-29 23:00:00,0.0
2024-03-01 00:00:00,0.0
2024-03-01 01:00:00,0.0
2024-03-01 02:00:00,0.0
2024-03-01 03:00:00,0.0
2024-03-01 04:00:00,0.0
2024-03-01 05:00:00,0.0
2024-03-01 06:00:00,0.0
2024-03-01 07:00:00,0.66279775
2024-03-01 08:00:00,4.0700245
2024-03-01 09:00:00,6.8695
2024-03-01 10:00:00,14.736994
2024-03-01 11:00:00,12.869131
2024-03-01 12:00:00,8.178717
2024-03-01 13:00:00,8.302435
2024-03-01 14:00:00,7.546385
2024-03-01 15:00:00,11.992802
2024-03-01 16:00:00,6.336258
2024-03-01 17:00:00,1.9168878
2024-03-01 18:00:00,0.047754
2024-03-01 19:00:00,0.0
2024-03-01 20:00:00,0.0
2024-03-01 21:00:00,0.0
2024-03-01 22:00:00,0.0
2024-03-01 23:00:00,0.0
2024-03-02 00:00:00,0.0
2024-03-02 01:00:00,0.0
2024-03-02 02:00:00,0.0
2024-03-02 03:00:00,0.0
2024-03-02 04:00:00,0.0
2024-03-02 05:00:00,0.0
2024-03-02 06:00:00,0.0
2024-03-02 07:00:00,0.4756105
2024-03-02 08:00:00,4.7011614
2024-03-02 09:00:00,7.748975
2024-03-02 10:00:00,20.978863
2024-03-02 11:00:00,26.289816
2024-03-02 12:00:00,18.83202
2024-03-02 13:00:00,17.645426
2024-03-02 14:00:00,24.099667
2024-03-02 15:00:00,14.063944
2024-03-02 16:00:00,9.99371
2024-03-02 17:00:00,2.3651347
2024-03-02 18:00:00,0.036791
2024-03-02 19:00:00,0.0
2024-03-02 20:00:00,0.0
2024-03-02 21:00:00,0.0
2024-03-02 22:00:00,0.0
2024-03-02 23:00:00,0.0
2024-03-03 00:00:00,0.0
2024-03-03 01:00:00,0.0
2024-03-03 02:00:00,0.0
2024-03-03 03:00:00,0.0
2024-03-03 04:00:00,0.0
2024-03-03 05:00:00,0.0
2024-03-03 06:00:00,0.0
2024-03-03 07:00:00,0.6149085
2024-03-03 08:00:00,3.9020495
2024-03-03 09:00:00,9.8405695
2024-03-03 10:00:00,16.713844
2024-03-03 11:00:00,20.359245
2024-03-03 12:00:00,16.429594
2024-03-03 13:00:00,27.904274
2024-03-03 14:00:00,23.72493
2024-03-03 15:00:00,14.569804
2024-03-03 16:00:00,6.9254966
2024-03-03 17:00:00,0.878622
2024-03-03 18:00:00,0.0
2024-03-03 19:00:00,0.0
2024-03-03 20:00:00,0.0
2024-03-03 21:00:00,0.0
2024-03-03 22:00:00,0.0
2024-03-03 23:00:00,0.0
2024-03-04 00:00:00,0.0
2024-03-04 01:00:00,0.0
2024-03-04 02:00:00,0.0
2024-03-04 03:00:00,0.0
2024-03-04 04:00:00,0.0
2024-03-04 05:00:00,0.0
2024-03-04 06:00:00,0.0
2024-03-04 07:00:00,0.52963525
2024-03-04 08:00:00,3.439567
2024-03-04 09:00:00,8.941722
2024-03-04 10:00:00,13.22018
2024-03-04 11:00:00,16.766708
2024-03-04 12:00:00,19.553082
2024-03-04 13:00:00,20.593472
2024-03-04 14:00:00,13.401436
2024-03-04 15:00:00,9.261778
2024-03-04 16:00:00,4.4922214
2024-03-04 17:00:00,1.0958493
2024-03-04 18:00:00,0.001675
2024-03-04 19:00:00,0.0
2024-03-04 20:00:00,0.0
2024-03-04 21:00:00,0.0
2024-03-04 22:00:00,0.0
2024-03-04 23:00:00,0.0
2024-03-05 00:00:00,0.0
2024-03-05 01:00:00,0.0
2024-03-05 02:00:00,-0.0001145
2024-03-05 03:00:00,0.0
2024-03-05 04:00:00,0.0
2024-03-05 05:00:00,0.0
2024-03-05 06:00:00,0.0
2024-03-05 07:00:00,1.250282
2024-03-05 08:00:00,6.44369
2024-03-05 09:00:00,10.938099
2024-03-05 10:00:00,14.311479
2024-03-05 11:00:00,17.49829
2024-03-05 12:00:00,16.637259
2024-03-05 13:00:00,9.426365
2024-03-05 14:00:00,13.347323
2024-03-05 15:00:00,5.3801804
2024-03-05 16:00:00,1.5543848
2024-03-05 17:00:00,0.398521
2024-03-05 18:00:00,0.0
2024-03-05 19:00:00,0.0
2024-03-05 20:00:00,0.0
2024-03-05 21:00:00,0.0
2024-03-05 22:00:00,0.0
2024-03-05 23:00:00,0.0
2024-03-06 00:00:00,0.0
2024-03-06 01:00:00,0.0
2024-03-06 02:00:00,0.0
2024-03-06 03:00:00,0.0
2024-03-06 04:00:00,0.0
2024-03-06 05:00:00,0.0
2024-03-06 06:00:00,0.0
2024-03-06 07:00:00,0.50805074
2024-03-06 08:00:00,2.3473907
2024-03-06 09:00:00,5.612682
2024-03-06 10:00:00,7.378683
2024-03-06 11:00:00,4.1655374
2024-03-06 12:00:00,5.1422653
2024-03-06 13:00:00,7.3489614
2024-03-06 14:00:00,6.2044554
2024-03-06 15:00:00,4.4580097
2024-03-06 16:00:00,2.342401
2024-03-06 17:00:00,0.99275
2024-03-06 18:00:00,0.0
2024-03-06 19:00:00,0.0
2024-03-06 20:00:00,0.0
2024-03-06 21:00:00,0.0
2024-03-06 22:00:00,0.0
2024-03-06 23:00:00,0.0
2024-03-07 00:00:00,0.0
2024-03-07 01:00:00,0.0
2024-03-07 02:00:00,0.0
2024-03-07 03:00:00,0.0
2024-03-07 04:00:00,0.0
2024-03-07 05:00:00,0.0
2024-03-07 06:00:00,0.0
2024-03-07 07:00:00,0.7666187
2024-03-07 08:00:00,5.0515
2024-03-07 09:00:00,10.271458
2024-03-07 10:00:00,12.04368
2024-03-07 11:00:00,6.410162
2024-03-07 12:00:00,9.363914
2024-03-07 13:00:00,12.954863
2024-03-07 14:00:00,13.1021
2024-03-07 15:00:00,12.577084
2024-03-07 16:00:00,12.620588
2024-03-07 17:00:00,2.7150252
2024-03-07 18:00:00,0.09199999
2024-03-07 19:00:00,0.0
2024-03-07 20:00:00,0.0
2024-03-07 21:00:00,0.0
2024-03-07 22:00:00,0.0
2024-03-07 23:00:00,0.0
2024-03-08 00:00:00,0.0
2024-03-08 01:00:00,0.0
2024-03-08 02:00:00,0.0
2024-03-08 03:00:00,0.0
2024-03-08 04:00:00,0.0
2024-03-08 05:00:00,0.0
2024-03-08 06:00:00,0.0
2024-03-08 07:00:00,0.83483624
2024-03-08 08:00:00,4.8566275
2024-03-08 09:00:00,19.4238
2024-03-08 10:00:00,25.368557
2024-03-08 11:00:00,32.096508
2024-03-08 12:00:00,35.74075
2024-03-08 13:00:00,34.505302
2024-03-08 14:00:00,29.453972
2024-03-08 15:00:00,21.810776
2024-03-08 16:00:00,11.7215
2024-03-08 17:00:00,2.8164272
2024-03-08 18:00:00,0.13009375
2024-03-08 19:00:00,0.0
2024-03-08 20:00:00,0.0
2024-03-08 21:00:00,0.0
2024-03-08 22:00:00,0.0
2024-03-08 23:00:00,0.0
2024-03-09 00:00:00,0.0
2024-03-09 01:00:00,0.0
2024-03-09 02:00:00,0.0
2024-03-09 03:00:00,0.0
2024-03-09 04:00:00,0.0
2024-03-09 05:00:00,0.0
2024-03-09 06:00:00,0.0
2024-03-09 07:00:00,1.5035492
2024-03-09 08:00:00,9.176447
2024-03-09 09:00:00,18.940788
2024-03-09 10:00:00,27.36348
2024-03-09 11:00:00,29.992401
2024-03-09 12:00:00,36.440365
2024-03-09 13:00:00,34.615425
2024-03-09 14:00:00,27.004246
2024-03-09 15:00:00,12.717823
2024-03-09 16:00:00,10.752886
2024-03-09 17:00:00,3.1535282
2024-03-09 18:00:00,0.17099601
2024-03-09 19:00:00,0.0
2024-03-09 20:00:00,0.0
2024-03-09 21:00:00,0.0
2024-03-09 22:00:00,0.0
2024-03-09 23:00:00,0.0
2024-03-10 00:00:00,0.0
2024-03-10 01:00:00,0.0
2024-03-10 02:00:00,0.0
2024-03-10 03:00:00,0.0
2024-03-10 04:00:00,0.0
2024-03-10 05:00:00,0.0
2024-03-10 06:00:00,0.0
2024-03-10 07:00:00,1.3794932
2024-03-10 08:00:00,5.410475
2024-03-10 09:00:00,12.719483
2024-03-10 10:00:00,21.86618
2024-03-10 11:00:00,24.8558
2024-03-10 12:00:00,27.163073
2024-03-10 13:00:00,24.00074
2024-03-10 14:00:00,14.209064
2024-03-10 15:00:00,13.622085
2024-03-10 16:00:00,8.372572
2024-03-10 17:00:00,2.8129427
2024-03-10 18:00:00,0.0936065
2024-03-10 19:00:00,0.0
2024-03-10 20:00:00,0.0
2024-03-10 21:00:00,0.0
2024-03-10 22:00:00,0.0
2024-03-10 23:00:00,0.0
2024-03-11 00:00:00,0.0
2024-03-11 01:00:00,0.0
2024-03-11 02:00:00,0.0
2024-03-11 03:00:00,0.0
2024-03-11 04:00:00,0.0
2024-03-11 05:00:00,0.0
2024-03-11 06:00:00,0.0
2024-03-11 07:00:00,0.0
2024-03-11 08:00:00,0.76947045
2024-03-11 09:00:00,1.9643817
2024-03-11 10:00:00,2.1968133
2024-03-11 11:00:00,3.0086317
2024-03-11 12:00:00,3.8229263
2024-03-11 13:00:00,2.5961661
2024-03-11 14:00:00,3.38797
2024-03-11 15:00:00,1.3714055
2024-03-11 16:00:00,1.1674914
2024-03-11 17:00:00,0.52416575
2024-03-11 18:00:00,0.0
2024-03-11 19:00:00,0.0
2024-03-11 20:00:00,0.0
2024-03-11 21:00:00,0.0
2024-03-11 22:00:00,0.0
2024-03-11 23:00:00,0.0
2024-03-12 00:00:00,0.0
2024-03-12 01:00:00,0.0
2024-03-12 02:00:00,0.0
2024-03-12 03:00:00,0.0
2024-03-12 04:00:00,0.0
2024-03-12 05:00:00,0.0
2024-03-12 06:00:00,0.0
2024-03-12 07:00:00,0.37828726
2024-03-12 08:00:00,2.0627306
2024-03-12 09:00:00,3.5432744
2024-03-12 10:00:00,5.113905
2024-03-12 11:00:00,5.4180613
2024-03-12 12:00:00,5.279326
2024-03-12 13:00:00,7.25947
2024-03-12 14:00:00,6.528954
2024-03-12 15:00:00,6.992075
2024-03-12 16:00:00,2.6041284
2024-03-12 17:00:00,0.6018373
2024-03-12 18:00:00,0.0
2024-03-12 19:00:00,0.0
2024-03-12 20:00:00,0.0
2024-03-12 21:00:00,0.0
2024-03-12 22:00:00,0.0
2024-03-12 23:00:00,0.0
2024-03-13 00:00:00,0.0
2024-03-13 01:00:00,0.0
2024-03-13 02:00:00,0.0
2024-03-13 03:00:00,0.0
2024-03-13 04:00:00,0.0
2024-03-13 05:00:00,0.0
2024-03-13 06:00:00,0.05351225
2024-03-13 07:00:00,2.9723523
2024-03-13 08:00:00,11.766779
2024-03-13 09:00:00,16.083513
2024-03-13 10:00:00,20.691616
2024-03-13 11:00:00,32.517395
2024-03-13 12:00:00,28.698605
2024-03-13 13:00:00,19.750607
2024-03-13 14:00:00,8.586111
2024-03-13 15:00:00,5.039888
2024-03-13 16:00:00,2.9631479
2024-03-13 17:00:00,0.78592277
2024-03-13 18:00:00,0.017
2024-03-13 19:00:00,0.0
2024-03-13 20:00:00,0.0
2024-03-13 21:00:00,0.0
2024-03-13 22:00:00,0.0
2024-03-13 23:00:00,0.0
2024-03-14 00:00:00,0.0
2024-03-14 01:00:00,0.0
2024-03-14 02:00:00,0.0
2024-03-14 03:00:00,0.0
2024-03-14 04:00:00,0.0
2024-03-14 05:00:00,0.0
2024-03-14 06:00:00,0.0
2024-03-14 07:00:00,0.50747925
2024-03-14 08:00:00,2.877509
2024-03-14 09:00:00,8.796133
2024-03-14 10:00:00,9.846693
2024-03-14 11:00:00,11.722173
2024-03-14 12:00:00,19.349009
2024-03-14 13:00:00,23.45582
2024-03-14 14:00:00,20.680779
2024-03-14 15:00:00,17.993309
2024-03-14 16:00:00,12.7335005
2024-03-14 17:00:00,2.9363751
2024-03-14 18:00:00,0.26722503
2024-03-14 19:00:00,0.0
2024-03-14 20:00:00,0.0
2024-03-14 21:00:00,0.0
2024-03-14 22:00:00,0.0
2024-03-14 23:00:00,0.0
2024-03-15 00:00:00,0.0
2024-03-15 01:00:00,0.0
2024-03-15 02:00:00,-0.0001125
2024-03-15 03:00:00,0.0
2024-03-15 04:00:00,0.0
2024-03-15 05:00:00,0.0
2024-03-15 06:00:00,0.075775005
2024-03-15 07:00:00,2.2565014
2024-03-15 08:00:00,7.922725
2024-03-15 09:00:00,6.1265554
2024-03-15 10:00:00,5.942712
2024-03-15 11:00:00,11.892461
2024-03-15 12:00:00,12.211764
2024-03-15 13:00:00,7.07325
2024-03-15 14:00:00,9.91187
2024-03-15 15:00:00,9.945655
2024-03-15 16:00:00,9.717169
2024-03-15 17:00:00,2.6407213
2024-03-15 18:00:00,0.18400449
2024-03-15 19:00:00,0.0
2024-03-15 20:00:00,0.0
2024-03-15 21:00:00,0.0
2024-03-15 22:00:00,0.0
2024-03-15 23:00:00,0.0
2024-03-16 00:00:00,0.0
2024-03-16 01:00:00,0.0
2024-03-16 02:00:00,0.0
2024-03-16 03:00:00,0.0
2024-03-16 04:00:00,0.0
2024-03-16 05:00:00,0.0
2024-03-16 06:00:00,0.0
2024-03-16 07:00:00,1.1092592
2024-03-16 08:00:00,3.7031612
2024-03-16 09:00:00,8.447399
2024-03-16 10:00:00,20.528133
2024-03-16 11:00:00,37.687355
2024-03-16 12:00:00,36.453926
2024-03-16 13:00:00,31.192024
2024-03-16 14:00:00,34.92698
2024-03-16 15:00:00,30.11455
2024-03-16 16:00:00,12.462846
2024-03-16 17:00:00,4.4806046
2024-03-16 18:00:00,0.33511877
2024-03-16 19:00:00,0.0
2024-03-16 20:00:00,0.0
2024-03-16 21:00:00,0.0
2024-03-16 22:00:00,0.0
2024-03-16 23:00:00,0.0
2024-03-17 00:00:00,0.0
2024-03-17 01:00:00,0.0
2024-03-17 02:00:00,0.0
2024-03-17 03:00:00,0.0
2024-03-17 04:00:00,0.0
2024-03-17 05:00:00,0.0
2024-03-17 06:00:00,0.25905126
2024-03-17 07:00:00,3.4600077
2024-03-17 08:00:00,13.808336
2024-03-17 09:00:00,24.16944
2024-03-17 10:00:00,34.380753
2024-03-17 11:00:00,36.344254
2024-03-17 12:00:00,41.87762
2024-03-17 13:00:00,38.569572
2024-03-17 14:00:00,31.586763
2024-03-17 15:00:00,17.669998
2024-03-17 16:00:00,8.75589
2024-03-17 17:00:00,4.501238
2024-03-17 18:00:00,0.30077502
2024-03-17 19:00:00,0.0
2024-03-17 20:00:00,0.0
2024-03-17 21:00:00,0.0
2024-03-17 22:00:00,0.0
2024-03-17 23:00:00,0.0
2024-03-18 00:00:00,0.0
2024-03-18 01:00:00,0.0
2024-03-18 02:00:00,0.0
2024-03-18 03:00:00,0.0
2024-03-18 04:00:00,0.0
2024-03-18 05:00:00,0.0
2024-03-18 06:00:00,0.06490975
2024-03-18 07:00:00,2.9033
2024-03-18 08:00:00,4.7435365
2024-03-18 09:00:00,5.416204
2024-03-18 10:00:00,12.900471
2024-03-18 11:00:00,22.041834
2024-03-18 12:00:00,29.114988
2024-03-18 13:00:00,28.843548
2024-03-18 14:00:00,27.89175
2024-03-18 15:00:00,13.948521
2024-03-18 16:00:00,6.9984818
2024-03-18 17:00:00,5.056495
2024-03-18 18:00:00,0.7453688
2024-03-18 19:00:00,0.0
2024-03-18 20:00:00,0.0
2024-03-18 21:00:00,0.0
2024-03-18 22:00:00,0.0
2024-03-18 23:00:00,0.0
2024-03-19 00:00:00,0.0
2024-03-19 01:00:00,0.0
2024-03-19 02:00:00,0.0
2024-03-19 03:00:00,0.0
2024-03-19 04:00:00,0.0
2024-03-19 05:00:00,0.0
2024-03-19 06:00:00,0.17936476
2024-03-19 07:00:00,3.2937415
2024-03-19 08:00:00,11.994494
2024-03-19 09:00:00,13.840906
2024-03-19 10:00:00,10.01176
2024-03-19 11:00:00,15.472681
2024-03-19 12:00:00,23.305658
2024-03-19 13:00:00,17.273785
2024-03-19 14:00:00,10.507025
2024-03-19 15:00:00,13.003617
2024-03-19 16:00:00,6.9716763
2024-03-19 17:00:00,3.8452365
2024-03-19 18:00:00,0.251467
2024-03-19 19:00:00,0.0
2024-03-19 20:00:00,0.0
2024-03-19 21:00:00,0.0
2024-03-19 22:00:00,0.0
2024-03-19 23:00:00,0.0
2024-03-20 00:00:00,0.0
2024-03-20 01:00:00,0.0
2024-03-20 02:00:00,0.0
2024-03-20 03:00:00,0.0
2024-03-20 04:00:00,0.0
2024-03-20 05:00:00,0.0
2024-03-20 06:00:00,0.38530323
2024-03-20 07:00:00,4.8767896
2024-03-20 08:00:00,12.397891
2024-03-20 09:00:00,11.996422
2024-03-20 10:00:00,16.948956
2024-03-20 11:00:00,21.08657
2024-03-20 12:00:00,12.522939
2024-03-20 13:00:00,13.275839
2024-03-20 14:00:00,17.55559
2024-03-20 15:00:00,17.170082
2024-03-20 16:00:00,11.305361
2024-03-20 17:00:00,2.770676
2024-03-20 18:00:00,0.208375
2024-03-20 19:00:00,0.0
2024-03-20 20:00:00,0.0
2024-03-20 21:00:00,0.0
2024-03-20 22:00:00,0.0
2024-03-20 23:00:00,0.0
2024-03-21 00:00:00,0.0
2024-03-21 01:00:00,0.0
2024-03-21 02:00:00,0.0
2024-03-21 03:00:00,0.0
2024-03-21 04:00:00,0.0
2024-03-21 05:00:00,0.0
2024-03-21 06:00:00,0.0
2024-03-21 07:00:00,1.0335047
2024-03-21 08:00:00,2.1658852
2024-03-21 09:00:00,4.376649
2024-03-21 10:00:00,8.918136
2024-03-21 11:00:00,16.213192
2024-03-21 12:00:00,16.573986
2024-03-21 13:00:00,18.104885
2024-03-21 14:00:00,15.892006
2024-03-21 15:00:00,13.31875
2024-03-21 16:00:00,9.4525585
2024-03-21 17:00:00,3.6081924
2024-03-21 18:00:00,0.32343775
2024-03-21 19:00:00,0.0
2024-03-21 20:00:00,0.0
2024-03-21 21:00:00,0.0
2024-03-21 22:00:00,0.0
2024-03-21 23:00:00,0.0
2024-03-22 00:00:00,0.0
2024-03-22 01:00:00,0.0
2024-03-22 02:00:00,0.0
2024-03-22 03:00:00,0.0
2024-03-22 04:00:00,0.0
2024-03-22 05:00:00,0.0
2024-03-22 06:00:00,0.0
2024-03-22 07:00:00,0.5710615
2024-03-22 08:00:00,1.0808771
2024-03-22 09:00:00,3.0997887
2024-03-22 10:00:00,7.322255
2024-03-22 11:00:00,4.2779927
2024-03-22 12:00:00,5.0512
2024-03-22 13:00:00,10.088847
2024-03-22 14:00:00,14.8598385
2024-03-22 15:00:00,16.84341
2024-03-22 16:00:00,11.899954
2024-03-22 17:00:00,5.379263
2024-03-22 18:00:00,0.475525
2024-03-22 19:00:00,0.0
2024-03-22 20:00:00,0.0
2024-03-22 21:00:00,0.0
2024-03-22 22:00:00,0.0
2024-03-22 23:00:00,0.0
2024-03-23 00:00:00,0.0
2024-03-23 01:00:00,0.0
2024-03-23 02:00:00,0.0
2024-03-23 03:00:00,0.0
2024-03-23 04:00:00,0.0
2024-03-23 05:00:00,0.0
2024-03-23 06:00:00,0.24861825
2024-03-23 07:00:00,3.2968
2024-03-23 08:00:00,13.09332
2024-03-23 09:00:00,18.484081
2024-03-23 10:00:00,10.654255
2024-03-23 11:00:00,31.987175
2024-03-23 12:00:00,26.274681
2024-03-23 13:00:00,47.561443
2024-03-23 14:00:00,27.847721
2024-03-23 15:00:00,26.814762
2024-03-23 16:00:00,18.196077
2024-03-23 17:00:00,3.994034
2024-03-23 18:00:00,0.480453
2024-03-23 19:00:00,0.0
2024-03-23 20:00:00,0.0
2024-03-23 21:00:00,0.0
2024-03-23 22:00:00,0.0
2024-03-23 23:00:00,0.0
2024-03-24 00:00:00,0.0
2024-03-24 01:00:00,0.0
2024-03-24 02:00:00,-0.0001125
2024-03-24 03:00:00,0.0
2024-03-24 04:00:00,0.0
2024-03-24 05:00:00,0.0
2024-03-24 06:00:00,0.69899994
2024-03-24 07:00:00,1.84375
2024-03-24 08:00:00,8.567993
2024-03-24 09:00:00,8.703369
2024-03-24 10:00:00,14.323512
2024-03-24 11:00:00,12.875448
2024-03-24 12:00:00,16.604393
2024-03-24 13:00:00,20.767965
2024-03-24 14:00:00,24.085148
2024-03-24 15:00:00,11.752432
2024-03-24 16:00:00,8.742904
2024-03-24 17:00:00,3.1743374
2024-03-24 18:00:00,0.78186774
2024-03-24 19:00:00,0.0
2024-03-24 20:00:00,0.0
2024-03-24 21:00:00,0.0
2024-03-24 22:00:00,0.0
2024-03-24 23:00:00,0.0
2024-03-25 00:00:00,0.0
2024-03-25 01:00:00,0.0
2024-03-25 02:00:00,0.0
2024-03-25 03:00:00,0.0
2024-03-25 04:00:00,0.0
2024-03-25 05:00:00,0.0
2024-03-25 06:00:00,0.38178277
2024-03-25 07:00:00,5.871577
2024-03-25 08:00:00,11.219925
2024-03-25 09:00:00,16.290375
2024-03-25 10:00:00,17.35947
2024-03-25 11:00:00,29.317379
2024-03-25 12:00:00,18.8262
2024-03-25 13:00:00,16.132494
2024-03-25 14:00:00,32.851566
2024-03-25 15:00:00,27.233828
2024-03-25 16:00:00,15.62566
2024-03-25 17:00:00,4.1440787
2024-03-25 18:00:00,0.9369225
2024-03-25 19:00:00,0.0
2024-03-25 20:00:00,0.0
2024-03-25 21:00:00,0.0
2024-03-25 22:00:00,0.0
2024-03-25 23:00:00,0.0
2024-03-26 00:00:00,0.0
2024-03-26 01:00:00,0.0
2024-03-26 02:00:00,0.0
2024-03-26 03:00:00,0.0
2024-03-26 04:00:00,0.0
2024-03-26 05:00:00,0.0
2024-03-26 06:00:00,0.92655927
2024-03-26 07:00:00,6.2212577
2024-03-26 08:00:00,17.673035
2024-03-26 09:00:00,27.188578
2024-03-26 10:00:00,34.729675
2024-03-26 11:00:00,32.149292
2024-03-26 12:00:00,37.580643
2024-03-26 13:00:00,34.075535
2024-03-26 14:00:00,28.884123
2024-03-26 15:00:00,22.87034
2024-03-26 16:00:00,16.763573
2024-03-26 17:00:00,8.446682
2024-03-26 18:00:00,1.1697123
2024-03-26 19:00:00,0.0
2024-03-26 20:00:00,0.0
2024-03-26 21:00:00,0.0
2024-03-26 22:00:00,0.0
2024-03-26 23:00:00,0.0
2024-03-27 00:00:00,0.0
2024-03-27 01:00:00,0.0
2024-03-27 02:00:00,0.0
2024-03-27 03:00:00,0.0
2024-03-27 04:00:00,0.0
2024-03-27 05:00:00,0.0
2024-03-27 06:00:00,0.57698846
2024-03-27 07:00:00,4.3163147
2024-03-27 08:00:00,14.047615
2024-03-27 09:00:00,21.9814
2024-03-27 10:00:00,29.1789
2024-03-27 11:00:00,41.177864
2024-03-27 12:00:00,36.92138
2024-03-27 13:00:00,32.476406
2024-03-27 14:00:00,22.006117
2024-03-27 15:00:00,19.596308
2024-03-27 16:00:00,12.735192
2024-03-27 17:00:00,4.535145
2024-03-27 18:00:00,0.7993854
2024-03-27 19:00:00,0.0
2024-03-27 20:00:00,0.0
2024-03-27 21:00:00,0.0
2024-03-27 22:00:00,0.0
2024-03-27 23:00:00,0.0
2024-03-28 00:00:00,0.0
2024-03-28 01:00:00,0.0
2024-03-28 02:00:00,-0.00011375
2024-03-28 03:00:00,0.0
2024-03-28 04:00:00,0.0
2024-03-28 05:00:00,0.0
2024-03-28 06:00:00,0.157709
2024-03-28 07:00:00,0.5869955
2024-03-28 08:00:00,1.555975
2024-03-28 09:00:00,1.5992107
2024-03-28 10:00:00,2.8828182
2024-03-28 11:00:00,5.961491
2024-03-28 12:00:00,14.2929535
2024-03-28 13:00:00,17.38142
2024-03-28 14:00:00,25.085434
2024-03-28 15:00:00,18.336226
2024-03-28 16:00:00,4.198441
2024-03-28 17:00:00,0.8063915
2024-03-28 18:00:00,0.3363405
2024-03-28 19:00:00,0.0
2024-03-28 20:00:00,0.0
2024-03-28 21:00:00,0.0
2024-03-28 22:00:00,0.0
2024-03-28 23:00:00,0.0
2024-03-29 00:00:00,0.0
2024-03-29 01:00:00,0.0
2024-03-29 02:00:00,0.0
2024-03-29 03:00:00,0.0
2024-03-29 04:00:00,0.0
2024-03-29 05:00:00,0.0
2024-03-29 06:00:00,1.1885402
2024-03-29 07:00:00,4.316277
2024-03-29 08:00:00,8.106096
2024-03-29 09:00:00,13.31004
2024-03-29 10:00:00,13.05295
2024-03-29 11:00:00,9.146407
2024-03-29 12:00:00,12.310157
2024-03-29 13:00:00,19.640238
2024-03-29 14:00:00,13.238466
2024-03-29 15:00:00,15.152848
2024-03-29 16:00:00,5.749444
2024-03-29 17:00:00,4.5041485
2024-03-29 18:00:00,2.2983377
2024-03-29 19:00:00,0.0
2024-03-29 20:00:00,0.0
2024-03-29 21:00:00,0.0
2024-03-29 22:00:00,0.0
2024-03-29 23:00:00,0.0
2024-03-30 00:00:00,0.0
2024-03-30 01:00:00,0.0
2024-03-30 02:00:00,0.0
2024-03-30 03:00:00,0.0
2024-03-30 04:00:00,0.0
2024-03-30 05:00:00,0.0
2024-03-30 06:00:00,0.32885125
2024-03-30 07:00:00,1.9610118
2024-03-30 08:00:00,4.7431946
2024-03-30 09:00:00,19.821363
2024-03-30 10:00:00,29.1347
2024-03-30 11:00:00,31.42905
2024-03-30 12:00:00,33.46524
2024-03-30 13:00:00,22.783993
2024-03-30 14:00:00,20.204662
2024-03-30 15:00:00,16.181892
2024-03-30 16:00:00,8.958385
2024-03-30 17:00:00,2.4510753
2024-03-30 18:00:00,0.29136473
2024-03-30 19:00:00,0.0
2024-03-30 20:00:00,0.0
2024-03-30 21:00:00,0.0
2024-03-30 22:00:00,0.0
2024-03-30 23:00:00,0.0
2024-03-31 00:00:00,0.0
2024-03-31 01:00:00,0.0
2024-03-31 02:00:00,0.0
2024-03-31 03:00:00,-0.0001135
2024-03-31 04:00:00,0.0
2024-03-31 05:00:00,0.0
2024-03-31 06:00:00,0.0
2024-03-31 07:00:00,0.14072499
2024-03-31 08:00:00,1.4800575
2024-03-31 09:00:00,2.7982326
2024-03-31 10:00:00,3.5646749
2024-03-31 11:00:00,8.777747
2024-03-31 12:00:00,11.354788
2024-03-31 13:00:00,12.15027
2024-03-31 14:00:00,10.471103
2024-03-31 15:00:00,14.405661
2024-03-31 16:00:00,13.664978
2024-03-31 17:00:00,7.2545085
2024-03-31 18:00:00,4.4323072
2024-03-31 19:00:00,1.5370712
2024-03-31 20:00:00,0.0
2024-03-31 21:00:00,0.0
2024-03-31 22:00:00,0.0
2024-03-31 23:00:00,0.0
2024-04-01 00:00:00,0.0
2024-04-01 01:00:00,0.0
2024-04-01 02:00:00,0.0
2024-04-01 03:00:00,0.0
2024-04-01 04:00:00,0.0
2024-04-01 05:00:00,0.0
2024-04-01 06:00:00,0.0
2024-04-01 07:00:00,1.646923
2024-04-01 08:00:00,3.4186192
2024-04-01 09:00:00,7.297638
2024-04-01 10:00:00,4.1692953
2024-04-01 11:00:00,5.608591
2024-04-01 12:00:00,6.797809
2024-04-01 13:00:00,6.1843257
2024-04-01 14:00:00,7.2708282
2024-04-01 15:00:00,10.19519
2024-04-01 16:00:00,3.7804594
2024-04-01 17:00:00,0.9161405
2024-04-01 18:00:00,0.479684
2024-04-01 19:00:00,0.154
2024-04-01 20:00:00,0.0
2024-04-01 21:00:00,0.0
2024-04-01 22:00:00,0.0
2024-04-01 23:00:00,0.0
2024-04-02 00:00:00,0.0
2024-04-02 01:00:00,0.0
2024-04-02 02:00:00,0.0
2024-04-02 03:00:00,0.0
2024-04-02 04:00:00,0.0
2024-04-02 05:00:00,0.0
2024-04-02 06:00:00,0.0
2024-04-02 07:00:00,0.16201726
2024-04-02 08:00:00,1.7189487
2024-04-02 09:00:00,3.4602976
2024-04-02 10:00:00,7.672676
2024-04-02 11:00:00,10.541746
2024-04-02 12:00:00,16.252113
2024-04-02 13:00:00,9.465334
2024-04-02 14:00:00,7.352537
2024-04-02 15:00:00,7.0888667
2024-04-02 16:00:00,5.3612504
2024-04-02 17:00:00,4.421123
2024-04-02 18:00:00,3.854425
2024-04-02 19:00:00,1.9014512
2024-04-02 20:00:00,0.0
2024-04-02 21:00:00,0.0
2024-04-02 22:00:00,0.0
2024-04-02 23:00:00,0.0
2024-04-03 00:00:00,0.0
2024-04-03 01:00:00,0.0
2024-04-03 02:00:00,0.0
2024-04-03 03:00:00,0.0
2024-04-03 04:00:00,0.0
2024-04-03 05:00:00,0.0
2024-04-03 06:00:00,0.049225
2024-04-03 07:00:00,2.9809906
2024-04-03 08:00:00,8.134424
2024-04-03 09:00:00,14.935975
2024-04-03 10:00:00,17.70292
2024-04-03 11:00:00,37.120926
2024-04-03 12:00:00,32.595303
2024-04-03 13:00:00,21.682964
2024-04-03 14:00:00,18.073532
2024-04-03 15:00:00,17.893326
2024-04-03 16:00:00,10.255085
2024-04-03 17:00:00,7.581563
2024-04-03 18:00:00,2.9314554
2024-04-03 19:00:00,0.6849567
2024-04-03 20:00:00,0.0
2024-04-03 21:00:00,0.0
2024-04-03 22:00:00,0.0
2024-04-03 23:00:00,0.0
2024-04-04 00:00:00,0.0
2024-04-04 01:00:00,0.0
2024-04-04 02:00:00,0.0
2024-04-04 03:00:00,0.0
2024-04-04 04:00:00,0.0
2024-04-04 05:00:00,0.0
2024-04-04 06:00:00,0.0
2024-04-04 07:00:00,1.6657
2024-04-04 08:00:00,7.8568335
2024-04-04 09:00:00,18.29098
2024-04-04 10:00:00,19.457752
2024-04-04 11:00:00,10.883645
2024-04-04 12:00:00,13.846791
2024-04-04 13:00:00,4.7384825
2024-04-04 14:00:00,5.4122314
2024-04-04 15:00:00,7.617762
2024-04-04 16:00:00,6.0371475
2024-04-04 17:00:00,8.256777
2024-04-04 18:00:00,4.6088114
2024-04-04 19:00:00,1.2773
2024-04-04 20:00:00,0.0
2024-04-04 21:00:00,0.0
2024-04-04 22:00:00,0.0
2024-04-04 23:00:00,0.0
2024-04-05 00:00:00,0.0
2024-04-05 01:00:00,0.0
2024-04-05 02:00:00,-0.0001125
2024-04-05 03:00:00,0.0
2024-04-05 04:00:00,0.0
2024-04-05 05:00:00,0.0
2024-04-05 06:00:00,0.0
2024-04-05 07:00:00,0.5672785
2024-04-05 08:00:00,1.6797757
2024-04-05 09:00:00,7.103714
2024-04-05 10:00:00,10.932218
2024-04-05 11:00:00,11.940931
2024-04-05 12:00:00,18.62344
2024-04-05 13:00:00,15.272746
2024-04-05 14:00:00,8.560185
2024-04-05 15:00:00,2.8240294
2024-04-05 16:00:00,2.0245147
2024-04-05 17:00:00,14.244938
2024-04-05 18:00:00,6.162242
2024-04-05 19:00:00,1.0486213
2024-04-05 20:00:00,0.04348725
2024-04-05 21:00:00,0.0
2024-04-05 22:00:00,0.0
2024-04-05 23:00:00,0.0
2024-04-06 00:00:00,0.0
2024-04-06 01:00:00,0.0
2024-04-06 02:00:00,0.0
2024-04-06 03:00:00,0.0
2024-04-06 04:00:00,0.0
2024-04-06 05:00:00,0.0
2024-04-06 06:00:00,0.0
2024-04-06 07:00:00,1.0130417
2024-04-06 08:00:00,8.92403
2024-04-06 09:00:00,19.150368
2024-04-06 10:00:00,22.245453
2024-04-06 11:00:00,33.443047
2024-04-06 12:00:00,40.0207
2024-04-06 13:00:00,25.175625
2024-04-06 14:00:00,21.319511
2024-04-06 15:00:00,36.74185
2024-04-06 16:00:00,16.065317
2024-04-06 17:00:00,15.59257
2024-04-06 18:00:00,8.377982
2024-04-06 19:00:00,2.4650729
2024-04-06 20:00:00,0.03225
2024-04-06 21:00:00,0.0
2024-04-06 22:00:00,0.0
2024-04-06 23:00:00,0.0
2024-04-07 00:00:00,0.0
2024-04-07 01:00:00,0.0
2024-04-07 02:00:00,0.0
2024-04-07 03:00:00,0.0
2024-04-07 04:00:00,0.0
2024-04-07 05:00:00,0.0
2024-04-07 06:00:00,0.0
2024-04-07 07:00:00,0.32065675
2024-04-07 08:00:00,0.92469627
2024-04-07 09:00:00,5.373725
2024-04-07 10:00:00,21.837513
2024-04-07 11:00:00,44.190735
2024-04-07 12:00:00,52.325554
2024-04-07 13:00:00,44.643105
2024-04-07 14:00:00,48.959312
2024-04-07 15:00:00,39.160446
2024-04-07 16:00:00,26.952568
2024-04-07 17:00:00,22.835527
2024-04-07 18:00:00,10.948669
2024-04-07 19:00:00,2.09663
2024-04-07 20:00:00,0.03011875
2024-04-07 21:00:00,0.0
2024-04-07 22:00:00,0.0
2024-04-07 23:00:00,0.0
2024-04-08 00:00:00,0.0
2024-04-08 01:00:00,0.0
2024-04-08 02:00:00,0.0
2024-04-08 03:00:00,0.0
2024-04-08 04:00:00,0.0
2024-04-08 05:00:00,0.0
2024-04-08 06:00:00,0.0
2024-04-08 07:00:00,1.4782124
2024-04-08 08:00:00,6.6797376
2024-04-08 09:00:00,11.5098
2024-04-08 10:00:00,26.024637
2024-04-08 11:00:00,30.498394
2024-04-08 12:00:00,16.088259
2024-04-08 13:00:00,25.621204
2024-04-08 14:00:00,39.393074
2024-04-08 15:00:00,33.044174
2024-04-08 16:00:00,11.678319
2024-04-08 17:00:00,3.6570706
2024-04-08 18:00:00,0.7001958
2024-04-08 19:00:00,1.1731503
2024-04-08 20:00:00,0.0
2024-04-08 21:00:00,0.0
2024-04-08 22:00:00,0.0
2024-04-08 23:00:00,0.0
2024-04-09 00:00:00,0.0
2024-04-09 01:00:00,0.0
2024-04-09 02:00:00,0.0
2024-04-09 03:00:00,0.0
2024-04-09 04:00:00,0.0
2024-04-09 05:00:00,0.0
2024-04-09 06:00:00,0.081
2024-04-09 07:00:00,2.6196523
2024-04-09 08:00:00,4.8277454
2024-04-09 09:00:00,3.5517201
2024-04-09 10:00:00,5.195892
2024-04-09 11:00:00,11.186602
2024-04-09 12:00:00,29.307001
2024-04-09 13:00:00,12.187328
2024-04-09 14:00:00,8.004107
2024-04-09 15:00:00,3.7525
2024-04-09 16:00:00,3.79701
2024-04-09 17:00:00,4.835131
2024-04-09 18:00:00,5.5517387
2024-04-09 19:00:00,1.222488
2024-04-09 20:00:00,0.098695
2024-04-09 21:00:00,0.0
2024-04-09 22:00:00,0.0
2024-04-09 23:00:00,0.0
2024-04-10 00:00:00,0.0
2024-04-10 01:00:00,0.0
2024-04-10 02:00:00,0.0
2024-04-10 03:00:00,0.0
2024-04-10 04:00:00,0.0
2024-04-10 05:00:00,0.0
2024-04-10 06:00:00,0.0
2024-04-10 07:00:00,1.3647373
2024-04-10 08:00:00,4.5815473
2024-04-10 09:00:00,18.972473
2024-04-10 10:00:00,14.597466
2024-04-10 11:00:00,16.760036
2024-04-10 12:00:00,40.0667
2024-04-10 13:00:00,34.164352
2024-04-10 14:00:00,42.34698
2024-04-10 15:00:00,38.249405
2024-04-10 16:00:00,25.796133
2024-04-10 17:00:00,18.42202
2024-04-10 18:00:00,5.694192
2024-04-10 19:00:00,3.0401807
2024-04-10 20:00:00,0.15025
2024-04-10 21:00:00,0.0
2024-04-10 22:00:00,0.0
2024-04-10 23:00:00,0.0
2024-04-11 00:00:00,0.0
2024-04-11 01:00:00,0.0
2024-04-11 02:00:00,0.0
2024-04-11 03:00:00,0.0
2024-04-11 04:00:00,0.0
2024-04-11 05:00:00,0.0
2024-04-11 06:00:00,0.0
2024-04-11 07:00:00,0.54377496
2024-04-11 08:00:00,1.9521484
2024-04-11 09:00:00,5.8752146
2024-04-11 10:00:00,3.4687216
2024-04-11 11:00:00,4.3085833
2024-04-11 12:00:00,5.7198424
2024-04-11 13:00:00,6.3430433
2024-04-11 14:00:00,7.090025
2024-04-11 15:00:00,3.7723186
2024-04-11 16:00:00,4.359013
2024-04-11 17:00:00,3.7675936
2024-04-11 18:00:00,1.614595
2024-04-11 19:00:00,0.86376727
2024-04-11 20:00:00,0.0019500001
2024-04-11 21:00:00,0.0
2024-04-11 22:00:00,0.0
2024-04-11 23:00:00,0.0
2024-04-12 00:00:00,0.0
2024-04-12 01:00:00,0.0
2024-04-12 02:00:00,0.0
2024-04-12 03:00:00,0.0
2024-04-12 04:00:00,0.0
2024-04-12 05:00:00,0.0
2024-04-12 06:00:00,0.0
2024-04-12 07:00:00,0.78044873
2024-04-12 08:00:00,5.9856644
2024-04-12 09:00:00,12.660284
2024-04-12 10:00:00,8.81272
2024-04-12 11:00:00,8.893687
2024-04-12 12:00:00,6.2413235
2024-04-12 13:00:00,6.075288
2024-04-12 14:00:00,5.1861715
2024-04-12 15:00:00,12.641064
2024-04-12 16:00:00,21.513966
2024-04-12 17:00:00,13.284201
2024-04-12 18:00:00,8.307453
2024-04-12 19:00:00,3.1739743
2024-04-12 20:00:00,0.120292254
2024-04-12 21:00:00,0.0
2024-04-12 22:00:00,0.0
2024-04-12 23:00:00,0.0
2024-04-13 00:00:00,0.0
2024-04-13 01:00:00,0.0
2024-04-13 02:00:00,0.0
2024-04-13 03:00:00,0.0
2024-04-13 04:00:00,0.0
2024-04-13 05:00:00,0.0
2024-04-13 06:00:00,0.168
2024-04-13 07:00:00,4.5635386
2024-04-13 08:00:00,11.4704685
2024-04-13 09:00:00,14.202288
2024-04-13 10:00:00,26.363636
2024-04-13 11:00:00,39.533234
2024-04-13 12:00:00,38.562565
2024-04-13 13:00:00,34.867188
2024-04-13 14:00:00,32.459564
2024-04-13 15:00:00,34.245426
2024-04-13 16:00:00,24.52926
2024-04-13 17:00:00,15.494642
2024-04-13 18:00:00,7.9248476
2024-04-13 19:00:00,2.7867918
2024-04-13 20:00:00,0.084775
2024-04-13 21:00:00,0.0
2024-04-13 22:00:00,0.0
2024-04-13 23:00:00,0.0
2024-04-14 00:00:00,0.0
2024-04-14 01:00:00,0.0
2024-04-14 02:00:00,0.0
2024-04-14 03:00:00,0.0
2024-04-14 04:00:00,0.0
2024-04-14 05:00:00,0.0
2024-04-14 06:00:00,0.32801223
2024-04-14 07:00:00,4.3603287
2024-04-14 08:00:00,13.791683
2024-04-14 09:00:00,27.05653
2024-04-14 10:00:00,24.26786
2024-04-14 11:00:00,32.095913
2024-04-14 12:00:00,24.532373
2024-04-14 13:00:00,47.499954
2024-04-14 14:00:00,47.955776
2024-04-14 15:00:00,14.231631
2024-04-14 16:00:00,15.028915
2024-04-14 17:00:00,25.502342
2024-04-14 18:00:00,7.9745
2024-04-14 19:00:00,2.21285
2024-04-14 20:00:00,0.18359025
2024-04-14 21:00:00,0.0
2024-04-14 22:00:00,0.0
2024-04-14 23:00:00,0.0
2024-04-15 00:00:00,0.0
2024-04-15 01:00:00,0.0
2024-04-15 02:00:00,0.0
2024-04-15 03:00:00,0.0
2024-04-15 04:00:00,0.0
2024-04-15 05:00:00,0.0
2024-04-15 06:00:00,0.39402497
2024-04-15 07:00:00,5.8903995
2024-04-15 08:00:00,14.891861
2024-04-15 09:00:00,26.364923
2024-04-15 10:00:00,35.599827
2024-04-15 11:00:00,19.532784
2024-04-15 12:00:00,24.485765
2024-04-15 13:00:00,20.597122
2024-04-15 14:00:00,14.199204
2024-04-15 15:00:00,13.042117
2024-04-15 16:00:00,16.523718
2024-04-15 17:00:00,9.066479
2024-04-15 18:00:00,2.4559636
2024-04-15 19:00:00,0.5493522
2024-04-15 20:00:00,0.0
2024-04-15 21:00:00,0.0
2024-04-15 22:00:00,0.0
2024-04-15 23:00:00,0.0
2024-04-16 00:00:00,0.0
2024-04-16 01:00:00,0.0
2024-04-16 02:00:00,0.0
2024-04-16 03:00:00,0.0
2024-04-16 04:00:00,0.0
2024-04-16 05:00:00,0.0
2024-04-16 06:00:00,0.046974998
2024-04-16 07:00:00,2.1906395
2024-04-16 08:00:00,7.5359735
2024-04-16 09:00:00,10.373171
2024-04-16 10:00:00,7.702877
2024-04-16 11:00:00,10.874275
2024-04-16 12:00:00,19.224516
2024-04-16 13:00:00,16.44952
2024-04-16 14:00:00,18.392986
2024-04-16 15:00:00,32.524647
2024-04-16 16:00:00,19.619658
2024-04-16 17:00:00,15.270741
2024-04-16 18:00:00,4.9915586
2024-04-16 19:00:00,3.6187263
2024-04-16 20:00:00,0.37648773
2024-04-16 21:00:00,0.0
2024-04-16 22:00:00,0.0
2024-04-16 23:00:00,0.0
2024-04-17 00:00:00,0.0
2024-04-17 01:00:00,0.0
2024-04-17 02:00:00,0.0
2024-04-17 03:00:00,0.0
2024-04-17 04:00:00,0.0
2024-04-17 05:00:00,0.0
2024-04-17 06:00:00,0.65903
2024-04-17 07:00:00,6.7364426
2024-04-17 08:00:00,16.26902
2024-04-17 09:00:00,25.849972
2024-04-17 10:00:00,22.736225
2024-04-17 11:00:00,23.577038
2024-04-17 12:00:00,50.326653
2024-04-17 13:00:00,19.98083
2024-04-17 14:00:00,28.2476
2024-04-17 15:00:00,35.54538
2024-04-17 16:00:00,10.882224
2024-04-17 17:00:00,4.2011113
2024-04-17 18:00:00,4.759113
2024-04-17 19:00:00,4.103323
2024-04-17 20:00:00,1.149191
2024-04-17 21:00:00,0.0
2024-04-17 22:00:00,0.0
2024-04-17 23:00:00,0.0
2024-04-18 00:00:00,0.0
2024-04-18 01:00:00,0.0
2024-04-18 02:00:00,0.0
2024-04-18 03:00:00,0.0
2024-04-18 04:00:00,0.0
2024-04-18 05:00:00,0.0
2024-04-18 06:00:00,0.58514047
2024-04-18 07:00:00,6.0846376
2024-04-18 08:00:00,16.358448
2024-04-18 09:00:00,30.550234
2024-04-18 10:00:00,34.263603
2024-04-18 11:00:00,31.532337
2024-04-18 12:00:00,31.523918
2024-04-18 13:00:00,22.795078
2024-04-18 14:00:00,27.560413
2024-04-18 15:00:00,23.533648
2024-04-18 16:00:00,17.877539
2024-04-18 17:00:00,18.100296
2024-04-18 18:00:00,5.866111
2024-04-18 19:00:00,2.5155823
2024-04-18 20:00:00,0.063246
2024-04-18 21:00:00,0.0
2024-04-18 22:00:00,0.0
2024-04-18 23:00:00,0.0
2024-04-19 00:00:00,0.0
2024-04-19 01:00:00,0.0
2024-04-19 02:00:00,-0.0001125
2024-04-19 03:00:00,0.0
2024-04-19 04:00:00,0.0
2024-04-19 05:00:00,0.0
2024-04-19 06:00:00,0.096525
2024-04-19 07:00:00,1.0898066
2024-04-19 08:00:00,5.5253916
2024-04-19 09:00:00,14.181199
2024-04-19 10:00:00,19.71851
2024-04-19 11:00:00,22.275564
2024-04-19 12:00:00,27.395058
2024-04-19 13:00:00,41.14616
2024-04-19 14:00:00,17.27314
2024-04-19 15:00:00,9.3967285
2024-04-19 16:00:00,16.62088
2024-04-19 17:00:00,6.6217365
2024-04-19 18:00:00,4.2663145
2024-04-19 19:00:00,3.1446114
2024-04-19 20:00:00,0.10144375
2024-04-19 21:00:00,0.0
2024-04-19 22:00:00,0.0
2024-04-19 23:00:00,0.0
2024-04-20 00:00:00,0.0
2024-04-20 01:00:00,0.0
2024-04-20 02:00:00,-0.00011375
2024-04-20 03:00:00,0.0
2024-04-20 04:00:00,0.0
2024-04-20 05:00:00,0.0
2024-04-20 06:00:00,0.9041548
2024-04-20 07:00:00,8.003204
2024-04-20 08:00:00,10.421647
2024-04-20 09:00:00,14.187317
2024-04-20 10:00:00,23.843853
2024-04-20 11:00:00,39.064327
2024-04-20 12:00:00,51.532303
2024-04-20 13:00:00,28.384472
2024-04-20 14:00:00,39.624397
2024-04-20 15:00:00,24.182629
2024-04-20 16:00:00,19.011114
2024-04-20 17:00:00,11.961435
2024-04-20 18:00:00,8.470226
2024-04-20 19:00:00,3.915695
2024-04-20 20:00:00,0.30845
2024-04-20 21:00:00,0.0
2024-04-20 22:00:00,0.0
2024-04-20 23:00:00,0.0
2024-04-21 00:00:00,0.0
2024-04-21 01:00:00,0.0
2024-04-21 02:00:00,0.0
2024-04-21 03:00:00,0.0
2024-04-21 04:00:00,0.0
2024-04-21 05:00:00,0.0
2024-04-21 06:00:00,0.68100774
2024-04-21 07:00:00,3.3921022
2024-04-21 08:00:00,15.497229
2024-04-21 09:00:00,39.121857
2024-04-21 10:00:00,35.66464
2024-04-21 11:00:00,33.69208
2024-04-21 12:00:00,17.596462
2024-04-21 13:00:00,4.3124037
2024-04-21 14:00:00,20.975906
2024-04-21 15:00:00,27.195824
2024-04-21 16:00:00,20.552717
2024-04-21 17:00:00,25.952818
2024-04-21 18:00:00,12.910117
2024-04-21 19:00:00,2.980161
2024-04-21 20:00:00,0.608225
2024-04-21 21:00:00,0.0
2024-04-21 22:00:00,0.0
2024-04-21 23:00:00,0.0
2024-04-22 00:00:00,0.0
2024-04-22 01:00:00,0.0
2024-04-22 02:00:00,0.0
2024-04-22 03:00:00,0.0
2024-04-22 04:00:00,0.0
2024-04-22 05:00:00,0.0
2024-04-22 06:00:00,0.39700097
2024-04-22 07:00:00,4.8341293
2024-04-22 08:00:00,16.545
2024-04-22 09:00:00,30.509678
2024-04-22 10:00:00,29.538654
2024-04-22 11:00:00,22.765373
2024-04-22 12:00:00,25.594349
2024-04-22 13:00:00,20.1022
2024-04-22 14:00:00,28.266544
2024-04-22 15:00:00,32.70751
2024-04-22 16:00:00,40.123444
2024-04-22 17:00:00,30.104311
2024-04-22 18:00:00,13.248004
2024-04-22 19:00:00,5.044668
2024-04-22 20:00:00,0.77064747
2024-04-22 21:00:00,0.0
2024-04-22 22:00:00,0.0
2024-04-22 23:00:00,0.0
2024-04-23 00:00:00,0.0
2024-04-23 01:00:00,0.0
2024-04-23 02:00:00,0.0
2024-04-23 03:00:00,0.0
2024-04-23 04:00:00,0.0
2024-04-23 05:00:00,0.0
2024-04-23 06:00:00,0.887637
2024-04-23 07:00:00,8.006502
2024-04-23 08:00:00,17.368437
2024-04-23 09:00:00,20.866581
2024-04-23 10:00:00,28.884262
2024-04-23 11:00:00,10.397095
2024-04-23 12:00:00,9.274183
2024-04-23 13:00:00,18.145725
2024-04-23 14:00:00,17.04876
2024-04-23 15:00:00,16.464006
2024-04-23 16:00:00,13.44051
2024-04-23 17:00:00,10.778692
2024-04-23 18:00:00,3.850051
2024-04-23 19:00:00,0.98110974
2024-04-23 20:00:00,0.0980095
2024-04-23 21:00:00,0.0
2024-04-23 22:00:00,0.0
2024-04-23 23:00:00,0.0
2024-04-24 00:00:00,0.0
2024-04-24 01:00:00,0.0
2024-04-24 02:00:00,0.0
2024-04-24 03:00:00,0.0
2024-04-24 04:00:00,0.0
2024-04-24 05:00:00,0.0
2024-04-24 06:00:00,0.23419076
2024-04-24 07:00:00,3.4183402
2024-04-24 08:00:00,6.2183166
2024-04-24 09:00:00,13.767258
2024-04-24 10:00:00,17.815964
2024-04-24 11:00:00,14.554306
2024-04-24 12:00:00,40.568954
2024-04-24 13:00:00,40.83955
2024-04-24 14:00:00,42.62545
2024-04-24 15:00:00,37.738407
2024-04-24 16:00:00,8.934263
2024-04-24 17:00:00,15.125367
2024-04-24 18:00:00,6.2172666
2024-04-24 19:00:00,3.2480686
2024-04-24 20:00:00,1.1376648
2024-04-24 21:00:00,0.0
2024-04-24 22:00:00,0.0
2024-04-24 23:00:00,0.0
2024-04-25 00:00:00,0.0
2024-04-25 01:00:00,0.0
2024-04-25 02:00:00,0.0
2024-04-25 03:00:00,0.0
2024-04-25 04:00:00,0.0
2024-04-25 05:00:00,0.0
2024-04-25 06:00:00,1.0685518
2024-04-25 07:00:00,5.516775
2024-04-25 08:00:00,9.698275
2024-04-25 09:00:00,18.26221
2024-04-25 10:00:00,36.356693
2024-04-25 11:00:00,44.403492
2024-04-25 12:00:00,28.250607
2024-04-25 13:00:00,10.81236
2024-04-25 14:00:00,10.138546
2024-04-25 15:00:00,23.596298
2024-04-25 16:00:00,18.361025
2024-04-25 17:00:00,9.367627
2024-04-25 18:00:00,11.645802
2024-04-25 19:00:00,9.095699
2024-04-25 20:00:00,1.8665648
2024-04-25 21:00:00,0.0
2024-04-25 22:00:00,0.0
2024-04-25 23:00:00,0.0
2024-04-26 00:00:00,0.0
2024-04-26 01:00:00,0.0
2024-04-26 02:00:00,0.0
2024-04-26 03:00:00,0.0
2024-04-26 04:00:00,0.0
2024-04-26 05:00:00,0.0
2024-04-26 06:00:00,0.102675006
2024-04-26 07:00:00,1.2672
2024-04-26 08:00:00,3.2245135
2024-04-26 09:00:00,3.2557786
2024-04-26 10:00:00,7.7147446
2024-04-26 11:00:00,11.012178
2024-04-26 12:00:00,34.95657
2024-04-26 13:00:00,42.04894
2024-04-26 14:00:00,18.638897
2024-04-26 15:00:00,28.266088
2024-04-26 16:00:00,27.626366
2024-04-26 17:00:00,17.397556
2024-04-26 18:00:00,17.520222
2024-04-26 19:00:00,5.732136
2024-04-26 20:00:00,0.966864
2024-04-26 21:00:00,0.0
2024-04-26 22:00:00,0.0
2024-04-26 23:00:00,0.0
2024-04-27 00:00:00,0.0
2024-04-27 01:00:00,0.0
2024-04-27 02:00:00,0.0
2024-04-27 03:00:00,0.0
2024-04-27 04:00:00,0.0
2024-04-27 05:00:00,0.0
2024-04-27 06:00:00,1.5816691
2024-04-27 07:00:00,4.8818645
2024-04-27 08:00:00,6.667435
2024-04-27 09:00:00,18.150295
2024-04-27 10:00:00,24.650372
2024-04-27 11:00:00,42.412727
2024-04-27 12:00:00,43.956017
2024-04-27 13:00:00,36.358963
2024-04-27 14:00:00,34.342693
2024-04-27 15:00:00,26.88756
2024-04-27 16:00:00,18.54445
2024-04-27 17:00:00,12.282914
2024-04-27 18:00:00,11.626297
2024-04-27 19:00:00,3.9116018
2024-04-27 20:00:00,0.47719997
2024-04-27 21:00:00,0.0
2024-04-27 22:00:00,0.0
2024-04-27 23:00:00,0.0
2024-04-28 00:00:00,0.0
2024-04-28 01:00:00,0.0
2024-04-28 02:00:00,0.0
2024-04-28 03:00:00,0.0
2024-04-28 04:00:00,0.0
2024-04-28 05:00:00,0.0
2024-04-28 06:00:00,1.830717
2024-04-28 07:00:00,8.410728
2024-04-28 08:00:00,19.828747
2024-04-28 09:00:00,31.569004
2024-04-28 10:00:00,39.879234
2024-04-28 11:00:00,30.777449
2024-04-28 12:00:00,45.44998
2024-04-28 13:00:00,36.50494
2024-04-28 14:00:00,20.44458
2024-04-28 15:00:00,24.166405
2024-04-28 16:00:00,31.747322
2024-04-28 17:00:00,20.088606
2024-04-28 18:00:00,9.298946
2024-04-28 19:00:00,2.959525
2024-04-28 20:00:00,0.277175
2024-04-28 21:00:00,0.0
2024-04-28 22:00:00,0.0
2024-04-28 23:00:00,0.0
2024-04-29 00:00:00,0.0
2024-04-29 01:00:00,0.0
2024-04-29 02:00:00,-0.0001125
2024-04-29 03:00:00,0.0
2024-04-29 04:00:00,0.0
2024-04-29 05:00:00,0.0
2024-04-29 06:00:00,1.1422458
2024-04-29 07:00:00,9.014248
2024-04-29 08:00:00,20.015837
2024-04-29 09:00:00,31.025093
2024-04-29 10:00:00,40.283318
2024-04-29 11:00:00,46.159363
2024-04-29 12:00:00,48.521484
2024-04-29 13:00:00,30.50873
2024-04-29 14:00:00,31.781708
2024-04-29 15:00:00,33.667362
2024-04-29 16:00:00,26.433434
2024-04-29 17:00:00,21.018261
2024-04-29 18:00:00,10.335725
2024-04-29 19:00:00,3.8393893
2024-04-29 20:00:00,1.1850812
2024-04-29 21:00:00,0.0
2024-04-29 22:00:00,0.0
2024-04-29 23:00:00,0.0
2024-04-30 00:00:00,0.0
2024-04-30 01:00:00,0.0
2024-04-30 02:00:00,0.0
2024-04-30 03:00:00,0.0
2024-04-30 04:00:00,0.0
2024-04-30 05:00:00,0.0
2024-04-30 06:00:00,0.84656775
2024-04-30 07:00:00,3.721287
2024-04-30 08:00:00,16.33625
2024-04-30 09:00:00,28.975128
2024-04-30 10:00:00,38.08069
2024-04-30 11:00:00,45.482567
2024-04-30 12:00:00,40.73439
2024-04-30 13:00:00,53.411453
2024-04-30 14:00:00,37.063034
2024-04-30 15:00:00,28.753891
2024-04-30 16:00:00,21.261723
2024-04-30 17:00:00,18.769772
2024-04-30 18:00:00,16.585571
2024-04-30 19:00:00,4.5806684
2024-04-30 20:00:00,0.768547
2024-04-30 21:00:00,0.0
2024-04-30 22:00:00,0.0
2024-04-30 23:00:00,0.0
2024-05-01 00:00:00,0.0
2024-05-01 01:00:00,0.0
2024-05-01 02:00:00,0.0
2024-05-01 03:00:00,0.0
2024-05-01 04:00:00,0.0
2024-05-01 05:00:00,0.035099998
2024-05-01 06:00:00,3.1183252
2024-05-01 07:00:00,8.665025
2024-05-01 08:00:00,20.091448
2024-05-01 09:00:00,30.418179
2024-05-01 10:00:00,39.766396
2024-05-01 11:00:00,46.623898
2024-05-01 12:00:00,51.871033
2024-05-01 13:00:00,53.895565
2024-05-01 14:00:00,51.760933
2024-05-01 15:00:00,46.845097
2024-05-01 16:00:00,39.208733
2024-05-01 17:00:00,29.54963
2024-05-01 18:00:00,18.15237
2024-05-01 19:00:00,5.37145
2024-05-01 20:00:00,1.8802627
2024-05-01 21:00:00,0.044445
2024-05-01 22:00:00,0.0
2024-05-01 23:00:00,0.0
2024-05-02 00:00:00,0.0
2024-05-02 01:00:00,0.0
2024-05-02 02:00:00,0.0
2024-05-02 03:00:00,0.0
2024-05-02 04:00:00,0.0
2024-05-02 05:00:00,0.068074994
2024-05-02 06:00:00,1.9146237
2024-05-02 07:00:00,10.07091
2024-05-02 08:00:00,19.123547
2024-05-02 09:00:00,30.5103
2024-05-02 10:00:00,39.932552
2024-05-02 11:00:00,47.599655
2024-05-02 12:00:00,51.548317
2024-05-02 13:00:00,52.70211
2024-05-02 14:00:00,50.56183
2024-05-02 15:00:00,45.93363
2024-05-02 16:00:00,26.111727
2024-05-02 17:00:00,19.80577
2024-05-02 18:00:00,17.787376
2024-05-02 19:00:00,4.958325
2024-05-02 20:00:00,1.1612238
2024-05-02 21:00:00,0.0
2024-05-02 22:00:00,0.0
2024-05-02 23:00:00,0.0
2024-05-03 00:00:00,0.0
2024-05-03 01:00:00,0.0
2024-05-03 02:00:00,0.0
2024-05-03 03:00:00,0.0
2024-05-03 04:00:00,0.0
2024-05-03 05:00:00,0.0
2024-05-03 06:00:00,1.817527
2024-05-03 07:00:00,9.866207
2024-05-03 08:00:00,20.076763
2024-05-03 09:00:00,31.087265
2024-05-03 10:00:00,40.16639
2024-05-03 11:00:00,41.58365
2024-05-03 12:00:00,44.407825
2024-05-03 13:00:00,39.60695
2024-05-03 14:00:00,31.743706
2024-05-03 15:00:00,21.276287
2024-05-03 16:00:00,16.343767
2024-05-03 17:00:00,20.09755
2024-05-03 18:00:00,14.175385
2024-05-03 19:00:00,2.708272
2024-05-03 20:00:00,0.532325
2024-05-03 21:00:00,0.0
2024-05-03 22:00:00,0.0
2024-05-03 23:00:00,0.0
2024-05-04 00:00:00,0.0
2024-05-04 01:00:00,0.0
2024-05-04 02:00:00,-0.00011375
2024-05-04 03:00:00,0.0
2024-05-04 04:00:00,0.0
2024-05-04 05:00:00,0.0
2024-05-04 06:00:00,1.219082
2024-05-04 07:00:00,6.022033
2024-05-04 08:00:00,11.809772
2024-05-04 09:00:00,32.5851
2024-05-04 10:00:00,32.77771
2024-05-04 11:00:00,47.062504
2024-05-04 12:00:00,43.671844
2024-05-04 13:00:00,31.509321
2024-05-04 14:00:00,53.0329
2024-05-04 15:00:00,39.6572
2024-05-04 16:00:00,22.5068
2024-05-04 17:00:00,22.576454
2024-05-04 18:00:00,2.8513994
2024-05-04 19:00:00,1.3559053
2024-05-04 20:00:00,0.6932328
2024-05-04 21:00:00,0.0
2024-05-04 22:00:00,0.0
2024-05-04 23:00:00,0.0
2024-05-05 00:00:00,0.0
2024-05-05 01:00:00,0.0
2024-05-05 02:00:00,0.0
2024-05-05 03:00:00,0.0
2024-05-05 04:00:00,0.0
2024-05-05 05:00:00,0.0
2024-05-05 06:00:00,0.37538102
2024-05-05 07:00:00,1.3650267
2024-05-05 08:00:00,1.9813898
2024-05-05 09:00:00,6.119682
2024-05-05 10:00:00,33.955276
2024-05-05 11:00:00,31.889606
2024-05-05 12:00:00,22.064789
2024-05-05 13:00:00,16.86777
2024-05-05 14:00:00,7.1469517
2024-05-05 15:00:00,16.542992
2024-05-05 16:00:00,24.374435
2024-05-05 17:00:00,8.577814
2024-05-05 18:00:00,3.3362057
2024-05-05 19:00:00,0.93729925
2024-05-05 20:00:00,0.13614875
2024-05-05 21:00:00,0.0
2024-05-05 22:00:00,0.0
2024-05-05 23:00:00,0.0
2024-05-06 00:00:00,0.0
2024-05-06 01:00:00,0.0
2024-05-06 02:00:00,0.0
2024-05-06 03:00:00,0.0
2024-05-06 04:00:00,0.0
2024-05-06 05:00:00,0.0
2024-05-06 06:00:00,1.0913455
2024-05-06 07:00:00,9.821875
2024-05-06 08:00:00,20.26199
2024-05-06 09:00:00,27.323448
2024-05-06 10:00:00,22.948849
2024-05-06 11:00:00,29.102514
2024-05-06 12:00:00,42.010033
2024-05-06 13:00:00,24.342043
2024-05-06 14:00:00,8.816228
2024-05-06 15:00:00,9.291537
2024-05-06 16:00:00,9.56236
2024-05-06 17:00:00,26.25354
2024-05-06 18:00:00,16.40618
2024-05-06 19:00:00,8.438193
2024-05-06 20:00:00,1.8252083
2024-05-06 21:00:00,0.042364497
2024-05-06 22:00:00,0.0
2024-05-06 23:00:00,0.0
2024-05-07 00:00:00,0.0
2024-05-07 01:00:00,0.0
2024-05-07 02:00:00,0.0
2024-05-07 03:00:00,0.0
2024-05-07 04:00:00,0.0
2024-05-07 05:00:00,0.0
2024-05-07 06:00:00,0.81308
2024-05-07 07:00:00,2.3562095
2024-05-07 08:00:00,7.899198
2024-05-07 09:00:00,8.766476
2024-05-07 10:00:00,14.950378
2024-05-07 11:00:00,26.102936
2024-05-07 12:00:00,29.155632
2024-05-07 13:00:00,30.566467
2024-05-07 14:00:00,45.92749
2024-05-07 15:00:00,49.071793
2024-05-07 16:00:00,35.150826
2024-05-07 17:00:00,25.354794
2024-05-07 18:00:00,14.52202
2024-05-07 19:00:00,10.4726095
2024-05-07 20:00:00,3.4103749
2024-05-07 21:00:00,0.050049998
2024-05-07 22:00:00,0.0
2024-05-07 23:00:00,0.0
2024-05-08 00:00:00,0.0
2024-05-08 01:00:00,0.0
2024-05-08 02:00:00,0.0
2024-05-08 03:00:00,0.0
2024-05-08 04:00:00,0.0
2024-05-08 05:00:00,0.079512745
2024-05-08 06:00:00,2.2557452
2024-05-08 07:00:00,12.573317
2024-05-08 08:00:00,22.93387
2024-05-08 09:00:00,33.668396
2024-05-08 10:00:00,42.581768
2024-05-08 11:00:00,49.309746
2024-05-08 12:00:00,52.937836
2024-05-08 13:00:00,54.191887
2024-05-08 14:00:00,52.523827
2024-05-08 15:00:00,48.387367
2024-05-08 16:00:00,40.803074
2024-05-08 17:00:00,31.454124
2024-05-08 18:00:00,20.317959
2024-05-08 19:00:00,5.952983
2024-05-08 20:00:00,1.5254586
2024-05-08 21:00:00,0.0548145
2024-05-08 22:00:00,0.0
2024-05-08 23:00:00,0.0
2024-05-09 00:00:00,0.0
2024-05-09 01:00:00,0.0
2024-05-09 02:00:00,-0.0001125
2024-05-09 03:00:00,0.0
2024-05-09 04:00:00,0.0
2024-05-09 05:00:00,0.13613126
2024-05-09 06:00:00,3.6558394
2024-05-09 07:00:00,11.121431
2024-05-09 08:00:00,21.254826
2024-05-09 09:00:00,38.34579
2024-05-09 10:00:00,41.80947
2024-05-09 11:00:00,40.78636
2024-05-09 12:00:00,40.215675
2024-05-09 13:00:00,45.43267
2024-05-09 14:00:00,38.4213
2024-05-09 15:00:00,38.419334
2024-05-09 16:00:00,33.040947
2024-05-09 17:00:00,24.30858
2024-05-09 18:00:00,9.214309
2024-05-09 19:00:00,2.2026658
2024-05-09 20:00:00,0.7253758
2024-05-09 21:00:00,0.0
2024-05-09 22:00:00,0.0
2024-05-09 23:00:00,0.0
2024-05-10 00:00:00,0.0
2024-05-10 01:00:00,0.0
2024-05-10 02:00:00,0.0
2024-05-10 03:00:00,0.0
2024-05-10 04:00:00,0.0
2024-05-10 05:00:00,0.08348775
2024-05-10 06:00:00,3.0166388
2024-05-10 07:00:00,6.772786
2024-05-10 08:00:00,6.858781
2024-05-10 09:00:00,8.081791
2024-05-10 10:00:00,20.114944
2024-05-10 11:00:00,17.067945
2024-05-10 12:00:00,14.499657
2024-05-10 13:00:00,13.696016
2024-05-10 14:00:00,19.35482
2024-05-10 15:00:00,10.342093
2024-05-10 16:00:00,9.536957
2024-05-10 17:00:00,8.763779
2024-05-10 18:00:00,6.57419
2024-05-10 19:00:00,4.0228157
2024-05-10 20:00:00,1.1943295
2024-05-10 21:00:00,0.0
2024-05-10 22:00:00,0.0
2024-05-10 23:00:00,0.0
2024-05-11 00:00:00,0.0
2024-05-11 01:00:00,0.0
2024-05-11 02:00:00,0.0
2024-05-11 03:00:00,0.0
2024-05-11 04:00:00,0.0
2024-05-11 05:00:00,0.22852874
2024-05-11 06:00:00,2.9876351
2024-05-11 07:00:00,12.941729
2024-05-11 08:00:00,23.42221
2024-05-11 09:00:00,34.599834
2024-05-11 10:00:00,44.336285
2024-05-11 11:00:00,50.961327
2024-05-11 12:00:00,51.981735
2024-05-11 13:00:00,54.953487
2024-05-11 14:00:00,45.41395
2024-05-11 15:00:00,49.09733
2024-05-11 16:00:00,40.84619
2024-05-11 17:00:00,27.100666
2024-05-11 18:00:00,21.166348
2024-05-11 19:00:00,6.6993127
2024-05-11 20:00:00,1.17995
2024-05-11 21:00:00,0.0776855
2024-05-11 22:00:00,0.0
2024-05-11 23:00:00,0.0
2024-05-12 00:00:00,0.0
2024-05-12 01:00:00,0.0
2024-05-12 02:00:00,0.0
2024-05-12 03:00:00,0.0
2024-05-12 04:00:00,0.0
2024-05-12 05:00:00,0.142623
2024-05-12 06:00:00,3.0379748
2024-05-12 07:00:00,10.915876
2024-05-12 08:00:00,23.038094
2024-05-12 09:00:00,33.609695
2024-05-12 10:00:00,44.699223
2024-05-12 11:00:00,45.17147
2024-05-12 12:00:00,28.086605
2024-05-12 13:00:00,38.89814
2024-05-12 14:00:00,47.371567
2024-05-12 15:00:00,53.857323
2024-05-12 16:00:00,46.76342
2024-05-12 17:00:00,31.857677
2024-05-12 18:00:00,21.573952
2024-05-12 19:00:00,7.0316925
2024-05-12 20:00:00,1.2434455
2024-05-12 21:00:00,0.088221245
2024-05-12 22:00:00,0.0
2024-05-12 23:00:00,0.0
2024-05-13 00:00:00,0.0
2024-05-13 01:00:00,0.0
2024-05-13 02:00:00,0.0
2024-05-13 03:00:00,0.0
2024-05-13 04:00:00,0.0
2024-05-13 05:00:00,0.234312
2024-05-13 06:00:00,3.1403291
2024-05-13 07:00:00,13.466825
2024-05-13 08:00:00,23.693157
2024-05-13 09:00:00,34.10231
2024-05-13 10:00:00,43.045162
2024-05-13 11:00:00,49.155224
2024-05-13 12:00:00,52.869946
2024-05-13 13:00:00,53.882854
2024-05-13 14:00:00,52.05753
2024-05-13 15:00:00,47.5578
2024-05-13 16:00:00,40.245785
2024-05-13 17:00:00,31.24907
2024-05-13 18:00:00,20.950796
2024-05-13 19:00:00,6.9477615
2024-05-13 20:00:00,1.278659
2024-05-13 21:00:00,0.1242855
2024-05-13 22:00:00,0.0
2024-05-13 23:00:00,0.0
2024-05-14 00:00:00,0.0
2024-05-14 01:00:00,0.0
2024-05-14 02:00:00,0.0
2024-05-14 03:00:00,0.0
2024-05-14 04:00:00,0.0
2024-05-14 05:00:00,0.24703275
2024-05-14 06:00:00,3.3596904
2024-05-14 07:00:00,13.468455
2024-05-14 08:00:00,24.268135
2024-05-14 09:00:00,35.24587
2024-05-14 10:00:00,44.032204
2024-05-14 11:00:00,50.615707
2024-05-14 12:00:00,54.305695
2024-05-14 13:00:00,55.15926
2024-05-14 14:00:00,53.010082
2024-05-14 15:00:00,48.256138
2024-05-14 16:00:00,40.465042
2024-05-14 17:00:00,31.78471
2024-05-14 18:00:00,21.277065
2024-05-14 19:00:00,7.302809
2024-05-14 20:00:00,1.3681748
2024-05-14 21:00:00,0.137521
2024-05-14 22:00:00,0.0
2024-05-14 23:00:00,0.0
2024-05-15 00:00:00,0.0
2024-05-15 01:00:00,0.0
2024-05-15 02:00:00,0.0
2024-05-15 03:00:00,0.0
2024-05-15 04:00:00,0.0
2024-05-15 05:00:00,0.26742375
2024-05-15 06:00:00,3.3887007
2024-05-15 07:00:00,13.424366
2024-05-15 08:00:00,23.717237
2024-05-15 09:00:00,34.59816
2024-05-15 10:00:00,43.209904
2024-05-15 11:00:00,49.40969
2024-05-15 12:00:00,53.22428
2024-05-15 13:00:00,54.293526
2024-05-15 14:00:00,52.74221
2024-05-15 15:00:00,48.746883
2024-05-15 16:00:00,41.34386
2024-05-15 17:00:00,32.312744
2024-05-15 18:00:00,21.60036
2024-05-15 19:00:00,7.592669
2024-05-15 20:00:00,1.412295
2024-05-15 21:00:00,0.16306925
2024-05-15 22:00:00,0.0
2024-05-15 23:00:00,0.0
2024-05-16 00:00:00,0.0
2024-05-16 01:00:00,0.0
2024-05-16 02:00:00,0.0
2024-05-16 03:00:00,0.0
2024-05-16 04:00:00,0.0
2024-05-16 05:00:00,0.23323399
2024-05-16 06:00:00,3.4052954
2024-05-16 07:00:00,13.1531105
2024-05-16 08:00:00,23.771544
2024-05-16 09:00:00,34.01834
2024-05-16 10:00:00,43.36345
2024-05-16 11:00:00,49.912113
2024-05-16 12:00:00,54.025726
2024-05-16 13:00:00,55.26045
2024-05-16 14:00:00,53.109276
2024-05-16 15:00:00,48.851505
2024-05-16 16:00:00,41.197037
2024-05-16 17:00:00,31.981882
2024-05-16 18:00:00,20.9273
2024-05-16 19:00:00,7.840186
2024-05-16 20:00:00,1.885373
2024-05-16 21:00:00,0.1949105
2024-05-16 22:00:00,0.0
2024-05-16 23:00:00,0.0
2024-05-17 00:00:00,0.0
2024-05-17 01:00:00,0.0
2024-05-17 02:00:00,-0.00011375
2024-05-17 03:00:00,0.0
2024-05-17 04:00:00,0.0
2024-05-17 05:00:00,0.638465
2024-05-17 06:00:00,3.1366181
2024-05-17 07:00:00,9.081017
2024-05-17 08:00:00,18.716465
2024-05-17 09:00:00,29.506634
2024-05-17 10:00:00,37.16255
2024-05-17 11:00:00,49.262093
2024-05-17 12:00:00,53.558384
2024-05-17 13:00:00,54.719025
2024-05-17 14:00:00,53.156464
2024-05-17 15:00:00,49.11048
2024-05-17 16:00:00,41.928032
2024-05-17 17:00:00,32.674797
2024-05-17 18:00:00,21.667826
2024-05-17 19:00:00,8.134488
2024-05-17 20:00:00,1.7189918
2024-05-17 21:00:00,0.203709
2024-05-17 22:00:00,0.0
2024-05-17 23:00:00,0.0
2024-05-18 00:00:00,0.0
2024-05-18 01:00:00,0.0
2024-05-18 02:00:00,0.0
2024-05-18 03:00:00,0.0
2024-05-18 04:00:00,0.0
2024-05-18 05:00:00,0.515284
2024-05-18 06:00:00,4.117038
2024-05-18 07:00:00,13.490072
2024-05-18 08:00:00,23.661804
2024-05-18 09:00:00,34.23075
2024-05-18 10:00:00,42.849953
2024-05-18 11:00:00,49.140244
2024-05-18 12:00:00,53.372288
2024-05-18 13:00:00,54.49988
2024-05-18 14:00:00,53.10523
2024-05-18 15:00:00,48.792625
2024-05-18 16:00:00,38.031715
2024-05-18 17:00:00,30.04766
2024-05-18 18:00:00,21.893679
2024-05-18 19:00:00,8.10668
2024-05-18 20:00:00,1.7216432
2024-05-18 21:00:00,0.2401675
2024-05-18 22:00:00,0.0
2024-05-18 23:00:00,0.0
2024-05-19 00:00:00,0.0
2024-05-19 01:00:00,0.0
2024-05-19 02:00:00,0.0
2024-05-19 03:00:00,0.0
2024-05-19 04:00:00,0.0
2024-05-19 05:00:00,0.34701225
2024-05-19 06:00:00,2.181042
2024-05-19 07:00:00,11.407751
2024-05-19 08:00:00,15.37458
2024-05-19 09:00:00,10.16516
2024-05-19 10:00:00,12.631905
2024-05-19 11:00:00,52.7106
2024-05-19 12:00:00,53.82955
2024-05-19 13:00:00,30.689257
2024-05-19 14:00:00,25.960205
2024-05-19 15:00:00,35.93541
2024-05-19 16:00:00,27.153685
2024-05-19 17:00:00,23.69202
2024-05-19 18:00:00,21.310497
2024-05-19 19:00:00,8.407418
2024-05-19 20:00:00,1.6894623
2024-05-19 21:00:00,0.19245
2024-05-19 22:00:00,0.0
2024-05-19 23:00:00,0.0
2024-05-20 00:00:00,0.0
2024-05-20 01:00:00,0.0
2024-05-20 02:00:00,0.0
2024-05-20 03:00:00,0.0
2024-05-20 04:00:00,0.0
2024-05-20 05:00:00,0.7152
2024-05-20 06:00:00,4.7113543
2024-05-20 07:00:00,13.6417675
2024-05-20 08:00:00,23.261189
2024-05-20 09:00:00,34.180904
2024-05-20 10:00:00,40.981346
2024-05-20 11:00:00,42.598866
2024-05-20 12:00:00,40.57562
2024-05-20 13:00:00,52.34015
2024-05-20 14:00:00,47.19155
2024-05-20 15:00:00,37.005695
2024-05-20 16:00:00,37.557175
2024-05-20 17:00:00,32.55207
2024-05-20 18:00:00,22.35411
2024-05-20 19:00:00,9.161851
2024-05-20 20:00:00,2.0349457
2024-05-20 21:00:00,0.33719173
2024-05-20 22:00:00,0.0
2024-05-20 23:00:00,0.0
2024-05-21 00:00:00,0.0
2024-05-21 01:00:00,0.0
2024-05-21 02:00:00,-0.0001125
2024-05-21 03:00:00,0.0
2024-05-21 04:00:00,0.0
2024-05-21 05:00:00,0.234262
2024-05-21 06:00:00,1.788965
2024-05-21 07:00:00,3.909544
2024-05-21 08:00:00,10.993033
2024-05-21 09:00:00,27.99518
2024-05-21 10:00:00,39.676888
2024-05-21 11:00:00,51.804676
2024-05-21 12:00:00,53.444324
2024-05-21 13:00:00,54.129852
2024-05-21 14:00:00,51.376186
2024-05-21 15:00:00,49.24343
2024-05-21 16:00:00,42.74856
2024-05-21 17:00:00,30.524225
2024-05-21 18:00:00,18.765865
2024-05-21 19:00:00,7.981427
2024-05-21 20:00:00,2.7232256
2024-05-21 21:00:00,0.2721355
2024-05-21 22:00:00,0.0
2024-05-21 23:00:00,0.0
2024-05-22 00:00:00,0.0
2024-05-22 01:00:00,0.0
2024-05-22 02:00:00,0.0
2024-05-22 03:00:00,0.0
2024-05-22 04:00:00,0.0
2024-05-22 05:00:00,0.4163295
2024-05-22 06:00:00,1.6971395
2024-05-22 07:00:00,3.9617622
2024-05-22 08:00:00,6.0905385
2024-05-22 09:00:00,5.0520926
2024-05-22 10:00:00,14.507629
2024-05-22 11:00:00,6.3394876
2024-05-22 12:00:00,17.262749
2024-05-22 13:00:00,29.340805
2024-05-22 14:00:00,22.412937
2024-05-22 15:00:00,13.853299
2024-05-22 16:00:00,5.9307647
2024-05-22 17:00:00,7.3815546
2024-05-22 18:00:00,0.60922503
2024-05-22 19:00:00,0.29511374
2024-05-22 20:00:00,0.122370005
2024-05-22 21:00:00,0.0
2024-05-22 22:00:00,0.0
2024-05-22 23:00:00,0.0
2024-05-23 00:00:00,0.0
2024-05-23 01:00:00,0.0
2024-05-23 02:00:00,0.0
2024-05-23 03:00:00,0.0
2024-05-23 04:00:00,0.0
2024-05-23 05:00:00,0.0
2024-05-23 06:00:00,1.031617
2024-05-23 07:00:00,4.403234
2024-05-23 08:00:00,6.6189804
2024-05-23 09:00:00,5.990017
2024-05-23 10:00:00,12.740697
2024-05-23 11:00:00,24.63353
2024-05-23 12:00:00,27.621067
2024-05-23 13:00:00,21.522093
2024-05-23 14:00:00,51.007317
2024-05-23 15:00:00,31.096886
2024-05-23 16:00:00,27.358536
2024-05-23 17:00:00,16.824297
2024-05-23 18:00:00,9.32523
2024-05-23 19:00:00,9.374977
2024-05-23 20:00:00,2.3674483
2024-05-23 21:00:00,0.621455
2024-05-23 22:00:00,0.0
2024-05-23 23:00:00,0.0
2024-05-24 00:00:00,0.0
2024-05-24 01:00:00,0.0
2024-05-24 02:00:00,0.0
2024-05-24 03:00:00,0.0
2024-05-24 04:00:00,0.0
2024-05-24 05:00:00,0.4817105
2024-05-24 06:00:00,4.905775
2024-05-24 07:00:00,13.348208
2024-05-24 08:00:00,23.61628
2024-05-24 09:00:00,33.73827
2024-05-24 10:00:00,23.250978
2024-05-24 11:00:00,26.006775
2024-05-24 12:00:00,30.291813
2024-05-24 13:00:00,44.895794
2024-05-24 14:00:00,46.842747
2024-05-24 15:00:00,49.189342
2024-05-24 16:00:00,37.967556
2024-05-24 17:00:00,33.701103
2024-05-24 18:00:00,23.515081
2024-05-24 19:00:00,7.5547585
2024-05-24 20:00:00,1.9548609
2024-05-24 21:00:00,0.32478198
2024-05-24 22:00:00,0.0
2024-05-24 23:00:00,0.0
2024-05-25 00:00:00,0.0
2024-05-25 01:00:00,0.0
2024-05-25 02:00:00,0.0
2024-05-25 03:00:00,0.0
2024-05-25 04:00:00,0.0
2024-05-25 05:00:00,0.862679
2024-05-25 06:00:00,4.532355
2024-05-25 07:00:00,10.066165
2024-05-25 08:00:00,17.87822
2024-05-25 09:00:00,21.357779
2024-05-25 10:00:00,21.741365
2024-05-25 11:00:00,18.156956
2024-05-25 12:00:00,15.683274
2024-05-25 13:00:00,28.430914
2024-05-25 14:00:00,16.771696
2024-05-25 15:00:00,14.396355
2024-05-25 16:00:00,20.608624
2024-05-25 17:00:00,16.287434
2024-05-25 18:00:00,13.268463
2024-05-25 19:00:00,7.4311275
2024-05-25 20:00:00,2.6800673
2024-05-25 21:00:00,0.4151845
2024-05-25 22:00:00,0.0
2024-05-25 23:00:00,0.0
2024-05-26 00:00:00,0.0
2024-05-26 01:00:00,0.0
2024-05-26 02:00:00,-0.0001125
2024-05-26 03:00:00,0.0
2024-05-26 04:00:00,0.0
2024-05-26 05:00:00,0.9331
2024-05-26 06:00:00,3.3871973
2024-05-26 07:00:00,6.073
2024-05-26 08:00:00,25.295902
2024-05-26 09:00:00,9.882725
2024-05-26 10:00:00,15.057705
2024-05-26 11:00:00,32.777077
2024-05-26 12:00:00,46.76657
2024-05-26 13:00:00,56.147194
2024-05-26 14:00:00,37.549465
2024-05-26 15:00:00,29.192461
2024-05-26 16:00:00,38.57766
2024-05-26 17:00:00,15.709278
2024-05-26 18:00:00,22.20863
2024-05-26 19:00:00,5.644002
2024-05-26 20:00:00,3.929712
2024-05-26 21:00:00,0.4829735
2024-05-26 22:00:00,0.0
2024-05-26 23:00:00,0.0
2024-05-27 00:00:00,0.0
2024-05-27 01:00:00,0.0
2024-05-27 02:00:00,0.0
2024-05-27 03:00:00,0.0
2024-05-27 04:00:00,0.0
2024-05-27 05:00:00,0.80022424
2024-05-27 06:00:00,5.9572296
2024-05-27 07:00:00,14.87419
2024-05-27 08:00:00,16.448183
2024-05-27 09:00:00,19.665575
2024-05-27 10:00:00,27.322474
2024-05-27 11:00:00,51.946304
2024-05-27 12:00:00,56.19258
2024-05-27 13:00:00,28.256
2024-05-27 14:00:00,34.297173
2024-05-27 15:00:00,17.615967
2024-05-27 16:00:00,9.431588
2024-05-27 17:00:00,10.009886
2024-05-27 18:00:00,14.605547
2024-05-27 19:00:00,10.711698
2024-05-27 20:00:00,3.2971737
2024-05-27 21:00:00,0.48682874
2024-05-27 22:00:00,0.0
2024-05-27 23:00:00,0.0
2024-05-28 00:00:00,0.0
2024-05-28 01:00:00,0.0
2024-05-28 02:00:00,0.0
2024-05-28 03:00:00,0.0
2024-05-28 04:00:00,0.0
2024-05-28 05:00:00,0.0
2024-05-28 06:00:00,0.8100705
2024-05-28 07:00:00,4.8466783
2024-05-28 08:00:00,7.7829056
2024-05-28 09:00:00,8.407443
2024-05-28 10:00:00,8.425538
2024-05-28 11:00:00,11.938288
2024-05-28 12:00:00,21.826838
2024-05-28 13:00:00,18.52275
2024-05-28 14:00:00,36.506065
2024-05-28 15:00:00,55.498775
2024-05-28 16:00:00,42.45739
2024-05-28 17:00:00,29.837507
2024-05-28 18:00:00,21.959085
2024-05-28 19:00:00,11.07621
2024-05-28 20:00:00,2.314476
2024-05-28 21:00:00,0.45927548
2024-05-28 22:00:00,0.0
2024-05-28 23:00:00,0.0
2024-05-29 00:00:00,0.0
2024-05-29 01:00:00,0.0
2024-05-29 02:00:00,-0.0001125
2024-05-29 03:00:00,0.0
2024-05-29 04:00:00,0.0
2024-05-29 05:00:00,0.163275
2024-05-29 06:00:00,2.5521083
2024-05-29 07:00:00,4.580394
2024-05-29 08:00:00,10.122175
2024-05-29 09:00:00,9.068972
2024-05-29 10:00:00,9.462043
2024-05-29 11:00:00,14.886141
2024-05-29 12:00:00,18.13135
2024-05-29 13:00:00,12.756002
2024-05-29 14:00:00,8.28417
2024-05-29 15:00:00,15.763075
2024-05-29 16:00:00,17.50283
2024-05-29 17:00:00,29.445051
2024-05-29 18:00:00,25.466478
2024-05-29 19:00:00,2.1442492
2024-05-29 20:00:00,2.8293166
2024-05-29 21:00:00,0.5976567
2024-05-29 22:00:00,0.0
2024-05-29 23:00:00,0.0
2024-05-30 00:00:00,0.0
2024-05-30 01:00:00,0.0
2024-05-30 02:00:00,0.0
2024-05-30 03:00:00,0.0
2024-05-30 04:00:00,0.0
2024-05-30 05:00:00,0.8501512
2024-05-30 06:00:00,4.0138
2024-05-30 07:00:00,11.5926285
2024-05-30 08:00:00,13.252037
2024-05-30 09:00:00,19.916262
2024-05-30 10:00:00,28.627665
2024-05-30 11:00:00,50.477634
2024-05-30 12:00:00,49.800385
2024-05-30 13:00:00,59.103317
2024-05-30 14:00:00,48.093292
2024-05-30 15:00:00,44.930355
2024-05-30 16:00:00,26.68521
2024-05-30 17:00:00,31.317871
2024-05-30 18:00:00,23.006714
2024-05-30 19:00:00,14.330753
2024-05-30 20:00:00,5.295895
2024-05-30 21:00:00,0.93839675
2024-05-30 22:00:00,0.0
2024-05-30 23:00:00,0.0
2024-05-31 00:00:00,0.0
2024-05-31 01:00:00,0.0
2024-05-31 02:00:00,0.0
2024-05-31 03:00:00,0.0
2024-05-31 04:00:00,0.0
2024-05-31 05:00:00,0.0
2024-05-31 06:00:00,1.9924922
2024-05-31 07:00:00,1.9822251
2024-05-31 08:00:00,4.0294085
2024-05-31 09:00:00,9.756525
2024-05-31 10:00:00,9.680655
2024-05-31 11:00:00,10.199882
2024-05-31 12:00:00,16.317604
2024-05-31 13:00:00,26.500757
2024-05-31 14:00:00,56.418556
2024-05-31 15:00:00,35.240776
2024-05-31 16:00:00,36.481445
2024-05-31 17:00:00,13.700897
2024-05-31 18:00:00,13.955664
2024-05-31 19:00:00,6.683153
2024-05-31 20:00:00,1.7682875
2024-05-31 21:00:00,0.286625
2024-05-31 22:00:00,0.0
2024-05-31 23:00:00,0.0
2024-06-01 00:00:00,0.0
2024-06-01 01:00:00,0.0
2024-06-01 02:00:00,0.0
2024-06-01 03:00:00,0.0
2024-06-01 04:00:00,0.0
2024-06-01 05:00:00,1.2058158
2024-06-01 06:00:00,6.151862
2024-06-01 07:00:00,13.233025
2024-06-01 08:00:00,12.633451
2024-06-01 09:00:00,26.444284
2024-06-01 10:00:00,27.970695
2024-06-01 11:00:00,36.92818
2024-06-01 12:00:00,46.939194
2024-06-01 13:00:00,55.632313
2024-06-01 14:00:00,49.448715
2024-06-01 15:00:00,50.895733
2024-06-01 16:00:00,44.278656
2024-06-01 17:00:00,33.928623
2024-06-01 18:00:00,23.039328
2024-06-01 19:00:00,11.548948
2024-06-01 20:00:00,2.57731
2024-06-01 21:00:00,0.7975488
2024-06-01 22:00:00,0.0
2024-06-01 23:00:00,0.0
2024-06-02 00:00:00,0.0
2024-06-02 01:00:00,0.0
2024-06-02 02:00:00,-0.0001125
2024-06-02 03:00:00,0.0
2024-06-02 04:00:00,0.0
2024-06-02 05:00:00,0.29301324
2024-06-02 06:00:00,1.9740665
2024-06-02 07:00:00,6.034916
2024-06-02 08:00:00,11.453983
2024-06-02 09:00:00,17.140413
2024-06-02 10:00:00,20.967585
2024-06-02 11:00:00,26.825829
2024-06-02 12:00:00,25.81518
2024-06-02 13:00:00,24.277534
2024-06-02 14:00:00,23.66049
2024-06-02 15:00:00,26.241205
2024-06-02 16:00:00,20.150282
2024-06-02 17:00:00,14.768558
2024-06-02 18:00:00,9.509178
2024-06-02 19:00:00,6.7546573
2024-06-02 20:00:00,2.6409283
2024-06-02 21:00:00,0.32618126
2024-06-02 22:00:00,0.0
2024-06-02 23:00:00,0.0
2024-06-03 00:00:00,0.0
2024-06-03 01:00:00,0.0
2024-06-03 02:00:00,0.0
2024-06-03 03:00:00,0.0
2024-06-03 04:00:00,0.0
2024-06-03 05:00:00,0.39741948
2024-06-03 06:00:00,2.8950152
2024-06-03 07:00:00,6.050284
2024-06-03 08:00:00,11.646125
2024-06-03 09:00:00,19.451632
2024-06-03 10:00:00,18.495148
2024-06-03 11:00:00,19.730299
2024-06-03 12:00:00,26.620972
2024-06-03 13:00:00,15.891558
2024-06-03 14:00:00,12.980855
2024-06-03 15:00:00,4.3593054
2024-06-03 16:00:00,4.842323
2024-06-03 17:00:00,5.525575
2024-06-03 18:00:00,4.2209907
2024-06-03 19:00:00,1.4897236
2024-06-03 20:00:00,1.5560371
2024-06-03 21:00:00,0.177525
2024-06-03 22:00:00,0.0
2024-06-03 23:00:00,0.0
2024-06-04 00:00:00,0.0
2024-06-04 01:00:00,0.0
2024-06-04 02:00:00,0.0
2024-06-04 03:00:00,0.0
2024-06-04 04:00:00,0.0
2024-06-04 05:00:00,0.5396275
2024-06-04 06:00:00,2.3510077
2024-06-04 07:00:00,2.8797004
2024-06-04 08:00:00,4.0222454
2024-06-04 09:00:00,12.192025
2024-06-04 10:00:00,18.51796
2024-06-04 11:00:00,17.156733
2024-06-04 12:00:00,8.966179
2024-06-04 13:00:00,30.138815
2024-06-04 14:00:00,14.1736355
2024-06-04 15:00:00,16.934605
2024-06-04 16:00:00,6.070614
2024-06-04 17:00:00,6.4292097
2024-06-04 18:00:00,5.8340454
2024-06-04 19:00:00,14.8185425
2024-06-04 20:00:00,4.573553
2024-06-04 21:00:00,0.14372475
2024-06-04 22:00:00,0.0
2024-06-04 23:00:00,0.0
2024-06-05 00:00:00,0.0
2024-06-05 01:00:00,0.0
2024-06-05 02:00:00,0.0
2024-06-05 03:00:00,0.0
2024-06-05 04:00:00,0.0
2024-06-05 05:00:00,0.078207746
2024-06-05 06:00:00,2.2894192
2024-06-05 07:00:00,14.84901
2024-06-05 08:00:00,25.003942
2024-06-05 09:00:00,31.471102
2024-06-05 10:00:00,43.501347
2024-06-05 11:00:00,41.00522
2024-06-05 12:00:00,39.94313
2024-06-05 13:00:00,42.237194
2024-06-05 14:00:00,52.253086
2024-06-05 15:00:00,46.52681
2024-06-05 16:00:00,44.927383
2024-06-05 17:00:00,36.859253
2024-06-05 18:00:00,16.240578
2024-06-05 19:00:00,10.373454
2024-06-05 20:00:00,3.1795156
2024-06-05 21:00:00,0.75675803
2024-06-05 22:00:00,0.0
2024-06-05 23:00:00,0.0
2024-06-06 00:00:00,0.0
2024-06-06 01:00:00,0.0
2024-06-06 02:00:00,-0.00011075
2024-06-06 03:00:00,0.0
2024-06-06 04:00:00,0.039
2024-06-06 05:00:00,1.2312232
2024-06-06 06:00:00,6.9188
2024-06-06 07:00:00,13.91057
2024-06-06 08:00:00,17.777063
2024-06-06 09:00:00,24.76069
2024-06-06 10:00:00,11.2476015
2024-06-06 11:00:00,11.223595
2024-06-06 12:00:00,17.485693
2024-06-06 13:00:00,9.565247
2024-06-06 14:00:00,27.803965
2024-06-06 15:00:00,18.05142
2024-06-06 16:00:00,10.461509
2024-06-06 17:00:00,7.885683
2024-06-06 18:00:00,5.8680396
2024-06-06 19:00:00,7.416237
2024-06-06 20:00:00,4.958716
2024-06-06 21:00:00,1.0658772
2024-06-06 22:00:00,0.0
2024-06-06 23:00:00,0.0
2024-06-07 00:00:00,0.0
2024-06-07 01:00:00,0.0
2024-06-07 02:00:00,0.0
2024-06-07 03:00:00,0.0
2024-06-07 04:00:00,0.0
2024-06-07 05:00:00,1.0597948
2024-06-07 06:00:00,4.4007397
2024-06-07 07:00:00,6.992946
2024-06-07 08:00:00,24.36791
2024-06-07 09:00:00,31.186846
2024-06-07 10:00:00,39.37972
2024-06-07 11:00:00,24.583662
2024-06-07 12:00:00,17.278435
2024-06-07 13:00:00,25.554405
2024-06-07 14:00:00,51.251713
2024-06-07 15:00:00,33.297386
2024-06-07 16:00:00,20.225365
2024-06-07 17:00:00,16.88078
2024-06-07 18:00:00,21.23883
2024-06-07 19:00:00,14.271113
2024-06-07 20:00:00,2.7471867
2024-06-07 21:00:00,0.73239625
2024-06-07 22:00:00,0.0
2024-06-07 23:00:00,0.0
2024-06-08 00:00:00,0.0
2024-06-08 01:00:00,0.0
2024-06-08 02:00:00,0.0
2024-06-08 03:00:00,0.0
2024-06-08 04:00:00,0.0
2024-06-08 05:00:00,0.14215
2024-06-08 06:00:00,1.3651383
2024-06-08 07:00:00,3.076924
2024-06-08 08:00:00,8.780691
2024-06-08 09:00:00,23.070387
2024-06-08 10:00:00,36.201458
2024-06-08 11:00:00,52.73567
2024-06-08 12:00:00,42.318367
2024-06-08 13:00:00,12.34159
2024-06-08 14:00:00,19.457476
2024-06-08 15:00:00,24.805864
2024-06-08 16:00:00,4.2062216
2024-06-08 17:00:00,5.2458897
2024-06-08 18:00:00,8.34865
2024-06-08 19:00:00,7.9971075
2024-06-08 20:00:00,1.3758475
2024-06-08 21:00:00,0.41844875
2024-06-08 22:00:00,0.0
2024-06-08 23:00:00,0.0
2024-06-09 00:00:00,0.0
2024-06-09 01:00:00,0.0
2024-06-09 02:00:00,0.0
2024-06-09 03:00:00,0.0
2024-06-09 04:00:00,0.0
2024-06-09 05:00:00,0.96652496
2024-06-09 06:00:00,6.1201086
2024-06-09 07:00:00,11.655463
2024-06-09 08:00:00,23.52553
2024-06-09 09:00:00,16.7937
2024-06-09 10:00:00,17.930733
2024-06-09 11:00:00,27.516434
2024-06-09 12:00:00,24.371162
2024-06-09 13:00:00,18.29153
2024-06-09 14:00:00,8.967145
2024-06-09 15:00:00,16.280775
2024-06-09 16:00:00,33.39065
2024-06-09 17:00:00,19.567682
2024-06-09 18:00:00,20.274746
2024-06-09 19:00:00,10.120225
2024-06-09 20:00:00,5.448939
2024-06-09 21:00:00,0.9929415
2024-06-09 22:00:00,0.0
2024-06-09 23:00:00,0.0
2024-06-10 00:00:00,0.0
2024-06-10 01:00:00,0.0
2024-06-10 02:00:00,0.0
2024-06-10 03:00:00,0.0
2024-06-10 04:00:00,0.0365625
2024-06-10 05:00:00,0.9583945
2024-06-10 06:00:00,8.362524
2024-06-10 07:00:00,15.399977
2024-06-10 08:00:00,14.472996
2024-06-10 09:00:00,23.633284
2024-06-10 10:00:00,32.936386
2024-06-10 11:00:00,32.167957
2024-06-10 12:00:00,21.324055
2024-06-10 13:00:00,33.66236
2024-06-10 14:00:00,38.612297
2024-06-10 15:00:00,29.998075
2024-06-10 16:00:00,26.325066
2024-06-10 17:00:00,14.069931
2024-06-10 18:00:00,10.743914
2024-06-10 19:00:00,5.2858
2024-06-10 20:00:00,1.3097618
2024-06-10 21:00:00,0.0866355
2024-06-10 22:00:00,0.0
2024-06-10 23:00:00,0.0
2024-06-11 00:00:00,0.0
2024-06-11 01:00:00,0.0
2024-06-11 02:00:00,0.0
2024-06-11 03:00:00,0.0
2024-06-11 04:00:00,0.0
2024-06-11 05:00:00,0.48479575
2024-06-11 06:00:00,3.7296987
2024-06-11 07:00:00,13.110224
2024-06-11 08:00:00,18.278687
2024-06-11 09:00:00,23.36765
2024-06-11 10:00:00,29.588346
2024-06-11 11:00:00,20.997538
2024-06-11 12:00:00,11.137808
2024-06-11 13:00:00,39.057
2024-06-11 14:00:00,13.045146
2024-06-11 15:00:00,25.602024
2024-06-11 16:00:00,18.96139
2024-06-11 17:00:00,42.803566
2024-06-11 18:00:00,20.529144
2024-06-11 19:00:00,6.4544334
2024-06-11 20:00:00,1.9879215
2024-06-11 21:00:00,0.43651724
2024-06-11 22:00:00,0.0
2024-06-11 23:00:00,0.0
2024-06-12 00:00:00,0.0
2024-06-12 01:00:00,0.0
2024-06-12 02:00:00,0.0
2024-06-12 03:00:00,0.0
2024-06-12 04:00:00,0.0
2024-06-12 05:00:00,0.49188575
2024-06-12 06:00:00,5.075226
2024-06-12 07:00:00,7.2891655
2024-06-12 08:00:00,22.175167
2024-06-12 09:00:00,28.266235
2024-06-12 10:00:00,25.326555
2024-06-12 11:00:00,28.166868
2024-06-12 12:00:00,31.635386
2024-06-12 13:00:00,28.237133
2024-06-12 14:00:00,39.893223
2024-06-12 15:00:00,47.3991
2024-06-12 16:00:00,17.075645
2024-06-12 17:00:00,19.183788
2024-06-12 18:00:00,8.513011
2024-06-12 19:00:00,14.310633
2024-06-12 20:00:00,4.4305167
2024-06-12 21:00:00,0.871869
2024-06-12 22:00:00,0.0
2024-06-12 23:00:00,0.0
2024-06-13 00:00:00,0.0
2024-06-13 01:00:00,0.0
2024-06-13 02:00:00,0.0
2024-06-13 03:00:00,0.0
2024-06-13 04:00:00,0.0
2024-06-13 05:00:00,0.92653376
2024-06-13 06:00:00,5.074048
2024-06-13 07:00:00,6.451089
2024-06-13 08:00:00,12.646713
2024-06-13 09:00:00,19.431454
2024-06-13 10:00:00,30.18366
2024-06-13 11:00:00,28.069721
2024-06-13 12:00:00,27.678774
2024-06-13 13:00:00,17.95046
2024-06-13 14:00:00,16.462532
2024-06-13 15:00:00,18.323452
2024-06-13 16:00:00,13.118549
2024-06-13 17:00:00,8.967809
2024-06-13 18:00:00,7.111403
2024-06-13 19:00:00,4.6937532
2024-06-13 20:00:00,4.36673
2024-06-13 21:00:00,0.43624425
2024-06-13 22:00:00,0.0
2024-06-13 23:00:00,0.0
2024-06-14 00:00:00,0.0
2024-06-14 01:00:00,0.0
2024-06-14 02:00:00,0.0
2024-06-14 03:00:00,0.0
2024-06-14 04:00:00,0.0
2024-06-14 05:00:00,0.17722501
2024-06-14 06:00:00,3.0388482
2024-06-14 07:00:00,15.550408
2024-06-14 08:00:00,25.634714
2024-06-14 09:00:00,35.465923
2024-06-14 10:00:00,25.09087
2024-06-14 11:00:00,22.86384
2024-06-14 12:00:00,34.942505
2024-06-14 13:00:00,33.92627
2024-06-14 14:00:00,32.731415
2024-06-14 15:00:00,44.182457
2024-06-14 16:00:00,17.723324
2024-06-14 17:00:00,19.779175
2024-06-14 18:00:00,9.678688
2024-06-14 19:00:00,3.53905
2024-06-14 20:00:00,1.702871
2024-06-14 21:00:00,0.23874551
2024-06-14 22:00:00,0.0
2024-06-14 23:00:00,0.0
2024-06-15 00:00:00,0.0
2024-06-15 01:00:00,0.0
2024-06-15 02:00:00,0.0
2024-06-15 03:00:00,0.0
2024-06-15 04:00:00,0.0
2024-06-15 05:00:00,0.76725376
2024-06-15 06:00:00,4.456174
2024-06-15 07:00:00,5.7556767
2024-06-15 08:00:00,4.6728
2024-06-15 09:00:00,2.560691
2024-06-15 10:00:00,3.4541483
2024-06-15 11:00:00,11.735504
2024-06-15 12:00:00,23.36015
2024-06-15 13:00:00,35.049114
2024-06-15 14:00:00,26.898962
2024-06-15 15:00:00,21.595488
2024-06-15 16:00:00,21.285534
2024-06-15 17:00:00,18.238314
2024-06-15 18:00:00,15.195097
2024-06-15 19:00:00,14.7540045
2024-06-15 20:00:00,2.3594882
2024-06-15 21:00:00,0.06530925
2024-06-15 22:00:00,0.0
2024-06-15 23:00:00,0.0
2024-06-16 00:00:00,0.0
2024-06-16 01:00:00,0.0
2024-06-16 02:00:00,0.0
2024-06-16 03:00:00,0.0
2024-06-16 04:00:00,0.0
2024-06-16 05:00:00,0.63530755
2024-06-16 06:00:00,4.3682117
2024-06-16 07:00:00,9.291857
2024-06-16 08:00:00,11.560172
2024-06-16 09:00:00,12.073509
2024-06-16 10:00:00,11.972701
2024-06-16 11:00:00,27.051676
2024-06-16 12:00:00,29.923857
2024-06-16 13:00:00,39.520298
2024-06-16 14:00:00,48.23423
2024-06-16 15:00:00,44.467407
2024-06-16 16:00:00,28.545092
2024-06-16 17:00:00,16.315691
2024-06-16 18:00:00,12.786823
2024-06-16 19:00:00,5.1183906
2024-06-16 20:00:00,0.8270937
2024-06-16 21:00:00,1.4100938
2024-06-16 22:00:00,0.0
2024-06-16 23:00:00,0.0
2024-06-17 00:00:00,0.0
2024-06-17 01:00:00,0.0
2024-06-17 02:00:00,0.0
2024-06-17 03:00:00,0.0
2024-06-17 04:00:00,0.04672875
2024-06-17 05:00:00,1.889307
2024-06-17 06:00:00,5.8675776
2024-06-17 07:00:00,11.332247
2024-06-17 08:00:00,12.127867
2024-06-17 09:00:00,11.810291
2024-06-17 10:00:00,10.44234
2024-06-17 11:00:00,44.842674
2024-06-17 12:00:00,47.00753
2024-06-17 13:00:00,53.309303
2024-06-17 14:00:00,48.15386
2024-06-17 15:00:00,40.880257
2024-06-17 16:00:00,23.3112
2024-06-17 17:00:00,36.57045
2024-06-17 18:00:00,27.113066
2024-06-17 19:00:00,12.769919
2024-06-17 20:00:00,4.8845286
2024-06-17 21:00:00,0.423963
2024-06-17 22:00:00,0.0
2024-06-17 23:00:00,0.0
2024-06-18 00:00:00,0.0
2024-06-18 01:00:00,0.0
2024-06-18 02:00:00,-0.0001125
2024-06-18 03:00:00,0.0
2024-06-18 04:00:00,0.0
2024-06-18 05:00:00,1.048897
2024-06-18 06:00:00,7.192567
2024-06-18 07:00:00,16.491924
2024-06-18 08:00:00,27.116215
2024-06-18 09:00:00,31.749874
2024-06-18 10:00:00,47.76851
2024-06-18 11:00:00,38.52859
2024-06-18 12:00:00,39.75225
2024-06-18 13:00:00,48.138893
2024-06-18 14:00:00,45.74155
2024-06-18 15:00:00,30.036259
2024-06-18 16:00:00,19.240915
2024-06-18 17:00:00,15.020175
2024-06-18 18:00:00,6.8061104
2024-06-18 19:00:00,5.15307
2024-06-18 20:00:00,0.95950127
2024-06-18 21:00:00,0.26587498
2024-06-18 22:00:00,0.09760176
2024-06-18 23:00:00,0.0
2024-06-19 00:00:00,0.0
2024-06-19 01:00:00,0.0
2024-06-19 02:00:00,0.0
2024-06-19 03:00:00,0.0
2024-06-19 04:00:00,0.0
2024-06-19 05:00:00,0.952394
2024-06-19 06:00:00,7.1742935
2024-06-19 07:00:00,16.225718
2024-06-19 08:00:00,28.515673
2024-06-19 09:00:00,34.563423
2024-06-19 10:00:00,28.480251
2024-06-19 11:00:00,37.824883
2024-06-19 12:00:00,29.219473
2024-06-19 13:00:00,34.915176
2024-06-19 14:00:00,46.393486
2024-06-19 15:00:00,29.361778
2024-06-19 16:00:00,35.24166
2024-06-19 17:00:00,29.3317
2024-06-19 18:00:00,11.806415
2024-06-19 19:00:00,10.930832
2024-06-19 20:00:00,3.534947
2024-06-19 21:00:00,0.7473567
2024-06-19 22:00:00,0.0197
2024-06-19 23:00:00,0.0
2024-06-20 00:00:00,0.0
2024-06-20 01:00:00,0.0
2024-06-20 02:00:00,0.0
2024-06-20 03:00:00,0.0
2024-06-20 04:00:00,0.0
2024-06-20 05:00:00,1.1982992
2024-06-20 06:00:00,7.5271235
2024-06-20 07:00:00,17.069057
2024-06-20 08:00:00,27.928406
2024-06-20 09:00:00,37.467087
2024-06-20 10:00:00,38.561066
2024-06-20 11:00:00,42.771446
2024-06-20 12:00:00,56.451435
2024-06-20 13:00:00,55.442688
2024-06-20 14:00:00,55.455402
2024-06-20 15:00:00,37.597225
2024-06-20 16:00:00,37.15552
2024-06-20 17:00:00,36.299244
2024-06-20 18:00:00,26.722857
2024-06-20 19:00:00,12.461525
2024-06-20 20:00:00,3.9198565
2024-06-20 21:00:00,0.596205
2024-06-20 22:00:00,0.0
2024-06-20 23:00:00,0.0
2024-06-21 00:00:00,0.0
2024-06-21 01:00:00,0.0
2024-06-21 02:00:00,0.0
2024-06-21 03:00:00,0.0
2024-06-21 04:00:00,0.0
2024-06-21 05:00:00,0.72009146
2024-06-21 06:00:00,2.707038
2024-06-21 07:00:00,14.179995
2024-06-21 08:00:00,12.254452
2024-06-21 09:00:00,15.326123
2024-06-21 10:00:00,11.892559
2024-06-21 11:00:00,12.376732
2024-06-21 12:00:00,14.492218
2024-06-21 13:00:00,15.659847
2024-06-21 14:00:00,11.289096
2024-06-21 15:00:00,13.637387
2024-06-21 16:00:00,11.007261
2024-06-21 17:00:00,10.426787
2024-06-21 18:00:00,1.5542067
2024-06-21 19:00:00,0.7087532
2024-06-21 20:00:00,0.800195
2024-06-21 21:00:00,1.217805
2024-06-21 22:00:00,0.0
2024-06-21 23:00:00,0.0
2024-06-22 00:00:00,0.0
2024-06-22 01:00:00,0.0
2024-06-22 02:00:00,0.0
2024-06-22 03:00:00,0.0
2024-06-22 04:00:00,0.0
2024-06-22 05:00:00,0.24942376
2024-06-22 06:00:00,0.45044076
2024-06-22 07:00:00,1.3677008
2024-06-22 08:00:00,4.229027
2024-06-22 09:00:00,22.466965
2024-06-22 10:00:00,23.060793
2024-06-22 11:00:00,26.956572
2024-06-22 12:00:00,18.762503
2024-06-22 13:00:00,66.270355
2024-06-22 14:00:00,49.703026
2024-06-22 15:00:00,55.07865
2024-06-22 16:00:00,46.73886
2024-06-22 17:00:00,38.38383
2024-06-22 18:00:00,26.762075
2024-06-22 19:00:00,14.390213
2024-06-22 20:00:00,3.2503216
2024-06-22 21:00:00,0.93639046
2024-06-22 22:00:00,0.01967225
2024-06-22 23:00:00,0.0
2024-06-23 00:00:00,0.0
2024-06-23 01:00:00,0.0
2024-06-23 02:00:00,0.0
2024-06-23 03:00:00,0.0
2024-06-23 04:00:00,0.0
2024-06-23 05:00:00,1.0652407
2024-06-23 06:00:00,5.890544
2024-06-23 07:00:00,7.383315
2024-06-23 08:00:00,14.682474
2024-06-23 09:00:00,13.905073
2024-06-23 10:00:00,15.418296
2024-06-23 11:00:00,34.290646
2024-06-23 12:00:00,37.299835
2024-06-23 13:00:00,34.837692
2024-06-23 14:00:00,40.147198
2024-06-23 15:00:00,47.18127
2024-06-23 16:00:00,46.82222
2024-06-23 17:00:00,31.326408
2024-06-23 18:00:00,25.791674
2024-06-23 19:00:00,15.130534
2024-06-23 20:00:00,2.9757366
2024-06-23 21:00:00,1.3903892
2024-06-23 22:00:00,0.0349025
2024-06-23 23:00:00,0.0
2024-06-24 00:00:00,0.0
2024-06-24 01:00:00,0.0
2024-06-24 02:00:00,0.0
2024-06-24 03:00:00,0.0
2024-06-24 04:00:00,0.0
2024-06-24 05:00:00,1.1867454
2024-06-24 06:00:00,5.492783
2024-06-24 07:00:00,10.656026
2024-06-24 08:00:00,23.514698
2024-06-24 09:00:00,25.395918
2024-06-24 10:00:00,29.58458
2024-06-24 11:00:00,32.20106
2024-06-24 12:00:00,40.139847
2024-06-24 13:00:00,22.749012
2024-06-24 14:00:00,39.322357
2024-06-24 15:00:00,58.934395
2024-06-24 16:00:00,41.19648
2024-06-24 17:00:00,26.54521
2024-06-24 18:00:00,25.695814
2024-06-24 19:00:00,14.103354
2024-06-24 20:00:00,2.648435
2024-06-24 21:00:00,0.8025415
2024-06-24 22:00:00,0.019669501
2024-06-24 23:00:00,0.0
2024-06-25 00:00:00,0.0
2024-06-25 01:00:00,0.0
2024-06-25 02:00:00,0.0
2024-06-25 03:00:00,0.0
2024-06-25 04:00:00,0.0
2024-06-25 05:00:00,0.90847504
2024-06-25 06:00:00,7.0262012
2024-06-25 07:00:00,15.906687
2024-06-25 08:00:00,26.195389
2024-06-25 09:00:00,36.02111
2024-06-25 10:00:00,44.201225
2024-06-25 11:00:00,44.25169
2024-06-25 12:00:00,46.478584
2024-06-25 13:00:00,53.196808
2024-06-25 14:00:00,54.565895
2024-06-25 15:00:00,50.45065
2024-06-25 16:00:00,43.864624
2024-06-25 17:00:00,35.39801
2024-06-25 18:00:00,25.860012
2024-06-25 19:00:00,13.829505
2024-06-25 20:00:00,2.8917975
2024-06-25 21:00:00,0.811767
2024-06-25 22:00:00,0.0176695
2024-06-25 23:00:00,0.0
2024-06-26 00:00:00,0.0
2024-06-26 01:00:00,0.0
2024-06-26 02:00:00,-0.00011375
2024-06-26 03:00:00,0.0
2024-06-26 04:00:00,0.0
2024-06-26 05:00:00,0.951254
2024-06-26 06:00:00,6.665556
2024-06-26 07:00:00,15.430269
2024-06-26 08:00:00,25.531681
2024-06-26 09:00:00,35.452457
2024-06-26 10:00:00,43.654305
2024-06-26 11:00:00,51.092197
2024-06-26 12:00:00,55.107666
2024-06-26 13:00:00,49.0421
2024-06-26 14:00:00,54.096394
2024-06-26 15:00:00,50.55803
2024-06-26 16:00:00,44.2688
2024-06-26 17:00:00,35.588707
2024-06-26 18:00:00,25.544655
2024-06-26 19:00:00,13.858802
2024-06-26 20:00:00,3.0117161
2024-06-26 21:00:00,0.92298925
2024-06-26 22:00:00,0.019795
2024-06-26 23:00:00,0.0
2024-06-27 00:00:00,0.0
2024-06-27 01:00:00,0.0
2024-06-27 02:00:00,0.0
2024-06-27 03:00:00,0.0
2024-06-27 04:00:00,0.0
2024-06-27 05:00:00,0.74861246
2024-06-27 06:00:00,4.701436
2024-06-27 07:00:00,13.88975
2024-06-27 08:00:00,23.821064
2024-06-27 09:00:00,27.896984
2024-06-27 10:00:00,37.29136
2024-06-27 11:00:00,41.834507
2024-06-27 12:00:00,42.853374
2024-06-27 13:00:00,38.314186
2024-06-27 14:00:00,48.335068
2024-06-27 15:00:00,32.665466
2024-06-27 16:00:00,11.035276
2024-06-27 17:00:00,3.590998
2024-06-27 18:00:00,3.2470887
2024-06-27 19:00:00,1.223455
2024-06-27 20:00:00,4.2707257
2024-06-27 21:00:00,1.5927836
2024-06-27 22:00:00,0.11047125
2024-06-27 23:00:00,0.0
2024-06-28 00:00:00,0.0
2024-06-28 01:00:00,0.0
2024-06-28 02:00:00,0.0
2024-06-28 03:00:00,0.0
2024-06-28 04:00:00,0.0
2024-06-28 05:00:00,0.46226877
2024-06-28 06:00:00,1.0659453
2024-06-28 07:00:00,6.6123195
2024-06-28 08:00:00,11.6570635
2024-06-28 09:00:00,19.265297
2024-06-28 10:00:00,34.63523
2024-06-28 11:00:00,39.073643
2024-06-28 12:00:00,59.090782
2024-06-28 13:00:00,45.023876
2024-06-28 14:00:00,59.08488
2024-06-28 15:00:00,54.576862
2024-06-28 16:00:00,37.440063
2024-06-28 17:00:00,38.095894
2024-06-28 18:00:00,22.56825
2024-06-28 19:00:00,12.534984
2024-06-28 20:00:00,4.349782
2024-06-28 21:00:00,1.0072845
2024-06-28 22:00:00,0.0165
2024-06-28 23:00:00,0.0
2024-06-29 00:00:00,0.0
2024-06-29 01:00:00,0.0
2024-06-29 02:00:00,0.0
2024-06-29 03:00:00,0.0
2024-06-29 04:00:00,0.0
2024-06-29 05:00:00,1.0771883
2024-06-29 06:00:00,6.9172153
2024-06-29 07:00:00,15.780001
2024-06-29 08:00:00,23.261398
2024-06-29 09:00:00,45.337837
2024-06-29 10:00:00,31.539562
2024-06-29 11:00:00,51.802425
2024-06-29 12:00:00,19.183386
2024-06-29 13:00:00,34.73358
2024-06-29 14:00:00,51.49102
2024-06-29 15:00:00,58.972813
2024-06-29 16:00:00,30.800785
2024-06-29 17:00:00,25.671963
2024-06-29 18:00:00,26.721615
2024-06-29 19:00:00,13.779869
2024-06-29 20:00:00,3.345921
2024-06-29 21:00:00,0.9223053
2024-06-29 22:00:00,0.0
2024-06-29 23:00:00,0.0
2024-06-30 00:00:00,0.0
2024-06-30 01:00:00,0.0
2024-06-30 02:00:00,0.0
2024-06-30 03:00:00,0.0
2024-06-30 04:00:00,0.0
2024-06-30 05:00:00,0.0
2024-06-30 06:00:00,0.0
2024-06-30 07:00:00,0.7671265
2024-06-30 08:00:00,5.5277123
2024-06-30 09:00:00,4.638453
2024-06-30 10:00:00,4.966115
2024-06-30 11:00:00,10.635734
2024-06-30 12:00:00,14.121448
2024-06-30 13:00:00,13.242877
2024-06-30 14:00:00,4.8506684
2024-06-30 15:00:00,7.790576
2024-06-30 16:00:00,7.2111
2024-06-30 17:00:00,9.222197
2024-06-30 18:00:00,5.996025
2024-06-30 19:00:00,2.6241527
2024-06-30 20:00:00,1.1369507
2024-06-30 21:00:00,1.468802
2024-06-30 22:00:00,0.0019500001
2024-06-30 23:00:00,0.0
2024-07-01 00:00:00,0.0
2024-07-01 01:00:00,0.0
2024-07-01 02:00:00,0.0
2024-07-01 03:00:00,0.0
2024-07-01 04:00:00,0.0
2024-07-01 05:00:00,1.594087
2024-07-01 06:00:00,1.8234708
2024-07-01 07:00:00,2.8431854
2024-07-01 08:00:00,9.177466
2024-07-01 09:00:00,17.176098
2024-07-01 10:00:00,22.333193
2024-07-01 11:00:00,23.787586
2024-07-01 12:00:00,33.42766
2024-07-01 13:00:00,51.117256
2024-07-01 14:00:00,33.38743
2024-07-01 15:00:00,31.385664
2024-07-01 16:00:00,13.021769
2024-07-01 17:00:00,20.278893
2024-07-01 18:00:00,11.131169
2024-07-01 19:00:00,11.695496
2024-07-01 20:00:00,4.103084
2024-07-01 21:00:00,0.9699677
2024-07-01 22:00:00,0.0
2024-07-01 23:00:00,0.0
2024-07-02 00:00:00,0.0
2024-07-02 01:00:00,0.0
2024-07-02 02:00:00,0.0
2024-07-02 03:00:00,0.0
2024-07-02 04:00:00,0.0
2024-07-02 05:00:00,0.1188605
2024-07-02 06:00:00,2.4236314
2024-07-02 07:00:00,7.4227033
2024-07-02 08:00:00,7.4006486
2024-07-02 09:00:00,11.58432
2024-07-02 10:00:00,20.227451
2024-07-02 11:00:00,20.241726
2024-07-02 12:00:00,19.472183
2024-07-02 13:00:00,17.508652
2024-07-02 14:00:00,25.149647
2024-07-02 15:00:00,16.387764
2024-07-02 16:00:00,23.074726
2024-07-02 17:00:00,16.770947
2024-07-02 18:00:00,9.128689
2024-07-02 19:00:00,5.5814753
2024-07-02 20:00:00,1.7617254
2024-07-02 21:00:00,0.43277952
2024-07-02 22:00:00,0.0
2024-07-02 23:00:00,0.0
2024-07-03 00:00:00,0.0
2024-07-03 01:00:00,0.0
2024-07-03 02:00:00,0.0
2024-07-03 03:00:00,0.0
2024-07-03 04:00:00,0.0
2024-07-03 05:00:00,0.416288
2024-07-03 06:00:00,3.3677363
2024-07-03 07:00:00,8.681644
2024-07-03 08:00:00,21.881481
2024-07-03 09:00:00,13.529047
2024-07-03 10:00:00,27.239927
2024-07-03 11:00:00,43.573463
2024-07-03 12:00:00,26.255257
2024-07-03 13:00:00,16.931778
2024-07-03 14:00:00,30.24741
2024-07-03 15:00:00,20.532963
2024-07-03 16:00:00,17.311104
2024-07-03 17:00:00,15.874704
2024-07-03 18:00:00,8.537929
2024-07-03 19:00:00,5.0733557
2024-07-03 20:00:00,2.15525
2024-07-03 21:00:00,1.5483501
2024-07-03 22:00:00,0.001623
2024-07-03 23:00:00,0.0
2024-07-04 00:00:00,0.0
2024-07-04 01:00:00,0.0
2024-07-04 02:00:00,-0.0001125
2024-07-04 03:00:00,0.0
2024-07-04 04:00:00,0.0
2024-07-04 05:00:00,0.19260076
2024-07-04 06:00:00,2.0149598
2024-07-04 07:00:00,1.435032
2024-07-04 08:00:00,3.4296594
2024-07-04 09:00:00,3.0400343
2024-07-04 10:00:00,25.246971
2024-07-04 11:00:00,50.089554
2024-07-04 12:00:00,45.496986
2024-07-04 13:00:00,54.869385
2024-07-04 14:00:00,47.656498
2024-07-04 15:00:00,44.77568
2024-07-04 16:00:00,33.759914
2024-07-04 17:00:00,21.171799
2024-07-04 18:00:00,20.234203
2024-07-04 19:00:00,8.659167
2024-07-04 20:00:00,3.3534672
2024-07-04 21:00:00,0.57225776
2024-07-04 22:00:00,0.0
2024-07-04 23:00:00,0.0
2024-07-05 00:00:00,0.0
2024-07-05 01:00:00,0.0
2024-07-05 02:00:00,0.0
2024-07-05 03:00:00,0.0
2024-07-05 04:00:00,0.0
2024-07-05 05:00:00,1.0538898
2024-07-05 06:00:00,1.173075
2024-07-05 07:00:00,6.1294756
2024-07-05 08:00:00,22.094334
2024-07-05 09:00:00,29.740662
2024-07-05 10:00:00,49.85044
2024-07-05 11:00:00,11.625792
2024-07-05 12:00:00,33.75005
2024-07-05 13:00:00,52.849342
2024-07-05 14:00:00,20.378986
2024-07-05 15:00:00,40.600277
2024-07-05 16:00:00,30.973074
2024-07-05 17:00:00,33.72008
2024-07-05 18:00:00,22.737743
2024-07-05 19:00:00,6.270767
2024-07-05 20:00:00,1.3979517
2024-07-05 21:00:00,0.0015
2024-07-05 22:00:00,0.0
2024-07-05 23:00:00,0.0
2024-07-06 00:00:00,0.0
2024-07-06 01:00:00,0.0
2024-07-06 02:00:00,0.0
2024-07-06 03:00:00,0.0
2024-07-06 04:00:00,0.0
2024-07-06 05:00:00,0.42768225
2024-07-06 06:00:00,2.9375048
2024-07-06 07:00:00,6.6507254
2024-07-06 08:00:00,10.607272
2024-07-06 09:00:00,29.982086
2024-07-06 10:00:00,36.76905
2024-07-06 11:00:00,43.024063
2024-07-06 12:00:00,44.016953
2024-07-06 13:00:00,35.87875
2024-07-06 14:00:00,30.699501
2024-07-06 15:00:00,15.94986
2024-07-06 16:00:00,11.200958
2024-07-06 17:00:00,4.489747
2024-07-06 18:00:00,12.040033
2024-07-06 19:00:00,13.098618
2024-07-06 20:00:00,7.393325
2024-07-06 21:00:00,0.77227503
2024-07-06 22:00:00,0.0
2024-07-06 23:00:00,0.0
2024-07-07 00:00:00,0.0
2024-07-07 01:00:00,0.0
2024-07-07 02:00:00,0.0
2024-07-07 03:00:00,0.0
2024-07-07 04:00:00,0.0
2024-07-07 05:00:00,0.0
2024-07-07 06:00:00,2.3043494
2024-07-07 07:00:00,10.146156
2024-07-07 08:00:00,25.181936
2024-07-07 09:00:00,35.34627
2024-07-07 10:00:00,40.91842
2024-07-07 11:00:00,48.652378
2024-07-07 12:00:00,62.718834
2024-07-07 13:00:00,49.52743
2024-07-07 14:00:00,52.156742
2024-07-07 15:00:00,20.749685
2024-07-07 16:00:00,44.123405
2024-07-07 17:00:00,30.589027
2024-07-07 18:00:00,8.552203
2024-07-07 19:00:00,7.7047834
2024-07-07 20:00:00,2.37895
2024-07-07 21:00:00,0.639938
2024-07-07 22:00:00,0.0
2024-07-07 23:00:00,0.0
2024-07-08 00:00:00,0.0
2024-07-08 01:00:00,0.0
2024-07-08 02:00:00,0.0
2024-07-08 03:00:00,0.0
2024-07-08 04:00:00,0.0
2024-07-08 05:00:00,0.30243224
2024-07-08 06:00:00,1.6957552
2024-07-08 07:00:00,3.40135
2024-07-08 08:00:00,15.541864
2024-07-08 09:00:00,36.638733
2024-07-08 10:00:00,30.240175
2024-07-08 11:00:00,32.109596
2024-07-08 12:00:00,62.35877
2024-07-08 13:00:00,59.612183
2024-07-08 14:00:00,47.47736
2024-07-08 15:00:00,53.54995
2024-07-08 16:00:00,41.521614
2024-07-08 17:00:00,37.276745
2024-07-08 18:00:00,27.184067
2024-07-08 19:00:00,9.60267
2024-07-08 20:00:00,3.2026749
2024-07-08 21:00:00,1.7547113
2024-07-08 22:00:00,0.0
2024-07-08 23:00:00,0.0
2024-07-09 00:00:00,0.0
2024-07-09 01:00:00,0.0
2024-07-09 02:00:00,0.0
2024-07-09 03:00:00,0.0
2024-07-09 04:00:00,0.0
2024-07-09 05:00:00,0.044555
2024-07-09 06:00:00,2.7046733
2024-07-09 07:00:00,3.1584313
2024-07-09 08:00:00,8.640683
2024-07-09 09:00:00,7.0396914
2024-07-09 10:00:00,42.160213
2024-07-09 11:00:00,48.22862
2024-07-09 12:00:00,42.31365
2024-07-09 13:00:00,57.706234
2024-07-09 14:00:00,52.28144
2024-07-09 15:00:00,44.20408
2024-07-09 16:00:00,29.20055
2024-07-09 17:00:00,19.98256
2024-07-09 18:00:00,16.904263
2024-07-09 19:00:00,6.8184133
2024-07-09 20:00:00,4.533234
2024-07-09 21:00:00,0.862725
2024-07-09 22:00:00,0.0
2024-07-09 23:00:00,0.0
2024-07-10 00:00:00,0.0
2024-07-10 01:00:00,0.0
2024-07-10 02:00:00,0.0
2024-07-10 03:00:00,0.0
2024-07-10 04:00:00,0.0
2024-07-10 05:00:00,0.45093673
2024-07-10 06:00:00,3.033
2024-07-10 07:00:00,11.223226
2024-07-10 08:00:00,16.217625
2024-07-10 09:00:00,20.175095
2024-07-10 10:00:00,12.065038
2024-07-10 11:00:00,9.416275
2024-07-10 12:00:00,21.508877
2024-07-10 13:00:00,36.03743
2024-07-10 14:00:00,58.68956
2024-07-10 15:00:00,27.899641
2024-07-10 16:00:00,30.01392
2024-07-10 17:00:00,20.552635
2024-07-10 18:00:00,27.009447
2024-07-10 19:00:00,11.526695
2024-07-10 20:00:00,2.5761158
2024-07-10 21:00:00,0.50366926
2024-07-10 22:00:00,0.0
2024-07-10 23:00:00,0.0
2024-07-11 00:00:00,0.0
2024-07-11 01:00:00,0.0
2024-07-11 02:00:00,0.0
2024-07-11 03:00:00,0.0
2024-07-11 04:00:00,0.0
2024-07-11 05:00:00,0.4784835
2024-07-11 06:00:00,5.080211
2024-07-11 07:00:00,14.121331
2024-07-11 08:00:00,22.966381
2024-07-11 09:00:00,25.494564
2024-07-11 10:00:00,30.473946
2024-07-11 11:00:00,31.227161
2024-07-11 12:00:00,42.53814
2024-07-11 13:00:00,33.38651
2024-07-11 14:00:00,52.562225
2024-07-11 15:00:00,56.81227
2024-07-11 16:00:00,37.29683
2024-07-11 17:00:00,20.795696
2024-07-11 18:00:00,9.656536
2024-07-11 19:00:00,5.5973644
2024-07-11 20:00:00,3.147847
2024-07-11 21:00:00,0.56841946
2024-07-11 22:00:00,0.0
2024-07-11 23:00:00,0.0
2024-07-12 00:00:00,0.0
2024-07-12 01:00:00,0.0
2024-07-12 02:00:00,0.0
2024-07-12 03:00:00,0.0
2024-07-12 04:00:00,0.0
2024-07-12 05:00:00,0.40153798
2024-07-12 06:00:00,4.778904
2024-07-12 07:00:00,14.585236
2024-07-12 08:00:00,28.413662
2024-07-12 09:00:00,38.90651
2024-07-12 10:00:00,26.002089
2024-07-12 11:00:00,46.947952
2024-07-12 12:00:00,45.187057
2024-07-12 13:00:00,31.872696
2024-07-12 14:00:00,42.081295
2024-07-12 15:00:00,30.855434
2024-07-12 16:00:00,12.858487
2024-07-12 17:00:00,10.887081
2024-07-12 18:00:00,3.5681596
2024-07-12 19:00:00,2.1622317
2024-07-12 20:00:00,1.7360705
2024-07-12 21:00:00,0.45414177
2024-07-12 22:00:00,0.0
2024-07-12 23:00:00,0.0
2024-07-13 00:00:00,0.0
2024-07-13 01:00:00,0.0
2024-07-13 02:00:00,-0.0001145
2024-07-13 03:00:00,0.0
2024-07-13 04:00:00,0.0
2024-07-13 05:00:00,0.0
2024-07-13 06:00:00,0.33378327
2024-07-13 07:00:00,2.7445495
2024-07-13 08:00:00,3.0695539
2024-07-13 09:00:00,9.618696
2024-07-13 10:00:00,17.77885
2024-07-13 11:00:00,18.5165
2024-07-13 12:00:00,27.913536
2024-07-13 13:00:00,23.110798
2024-07-13 14:00:00,48.077217
2024-07-13 15:00:00,19.81314
2024-07-13 16:00:00,19.84572
2024-07-13 17:00:00,12.907473
2024-07-13 18:00:00,6.086052
2024-07-13 19:00:00,5.510427
2024-07-13 20:00:00,1.3738192
2024-07-13 21:00:00,0.4754135
2024-07-13 22:00:00,0.0
2024-07-13 23:00:00,0.0
2024-07-14 00:00:00,0.0
2024-07-14 01:00:00,0.0
2024-07-14 02:00:00,0.0
2024-07-14 03:00:00,0.0
2024-07-14 04:00:00,0.0
2024-07-14 05:00:00,0.51464325
2024-07-14 06:00:00,4.7263064
2024-07-14 07:00:00,14.952785
2024-07-14 08:00:00,25.08949
2024-07-14 09:00:00,31.893034
2024-07-14 10:00:00,32.725124
2024-07-14 11:00:00,31.231169
2024-07-14 12:00:00,52.829025
2024-07-14 13:00:00,49.402584
2024-07-14 14:00:00,45.18245
2024-07-14 15:00:00,36.113266
2024-07-14 16:00:00,27.790264
2024-07-14 17:00:00,10.263869
2024-07-14 18:00:00,13.297237
2024-07-14 19:00:00,6.160906
2024-07-14 20:00:00,3.0683956
2024-07-14 21:00:00,0.12768775
2024-07-14 22:00:00,0.0
2024-07-14 23:00:00,0.0
2024-07-15 00:00:00,0.0
2024-07-15 01:00:00,0.0
2024-07-15 02:00:00,0.0
2024-07-15 03:00:00,0.0
2024-07-15 04:00:00,0.0
2024-07-15 05:00:00,0.121816
2024-07-15 06:00:00,2.751392
2024-07-15 07:00:00,12.05043
2024-07-15 08:00:00,20.251137
2024-07-15 09:00:00,23.491093
2024-07-15 10:00:00,25.7127
2024-07-15 11:00:00,37.536583
2024-07-15 12:00:00,30.316307
2024-07-15 13:00:00,50.269615
2024-07-15 14:00:00,38.67106
2024-07-15 15:00:00,47.6979
2024-07-15 16:00:00,47.829834
2024-07-15 17:00:00,35.080704
2024-07-15 18:00:00,20.072056
2024-07-15 19:00:00,12.088061
2024-07-15 20:00:00,3.1050916
2024-07-15 21:00:00,0.82478344
2024-07-15 22:00:00,0.0
2024-07-15 23:00:00,0.0
2024-07-16 00:00:00,0.0
2024-07-16 01:00:00,0.0
2024-07-16 02:00:00,0.0
2024-07-16 03:00:00,0.0
2024-07-16 04:00:00,0.0
2024-07-16 05:00:00,0.0
2024-07-16 06:00:00,0.049000002
2024-07-16 07:00:00,0.29644626
2024-07-16 08:00:00,2.3910005
2024-07-16 09:00:00,21.307058
2024-07-16 10:00:00,20.232327
2024-07-16 11:00:00,8.679923
2024-07-16 12:00:00,29.999435
2024-07-16 13:00:00,34.110428
2024-07-16 14:00:00,43.35249
2024-07-16 15:00:00,39.076954
2024-07-16 16:00:00,33.415764
2024-07-16 17:00:00,31.413872
2024-07-16 18:00:00,18.951561
2024-07-16 19:00:00,8.46884
2024-07-16 20:00:00,2.2024233
2024-07-16 21:00:00,1.123371
2024-07-16 22:00:00,0.0
2024-07-16 23:00:00,0.0
2024-07-17 00:00:00,0.0
2024-07-17 01:00:00,0.0
2024-07-17 02:00:00,-0.0001135
2024-07-17 03:00:00,0.0
2024-07-17 04:00:00,0.0
2024-07-17 05:00:00,0.0
2024-07-17 06:00:00,2.785414
2024-07-17 07:00:00,5.6050158
2024-07-17 08:00:00,13.539021
2024-07-17 09:00:00,23.35697
2024-07-17 10:00:00,12.336911
2024-07-17 11:00:00,9.496647
2024-07-17 12:00:00,10.158934
2024-07-17 13:00:00,12.028484
2024-07-17 14:00:00,19.46936
2024-07-17 15:00:00,19.9524
2024-07-17 16:00:00,5.677947
2024-07-17 17:00:00,2.7749486
2024-07-17 18:00:00,4.0381036
2024-07-17 19:00:00,8.648056
2024-07-17 20:00:00,1.9216902
2024-07-17 21:00:00,0.1506975
2024-07-17 22:00:00,0.0
2024-07-17 23:00:00,0.0
2024-07-18 00:00:00,0.0
2024-07-18 01:00:00,0.0
2024-07-18 02:00:00,0.0
2024-07-18 03:00:00,0.0
2024-07-18 04:00:00,0.0
2024-07-18 05:00:00,0.101725
2024-07-18 06:00:00,1.776062
2024-07-18 07:00:00,3.4139614
2024-07-18 08:00:00,5.4910917
2024-07-18 09:00:00,14.374479
2024-07-18 10:00:00,24.488914
2024-07-18 11:00:00,28.96843
2024-07-18 12:00:00,26.166218
2024-07-18 13:00:00,24.778488
2024-07-18 14:00:00,39.356052
2024-07-18 15:00:00,43.82866
2024-07-18 16:00:00,47.091152
2024-07-18 17:00:00,29.108747
2024-07-18 18:00:00,25.19751
2024-07-18 19:00:00,11.837262
2024-07-18 20:00:00,2.096075
2024-07-18 21:00:00,0.5579785
2024-07-18 22:00:00,0.0
2024-07-18 23:00:00,0.0
2024-07-19 00:00:00,0.0
2024-07-19 01:00:00,0.0
2024-07-19 02:00:00,0.0
2024-07-19 03:00:00,0.0
2024-07-19 04:00:00,0.0
2024-07-19 05:00:00,0.42570075
2024-07-19 06:00:00,3.876479
2024-07-19 07:00:00,13.023323
2024-07-19 08:00:00,22.937565
2024-07-19 09:00:00,33.14
2024-07-19 10:00:00,41.223167
2024-07-19 11:00:00,43.057766
2024-07-19 12:00:00,49.85521
2024-07-19 13:00:00,53.15853
2024-07-19 14:00:00,45.018497
2024-07-19 15:00:00,48.706825
2024-07-19 16:00:00,33.73265
2024-07-19 17:00:00,33.444614
2024-07-19 18:00:00,23.612318
2024-07-19 19:00:00,11.152339
2024-07-19 20:00:00,3.1153138
2024-07-19 21:00:00,0.6266105
2024-07-19 22:00:00,0.0
2024-07-19 23:00:00,0.0
2024-07-20 00:00:00,0.0
2024-07-20 01:00:00,0.0
2024-07-20 02:00:00,0.0
2024-07-20 03:00:00,0.0
2024-07-20 04:00:00,0.0
2024-07-20 05:00:00,0.3092215
2024-07-20 06:00:00,3.5151608
2024-07-20 07:00:00,12.504457
2024-07-20 08:00:00,22.222137
2024-07-20 09:00:00,32.473183
2024-07-20 10:00:00,40.887665
2024-07-20 11:00:00,47.014477
2024-07-20 12:00:00,51.235096
2024-07-20 13:00:00,46.68148
2024-07-20 14:00:00,55.533302
2024-07-20 15:00:00,51.85116
2024-07-20 16:00:00,38.610004
2024-07-20 17:00:00,32.95229
2024-07-20 18:00:00,22.724617
2024-07-20 19:00:00,11.074608
2024-07-20 20:00:00,2.2737837
2024-07-20 21:00:00,0.5028877
2024-07-20 22:00:00,0.0
2024-07-20 23:00:00,0.0
2024-07-21 00:00:00,0.0
2024-07-21 01:00:00,0.0
2024-07-21 02:00:00,0.0
2024-07-21 03:00:00,0.0
2024-07-21 04:00:00,0.0
2024-07-21 05:00:00,0.22044902
2024-07-21 06:00:00,2.914793
2024-07-21 07:00:00,9.489865
2024-07-21 08:00:00,22.90754
2024-07-21 09:00:00,24.069174
2024-07-21 10:00:00,29.652615
2024-07-21 11:00:00,39.02556
2024-07-21 12:00:00,39.5506
2024-07-21 13:00:00,50.825657
2024-07-21 14:00:00,46.027702
2024-07-21 15:00:00,41.100014
2024-07-21 16:00:00,25.008654
2024-07-21 17:00:00,13.10925
2024-07-21 18:00:00,16.802582
2024-07-21 19:00:00,11.213075
2024-07-21 20:00:00,3.5404274
2024-07-21 21:00:00,0.97148776
2024-07-21 22:00:00,0.0
2024-07-21 23:00:00,0.0
2024-07-22 00:00:00,0.0
2024-07-22 01:00:00,0.0
2024-07-22 02:00:00,0.0
2024-07-22 03:00:00,0.0
2024-07-22 04:00:00,0.0
2024-07-22 05:00:00,0.0
2024-07-22 06:00:00,0.111436754
2024-07-22 07:00:00,0.5937238
2024-07-22 08:00:00,3.6213582
2024-07-22 09:00:00,11.457395
2024-07-22 10:00:00,15.999238
2024-07-22 11:00:00,18.363155
2024-07-22 12:00:00,23.958431
2024-07-22 13:00:00,36.792217
2024-07-22 14:00:00,45.84461
2024-07-22 15:00:00,53.130165
2024-07-22 16:00:00,41.37693
2024-07-22 17:00:00,28.548695
2024-07-22 18:00:00,17.389158
2024-07-22 19:00:00,11.640036
2024-07-22 20:00:00,1.801975
2024-07-22 21:00:00,0.37345776
2024-07-22 22:00:00,0.0
2024-07-22 23:00:00,0.0
2024-07-23 00:00:00,0.0
2024-07-23 01:00:00,0.0
2024-07-23 02:00:00,0.0
2024-07-23 03:00:00,0.0
2024-07-23 04:00:00,0.0
2024-07-23 05:00:00,0.117975
2024-07-23 06:00:00,1.9813077
2024-07-23 07:00:00,6.260097
2024-07-23 08:00:00,8.886719
2024-07-23 09:00:00,18.598661
2024-07-23 10:00:00,40.38035
2024-07-23 11:00:00,14.205135
2024-07-23 12:00:00,29.004864
2024-07-23 13:00:00,16.079323
2024-07-23 14:00:00,7.5387344
2024-07-23 15:00:00,44.73376
2024-07-23 16:00:00,23.261206
2024-07-23 17:00:00,28.611423
2024-07-23 18:00:00,20.94088
2024-07-23 19:00:00,9.105561
2024-07-23 20:00:00,2.67883
2024-07-23 21:00:00,0.502171
2024-07-23 22:00:00,0.0
2024-07-23 23:00:00,0.0
2024-07-24 00:00:00,0.0
2024-07-24 01:00:00,0.0
2024-07-24 02:00:00,0.0
2024-07-24 03:00:00,0.0
2024-07-24 04:00:00,0.0
2024-07-24 05:00:00,0.2715
2024-07-24 06:00:00,2.9869308
2024-07-24 07:00:00,12.262365
2024-07-24 08:00:00,20.673191
2024-07-24 09:00:00,25.744852
2024-07-24 10:00:00,31.810522
2024-07-24 11:00:00,41.585938
2024-07-24 12:00:00,36.106472
2024-07-24 13:00:00,60.087658
2024-07-24 14:00:00,45.84455
2024-07-24 15:00:00,37.950314
2024-07-24 16:00:00,42.407192
2024-07-24 17:00:00,30.351328
2024-07-24 18:00:00,22.377148
2024-07-24 19:00:00,8.613555
2024-07-24 20:00:00,2.1352022
2024-07-24 21:00:00,0.17178825
2024-07-24 22:00:00,0.0
2024-07-24 23:00:00,0.0
2024-07-25 00:00:00,0.0
2024-07-25 01:00:00,0.0
2024-07-25 02:00:00,0.0
2024-07-25 03:00:00,0.0
2024-07-25 04:00:00,0.0
2024-07-25 05:00:00,0.15340249
2024-07-25 06:00:00,3.198958
2024-07-25 07:00:00,9.736459
2024-07-25 08:00:00,22.30053
2024-07-25 09:00:00,32.89981
2024-07-25 10:00:00,40.471127
2024-07-25 11:00:00,40.340652
2024-07-25 12:00:00,47.153496
2024-07-25 13:00:00,56.9388
2024-07-25 14:00:00,33.287544
2024-07-25 15:00:00,34.260227
2024-07-25 16:00:00,19.75788
2024-07-25 17:00:00,23.969948
2024-07-25 18:00:00,7.7444305
2024-07-25 19:00:00,4.0801144
2024-07-25 20:00:00,2.863953
2024-07-25 21:00:00,0.2980085
2024-07-25 22:00:00,0.0
2024-07-25 23:00:00,0.0
2024-07-26 00:00:00,0.0
2024-07-26 01:00:00,0.0
2024-07-26 02:00:00,-0.00011375
2024-07-26 03:00:00,0.0
2024-07-26 04:00:00,0.0
2024-07-26 05:00:00,0.051974997
2024-07-26 06:00:00,1.0801985
2024-07-26 07:00:00,2.3600163
2024-07-26 08:00:00,5.856263
2024-07-26 09:00:00,5.0242033
2024-07-26 10:00:00,4.095269
2024-07-26 11:00:00,11.192583
2024-07-26 12:00:00,12.654941
2024-07-26 13:00:00,5.764373
2024-07-26 14:00:00,10.515057
2024-07-26 15:00:00,14.431496
2024-07-26 16:00:00,21.7537
2024-07-26 17:00:00,22.627214
2024-07-26 18:00:00,13.7253685
2024-07-26 19:00:00,9.080925
2024-07-26 20:00:00,3.4188433
2024-07-26 21:00:00,0.295425
2024-07-26 22:00:00,0.0
2024-07-26 23:00:00,0.0
2024-07-27 00:00:00,0.0
2024-07-27 01:00:00,0.0
2024-07-27 02:00:00,0.0
2024-07-27 03:00:00,0.0
2024-07-27 04:00:00,0.0
2024-07-27 05:00:00,0.091517
2024-07-27 06:00:00,2.500005
2024-07-27 07:00:00,11.286073
2024-07-27 08:00:00,16.66951
2024-07-27 09:00:00,18.49722
2024-07-27 10:00:00,29.632856
2024-07-27 11:00:00,35.673393
2024-07-27 12:00:00,55.395435
2024-07-27 13:00:00,46.035347
2024-07-27 14:00:00,44.777775
2024-07-27 15:00:00,30.200062
2024-07-27 16:00:00,19.156868
2024-07-27 17:00:00,14.14596
2024-07-27 18:00:00,24.012299
2024-07-27 19:00:00,11.177324
2024-07-27 20:00:00,4.8901334
2024-07-27 21:00:00,1.18395
2024-07-27 22:00:00,0.0
2024-07-27 23:00:00,0.0
2024-07-28 00:00:00,0.0
2024-07-28 01:00:00,0.0
2024-07-28 02:00:00,0.0
2024-07-28 03:00:00,0.0
2024-07-28 04:00:00,0.0
2024-07-28 05:00:00,0.12352875
2024-07-28 06:00:00,1.9393673
2024-07-28 07:00:00,8.776518
2024-07-28 08:00:00,21.14711
2024-07-28 09:00:00,24.716305
2024-07-28 10:00:00,26.747293
2024-07-28 11:00:00,50.518085
2024-07-28 12:00:00,55.339264
2024-07-28 13:00:00,58.616467
2024-07-28 14:00:00,55.195152
2024-07-28 15:00:00,52.271423
2024-07-28 16:00:00,34.512913
2024-07-28 17:00:00,23.224924
2024-07-28 18:00:00,23.46072
2024-07-28 19:00:00,9.779095
2024-07-28 20:00:00,1.7692027
2024-07-28 21:00:00,0.262353
2024-07-28 22:00:00,0.0
2024-07-28 23:00:00,0.0
2024-07-29 00:00:00,0.0
2024-07-29 01:00:00,0.0
2024-07-29 02:00:00,0.0
2024-07-29 03:00:00,0.0
2024-07-29 04:00:00,0.0
2024-07-29 05:00:00,0.175225
2024-07-29 06:00:00,1.973367
2024-07-29 07:00:00,11.230881
2024-07-29 08:00:00,21.644905
2024-07-29 09:00:00,28.662256
2024-07-29 10:00:00,42.196968
2024-07-29 11:00:00,42.772083
2024-07-29 12:00:00,44.718246
2024-07-29 13:00:00,56.143917
2024-07-29 14:00:00,45.884808
2024-07-29 15:00:00,48.629936
2024-07-29 16:00:00,42.533092
2024-07-29 17:00:00,33.238907
2024-07-29 18:00:00,22.304556
2024-07-29 19:00:00,9.620614
2024-07-29 20:00:00,1.5714531
2024-07-29 21:00:00,0.229316
2024-07-29 22:00:00,0.0
2024-07-29 23:00:00,0.0
2024-07-30 00:00:00,0.0
2024-07-30 01:00:00,0.0
2024-07-30 02:00:00,0.0
2024-07-30 03:00:00,0.0
2024-07-30 04:00:00,0.0
2024-07-30 05:00:00,0.056275003
2024-07-30 06:00:00,1.691564
2024-07-30 07:00:00,10.982215
2024-07-30 08:00:00,21.163704
2024-07-30 09:00:00,31.729492
2024-07-30 10:00:00,40.33167
2024-07-30 11:00:00,46.323635
2024-07-30 12:00:00,50.774315
2024-07-30 13:00:00,50.644123
2024-07-30 14:00:00,50.733856
2024-07-30 15:00:00,46.700493
2024-07-30 16:00:00,40.077194
2024-07-30 17:00:00,30.746525
2024-07-30 18:00:00,21.928394
2024-07-30 19:00:00,8.819492
2024-07-30 20:00:00,1.727213
2024-07-30 21:00:00,0.1803475
2024-07-30 22:00:00,0.0
2024-07-30 23:00:00,0.0
2024-07-31 00:00:00,0.0
2024-07-31 01:00:00,0.0
2024-07-31 02:00:00,0.0
2024-07-31 03:00:00,0.0
2024-07-31 04:00:00,0.0
2024-07-31 05:00:00,0.23203725
2024-07-31 06:00:00,2.170209
2024-07-31 07:00:00,9.649131
2024-07-31 08:00:00,14.469705
2024-07-31 09:00:00,31.408417
2024-07-31 10:00:00,34.358105
2024-07-31 11:00:00,38.50397
2024-07-31 12:00:00,44.603355
2024-07-31 13:00:00,46.098194
2024-07-31 14:00:00,51.026558
2024-07-31 15:00:00,38.890095
2024-07-31 16:00:00,29.394775
2024-07-31 17:00:00,30.85125
2024-07-31 18:00:00,20.686697
2024-07-31 19:00:00,8.186394
2024-07-31 20:00:00,1.9817375
2024-07-31 21:00:00,0.212547
2024-07-31 22:00:00,0.0
2024-07-31 23:00:00,0.0
2024-08-01 00:00:00,0.0
2024-08-01 01:00:00,0.0
2024-08-01 02:00:00,0.0
2024-08-01 03:00:00,0.0
2024-08-01 04:00:00,0.0
2024-08-01 05:00:00,0.068525
2024-08-01 06:00:00,1.7834762
2024-08-01 07:00:00,10.879599
2024-08-01 08:00:00,20.999746
2024-08-01 09:00:00,31.532131
2024-08-01 10:00:00,35.314186
2024-08-01 11:00:00,46.781654
2024-08-01 12:00:00,50.776276
2024-08-01 13:00:00,52.311684
2024-08-01 14:00:00,51.967014
2024-08-01 15:00:00,45.667953
2024-08-01 16:00:00,28.75618
2024-08-01 17:00:00,22.93526
2024-08-01 18:00:00,12.275437
2024-08-01 19:00:00,6.3320794
2024-08-01 20:00:00,3.1307316
2024-08-01 21:00:00,0.11505925
2024-08-01 22:00:00,0.0
2024-08-01 23:00:00,0.0
2024-08-02 00:00:00,0.0
2024-08-02 01:00:00,0.0
2024-08-02 02:00:00,0.0
2024-08-02 03:00:00,0.0
2024-08-02 04:00:00,0.0
2024-08-02 05:00:00,0.0
2024-08-02 06:00:00,0.4761265
2024-08-02 07:00:00,2.3368735
2024-08-02 08:00:00,6.200831
2024-08-02 09:00:00,11.374592
2024-08-02 10:00:00,13.400562
2024-08-02 11:00:00,12.171145
2024-08-02 12:00:00,14.874495
2024-08-02 13:00:00,19.618687
2024-08-02 14:00:00,22.05822
2024-08-02 15:00:00,28.286457
2024-08-02 16:00:00,16.52351
2024-08-02 17:00:00,22.518776
2024-08-02 18:00:00,7.018509
2024-08-02 19:00:00,6.069555
2024-08-02 20:00:00,1.2861962
2024-08-02 21:00:00,0.05777125
2024-08-02 22:00:00,0.0
2024-08-02 23:00:00,0.0
2024-08-03 00:00:00,0.0
2024-08-03 01:00:00,0.0
2024-08-03 02:00:00,0.0
2024-08-03 03:00:00,0.0
2024-08-03 04:00:00,0.0
2024-08-03 05:00:00,0.063275
2024-08-03 06:00:00,2.5179582
2024-08-03 07:00:00,9.471061
2024-08-03 08:00:00,18.591114
2024-08-03 09:00:00,31.262669
2024-08-03 10:00:00,38.26242
2024-08-03 11:00:00,37.08952
2024-08-03 12:00:00,29.181852
2024-08-03 13:00:00,29.687214
2024-08-03 14:00:00,40.910347
2024-08-03 15:00:00,30.221653
2024-08-03 16:00:00,17.07876
2024-08-03 17:00:00,7.0894475
2024-08-03 18:00:00,4.5897045
2024-08-03 19:00:00,4.1828933
2024-08-03 20:00:00,2.779336
2024-08-03 21:00:00,0.14617625
2024-08-03 22:00:00,0.0
2024-08-03 23:00:00,0.0
2024-08-04 00:00:00,0.0
2024-08-04 01:00:00,0.0
2024-08-04 02:00:00,0.0
2024-08-04 03:00:00,0.0
2024-08-04 04:00:00,0.0
2024-08-04 05:00:00,0.0
2024-08-04 06:00:00,1.18575
2024-08-04 07:00:00,4.1479964
2024-08-04 08:00:00,12.008301
2024-08-04 09:00:00,18.288546
2024-08-04 10:00:00,21.582006
2024-08-04 11:00:00,16.277933
2024-08-04 12:00:00,6.8135595
2024-08-04 13:00:00,16.095442
2024-08-04 14:00:00,17.584202
2024-08-04 15:00:00,22.238731
2024-08-04 16:00:00,42.552986
2024-08-04 17:00:00,26.969398
2024-08-04 18:00:00,19.279024
2024-08-04 19:00:00,7.3095083
2024-08-04 20:00:00,1.4945668
2024-08-04 21:00:00,0.0695
2024-08-04 22:00:00,0.0
2024-08-04 23:00:00,0.0
2024-08-05 00:00:00,0.0
2024-08-05 01:00:00,0.0
2024-08-05 02:00:00,-0.0001125
2024-08-05 03:00:00,0.0
2024-08-05 04:00:00,0.0
2024-08-05 05:00:00,0.0
2024-08-05 06:00:00,1.4595298
2024-08-05 07:00:00,9.153618
2024-08-05 08:00:00,12.33691
2024-08-05 09:00:00,12.804718
2024-08-05 10:00:00,28.707832
2024-08-05 11:00:00,25.168873
2024-08-05 12:00:00,18.69095
2024-08-05 13:00:00,16.74094
2024-08-05 14:00:00,21.9666
2024-08-05 15:00:00,37.935265
2024-08-05 16:00:00,15.923341
2024-08-05 17:00:00,11.229132
2024-08-05 18:00:00,4.849525
2024-08-05 19:00:00,4.0025845
2024-08-05 20:00:00,2.7824304
2024-08-05 21:00:00,0.08588975
2024-08-05 22:00:00,0.0
2024-08-05 23:00:00,0.0
2024-08-06 00:00:00,0.0
2024-08-06 01:00:00,0.0
2024-08-06 02:00:00,0.0
2024-08-06 03:00:00,0.0
2024-08-06 04:00:00,0.0
2024-08-06 05:00:00,0.0
2024-08-06 06:00:00,1.3409102
2024-08-06 07:00:00,8.8143
2024-08-06 08:00:00,18.4667
2024-08-06 09:00:00,21.131294
2024-08-06 10:00:00,31.486408
2024-08-06 11:00:00,44.790817
2024-08-06 12:00:00,48.334793
2024-08-06 13:00:00,49.288616
2024-08-06 14:00:00,42.138916
2024-08-06 15:00:00,40.21123
2024-08-06 16:00:00,37.536552
2024-08-06 17:00:00,26.831127
2024-08-06 18:00:00,18.519047
2024-08-06 19:00:00,7.5272226
2024-08-06 20:00:00,1.3668127
2024-08-06 21:00:00,0.0385
2024-08-06 22:00:00,0.0
2024-08-06 23:00:00,0.0
2024-08-07 00:00:00,0.0
2024-08-07 01:00:00,0.0
2024-08-07 02:00:00,0.0
2024-08-07 03:00:00,0.0
2024-08-07 04:00:00,0.0
2024-08-07 05:00:00,0.0
2024-08-07 06:00:00,1.3933065
2024-08-07 07:00:00,6.542337
2024-08-07 08:00:00,19.861755
2024-08-07 09:00:00,29.08184
2024-08-07 10:00:00,28.097652
2024-08-07 11:00:00,34.554935
2024-08-07 12:00:00,29.445345
2024-08-07 13:00:00,12.222737
2024-08-07 14:00:00,25.241741
2024-08-07 15:00:00,22.247513
2024-08-07 16:00:00,9.478275
2024-08-07 17:00:00,6.17986
2024-08-07 18:00:00,0.9288025
2024-08-07 19:00:00,6.0318556
2024-08-07 20:00:00,2.0676858
2024-08-07 21:00:00,0.045475
2024-08-07 22:00:00,0.0
2024-08-07 23:00:00,0.0
2024-08-08 00:00:00,0.0
2024-08-08 01:00:00,0.0
2024-08-08 02:00:00,0.0
2024-08-08 03:00:00,0.0
2024-08-08 04:00:00,0.0
2024-08-08 05:00:00,0.0
2024-08-08 06:00:00,1.3836775
2024-08-08 07:00:00,6.355177
2024-08-08 08:00:00,7.5330124
2024-08-08 09:00:00,15.927226
2024-08-08 10:00:00,17.283484
2024-08-08 11:00:00,31.077776
2024-08-08 12:00:00,39.198036
2024-08-08 13:00:00,20.59639
2024-08-08 14:00:00,40.886192
2024-08-08 15:00:00,32.196167
2024-08-08 16:00:00,37.4103
2024-08-08 17:00:00,26.392893
2024-08-08 18:00:00,18.323029
2024-08-08 19:00:00,5.627655
2024-08-08 20:00:00,1.443154
2024-08-08 21:00:00,0.0
2024-08-08 22:00:00,0.0
2024-08-08 23:00:00,0.0
2024-08-09 00:00:00,0.0
2024-08-09 01:00:00,0.0
2024-08-09 02:00:00,0.0
2024-08-09 03:00:00,0.0
2024-08-09 04:00:00,0.0
2024-08-09 05:00:00,0.0
2024-08-09 06:00:00,0.54900396
2024-08-09 07:00:00,1.736213
2024-08-09 08:00:00,2.5222173
2024-08-09 09:00:00,4.0156717
2024-08-09 10:00:00,6.446589
2024-08-09 11:00:00,5.343318
2024-08-09 12:00:00,8.3412695
2024-08-09 13:00:00,8.928407
2024-08-09 14:00:00,22.620798
2024-08-09 15:00:00,30.76353
2024-08-09 16:00:00,29.230976
2024-08-09 17:00:00,28.835161
2024-08-09 18:00:00,20.272848
2024-08-09 19:00:00,5.8089314
2024-08-09 20:00:00,1.7284485
2024-08-09 21:00:00,0.0328
2024-08-09 22:00:00,0.0
2024-08-09 23:00:00,0.0
2024-08-10 00:00:00,0.0
2024-08-10 01:00:00,0.0
2024-08-10 02:00:00,-0.0001135
2024-08-10 03:00:00,0.0
2024-08-10 04:00:00,0.0
2024-08-10 05:00:00,0.0
2024-08-10 06:00:00,0.4450665
2024-08-10 07:00:00,5.6240296
2024-08-10 08:00:00,10.909285
2024-08-10 09:00:00,22.648174
2024-08-10 10:00:00,35.061226
2024-08-10 11:00:00,24.577404
2024-08-10 12:00:00,41.166977
2024-08-10 13:00:00,36.092705
2024-08-10 14:00:00,47.521408
2024-08-10 15:00:00,43.930634
2024-08-10 16:00:00,39.395588
2024-08-10 17:00:00,30.819775
2024-08-10 18:00:00,19.667542
2024-08-10 19:00:00,5.848899
2024-08-10 20:00:00,1.2142915
2024-08-10 21:00:00,0.024475
2024-08-10 22:00:00,0.0
2024-08-10 23:00:00,0.0
2024-08-11 00:00:00,0.0
2024-08-11 01:00:00,0.0
2024-08-11 02:00:00,0.0
2024-08-11 03:00:00,0.0
2024-08-11 04:00:00,0.0
2024-08-11 05:00:00,0.0
2024-08-11 06:00:00,1.432312
2024-08-11 07:00:00,8.148779
2024-08-11 08:00:00,18.23922
2024-08-11 09:00:00,17.91687
2024-08-11 10:00:00,41.446342
2024-08-11 11:00:00,38.78157
2024-08-11 12:00:00,53.51353
2024-08-11 13:00:00,39.56028
2024-08-11 14:00:00,50.64819
2024-08-11 15:00:00,39.950775
2024-08-11 16:00:00,35.049477
2024-08-11 17:00:00,31.411863
2024-08-11 18:00:00,19.866512
2024-08-11 19:00:00,7.9902325
2024-08-11 20:00:00,1.3845853
2024-08-11 21:00:00,0.0
2024-08-11 22:00:00,0.0
2024-08-11 23:00:00,0.0
2024-08-12 00:00:00,0.0
2024-08-12 01:00:00,0.0
2024-08-12 02:00:00,0.0
2024-08-12 03:00:00,0.0
2024-08-12 04:00:00,0.0
2024-08-12 05:00:00,0.0
2024-08-12 06:00:00,1.0312327
2024-08-12 07:00:00,8.025548
2024-08-12 08:00:00,18.549911
2024-08-12 09:00:00,29.228394
2024-08-12 10:00:00,38.469273
2024-08-12 11:00:00,45.074974
2024-08-12 12:00:00,49.042923
2024-08-12 13:00:00,50.25822
2024-08-12 14:00:00,48.92082
2024-08-12 15:00:00,44.720764
2024-08-12 16:00:00,37.796585
2024-08-12 17:00:00,28.987015
2024-08-12 18:00:00,18.603987
2024-08-12 19:00:00,4.60961
2024-08-12 20:00:00,1.0306487
2024-08-12 21:00:00,0.0
2024-08-12 22:00:00,0.0
2024-08-12 23:00:00,0.0
2024-08-13 00:00:00,0.0
2024-08-13 01:00:00,0.0
2024-08-13 02:00:00,0.0
2024-08-13 03:00:00,0.0
2024-08-13 04:00:00,0.0
2024-08-13 05:00:00,0.0
2024-08-13 06:00:00,0.7462977
2024-08-13 07:00:00,7.139724
2024-08-13 08:00:00,16.74642
2024-08-13 09:00:00,27.221321
2024-08-13 10:00:00,36.22589
2024-08-13 11:00:00,42.09266
2024-08-13 12:00:00,46.506836
2024-08-13 13:00:00,47.572758
2024-08-13 14:00:00,45.698254
2024-08-13 15:00:00,42.184425
2024-08-13 16:00:00,35.068283
2024-08-13 17:00:00,25.626644
2024-08-13 18:00:00,14.723249
2024-08-13 19:00:00,4.25336
2024-08-13 20:00:00,0.7052885
2024-08-13 21:00:00,0.0
2024-08-13 22:00:00,0.0
2024-08-13 23:00:00,0.0
2024-08-14 00:00:00,0.0
2024-08-14 01:00:00,0.0
2024-08-14 02:00:00,0.0
2024-08-14 03:00:00,0.0
2024-08-14 04:00:00,0.0
2024-08-14 05:00:00,0.0
2024-08-14 06:00:00,0.118
2024-08-14 07:00:00,2.938972
2024-08-14 08:00:00,2.3617904
2024-08-14 09:00:00,2.2939146
2024-08-14 10:00:00,4.670562
2024-08-14 11:00:00,19.445223
2024-08-14 12:00:00,35.69769
2024-08-14 13:00:00,23.469656
2024-08-14 14:00:00,5.1513467
2024-08-14 15:00:00,9.219826
2024-08-14 16:00:00,5.346534
2024-08-14 17:00:00,4.3759327
2024-08-14 18:00:00,5.898439
2024-08-14 19:00:00,1.6928961
2024-08-14 20:00:00,0.4192415
2024-08-14 21:00:00,0.0
2024-08-14 22:00:00,0.0
2024-08-14 23:00:00,0.0
2024-08-15 00:00:00,0.0
2024-08-15 01:00:00,0.0
2024-08-15 02:00:00,0.0
2024-08-15 03:00:00,0.0
2024-08-15 04:00:00,0.0
2024-08-15 05:00:00,0.0
2024-08-15 06:00:00,0.18078375
2024-08-15 07:00:00,5.3665648
2024-08-15 08:00:00,8.2204275
2024-08-15 09:00:00,7.569367
2024-08-15 10:00:00,8.699683
2024-08-15 11:00:00,18.952974
2024-08-15 12:00:00,22.481905
2024-08-15 13:00:00,37.249504
2024-08-15 14:00:00,39.74865
2024-08-15 15:00:00,39.8209
2024-08-15 16:00:00,29.745216
2024-08-15 17:00:00,20.265423
2024-08-15 18:00:00,11.709529
2024-08-15 19:00:00,6.270545
2024-08-15 20:00:00,0.84367174
2024-08-15 21:00:00,0.0
2024-08-15 22:00:00,0.0
2024-08-15 23:00:00,0.0
2024-08-16 00:00:00,0.0
2024-08-16 01:00:00,0.0
2024-08-16 02:00:00,0.0
2024-08-16 03:00:00,0.0
2024-08-16 04:00:00,0.0
2024-08-16 05:00:00,0.0
2024-08-16 06:00:00,0.31657922
2024-08-16 07:00:00,1.1827
2024-08-16 08:00:00,2.379225
2024-08-16 09:00:00,5.2802052
2024-08-16 10:00:00,5.9585977
2024-08-16 11:00:00,11.012037
2024-08-16 12:00:00,8.813788
2024-08-16 13:00:00,9.800301
2024-08-16 14:00:00,9.735373
2024-08-16 15:00:00,15.285913
2024-08-16 16:00:00,25.821745
2024-08-16 17:00:00,27.80468
2024-08-16 18:00:00,16.948044
2024-08-16 19:00:00,3.7351794
2024-08-16 20:00:00,0.845109
2024-08-16 21:00:00,0.0
2024-08-16 22:00:00,0.0
2024-08-16 23:00:00,0.0
2024-08-17 00:00:00,0.0
2024-08-17 01:00:00,0.0
2024-08-17 02:00:00,0.0
2024-08-17 03:00:00,0.0
2024-08-17 04:00:00,0.0
2024-08-17 05:00:00,0.0
2024-08-17 06:00:00,0.705225
2024-08-17 07:00:00,6.406332
2024-08-17 08:00:00,16.682358
2024-08-17 09:00:00,22.381157
2024-08-17 10:00:00,33.408432
2024-08-17 11:00:00,27.21674
2024-08-17 12:00:00,54.24288
2024-08-17 13:00:00,45.5653
2024-08-17 14:00:00,39.992096
2024-08-17 15:00:00,30.834526
2024-08-17 16:00:00,28.37171
2024-08-17 17:00:00,27.482872
2024-08-17 18:00:00,15.338857
2024-08-17 19:00:00,5.180098
2024-08-17 20:00:00,1.2626475
2024-08-17 21:00:00,0.0
2024-08-17 22:00:00,0.0
2024-08-17 23:00:00,0.0
2024-08-18 00:00:00,0.0
2024-08-18 01:00:00,0.0
2024-08-18 02:00:00,0.0
2024-08-18 03:00:00,0.0
2024-08-18 04:00:00,0.0
2024-08-18 05:00:00,0.0
2024-08-18 06:00:00,0.7715212
2024-08-18 07:00:00,3.6695487
2024-08-18 08:00:00,8.049076
2024-08-18 09:00:00,16.209627
2024-08-18 10:00:00,19.585136
2024-08-18 11:00:00,20.93482
2024-08-18 12:00:00,23.239407
2024-08-18 13:00:00,39.03002
2024-08-18 14:00:00,24.488031
2024-08-18 15:00:00,30.025103
2024-08-18 16:00:00,24.335308
2024-08-18 17:00:00,16.819323
2024-08-18 18:00:00,12.972356
2024-08-18 19:00:00,8.389589
2024-08-18 20:00:00,1.989505
2024-08-18 21:00:00,0.0
2024-08-18 22:00:00,0.0
2024-08-18 23:00:00,0.0
2024-08-19 00:00:00,0.0
2024-08-19 01:00:00,0.0
2024-08-19 02:00:00,0.0
2024-08-19 03:00:00,0.0
2024-08-19 04:00:00,0.0
2024-08-19 05:00:00,0.0
2024-08-19 06:00:00,0.5517665
2024-08-19 07:00:00,4.898451
2024-08-19 08:00:00,15.33617
2024-08-19 09:00:00,27.860926
2024-08-19 10:00:00,32.360268
2024-08-19 11:00:00,26.577036
2024-08-19 12:00:00,36.152275
2024-08-19 13:00:00,38.813774
2024-08-19 14:00:00,30.069996
2024-08-19 15:00:00,23.176334
2024-08-19 16:00:00,36.736702
2024-08-19 17:00:00,23.693344
2024-08-19 18:00:00,13.701675
2024-08-19 19:00:00,4.203954
2024-08-19 20:00:00,0.93943423
2024-08-19 21:00:00,0.0
2024-08-19 22:00:00,0.0
2024-08-19 23:00:00,0.0
2024-08-20 00:00:00,0.0
2024-08-20 01:00:00,0.0
2024-08-20 02:00:00,0.0
2024-08-20 03:00:00,0.0
2024-08-20 04:00:00,0.0
2024-08-20 05:00:00,0.0
2024-08-20 06:00:00,0.79304504
2024-08-20 07:00:00,6.4960012
2024-08-20 08:00:00,13.365238
2024-08-20 09:00:00,17.047493
2024-08-20 10:00:00,27.467571
2024-08-20 11:00:00,40.14771
2024-08-20 12:00:00,37.54718
2024-08-20 13:00:00,43.175976
2024-08-20 14:00:00,38.31647
2024-08-20 15:00:00,42.06694
2024-08-20 16:00:00,29.851902
2024-08-20 17:00:00,19.138582
2024-08-20 18:00:00,11.651738
2024-08-20 19:00:00,3.5132523
2024-08-20 20:00:00,0.5071263
2024-08-20 21:00:00,0.0
2024-08-20 22:00:00,0.0
2024-08-20 23:00:00,0.0
2024-08-21 00:00:00,0.0
2024-08-21 01:00:00,0.0
2024-08-21 02:00:00,0.0
2024-08-21 03:00:00,0.0
2024-08-21 04:00:00,0.0
2024-08-21 05:00:00,0.0
2024-08-21 06:00:00,0.41534024
2024-08-21 07:00:00,3.526221
2024-08-21 08:00:00,7.2690115
2024-08-21 09:00:00,25.986517
2024-08-21 10:00:00,27.72781
2024-08-21 11:00:00,17.758797
2024-08-21 12:00:00,28.530455
2024-08-21 13:00:00,22.027895
2024-08-21 14:00:00,41.96295
2024-08-21 15:00:00,13.569033
2024-08-21 16:00:00,18.612011
2024-08-21 17:00:00,10.635641
2024-08-21 18:00:00,14.313102
2024-08-21 19:00:00,2.8715906
2024-08-21 20:00:00,0.5681525
2024-08-21 21:00:00,0.0
2024-08-21 22:00:00,0.0
2024-08-21 23:00:00,0.0
2024-08-22 00:00:00,0.0
2024-08-22 01:00:00,0.0
2024-08-22 02:00:00,0.0
2024-08-22 03:00:00,0.0
2024-08-22 04:00:00,0.0
2024-08-22 05:00:00,0.0
2024-08-22 06:00:00,0.0
2024-08-22 07:00:00,0.5723653
2024-08-22 08:00:00,2.0833855
2024-08-22 09:00:00,7.350644
2024-08-22 10:00:00,21.150135
2024-08-22 11:00:00,23.20932
2024-08-22 12:00:00,24.609203
2024-08-22 13:00:00,16.955807
2024-08-22 14:00:00,11.761585
2024-08-22 15:00:00,20.476225
2024-08-22 16:00:00,17.460773
2024-08-22 17:00:00,11.898095
2024-08-22 18:00:00,4.980898
2024-08-22 19:00:00,0.93478376
2024-08-22 20:00:00,0.061923753
2024-08-22 21:00:00,0.0
2024-08-22 22:00:00,0.0
2024-08-22 23:00:00,0.0
2024-08-23 00:00:00,0.0
2024-08-23 01:00:00,0.0
2024-08-23 02:00:00,0.0
2024-08-23 03:00:00,0.0
2024-08-23 04:00:00,0.0
2024-08-23 05:00:00,0.0
2024-08-23 06:00:00,0.153
2024-08-23 07:00:00,2.6508424
2024-08-23 08:00:00,9.986169
2024-08-23 09:00:00,15.955044
2024-08-23 10:00:00,20.676847
2024-08-23 11:00:00,14.251877
2024-08-23 12:00:00,24.40604
2024-08-23 13:00:00,9.58237
2024-08-23 14:00:00,5.5816736
2024-08-23 15:00:00,6.492818
2024-08-23 16:00:00,8.781217
2024-08-23 17:00:00,17.56065
2024-08-23 18:00:00,7.2449617
2024-08-23 19:00:00,3.6854951
2024-08-23 20:00:00,0.83801275
2024-08-23 21:00:00,0.0
2024-08-23 22:00:00,0.0
2024-08-23 23:00:00,0.0
2024-08-24 00:00:00,0.0
2024-08-24 01:00:00,0.0
2024-08-24 02:00:00,-0.0001135
2024-08-24 03:00:00,0.0
2024-08-24 04:00:00,0.0
2024-08-24 05:00:00,0.0
2024-08-24 06:00:00,0.39301223
2024-08-24 07:00:00,3.1613932
2024-08-24 08:00:00,8.489356
2024-08-24 09:00:00,15.448894
2024-08-24 10:00:00,31.707516
2024-08-24 11:00:00,21.27998
2024-08-24 12:00:00,31.377504
2024-08-24 13:00:00,47.62703
2024-08-24 14:00:00,40.605774
2024-08-24 15:00:00,40.075058
2024-08-24 16:00:00,29.360008
2024-08-24 17:00:00,19.497025
2024-08-24 18:00:00,11.305763
2024-08-24 19:00:00,2.399549
2024-08-24 20:00:00,0.21893026
2024-08-24 21:00:00,0.0
2024-08-24 22:00:00,0.0
2024-08-24 23:00:00,0.0
2024-08-25 00:00:00,0.0
2024-08-25 01:00:00,0.0
2024-08-25 02:00:00,0.0
2024-08-25 03:00:00,0.0
2024-08-25 04:00:00,0.0
2024-08-25 05:00:00,0.0
2024-08-25 06:00:00,0.0
2024-08-25 07:00:00,3.0739098
2024-08-25 08:00:00,7.5636263
2024-08-25 09:00:00,15.339686
2024-08-25 10:00:00,31.110725
2024-08-25 11:00:00,43.93599
2024-08-25 12:00:00,41.60481
2024-08-25 13:00:00,30.130695
2024-08-25 14:00:00,23.448877
2024-08-25 15:00:00,28.644947
2024-08-25 16:00:00,35.4749
2024-08-25 17:00:00,21.628153
2024-08-25 18:00:00,5.677975
2024-08-25 19:00:00,3.7820592
2024-08-25 20:00:00,0.37577626
2024-08-25 21:00:00,0.0
2024-08-25 22:00:00,0.0
2024-08-25 23:00:00,0.0
2024-08-26 00:00:00,0.0
2024-08-26 01:00:00,0.0
2024-08-26 02:00:00,0.0
2024-08-26 03:00:00,0.0
2024-08-26 04:00:00,0.0
2024-08-26 05:00:00,0.0
2024-08-26 06:00:00,0.41550252
2024-08-26 07:00:00,4.3431168
2024-08-26 08:00:00,15.614034
2024-08-26 09:00:00,19.315474
2024-08-26 10:00:00,32.971325
2024-08-26 11:00:00,39.91057
2024-08-26 12:00:00,45.989674
2024-08-26 13:00:00,51.269478
2024-08-26 14:00:00,30.08254
2024-08-26 15:00:00,12.747422
2024-08-26 16:00:00,13.392866
2024-08-26 17:00:00,16.808708
2024-08-26 18:00:00,5.505023
2024-08-26 19:00:00,3.275303
2024-08-26 20:00:00,0.21477127
2024-08-26 21:00:00,0.0
2024-08-26 22:00:00,0.0
2024-08-26 23:00:00,0.0
2024-08-27 00:00:00,0.0
2024-08-27 01:00:00,0.0
2024-08-27 02:00:00,0.0
2024-08-27 03:00:00,0.0
2024-08-27 04:00:00,0.0
2024-08-27 05:00:00,0.0
2024-08-27 06:00:00,0.289296
2024-08-27 07:00:00,3.2971787
2024-08-27 08:00:00,12.215215
2024-08-27 09:00:00,22.915024
2024-08-27 10:00:00,33.86377
2024-08-27 11:00:00,38.846695
2024-08-27 12:00:00,44.793182
2024-08-27 13:00:00,41.893272
2024-08-27 14:00:00,41.769203
2024-08-27 15:00:00,37.91809
2024-08-27 16:00:00,29.706598
2024-08-27 17:00:00,21.90783
2024-08-27 18:00:00,7.51989
2024-08-27 19:00:00,4.811188
2024-08-27 20:00:00,0.451195
2024-08-27 21:00:00,0.0
2024-08-27 22:00:00,0.0
2024-08-27 23:00:00,0.0
2024-08-28 00:00:00,0.0
2024-08-28 01:00:00,0.0
2024-08-28 02:00:00,-0.0001125
2024-08-28 03:00:00,0.0
2024-08-28 04:00:00,0.0
2024-08-28 05:00:00,0.0
2024-08-28 06:00:00,0.257
2024-08-28 07:00:00,3.0568
2024-08-28 08:00:00,13.435001
2024-08-28 09:00:00,23.566328
2024-08-28 10:00:00,33.1535
2024-08-28 11:00:00,39.804665
2024-08-28 12:00:00,44.46962
2024-08-28 13:00:00,45.360676
2024-08-28 14:00:00,44.000404
2024-08-28 15:00:00,39.37678
2024-08-28 16:00:00,32.172947
2024-08-28 17:00:00,22.761038
2024-08-28 18:00:00,11.103099
2024-08-28 19:00:00,1.7532138
2024-08-28 20:00:00,0.18655924
2024-08-28 21:00:00,0.0
2024-08-28 22:00:00,0.0
2024-08-28 23:00:00,0.0
2024-08-29 00:00:00,0.0
2024-08-29 01:00:00,0.0
2024-08-29 02:00:00,0.0
2024-08-29 03:00:00,0.0
2024-08-29 04:00:00,0.0
2024-08-29 05:00:00,0.0
2024-08-29 06:00:00,0.37749574
2024-08-29 07:00:00,2.9089496
2024-08-29 08:00:00,11.9321575
2024-08-29 09:00:00,21.851307
2024-08-29 10:00:00,30.8535
2024-08-29 11:00:00,37.788002
2024-08-29 12:00:00,37.867676
2024-08-29 13:00:00,41.490738
2024-08-29 14:00:00,38.547363
2024-08-29 15:00:00,29.514366
2024-08-29 16:00:00,26.81821
2024-08-29 17:00:00,21.02094
2024-08-29 18:00:00,10.2808
2024-08-29 19:00:00,3.4773293
2024-08-29 20:00:00,0.075675
2024-08-29 21:00:00,0.0
2024-08-29 22:00:00,0.0
2024-08-29 23:00:00,0.0
2024-08-30 00:00:00,0.0
2024-08-30 01:00:00,0.0
2024-08-30 02:00:00,0.0
2024-08-30 03:00:00,0.0
2024-08-30 04:00:00,0.0
2024-08-30 05:00:00,0.0
2024-08-30 06:00:00,0.11125
2024-08-30 07:00:00,2.4864552
2024-08-30 08:00:00,5.962346
2024-08-30 09:00:00,11.685593
2024-08-30 10:00:00,18.232971
2024-08-30 11:00:00,41.36789
2024-08-30 12:00:00,29.11197
2024-08-30 13:00:00,36.396183
2024-08-30 14:00:00,33.783146
2024-08-30 15:00:00,45.051674
2024-08-30 16:00:00,32.47791
2024-08-30 17:00:00,25.853859
2024-08-30 18:00:00,11.406617
2024-08-30 19:00:00,1.880311
2024-08-30 20:00:00,0.1992335
2024-08-30 21:00:00,0.0
2024-08-30 22:00:00,0.0
2024-08-30 23:00:00,0.0
2024-08-31 00:00:00,0.0
2024-08-31 01:00:00,0.0
2024-08-31 02:00:00,0.0
2024-08-31 03:00:00,0.0
2024-08-31 04:00:00,0.0
2024-08-31 05:00:00,0.0
2024-08-31 06:00:00,0.20381226
2024-08-31 07:00:00,3.0787816
2024-08-31 08:00:00,12.956708
2024-08-31 09:00:00,23.628489
2024-08-31 10:00:00,29.302263
2024-08-31 11:00:00,36.329803
2024-08-31 12:00:00,41.055183
2024-08-31 13:00:00,43.697388
2024-08-31 14:00:00,44.47549
2024-08-31 15:00:00,40.334637
2024-08-31 16:00:00,33.480614
2024-08-31 17:00:00,19.52175
2024-08-31 18:00:00,10.351028
2024-08-31 19:00:00,1.39495
2024-08-31 20:00:00,0.089475
2024-08-31 21:00:00,0.0
2024-08-31 22:00:00,0.0
2024-08-31 23:00:00,0.0
2024-09-01 00:00:00,0.0
2024-09-01 01:00:00,0.0
2024-09-01 02:00:00,0.0
2024-09-01 03:00:00,0.0
2024-09-01 04:00:00,0.0
2024-09-01 05:00:00,0.0
2024-09-01 06:00:00,0.176225
2024-09-01 07:00:00,2.0473313
2024-09-01 08:00:00,13.279619
2024-09-01 09:00:00,22.966106
2024-09-01 10:00:00,33.600067
2024-09-01 11:00:00,38.93254
2024-09-01 12:00:00,43.839813
2024-09-01 13:00:00,39.551888
2024-09-01 14:00:00,39.838505
2024-09-01 15:00:00,36.72051
2024-09-01 16:00:00,30.996456
2024-09-01 17:00:00,19.26227
2024-09-01 18:00:00,9.866052
2024-09-01 19:00:00,2.8129048
2024-09-01 20:00:00,0.13843025
2024-09-01 21:00:00,0.0
2024-09-01 22:00:00,0.0
2024-09-01 23:00:00,0.0
2024-09-02 00:00:00,0.0
2024-09-02 01:00:00,0.0
2024-09-02 02:00:00,0.0
2024-09-02 03:00:00,0.0
2024-09-02 04:00:00,0.0
2024-09-02 05:00:00,0.0
2024-09-02 06:00:00,0.168
2024-09-02 07:00:00,2.9594884
2024-09-02 08:00:00,10.692625
2024-09-02 09:00:00,19.439602
2024-09-02 10:00:00,31.870173
2024-09-02 11:00:00,37.967033
2024-09-02 12:00:00,39.7902
2024-09-02 13:00:00,42.451454
2024-09-02 14:00:00,36.730953
2024-09-02 15:00:00,37.478798
2024-09-02 16:00:00,30.876976
2024-09-02 17:00:00,20.684126
2024-09-02 18:00:00,8.054654
2024-09-02 19:00:00,2.1925578
2024-09-02 20:00:00,0.065572
2024-09-02 21:00:00,0.0
2024-09-02 22:00:00,0.0
2024-09-02 23:00:00,0.0
2024-09-03 00:00:00,0.0
2024-09-03 01:00:00,0.0
2024-09-03 02:00:00,0.0
2024-09-03 03:00:00,0.0
2024-09-03 04:00:00,0.0
2024-09-03 05:00:00,0.0
2024-09-03 06:00:00,0.25042748
2024-09-03 07:00:00,3.9609227
2024-09-03 08:00:00,13.786484
2024-09-03 09:00:00,15.162575
2024-09-03 10:00:00,30.930618
2024-09-03 11:00:00,22.997505
2024-09-03 12:00:00,37.525875
2024-09-03 13:00:00,34.235294
2024-09-03 14:00:00,30.231339
2024-09-03 15:00:00,32.57164
2024-09-03 16:00:00,14.682869
2024-09-03 17:00:00,14.773445
2024-09-03 18:00:00,5.9363403
2024-09-03 19:00:00,0.6739447
2024-09-03 20:00:00,0.0
2024-09-03 21:00:00,0.0
2024-09-03 22:00:00,0.0
2024-09-03 23:00:00,0.0
2024-09-04 00:00:00,0.0
2024-09-04 01:00:00,0.0
2024-09-04 02:00:00,-0.0001135
2024-09-04 03:00:00,0.0
2024-09-04 04:00:00,0.0
2024-09-04 05:00:00,0.0
2024-09-04 06:00:00,0.0
2024-09-04 07:00:00,1.5606862
2024-09-04 08:00:00,8.287722
2024-09-04 09:00:00,1.8744255
2024-09-04 10:00:00,6.3064218
2024-09-04 11:00:00,18.77569
2024-09-04 12:00:00,19.17996
2024-09-04 13:00:00,12.451553
2024-09-04 14:00:00,35.80479
2024-09-04 15:00:00,35.080185
2024-09-04 16:00:00,24.702976
2024-09-04 17:00:00,15.593397
2024-09-04 18:00:00,4.829254
2024-09-04 19:00:00,0.49779624
2024-09-04 20:00:00,0.0
2024-09-04 21:00:00,0.0
2024-09-04 22:00:00,0.0
2024-09-04 23:00:00,0.0
2024-09-05 00:00:00,0.0
2024-09-05 01:00:00,0.0
2024-09-05 02:00:00,0.0
2024-09-05 03:00:00,0.0
2024-09-05 04:00:00,0.0
2024-09-05 05:00:00,0.0
2024-09-05 06:00:00,0.078975
2024-09-05 07:00:00,2.1375082
2024-09-05 08:00:00,9.74757
2024-09-05 09:00:00,19.614962
2024-09-05 10:00:00,28.695988
2024-09-05 11:00:00,35.81158
2024-09-05 12:00:00,40.81857
2024-09-05 13:00:00,42.25102
2024-09-05 14:00:00,40.36107
2024-09-05 15:00:00,34.88036
2024-09-05 16:00:00,27.047459
2024-09-05 17:00:00,17.809278
2024-09-05 18:00:00,6.3788557
2024-09-05 19:00:00,1.280566
2024-09-05 20:00:00,0.029450001
2024-09-05 21:00:00,0.0
2024-09-05 22:00:00,0.0
2024-09-05 23:00:00,0.0
2024-09-06 00:00:00,0.0
2024-09-06 01:00:00,0.0
2024-09-06 02:00:00,0.0
2024-09-06 03:00:00,0.0
2024-09-06 04:00:00,0.0
2024-09-06 05:00:00,0.0
2024-09-06 06:00:00,0.19002499
2024-09-06 07:00:00,3.67027
2024-09-06 08:00:00,7.317227
2024-09-06 09:00:00,10.152482
2024-09-06 10:00:00,19.641726
2024-09-06 11:00:00,34.044743
2024-09-06 12:00:00,39.82397
2024-09-06 13:00:00,41.412025
2024-09-06 14:00:00,40.297264
2024-09-06 15:00:00,34.81153
2024-09-06 16:00:00,25.37791
2024-09-06 17:00:00,17.56504
2024-09-06 18:00:00,5.5135293
2024-09-06 19:00:00,1.272325
2024-09-06 20:00:00,0.0
2024-09-06 21:00:00,0.0
2024-09-06 22:00:00,0.0
2024-09-06 23:00:00,0.0
2024-09-07 00:00:00,0.0
2024-09-07 01:00:00,0.0
2024-09-07 02:00:00,0.0
2024-09-07 03:00:00,0.0
2024-09-07 04:00:00,0.0
2024-09-07 05:00:00,0.0
2024-09-07 06:00:00,0.0
2024-09-07 07:00:00,2.5606315
2024-09-07 08:00:00,6.210682
2024-09-07 09:00:00,20.172333
2024-09-07 10:00:00,27.821342
2024-09-07 11:00:00,21.39834
2024-09-07 12:00:00,20.40055
2024-09-07 13:00:00,28.04317
2024-09-07 14:00:00,31.986847
2024-09-07 15:00:00,27.937141
2024-09-07 16:00:00,15.713259
2024-09-07 17:00:00,13.932234
2024-09-07 18:00:00,8.303572
2024-09-07 19:00:00,1.042216
2024-09-07 20:00:00,0.0
2024-09-07 21:00:00,0.0
2024-09-07 22:00:00,0.0
2024-09-07 23:00:00,0.0
2024-09-08 00:00:00,0.0
2024-09-08 01:00:00,0.0
2024-09-08 02:00:00,-0.0001125
2024-09-08 03:00:00,0.0
2024-09-08 04:00:00,0.0
2024-09-08 05:00:00,0.0
2024-09-08 06:00:00,0.0
2024-09-08 07:00:00,1.6905582
2024-09-08 08:00:00,8.892708
2024-09-08 09:00:00,18.92434
2024-09-08 10:00:00,26.750505
2024-09-08 11:00:00,29.741632
2024-09-08 12:00:00,29.004915
2024-09-08 13:00:00,42.100758
2024-09-08 14:00:00,33.25688
2024-09-08 15:00:00,28.369488
2024-09-08 16:00:00,20.38143
2024-09-08 17:00:00,10.817854
2024-09-08 18:00:00,4.980997
2024-09-08 19:00:00,0.9392505
2024-09-08 20:00:00,0.0
2024-09-08 21:00:00,0.0
2024-09-08 22:00:00,0.0
2024-09-08 23:00:00,0.0
2024-09-09 00:00:00,0.0
2024-09-09 01:00:00,0.0
2024-09-09 02:00:00,0.0
2024-09-09 03:00:00,0.0
2024-09-09 04:00:00,0.0
2024-09-09 05:00:00,0.0
2024-09-09 06:00:00,0.0
2024-09-09 07:00:00,0.0565
2024-09-09 08:00:00,1.0129722
2024-09-09 09:00:00,3.373225
2024-09-09 10:00:00,5.942773
2024-09-09 11:00:00,11.188924
2024-09-09 12:00:00,15.180571
2024-09-09 13:00:00,21.345755
2024-09-09 14:00:00,21.822807
2024-09-09 15:00:00,23.183483
2024-09-09 16:00:00,19.39758
2024-09-09 17:00:00,7.485257
2024-09-09 18:00:00,3.4705832
2024-09-09 19:00:00,0.81175
2024-09-09 20:00:00,0.0
2024-09-09 21:00:00,0.0
2024-09-09 22:00:00,0.0
2024-09-09 23:00:00,0.0
2024-09-10 00:00:00,0.0
2024-09-10 01:00:00,0.0
2024-09-10 02:00:00,0.0
2024-09-10 03:00:00,0.0
2024-09-10 04:00:00,0.0
2024-09-10 05:00:00,0.0
2024-09-10 06:00:00,0.0
2024-09-10 07:00:00,1.0732952
2024-09-10 08:00:00,6.9467034
2024-09-10 09:00:00,17.878988
2024-09-10 10:00:00,14.533944
2024-09-10 11:00:00,27.358047
2024-09-10 12:00:00,23.576698
2024-09-10 13:00:00,13.207003
2024-09-10 14:00:00,20.56787
2024-09-10 15:00:00,18.59414
2024-09-10 16:00:00,5.5811768
2024-09-10 17:00:00,2.4463172
2024-09-10 18:00:00,0.7871497
2024-09-10 19:00:00,0.29035774
2024-09-10 20:00:00,0.0
2024-09-10 21:00:00,0.0
2024-09-10 22:00:00,0.0
2024-09-10 23:00:00,0.0
2024-09-11 00:00:00,0.0
2024-09-11 01:00:00,0.0
2024-09-11 02:00:00,0.0
2024-09-11 03:00:00,0.0
2024-09-11 04:00:00,0.0
2024-09-11 05:00:00,0.0
2024-09-11 06:00:00,0.0
2024-09-11 07:00:00,0.33377498
2024-09-11 08:00:00,1.9595
2024-09-11 09:00:00,4.6987247
2024-09-11 10:00:00,2.7638276
2024-09-11 11:00:00,9.312177
2024-09-11 12:00:00,15.7540045
2024-09-11 13:00:00,37.306957
2024-09-11 14:00:00,25.006195
2024-09-11 15:00:00,21.9798
2024-09-11 16:00:00,14.1142025
2024-09-11 17:00:00,12.4781685
2024-09-11 18:00:00,4.243128
2024-09-11 19:00:00,0.525161
2024-09-11 20:00:00,0.0
2024-09-11 21:00:00,0.0
2024-09-11 22:00:00,0.0
2024-09-11 23:00:00,0.0
2024-09-12 00:00:00,0.0
2024-09-12 01:00:00,0.0
2024-09-12 02:00:00,0.0
2024-09-12 03:00:00,0.0
2024-09-12 04:00:00,0.0
2024-09-12 05:00:00,0.0
2024-09-12 06:00:00,0.0
2024-09-12 07:00:00,4.1668806
2024-09-12 08:00:00,8.111718
2024-09-12 09:00:00,12.749176
2024-09-12 10:00:00,23.379736
2024-09-12 11:00:00,18.643808
2024-09-12 12:00:00,14.209236
2024-09-12 13:00:00,38.779385
2024-09-12 14:00:00,13.865917
2024-09-12 15:00:00,13.252525
2024-09-12 16:00:00,11.612576
2024-09-12 17:00:00,12.949097
2024-09-12 18:00:00,3.4329474
2024-09-12 19:00:00,0.9525715
2024-09-12 20:00:00,0.0
2024-09-12 21:00:00,0.0
2024-09-12 22:00:00,0.0
2024-09-12 23:00:00,0.0
2024-09-13 00:00:00,0.0
2024-09-13 01:00:00,0.0
2024-09-13 02:00:00,-0.0001125
2024-09-13 03:00:00,0.0
2024-09-13 04:00:00,0.0
2024-09-13 05:00:00,0.0
2024-09-13 06:00:00,0.0
2024-09-13 07:00:00,0.9995367
2024-09-13 08:00:00,7.1843348
2024-09-13 09:00:00,18.293388
2024-09-13 10:00:00,28.66763
2024-09-13 11:00:00,32.544724
2024-09-13 12:00:00,25.21932
2024-09-13 13:00:00,18.428041
2024-09-13 14:00:00,24.818811
2024-09-13 15:00:00,24.099432
2024-09-13 16:00:00,16.183523
2024-09-13 17:00:00,14.529194
2024-09-13 18:00:00,4.1852193
2024-09-13 19:00:00,0.93050504
2024-09-13 20:00:00,0.0
2024-09-13 21:00:00,0.0
2024-09-13 22:00:00,0.0
2024-09-13 23:00:00,0.0
2024-09-14 00:00:00,0.0
2024-09-14 01:00:00,0.0
2024-09-14 02:00:00,0.0
2024-09-14 03:00:00,0.0
2024-09-14 04:00:00,0.0
2024-09-14 05:00:00,0.0
2024-09-14 06:00:00,0.0
2024-09-14 07:00:00,1.1941046
2024-09-14 08:00:00,8.948711
2024-09-14 09:00:00,19.885456
2024-09-14 10:00:00,29.830559
2024-09-14 11:00:00,35.918537
2024-09-14 12:00:00,40.550564
2024-09-14 13:00:00,28.522804
2024-09-14 14:00:00,15.27525
2024-09-14 15:00:00,14.562361
2024-09-14 16:00:00,15.769106
2024-09-14 17:00:00,13.392028
2024-09-14 18:00:00,4.406508
2024-09-14 19:00:00,0.99737376
2024-09-14 20:00:00,0.0
2024-09-14 21:00:00,0.0
2024-09-14 22:00:00,0.0
2024-09-14 23:00:00,0.0
2024-09-15 00:00:00,0.0
2024-09-15 01:00:00,0.0
2024-09-15 02:00:00,0.0
2024-09-15 03:00:00,0.0
2024-09-15 04:00:00,0.0
2024-09-15 05:00:00,0.0
2024-09-15 06:00:00,0.0
2024-09-15 07:00:00,1.4152606
2024-09-15 08:00:00,9.996475
2024-09-15 09:00:00,22.97456
2024-09-15 10:00:00,31.36125
2024-09-15 11:00:00,32.050488
2024-09-15 12:00:00,24.501938
2024-09-15 13:00:00,15.543318
2024-09-15 14:00:00,21.127537
2024-09-15 15:00:00,17.783491
2024-09-15 16:00:00,7.923617
2024-09-15 17:00:00,8.100264
2024-09-15 18:00:00,4.0158753
2024-09-15 19:00:00,0.43199927
2024-09-15 20:00:00,0.0
2024-09-15 21:00:00,0.0
2024-09-15 22:00:00,0.0
2024-09-15 23:00:00,0.0
2024-09-16 00:00:00,0.0
2024-09-16 01:00:00,0.0
2024-09-16 02:00:00,0.0
2024-09-16 03:00:00,0.0
2024-09-16 04:00:00,0.0
2024-09-16 05:00:00,0.0
2024-09-16 06:00:00,0.0
2024-09-16 07:00:00,0.9727955
2024-09-16 08:00:00,6.9025106
2024-09-16 09:00:00,17.414669
2024-09-16 10:00:00,23.500359
2024-09-16 11:00:00,19.662533
2024-09-16 12:00:00,36.931904
2024-09-16 13:00:00,41.023193
2024-09-16 14:00:00,30.954865
2024-09-16 15:00:00,29.754364
2024-09-16 16:00:00,19.33201
2024-09-16 17:00:00,15.541475
2024-09-16 18:00:00,2.4403808
2024-09-16 19:00:00,0.38072425
2024-09-16 20:00:00,0.0
2024-09-16 21:00:00,0.0
2024-09-16 22:00:00,0.0
2024-09-16 23:00:00,0.0
2024-09-17 00:00:00,0.0
2024-09-17 01:00:00,0.0
2024-09-17 02:00:00,-0.0001125
2024-09-17 03:00:00,0.0
2024-09-17 04:00:00,0.0
2024-09-17 05:00:00,0.0
2024-09-17 06:00:00,0.0
2024-09-17 07:00:00,1.6241878
2024-09-17 08:00:00,4.3500648
2024-09-17 09:00:00,11.893204
2024-09-17 10:00:00,18.756916
2024-09-17 11:00:00,20.791725
2024-09-17 12:00:00,38.20445
2024-09-17 13:00:00,37.408463
2024-09-17 14:00:00,36.789734
2024-09-17 15:00:00,32.40408
2024-09-17 16:00:00,22.127462
2024-09-17 17:00:00,12.678946
2024-09-17 18:00:00,4.052725
2024-09-17 19:00:00,0.35579175
2024-09-17 20:00:00,0.0
2024-09-17 21:00:00,0.0
2024-09-17 22:00:00,0.0
2024-09-17 23:00:00,0.0
2024-09-18 00:00:00,0.0
2024-09-18 01:00:00,0.0
2024-09-18 02:00:00,0.0
2024-09-18 03:00:00,0.0
2024-09-18 04:00:00,0.0
2024-09-18 05:00:00,0.0
2024-09-18 06:00:00,0.0
2024-09-18 07:00:00,0.232975
2024-09-18 08:00:00,2.2374833
2024-09-18 09:00:00,6.837561
2024-09-18 10:00:00,8.061943
2024-09-18 11:00:00,12.518279
2024-09-18 12:00:00,17.62798
2024-09-18 13:00:00,36.426773
2024-09-18 14:00:00,33.120472
2024-09-18 15:00:00,30.87246
2024-09-18 16:00:00,22.027065
2024-09-18 17:00:00,13.392479
2024-09-18 18:00:00,4.0332003
2024-09-18 19:00:00,0.5291775
2024-09-18 20:00:00,0.0
2024-09-18 21:00:00,0.0
2024-09-18 22:00:00,0.0
2024-09-18 23:00:00,0.0
2024-09-19 00:00:00,0.0
2024-09-19 01:00:00,0.0
2024-09-19 02:00:00,0.0
2024-09-19 03:00:00,0.0
2024-09-19 04:00:00,0.0
2024-09-19 05:00:00,0.0
2024-09-19 06:00:00,0.0
2024-09-19 07:00:00,0.3458645
2024-09-19 08:00:00,3.0295
2024-09-19 09:00:00,8.986866
2024-09-19 10:00:00,17.817078
2024-09-19 11:00:00,35.53682
2024-09-19 12:00:00,27.123236
2024-09-19 13:00:00,26.588102
2024-09-19 14:00:00,20.787294
2024-09-19 15:00:00,10.941911
2024-09-19 16:00:00,8.791222
2024-09-19 17:00:00,5.159864
2024-09-19 18:00:00,2.2230186
2024-09-19 19:00:00,0.208275
2024-09-19 20:00:00,0.0
2024-09-19 21:00:00,0.0
2024-09-19 22:00:00,0.0
2024-09-19 23:00:00,0.0
2024-09-20 00:00:00,0.0
2024-09-20 01:00:00,0.0
2024-09-20 02:00:00,0.0
2024-09-20 03:00:00,0.0
2024-09-20 04:00:00,0.0
2024-09-20 05:00:00,0.0
2024-09-20 06:00:00,0.0
2024-09-20 07:00:00,0.26697502
2024-09-20 08:00:00,2.980559
2024-09-20 09:00:00,12.681183
2024-09-20 10:00:00,24.2938
2024-09-20 11:00:00,31.370632
2024-09-20 12:00:00,35.456554
2024-09-20 13:00:00,36.698742
2024-09-20 14:00:00,34.522358
2024-09-20 15:00:00,29.666517
2024-09-20 16:00:00,22.412699
2024-09-20 17:00:00,12.535814
2024-09-20 18:00:00,2.124577
2024-09-20 19:00:00,0.29328322
2024-09-20 20:00:00,0.0
2024-09-20 21:00:00,0.0
2024-09-20 22:00:00,0.0
2024-09-20 23:00:00,0.0
2024-09-21 00:00:00,0.0
2024-09-21 01:00:00,0.0
2024-09-21 02:00:00,-0.0001135
2024-09-21 03:00:00,0.0
2024-09-21 04:00:00,0.0
2024-09-21 05:00:00,0.0
2024-09-21 06:00:00,0.0
2024-09-21 07:00:00,0.6764932
2024-09-21 08:00:00,5.44533
2024-09-21 09:00:00,16.130001
2024-09-21 10:00:00,25.26511
2024-09-21 11:00:00,32.376762
2024-09-21 12:00:00,36.063103
2024-09-21 13:00:00,37.53073
2024-09-21 14:00:00,35.462425
2024-09-21 15:00:00,30.228493
2024-09-21 16:00:00,22.26749
2024-09-21 17:00:00,12.183129
2024-09-21 18:00:00,1.8564639
2024-09-21 19:00:00,0.24475001
2024-09-21 20:00:00,0.0
2024-09-21 21:00:00,0.0
2024-09-21 22:00:00,0.0
2024-09-21 23:00:00,0.0
2024-09-22 00:00:00,0.0
2024-09-22 01:00:00,0.0
2024-09-22 02:00:00,0.0
2024-09-22 03:00:00,0.0
2024-09-22 04:00:00,0.0
2024-09-22 05:00:00,0.0
2024-09-22 06:00:00,0.0
2024-09-22 07:00:00,0.71546274
2024-09-22 08:00:00,4.9940434
2024-09-22 09:00:00,15.19295
2024-09-22 10:00:00,24.146194
2024-09-22 11:00:00,31.037077
2024-09-22 12:00:00,34.83924
2024-09-22 13:00:00,36.342945
2024-09-22 14:00:00,33.72569
2024-09-22 15:00:00,28.694489
2024-09-22 16:00:00,21.168928
2024-09-22 17:00:00,10.831909
2024-09-22 18:00:00,1.8232177
2024-09-22 19:00:00,0.23434374
2024-09-22 20:00:00,0.0
2024-09-22 21:00:00,0.0
2024-09-22 22:00:00,0.0
2024-09-22 23:00:00,0.0
2024-09-23 00:00:00,0.0
2024-09-23 01:00:00,0.0
2024-09-23 02:00:00,0.0
2024-09-23 03:00:00,0.0
2024-09-23 04:00:00,0.0
2024-09-23 05:00:00,0.0
2024-09-23 06:00:00,0.0
2024-09-23 07:00:00,0.68515
2024-09-23 08:00:00,4.9423285
2024-09-23 09:00:00,14.965639
2024-09-23 10:00:00,23.477657
2024-09-23 11:00:00,30.334284
2024-09-23 12:00:00,34.651985
2024-09-23 13:00:00,30.199455
2024-09-23 14:00:00,24.474976
2024-09-23 15:00:00,15.255918
2024-09-23 16:00:00,8.397293
2024-09-23 17:00:00,7.77288
2024-09-23 18:00:00,1.6999878
2024-09-23 19:00:00,0.28971726
2024-09-23 20:00:00,0.0
2024-09-23 21:00:00,0.0
2024-09-23 22:00:00,0.0
2024-09-23 23:00:00,0.0
2024-09-24 00:00:00,0.0
2024-09-24 01:00:00,0.0
2024-09-24 02:00:00,0.0
2024-09-24 03:00:00,0.0
2024-09-24 04:00:00,0.0
2024-09-24 05:00:00,0.0
2024-09-24 06:00:00,0.0
2024-09-24 07:00:00,0.07375
2024-09-24 08:00:00,2.0309787
2024-09-24 09:00:00,7.1343884
2024-09-24 10:00:00,13.823608
2024-09-24 11:00:00,17.145262
2024-09-24 12:00:00,17.160063
2024-09-24 13:00:00,19.510561
2024-09-24 14:00:00,18.33362
2024-09-24 15:00:00,17.025322
2024-09-24 16:00:00,9.531123
2024-09-24 17:00:00,3.0783575
2024-09-24 18:00:00,2.0101025
2024-09-24 19:00:00,0.090975
2024-09-24 20:00:00,0.0
2024-09-24 21:00:00,0.0
2024-09-24 22:00:00,0.0
2024-09-24 23:00:00,0.0
2024-09-25 00:00:00,0.0
2024-09-25 01:00:00,0.0
2024-09-25 02:00:00,0.0
2024-09-25 03:00:00,0.0
2024-09-25 04:00:00,0.0
2024-09-25 05:00:00,0.0
2024-09-25 06:00:00,0.0
2024-09-25 07:00:00,0.2443
2024-09-25 08:00:00,0.3858
2024-09-25 09:00:00,14.895226
2024-09-25 10:00:00,11.16129
2024-09-25 11:00:00,9.593277
2024-09-25 12:00:00,13.944836
2024-09-25 13:00:00,16.280941
2024-09-25 14:00:00,4.7322717
2024-09-25 15:00:00,14.687925
2024-09-25 16:00:00,6.174
2024-09-25 17:00:00,8.604023
2024-09-25 18:00:00,1.563159
2024-09-25 19:00:00,0.073975
2024-09-25 20:00:00,0.0
2024-09-25 21:00:00,0.0
2024-09-25 22:00:00,0.0
2024-09-25 23:00:00,0.0
2024-09-26 00:00:00,0.0
2024-09-26 01:00:00,0.0
2024-09-26 02:00:00,0.0
2024-09-26 03:00:00,0.0
2024-09-26 04:00:00,0.0
2024-09-26 05:00:00,0.0
2024-09-26 06:00:00,0.0
2024-09-26 07:00:00,0.0
2024-09-26 08:00:00,0.882582
2024-09-26 09:00:00,3.3066347
2024-09-26 10:00:00,4.2965064
2024-09-26 11:00:00,2.6094751
2024-09-26 12:00:00,7.0987835
2024-09-26 13:00:00,7.9635634
2024-09-26 14:00:00,16.516132
2024-09-26 15:00:00,28.304165
2024-09-26 16:00:00,13.789576
2024-09-26 17:00:00,7.7290764
2024-09-26 18:00:00,1.5531328
2024-09-26 19:00:00,0.05955
2024-09-26 20:00:00,0.0
2024-09-26 21:00:00,0.0
2024-09-26 22:00:00,0.0
2024-09-26 23:00:00,0.0
2024-09-27 00:00:00,0.0
2024-09-27 01:00:00,0.0
2024-09-27 02:00:00,0.0
2024-09-27 03:00:00,0.0
2024-09-27 04:00:00,0.0
2024-09-27 05:00:00,0.0
2024-09-27 06:00:00,0.0
2024-09-27 07:00:00,0.20397875
2024-09-27 08:00:00,3.8746905
2024-09-27 09:00:00,7.08667
2024-09-27 10:00:00,13.149617
2024-09-27 11:00:00,13.064513
2024-09-27 12:00:00,13.261325
2024-09-27 13:00:00,7.047304
2024-09-27 14:00:00,6.7791
2024-09-27 15:00:00,9.054214
2024-09-27 16:00:00,4.527377
2024-09-27 17:00:00,3.1484027
2024-09-27 18:00:00,0.6287
2024-09-27 19:00:00,0.0
2024-09-27 20:00:00,0.0
2024-09-27 21:00:00,0.0
2024-09-27 22:00:00,0.0
2024-09-27 23:00:00,0.0
2024-09-28 00:00:00,0.0
2024-09-28 01:00:00,0.0
2024-09-28 02:00:00,0.0
2024-09-28 03:00:00,0.0
2024-09-28 04:00:00,0.0
2024-09-28 05:00:00,0.0
2024-09-28 06:00:00,0.0
2024-09-28 07:00:00,0.3217495
2024-09-28 08:00:00,4.73475
2024-09-28 09:00:00,8.125751
2024-09-28 10:00:00,12.103146
2024-09-28 11:00:00,35.542206
2024-09-28 12:00:00,29.547754
2024-09-28 13:00:00,33.324333
2024-09-28 14:00:00,20.44875
2024-09-28 15:00:00,25.616602
2024-09-28 16:00:00,15.614124
2024-09-28 17:00:00,8.883176
2024-09-28 18:00:00,1.2956243
2024-09-28 19:00:00,0.0
2024-09-28 20:00:00,0.0
2024-09-28 21:00:00,0.0
2024-09-28 22:00:00,0.0
2024-09-28 23:00:00,0.0
2024-09-29 00:00:00,0.0
2024-09-29 01:00:00,0.0
2024-09-29 02:00:00,0.0
2024-09-29 03:00:00,0.0
2024-09-29 04:00:00,0.0
2024-09-29 05:00:00,0.0
2024-09-29 06:00:00,0.0
2024-09-29 07:00:00,0.28980774
2024-09-29 08:00:00,3.3495977
2024-09-29 09:00:00,13.875872
2024-09-29 10:00:00,22.85664
2024-09-29 11:00:00,30.449778
2024-09-29 12:00:00,25.736294
2024-09-29 13:00:00,15.956013
2024-09-29 14:00:00,23.93788
2024-09-29 15:00:00,10.251873
2024-09-29 16:00:00,16.10003
2024-09-29 17:00:00,8.032275
2024-09-29 18:00:00,1.3193145
2024-09-29 19:00:00,0.0
2024-09-29 20:00:00,0.0
2024-09-29 21:00:00,0.0
2024-09-29 22:00:00,0.0
2024-09-29 23:00:00,0.0
2024-09-30 00:00:00,0.0
2024-09-30 01:00:00,0.0
2024-09-30 02:00:00,0.0
2024-09-30 03:00:00,0.0
2024-09-30 04:00:00,0.0
2024-09-30 05:00:00,0.0
2024-09-30 06:00:00,0.0
2024-09-30 07:00:00,0.23800375
2024-09-30 08:00:00,3.2382076
2024-09-30 09:00:00,14.315348
2024-09-30 10:00:00,15.464178
2024-09-30 11:00:00,29.474352
2024-09-30 12:00:00,34.7253
2024-09-30 13:00:00,35.995094
2024-09-30 14:00:00,34.77817
2024-09-30 15:00:00,28.586704
2024-09-30 16:00:00,19.78918
2024-09-30 17:00:00,8.005769
2024-09-30 18:00:00,0.85904676
2024-09-30 19:00:00,0.0
2024-09-30 20:00:00,0.0
2024-09-30 21:00:00,0.0
2024-09-30 22:00:00,0.0
2024-09-30 23:00:00,0.0
2024-10-01 00:00:00,0.0
2024-10-01 01:00:00,0.0
2024-10-01 02:00:00,0.0
2024-10-01 03:00:00,0.0
2024-10-01 04:00:00,0.0
2024-10-01 05:00:00,0.0
2024-10-01 06:00:00,0.0
2024-10-01 07:00:00,0.0
2024-10-01 08:00:00,0.511231
2024-10-01 09:00:00,1.435123
2024-10-01 10:00:00,4.3815613
2024-10-01 11:00:00,4.710106
2024-10-01 12:00:00,4.809928
2024-10-01 13:00:00,7.9254227
2024-10-01 14:00:00,7.094993
2024-10-01 15:00:00,3.4575372
2024-10-01 16:00:00,3.1749291
2024-10-01 17:00:00,1.268225
2024-10-01 18:00:00,0.3071355
2024-10-01 19:00:00,0.0
2024-10-01 20:00:00,0.0
2024-10-01 21:00:00,0.0
2024-10-01 22:00:00,0.0
2024-10-01 23:00:00,0.0
2024-10-02 00:00:00,0.0
2024-10-02 01:00:00,0.0
2024-10-02 02:00:00,0.0
2024-10-02 03:00:00,0.0
2024-10-02 04:00:00,0.0
2024-10-02 05:00:00,0.0
2024-10-02 06:00:00,0.0
2024-10-02 07:00:00,0.0
2024-10-02 08:00:00,1.4702499
2024-10-02 09:00:00,3.8376908
2024-10-02 10:00:00,5.2083826
2024-10-02 11:00:00,19.551558
2024-10-02 12:00:00,26.371332
2024-10-02 13:00:00,27.834711
2024-10-02 14:00:00,25.42752
2024-10-02 15:00:00,25.1934
2024-10-02 16:00:00,20.750864
2024-10-02 17:00:00,6.815704
2024-10-02 18:00:00,1.1664577
2024-10-02 19:00:00,0.0
2024-10-02 20:00:00,0.0
2024-10-02 21:00:00,0.0
2024-10-02 22:00:00,0.0
2024-10-02 23:00:00,0.0
2024-10-03 00:00:00,0.0
2024-10-03 01:00:00,0.0
2024-10-03 02:00:00,0.0
2024-10-03 03:00:00,0.0
2024-10-03 04:00:00,0.0
2024-10-03 05:00:00,0.0
2024-10-03 06:00:00,0.0
2024-10-03 07:00:00,0.109
2024-10-03 08:00:00,2.224666
2024-10-03 09:00:00,10.995731
2024-10-03 10:00:00,27.410658
2024-10-03 11:00:00,33.161827
2024-10-03 12:00:00,29.117
2024-10-03 13:00:00,29.256508
2024-10-03 14:00:00,32.698547
2024-10-03 15:00:00,26.526047
2024-10-03 16:00:00,18.494072
2024-10-03 17:00:00,7.671219
2024-10-03 18:00:00,0.77889
2024-10-03 19:00:00,0.0
2024-10-03 20:00:00,0.0
2024-10-03 21:00:00,0.0
2024-10-03 22:00:00,0.0
2024-10-03 23:00:00,0.0
2024-10-04 00:00:00,0.0
2024-10-04 01:00:00,0.0
2024-10-04 02:00:00,-0.0001125
2024-10-04 03:00:00,0.0
2024-10-04 04:00:00,0.0
2024-10-04 05:00:00,0.0
2024-10-04 06:00:00,0.0
2024-10-04 07:00:00,0.140475
2024-10-04 08:00:00,2.2492754
2024-10-04 09:00:00,12.4286785
2024-10-04 10:00:00,21.25688
2024-10-04 11:00:00,19.988209
2024-10-04 12:00:00,15.647528
2024-10-04 13:00:00,24.126598
2024-10-04 14:00:00,28.047213
2024-10-04 15:00:00,21.831802
2024-10-04 16:00:00,17.555836
2024-10-04 17:00:00,6.0055213
2024-10-04 18:00:00,0.7234695
2024-10-04 19:00:00,0.0
2024-10-04 20:00:00,0.0
2024-10-04 21:00:00,0.0
2024-10-04 22:00:00,0.0
2024-10-04 23:00:00,0.0
2024-10-05 00:00:00,0.0
2024-10-05 01:00:00,0.0
2024-10-05 02:00:00,0.0
2024-10-05 03:00:00,0.0
2024-10-05 04:00:00,0.0
2024-10-05 05:00:00,0.0
2024-10-05 06:00:00,0.0
2024-10-05 07:00:00,0.1609025
2024-10-05 08:00:00,2.0025244
2024-10-05 09:00:00,12.2276325
2024-10-05 10:00:00,20.64001
2024-10-05 11:00:00,27.510544
2024-10-05 12:00:00,31.806225
2024-10-05 13:00:00,33.448997
2024-10-05 14:00:00,36.11429
2024-10-05 15:00:00,19.554394
2024-10-05 16:00:00,8.0932045
2024-10-05 17:00:00,8.879943
2024-10-05 18:00:00,0.7680922
2024-10-05 19:00:00,0.0
2024-10-05 20:00:00,0.0
2024-10-05 21:00:00,0.0
2024-10-05 22:00:00,0.0
2024-10-05 23:00:00,0.0
2024-10-06 00:00:00,0.0
2024-10-06 01:00:00,0.0
2024-10-06 02:00:00,0.0
2024-10-06 03:00:00,0.0
2024-10-06 04:00:00,0.0
2024-10-06 05:00:00,0.0
2024-10-06 06:00:00,0.0
2024-10-06 07:00:00,0.116049245
2024-10-06 08:00:00,1.6114538
2024-10-06 09:00:00,11.849665
2024-10-06 10:00:00,20.577866
2024-10-06 11:00:00,27.58281
2024-10-06 12:00:00,31.774006
2024-10-06 13:00:00,34.206573
2024-10-06 14:00:00,23.867443
2024-10-06 15:00:00,14.54662
2024-10-06 16:00:00,19.475653
2024-10-06 17:00:00,5.735434
2024-10-06 18:00:00,0.55780727
2024-10-06 19:00:00,0.0
2024-10-06 20:00:00,0.0
2024-10-06 21:00:00,0.0
2024-10-06 22:00:00,0.0
2024-10-06 23:00:00,0.0
2024-10-07 00:00:00,0.0
2024-10-07 01:00:00,0.0
2024-10-07 02:00:00,0.0
2024-10-07 03:00:00,0.0
2024-10-07 04:00:00,0.0
2024-10-07 05:00:00,0.0
2024-10-07 06:00:00,0.0
2024-10-07 07:00:00,0.0
2024-10-07 08:00:00,2.3301635
2024-10-07 09:00:00,3.341153
2024-10-07 10:00:00,2.7722185
2024-10-07 11:00:00,5.952833
2024-10-07 12:00:00,7.636175
2024-10-07 13:00:00,11.543555
2024-10-07 14:00:00,6.444856
2024-10-07 15:00:00,12.720617
2024-10-07 16:00:00,6.602335
2024-10-07 17:00:00,5.5177956
2024-10-07 18:00:00,0.68698174
2024-10-07 19:00:00,0.0
2024-10-07 20:00:00,0.0
2024-10-07 21:00:00,0.0
2024-10-07 22:00:00,0.0
2024-10-07 23:00:00,0.0
2024-10-08 00:00:00,0.0
2024-10-08 01:00:00,0.0
2024-10-08 02:00:00,0.0
2024-10-08 03:00:00,0.0
2024-10-08 04:00:00,0.0
2024-10-08 05:00:00,0.0
2024-10-08 06:00:00,0.0
2024-10-08 07:00:00,0.0
2024-10-08 08:00:00,0.34678748
2024-10-08 09:00:00,1.6408622
2024-10-08 10:00:00,2.74563
2024-10-08 11:00:00,4.0617247
2024-10-08 12:00:00,6.7463117
2024-10-08 13:00:00,11.732394
2024-10-08 14:00:00,16.114365
2024-10-08 15:00:00,16.587229
2024-10-08 16:00:00,10.343024
2024-10-08 17:00:00,3.8720639
2024-10-08 18:00:00,0.5089495
2024-10-08 19:00:00,0.0
2024-10-08 20:00:00,0.0
2024-10-08 21:00:00,0.0
2024-10-08 22:00:00,0.0
2024-10-08 23:00:00,0.0
2024-10-09 00:00:00,0.0
2024-10-09 01:00:00,0.0
2024-10-09 02:00:00,0.0
2024-10-09 03:00:00,0.0
2024-10-09 04:00:00,0.0
2024-10-09 05:00:00,0.0
2024-10-09 06:00:00,0.0
2024-10-09 07:00:00,0.0
2024-10-09 08:00:00,1.799319
2024-10-09 09:00:00,2.4520602
2024-10-09 10:00:00,6.3594146
2024-10-09 11:00:00,16.274946
2024-10-09 12:00:00,21.778456
2024-10-09 13:00:00,11.564224
2024-10-09 14:00:00,9.0739155
2024-10-09 15:00:00,9.93298
2024-10-09 16:00:00,6.876775
2024-10-09 17:00:00,3.5768094
2024-10-09 18:00:00,0.17128675
2024-10-09 19:00:00,0.0
2024-10-09 20:00:00,0.0
2024-10-09 21:00:00,0.0
2024-10-09 22:00:00,0.0
2024-10-09 23:00:00,0.0
2024-10-10 00:00:00,0.0
2024-10-10 01:00:00,0.0
2024-10-10 02:00:00,-0.0001125
2024-10-10 03:00:00,0.0
2024-10-10 04:00:00,0.0
2024-10-10 05:00:00,0.0
2024-10-10 06:00:00,0.0
2024-10-10 07:00:00,0.0
2024-10-10 08:00:00,0.23320775
2024-10-10 09:00:00,2.412778
2024-10-10 10:00:00,5.307322
2024-10-10 11:00:00,3.650889
2024-10-10 12:00:00,4.679082
2024-10-10 13:00:00,17.693981
2024-10-10 14:00:00,9.136343
2024-10-10 15:00:00,18.414534
2024-10-10 16:00:00,17.392107
2024-10-10 17:00:00,3.654193
2024-10-10 18:00:00,0.4518345
2024-10-10 19:00:00,0.0
2024-10-10 20:00:00,0.0
2024-10-10 21:00:00,0.0
2024-10-10 22:00:00,0.0
2024-10-10 23:00:00,0.0
2024-10-11 00:00:00,0.0
2024-10-11 01:00:00,0.0
2024-10-11 02:00:00,0.0
2024-10-11 03:00:00,0.0
2024-10-11 04:00:00,0.0
2024-10-11 05:00:00,0.0
2024-10-11 06:00:00,0.0
2024-10-11 07:00:00,0.0
2024-10-11 08:00:00,1.2455313
2024-10-11 09:00:00,9.123163
2024-10-11 10:00:00,11.21073
2024-10-11 11:00:00,24.922813
2024-10-11 12:00:00,25.10123
2024-10-11 13:00:00,32.42448
2024-10-11 14:00:00,27.822372
2024-10-11 15:00:00,17.50172
2024-10-11 16:00:00,10.744772
2024-10-11 17:00:00,3.4859636
2024-10-11 18:00:00,0.26089877
2024-10-11 19:00:00,0.0
2024-10-11 20:00:00,0.0
2024-10-11 21:00:00,0.0
2024-10-11 22:00:00,0.0
2024-10-11 23:00:00,0.0
2024-10-12 00:00:00,0.0
2024-10-12 01:00:00,0.0
2024-10-12 02:00:00,0.0
2024-10-12 03:00:00,0.0
2024-10-12 04:00:00,0.0
2024-10-12 05:00:00,0.0
2024-10-12 06:00:00,0.0
2024-10-12 07:00:00,0.051475
2024-10-12 08:00:00,1.7788388
2024-10-12 09:00:00,7.472987
2024-10-12 10:00:00,15.51263
2024-10-12 11:00:00,20.917677
2024-10-12 12:00:00,21.72142
2024-10-12 13:00:00,18.444725
2024-10-12 14:00:00,16.818926
2024-10-12 15:00:00,13.167855
2024-10-12 16:00:00,5.6786256
2024-10-12 17:00:00,1.9869882
2024-10-12 18:00:00,0.64775
2024-10-12 19:00:00,0.0
2024-10-12 20:00:00,0.0
2024-10-12 21:00:00,0.0
2024-10-12 22:00:00,0.0
2024-10-12 23:00:00,0.0
2024-10-13 00:00:00,0.0
2024-10-13 01:00:00,0.0
2024-10-13 02:00:00,0.0
2024-10-13 03:00:00,0.0
2024-10-13 04:00:00,0.0
2024-10-13 05:00:00,0.0
2024-10-13 06:00:00,0.0
2024-10-13 07:00:00,0.0
2024-10-13 08:00:00,0.7871232
2024-10-13 09:00:00,6.232516
2024-10-13 10:00:00,17.966393
2024-10-13 11:00:00,29.343275
2024-10-13 12:00:00,20.361725
2024-10-13 13:00:00,22.51329
2024-10-13 14:00:00,23.515278
2024-10-13 15:00:00,14.972992
2024-10-13 16:00:00,10.688143
2024-10-13 17:00:00,2.9456713
2024-10-13 18:00:00,0.368
2024-10-13 19:00:00,0.0
2024-10-13 20:00:00,0.0
2024-10-13 21:00:00,0.0
2024-10-13 22:00:00,0.0
2024-10-13 23:00:00,0.0
2024-10-14 00:00:00,0.0
2024-10-14 01:00:00,0.0
2024-10-14 02:00:00,0.0
2024-10-14 03:00:00,0.0
2024-10-14 04:00:00,0.0
2024-10-14 05:00:00,0.0
2024-10-14 06:00:00,0.0
2024-10-14 07:00:00,0.0
2024-10-14 08:00:00,1.1052063
2024-10-14 09:00:00,6.4768324
2024-10-14 10:00:00,9.5732
2024-10-14 11:00:00,12.685228
2024-10-14 12:00:00,17.139765
2024-10-14 13:00:00,20.350819
2024-10-14 14:00:00,11.211671
2024-10-14 15:00:00,7.6101723
2024-10-14 16:00:00,9.075754
2024-10-14 17:00:00,3.456712
2024-10-14 18:00:00,0.478234
2024-10-14 19:00:00,0.0
2024-10-14 20:00:00,0.0
2024-10-14 21:00:00,0.0
2024-10-14 22:00:00,0.0
2024-10-14 23:00:00,0.0
2024-10-15 00:00:00,0.0
2024-10-15 01:00:00,0.0
2024-10-15 02:00:00,0.0
2024-10-15 03:00:00,0.0
2024-10-15 04:00:00,0.0
2024-10-15 05:00:00,0.0
2024-10-15 06:00:00,0.0
2024-10-15 07:00:00,0.0
2024-10-15 08:00:00,1.3520463
2024-10-15 09:00:00,9.252452
2024-10-15 10:00:00,14.315168
2024-10-15 11:00:00,23.20902
2024-10-15 12:00:00,27.712255
2024-10-15 13:00:00,28.342758
2024-10-15 14:00:00,25.838541
2024-10-15 15:00:00,20.091446
2024-10-15 16:00:00,12.605939
2024-10-15 17:00:00,3.0881054
2024-10-15 18:00:00,0.17497875
2024-10-15 19:00:00,0.0
2024-10-15 20:00:00,0.0
2024-10-15 21:00:00,0.0
2024-10-15 22:00:00,0.0
2024-10-15 23:00:00,0.0
2024-10-16 00:00:00,0.0
2024-10-16 01:00:00,0.0
2024-10-16 02:00:00,0.0
2024-10-16 03:00:00,0.0
2024-10-16 04:00:00,0.0
2024-10-16 05:00:00,0.0
2024-10-16 06:00:00,0.0
2024-10-16 07:00:00,0.0
2024-10-16 08:00:00,1.4592593
2024-10-16 09:00:00,9.400277
2024-10-16 10:00:00,14.224975
2024-10-16 11:00:00,19.8775
2024-10-16 12:00:00,26.52746
2024-10-16 13:00:00,26.69039
2024-10-16 14:00:00,24.716614
2024-10-16 15:00:00,16.692776
2024-10-16 16:00:00,9.130344
2024-10-16 17:00:00,2.748648
2024-10-16 18:00:00,0.105025
2024-10-16 19:00:00,0.0
2024-10-16 20:00:00,0.0
2024-10-16 21:00:00,0.0
2024-10-16 22:00:00,0.0
2024-10-16 23:00:00,0.0
2024-10-17 00:00:00,0.0
2024-10-17 01:00:00,0.0
2024-10-17 02:00:00,0.0
2024-10-17 03:00:00,0.0
2024-10-17 04:00:00,0.0
2024-10-17 05:00:00,0.0
2024-10-17 06:00:00,0.0
2024-10-17 07:00:00,0.0
2024-10-17 08:00:00,0.7638092
2024-10-17 09:00:00,6.050059
2024-10-17 10:00:00,14.127014
2024-10-17 11:00:00,17.0811
2024-10-17 12:00:00,21.527391
2024-10-17 13:00:00,12.824672
2024-10-17 14:00:00,14.382956
2024-10-17 15:00:00,7.474144
2024-10-17 16:00:00,2.667373
2024-10-17 17:00:00,0.5585335
2024-10-17 18:00:00,0.0562
2024-10-17 19:00:00,0.0
2024-10-17 20:00:00,0.0
2024-10-17 21:00:00,0.0
2024-10-17 22:00:00,0.0
2024-10-17 23:00:00,0.0
2024-10-18 00:00:00,0.0
2024-10-18 01:00:00,0.0
2024-10-18 02:00:00,0.0
2024-10-18 03:00:00,0.0
2024-10-18 04:00:00,0.0
2024-10-18 05:00:00,0.0
2024-10-18 06:00:00,0.0
2024-10-18 07:00:00,0.0
2024-10-18 08:00:00,0.375375
2024-10-18 09:00:00,3.8197882
2024-10-18 10:00:00,6.33447
2024-10-18 11:00:00,13.571341
2024-10-18 12:00:00,10.4671955
2024-10-18 13:00:00,9.469415
2024-10-18 14:00:00,10.584682
2024-10-18 15:00:00,12.748032
2024-10-18 16:00:00,8.661787
2024-10-18 17:00:00,3.2110615
2024-10-18 18:00:00,0.223975
2024-10-18 19:00:00,0.0
2024-10-18 20:00:00,0.0
2024-10-18 21:00:00,0.0
2024-10-18 22:00:00,0.0
2024-10-18 23:00:00,0.0
2024-10-19 00:00:00,0.0
2024-10-19 01:00:00,0.0
2024-10-19 02:00:00,0.0
2024-10-19 03:00:00,0.0
2024-10-19 04:00:00,0.0
2024-10-19 05:00:00,0.0
2024-10-19 06:00:00,0.0
2024-10-19 07:00:00,0.0
2024-10-19 08:00:00,0.12021174
2024-10-19 09:00:00,7.3114495
2024-10-19 10:00:00,5.2586927
2024-10-19 11:00:00,4.11228
2024-10-19 12:00:00,14.434425
2024-10-19 13:00:00,9.8598
2024-10-19 14:00:00,10.305325
2024-10-19 15:00:00,2.6065679
2024-10-19 16:00:00,1.5806407
2024-10-19 17:00:00,0.02486875
2024-10-19 18:00:00,0.0
2024-10-19 19:00:00,0.0
2024-10-19 20:00:00,0.0
2024-10-19 21:00:00,0.0
2024-10-19 22:00:00,0.0
2024-10-19 23:00:00,0.0
2024-10-20 00:00:00,0.0
2024-10-20 01:00:00,0.0
2024-10-20 02:00:00,0.0
2024-10-20 03:00:00,0.0
2024-10-20 04:00:00,0.0
2024-10-20 05:00:00,0.0
2024-10-20 06:00:00,0.0
2024-10-20 07:00:00,0.0
2024-10-20 08:00:00,0.78863776
2024-10-20 09:00:00,5.8991714
2024-10-20 10:00:00,10.748466
2024-10-20 11:00:00,13.89703
2024-10-20 12:00:00,15.517904
2024-10-20 13:00:00,15.601488
2024-10-20 14:00:00,10.058024
2024-10-20 15:00:00,7.484198
2024-10-20 16:00:00,5.307063
2024-10-20 17:00:00,1.9871476
2024-10-20 18:00:00,0.0018125
2024-10-20 19:00:00,0.0
2024-10-20 20:00:00,0.0
2024-10-20 21:00:00,0.0
2024-10-20 22:00:00,0.0
2024-10-20 23:00:00,0.0
2024-10-21 00:00:00,0.0
2024-10-21 01:00:00,0.0
2024-10-21 02:00:00,0.0
2024-10-21 03:00:00,0.0
2024-10-21 04:00:00,0.0
2024-10-21 05:00:00,0.0
2024-10-21 06:00:00,0.0
2024-10-21 07:00:00,0.0
2024-10-21 08:00:00,1.1497207
2024-10-21 09:00:00,4.962069
2024-10-21 10:00:00,7.3883033
2024-10-21 11:00:00,6.4180326
2024-10-21 12:00:00,9.69532
2024-10-21 13:00:00,11.595425
2024-10-21 14:00:00,6.5492406
2024-10-21 15:00:00,8.0232115
2024-10-21 16:00:00,3.6315842
2024-10-21 17:00:00,0.9797937
2024-10-21 18:00:00,0.0
2024-10-21 19:00:00,0.0
2024-10-21 20:00:00,0.0
2024-10-21 21:00:00,0.0
2024-10-21 22:00:00,0.0
2024-10-21 23:00:00,0.0
2024-10-22 00:00:00,0.0
2024-10-22 01:00:00,0.0
2024-10-22 02:00:00,0.0
2024-10-22 03:00:00,0.0
2024-10-22 04:00:00,0.0
2024-10-22 05:00:00,0.0
2024-10-22 06:00:00,0.0
2024-10-22 07:00:00,0.0
2024-10-22 08:00:00,0.5795783
2024-10-22 09:00:00,4.5372148
2024-10-22 10:00:00,13.597247
2024-10-22 11:00:00,19.486982
2024-10-22 12:00:00,22.673237
2024-10-22 13:00:00,27.66267
2024-10-22 14:00:00,17.30431
2024-10-22 15:00:00,16.873123
2024-10-22 16:00:00,9.932348
2024-10-22 17:00:00,1.663385
2024-10-22 18:00:00,0.049775
2024-10-22 19:00:00,0.0
2024-10-22 20:00:00,0.0
2024-10-22 21:00:00,0.0
2024-10-22 22:00:00,0.0
2024-10-22 23:00:00,0.0
2024-10-23 00:00:00,0.0
2024-10-23 01:00:00,0.0
2024-10-23 02:00:00,0.0
2024-10-23 03:00:00,0.0
2024-10-23 04:00:00,0.0
2024-10-23 05:00:00,0.0
2024-10-23 06:00:00,0.0
2024-10-23 07:00:00,0.0
2024-10-23 08:00:00,0.867514
2024-10-23 09:00:00,3.4936767
2024-10-23 10:00:00,7.847603
2024-10-23 11:00:00,12.789932
2024-10-23 12:00:00,20.75827
2024-10-23 13:00:00,25.708471
2024-10-23 14:00:00,18.237373
2024-10-23 15:00:00,18.3149
2024-10-23 16:00:00,10.248139
2024-10-23 17:00:00,1.9806308
2024-10-23 18:00:00,0.062156748
2024-10-23 19:00:00,0.0
2024-10-23 20:00:00,0.0
2024-10-23 21:00:00,0.0
2024-10-23 22:00:00,0.0
2024-10-23 23:00:00,0.0
2024-10-24 00:00:00,0.0
2024-10-24 01:00:00,0.0
2024-10-24 02:00:00,-0.00011375
2024-10-24 03:00:00,0.0
2024-10-24 04:00:00,0.0
2024-10-24 05:00:00,0.0
2024-10-24 06:00:00,0.0
2024-10-24 07:00:00,0.0
2024-10-24 08:00:00,0.339
2024-10-24 09:00:00,2.5436711
2024-10-24 10:00:00,9.135678
2024-10-24 11:00:00,18.743975
2024-10-24 12:00:00,23.02664
2024-10-24 13:00:00,24.049793
2024-10-24 14:00:00,21.321775
2024-10-24 15:00:00,15.987314
2024-10-24 16:00:00,9.134329
2024-10-24 17:00:00,1.5505
2024-10-24 18:00:00,0.039
2024-10-24 19:00:00,0.0
2024-10-24 20:00:00,0.0
2024-10-24 21:00:00,0.0
2024-10-24 22:00:00,0.0
2024-10-24 23:00:00,0.0
2024-10-25 00:00:00,0.0
2024-10-25 01:00:00,0.0
2024-10-25 02:00:00,0.0
2024-10-25 03:00:00,0.0
2024-10-25 04:00:00,0.0
2024-10-25 05:00:00,0.0
2024-10-25 06:00:00,0.0
2024-10-25 07:00:00,0.0
2024-10-25 08:00:00,0.30272502
2024-10-25 09:00:00,2.3897104
2024-10-25 10:00:00,11.01862
2024-10-25 11:00:00,17.269196
2024-10-25 12:00:00,20.972527
2024-10-25 13:00:00,19.569614
2024-10-25 14:00:00,13.4638195
2024-10-25 15:00:00,14.813389
2024-10-25 16:00:00,6.686967
2024-10-25 17:00:00,1.4077268
2024-10-25 18:00:00,0.016819749
2024-10-25 19:00:00,0.0
2024-10-25 20:00:00,0.0
2024-10-25 21:00:00,0.0
2024-10-25 22:00:00,0.0
2024-10-25 23:00:00,0.0
2024-10-26 00:00:00,0.0
2024-10-26 01:00:00,0.0
2024-10-26 02:00:00,0.0
2024-10-26 03:00:00,0.0
2024-10-26 04:00:00,0.0
2024-10-26 05:00:00,0.0
2024-10-26 06:00:00,0.0
2024-10-26 07:00:00,0.0
2024-10-26 08:00:00,0.505066
2024-10-26 09:00:00,4.335504
2024-10-26 10:00:00,11.007463
2024-10-26 11:00:00,16.744526
2024-10-26 12:00:00,21.1023
2024-10-26 13:00:00,17.729372
2024-10-26 14:00:00,19.158676
2024-10-26 15:00:00,14.326006
2024-10-26 16:00:00,8.022552
2024-10-26 17:00:00,1.3801317
2024-10-26 18:00:00,0.001675
2024-10-26 19:00:00,0.0
2024-10-26 20:00:00,0.0
2024-10-26 21:00:00,0.0
2024-10-26 22:00:00,0.0
2024-10-26 23:00:00,0.0
2024-10-27 00:00:00,0.0
2024-10-27 01:00:00,0.0
2024-10-27 02:00:00,-0.0001135
2024-10-27 03:00:00,0.0
2024-10-27 04:00:00,0.0
2024-10-27 05:00:00,0.0
2024-10-27 06:00:00,0.0
2024-10-27 07:00:00,0.0
2024-10-27 08:00:00,0.6402652
2024-10-27 09:00:00,1.0615705
2024-10-27 10:00:00,2.9009793
2024-10-27 11:00:00,5.6107674
2024-10-27 12:00:00,21.742474
2024-10-27 13:00:00,22.454185
2024-10-27 14:00:00,5.6417828
2024-10-27 15:00:00,3.4959178
2024-10-27 16:00:00,1.7004166
2024-10-27 17:00:00,0.0
2024-10-27 18:00:00,0.0
2024-10-27 19:00:00,0.0
2024-10-27 20:00:00,0.0
2024-10-27 21:00:00,0.0
2024-10-27 22:00:00,0.0
2024-10-27 23:00:00,0.0
2024-10-28 00:00:00,0.0
2024-10-28 01:00:00,0.0
2024-10-28 02:00:00,0.0
2024-10-28 03:00:00,0.0
2024-10-28 04:00:00,0.0
2024-10-28 05:00:00,0.0
2024-10-28 06:00:00,0.0
2024-10-28 07:00:00,0.22044075
2024-10-28 08:00:00,1.839574
2024-10-28 09:00:00,4.81775
2024-10-28 10:00:00,6.0411
2024-10-28 11:00:00,4.5191755
2024-10-28 12:00:00,5.012081
2024-10-28 13:00:00,3.3396153
2024-10-28 14:00:00,2.013217
2024-10-28 15:00:00,1.26145
2024-10-28 16:00:00,0.34341198
2024-10-28 17:00:00,0.0
2024-10-28 18:00:00,0.0
2024-10-28 19:00:00,0.0
2024-10-28 20:00:00,0.0
2024-10-28 21:00:00,0.0
2024-10-28 22:00:00,0.0
2024-10-28 23:00:00,0.0
2024-10-29 00:00:00,0.0
2024-10-29 01:00:00,0.0
2024-10-29 02:00:00,-0.0001125
2024-10-29 03:00:00,0.0
2024-10-29 04:00:00,0.0
2024-10-29 05:00:00,0.0
2024-10-29 06:00:00,0.0
2024-10-29 07:00:00,0.0
2024-10-29 08:00:00,0.5609412
2024-10-29 09:00:00,1.5186375
2024-10-29 10:00:00,2.94155
2024-10-29 11:00:00,2.5883093
2024-10-29 12:00:00,3.4035082
2024-10-29 13:00:00,2.453657
2024-10-29 14:00:00,4.24381
2024-10-29 15:00:00,1.5505692
2024-10-29 16:00:00,0.18271175
2024-10-29 17:00:00,0.0
2024-10-29 18:00:00,0.0
2024-10-29 19:00:00,0.0
2024-10-29 20:00:00,0.0
2024-10-29 21:00:00,0.0
2024-10-29 22:00:00,0.0
2024-10-29 23:00:00,0.0
2024-10-30 00:00:00,0.0
2024-10-30 01:00:00,0.0
2024-10-30 02:00:00,0.0
2024-10-30 03:00:00,0.0
2024-10-30 04:00:00,0.0
2024-10-30 05:00:00,0.0
2024-10-30 06:00:00,0.0
2024-10-30 07:00:00,0.43692252
2024-10-30 08:00:00,3.0549278
2024-10-30 09:00:00,6.836694
2024-10-30 10:00:00,17.09478
2024-10-30 11:00:00,11.579607
2024-10-30 12:00:00,11.75005
2024-10-30 13:00:00,7.2424593
2024-10-30 14:00:00,4.9030104
2024-10-30 15:00:00,7.9831305
2024-10-30 16:00:00,1.4952987
2024-10-30 17:00:00,0.0
2024-10-30 18:00:00,0.0
2024-10-30 19:00:00,0.0
2024-10-30 20:00:00,0.0
2024-10-30 21:00:00,0.0
2024-10-30 22:00:00,0.0
2024-10-30 23:00:00,0.0
2024-10-31 00:00:00,0.0
2024-10-31 01:00:00,0.0
2024-10-31 02:00:00,0.0
2024-10-31 03:00:00,0.0
2024-10-31 04:00:00,0.0
2024-10-31 05:00:00,0.0
2024-10-31 06:00:00,0.0
2024-10-31 07:00:00,0.139754
2024-10-31 08:00:00,1.8007495
2024-10-31 09:00:00,4.9704533
2024-10-31 10:00:00,2.6356192
2024-10-31 11:00:00,3.374343
2024-10-31 12:00:00,4.1416407
2024-10-31 13:00:00,2.393951
2024-10-31 14:00:00,1.0732577
2024-10-31 15:00:00,0.6335132
2024-10-31 16:00:00,0.05925
2024-10-31 17:00:00,0.0
2024-10-31 18:00:00,0.0
2024-10-31 19:00:00,0.0
2024-10-31 20:00:00,0.0
2024-10-31 21:00:00,0.0
2024-10-31 22:00:00,0.0
2024-10-31 23:00:00,0.0
2024-11-01 00:00:00,0.0
2024-11-01 01:00:00,0.0
2024-11-01 02:00:00,0.0
2024-11-01 03:00:00,0.0
2024-11-01 04:00:00,0.0
2024-11-01 05:00:00,0.0
2024-11-01 06:00:00,0.0
2024-11-01 07:00:00,0.0
2024-11-01 08:00:00,0.75328004
2024-11-01 09:00:00,1.86502
2024-11-01 10:00:00,3.1989005
2024-11-01 11:00:00,2.8869133
2024-11-01 12:00:00,3.48677
2024-11-01 13:00:00,2.30275
2024-11-01 14:00:00,1.6128
2024-11-01 15:00:00,0.68681324
2024-11-01 16:00:00,0.039425
2024-11-01 17:00:00,0.0
2024-11-01 18:00:00,0.0
2024-11-01 19:00:00,0.0
2024-11-01 20:00:00,0.0
2024-11-01 21:00:00,0.0
2024-11-01 22:00:00,0.0
2024-11-01 23:00:00,0.0
2024-11-02 00:00:00,0.0
2024-11-02 01:00:00,0.0
2024-11-02 02:00:00,0.0
2024-11-02 03:00:00,0.0
2024-11-02 04:00:00,0.0
2024-11-02 05:00:00,0.0
2024-11-02 06:00:00,0.0
2024-11-02 07:00:00,0.284825
2024-11-02 08:00:00,2.968477
2024-11-02 09:00:00,8.793295
2024-11-02 10:00:00,15.241209
2024-11-02 11:00:00,19.486826
2024-11-02 12:00:00,20.352383
2024-11-02 13:00:00,16.128777
2024-11-02 14:00:00,12.737051
2024-11-02 15:00:00,6.797
2024-11-02 16:00:00,1.0434463
2024-11-02 17:00:00,0.0
2024-11-02 18:00:00,0.0
2024-11-02 19:00:00,0.0
2024-11-02 20:00:00,0.0
2024-11-02 21:00:00,0.0
2024-11-02 22:00:00,0.0
2024-11-02 23:00:00,0.0
2024-11-03 00:00:00,0.0
2024-11-03 01:00:00,0.0
2024-11-03 02:00:00,0.0
2024-11-03 03:00:00,0.0
2024-11-03 04:00:00,0.0
2024-11-03 05:00:00,0.0
2024-11-03 06:00:00,0.0
2024-11-03 07:00:00,0.046275
2024-11-03 08:00:00,1.667582
2024-11-03 09:00:00,5.8423443
2024-11-03 10:00:00,7.7736397
2024-11-03 11:00:00,10.413599
2024-11-03 12:00:00,9.881334
2024-11-03 13:00:00,7.4467545
2024-11-03 14:00:00,4.0161424
2024-11-03 15:00:00,1.5008337
2024-11-03 16:00:00,0.28243673
2024-11-03 17:00:00,0.0
2024-11-03 18:00:00,0.0
2024-11-03 19:00:00,0.0
2024-11-03 20:00:00,0.0
2024-11-03 21:00:00,0.0
2024-11-03 22:00:00,0.0
2024-11-03 23:00:00,0.0
2024-11-04 00:00:00,0.0
2024-11-04 01:00:00,0.0
2024-11-04 02:00:00,0.0
2024-11-04 03:00:00,0.0
2024-11-04 04:00:00,0.0
2024-11-04 05:00:00,0.0
2024-11-04 06:00:00,0.0
2024-11-04 07:00:00,0.04925
2024-11-04 08:00:00,1.0274627
2024-11-04 09:00:00,4.97811
2024-11-04 10:00:00,8.132399
2024-11-04 11:00:00,7.216653
2024-11-04 12:00:00,6.476225
2024-11-04 13:00:00,5.1681976
2024-11-04 14:00:00,3.307295
2024-11-04 15:00:00,1.2841974
2024-11-04 16:00:00,0.1082
2024-11-04 17:00:00,0.0
2024-11-04 18:00:00,0.0
2024-11-04 19:00:00,0.0
2024-11-04 20:00:00,0.0
2024-11-04 21:00:00,0.0
2024-11-04 22:00:00,0.0
2024-11-04 23:00:00,0.0
2024-11-05 00:00:00,0.0
2024-11-05 01:00:00,0.0
2024-11-05 02:00:00,0.0
2024-11-05 03:00:00,0.0
2024-11-05 04:00:00,0.0
2024-11-05 05:00:00,0.0
2024-11-05 06:00:00,0.0
2024-11-05 07:00:00,0.0
2024-11-05 08:00:00,0.82058847
2024-11-05 09:00:00,2.1414132
2024-11-05 10:00:00,3.7534156
2024-11-05 11:00:00,5.9701385
2024-11-05 12:00:00,6.8965044
2024-11-05 13:00:00,4.960121
2024-11-05 14:00:00,3.1929512
2024-11-05 15:00:00,1.6951
2024-11-05 16:00:00,0.1766525
2024-11-05 17:00:00,0.0
2024-11-05 18:00:00,0.0
2024-11-05 19:00:00,0.0
2024-11-05 20:00:00,0.0
2024-11-05 21:00:00,0.0
2024-11-05 22:00:00,0.0
2024-11-05 23:00:00,0.0
2024-11-06 00:00:00,0.0
2024-11-06 01:00:00,0.0
2024-11-06 02:00:00,0.0
2024-11-06 03:00:00,0.0
2024-11-06 04:00:00,0.0
2024-11-06 05:00:00,0.0
2024-11-06 06:00:00,0.0
2024-11-06 07:00:00,0.0
2024-11-06 08:00:00,0.28176147
2024-11-06 09:00:00,1.7670481
2024-11-06 10:00:00,2.374225
2024-11-06 11:00:00,4.1391363
2024-11-06 12:00:00,3.4874332
2024-11-06 13:00:00,2.3656
2024-11-06 14:00:00,1.6890839
2024-11-06 15:00:00,0.708563
2024-11-06 16:00:00,0.066145755
2024-11-06 17:00:00,0.0
2024-11-06 18:00:00,0.0
2024-11-06 19:00:00,0.0
2024-11-06 20:00:00,0.0
2024-11-06 21:00:00,0.0
2024-11-06 22:00:00,0.0
2024-11-06 23:00:00,0.0
2024-11-07 00:00:00,0.0
2024-11-07 01:00:00,0.0
2024-11-07 02:00:00,0.0
2024-11-07 03:00:00,0.0
2024-11-07 04:00:00,0.0
2024-11-07 05:00:00,0.0
2024-11-07 06:00:00,0.0
2024-11-07 07:00:00,0.0
2024-11-07 08:00:00,0.3798305
2024-11-07 09:00:00,1.8526055
2024-11-07 10:00:00,2.6797214
2024-11-07 11:00:00,4.032
2024-11-07 12:00:00,3.749619
2024-11-07 13:00:00,2.8823977
2024-11-07 14:00:00,2.297483
2024-11-07 15:00:00,0.92438924
2024-11-07 16:00:00,0.07275
2024-11-07 17:00:00,0.0
2024-11-07 18:00:00,0.0
2024-11-07 19:00:00,0.0
2024-11-07 20:00:00,0.0
2024-11-07 21:00:00,0.0
2024-11-07 22:00:00,0.0
2024-11-07 23:00:00,0.0
2024-11-08 00:00:00,0.0
2024-11-08 01:00:00,0.0
2024-11-08 02:00:00,-0.00011375
2024-11-08 03:00:00,0.0
2024-11-08 04:00:00,0.0
2024-11-08 05:00:00,0.0
2024-11-08 06:00:00,0.0
2024-11-08 07:00:00,0.0
2024-11-08 08:00:00,0.59893125
2024-11-08 09:00:00,2.6572382
2024-11-08 10:00:00,4.353842
2024-11-08 11:00:00,4.7531033
2024-11-08 12:00:00,4.73069
2024-11-08 13:00:00,3.0801878
2024-11-08 14:00:00,2.109025
2024-11-08 15:00:00,0.87647325
2024-11-08 16:00:00,0.05425
2024-11-08 17:00:00,0.0
2024-11-08 18:00:00,0.0
2024-11-08 19:00:00,0.0
2024-11-08 20:00:00,0.0
2024-11-08 21:00:00,0.0
2024-11-08 22:00:00,0.0
2024-11-08 23:00:00,0.0
2024-11-09 00:00:00,0.0
2024-11-09 01:00:00,0.0
2024-11-09 02:00:00,0.0
2024-11-09 03:00:00,0.0
2024-11-09 04:00:00,0.0
2024-11-09 05:00:00,0.0
2024-11-09 06:00:00,0.0
2024-11-09 07:00:00,0.0
2024-11-09 08:00:00,0.09797875
2024-11-09 09:00:00,0.76696277
2024-11-09 10:00:00,1.8809673
2024-11-09 11:00:00,1.7266735
2024-11-09 12:00:00,1.9744607
2024-11-09 13:00:00,1.3024975
2024-11-09 14:00:00,0.5037793
2024-11-09 15:00:00,0.05963525
2024-11-09 16:00:00,0.0
2024-11-09 17:00:00,0.0
2024-11-09 18:00:00,0.0
2024-11-09 19:00:00,0.0
2024-11-09 20:00:00,0.0
2024-11-09 21:00:00,0.0
2024-11-09 22:00:00,0.0
2024-11-09 23:00:00,0.0
2024-11-10 00:00:00,0.0
2024-11-10 01:00:00,0.0
2024-11-10 02:00:00,0.0
2024-11-10 03:00:00,0.0
2024-11-10 04:00:00,0.0
2024-11-10 05:00:00,0.0
2024-11-10 06:00:00,0.0
2024-11-10 07:00:00,0.0
2024-11-10 08:00:00,0.19666575
2024-11-10 09:00:00,1.6555095
2024-11-10 10:00:00,2.8332658
2024-11-10 11:00:00,5.703082
2024-11-10 12:00:00,5.8100834
2024-11-10 13:00:00,3.8642042
2024-11-10 14:00:00,2.0098429
2024-11-10 15:00:00,1.6484398
2024-11-10 16:00:00,0.1344105
2024-11-10 17:00:00,0.0
2024-11-10 18:00:00,0.0
2024-11-10 19:00:00,0.0
2024-11-10 20:00:00,0.0
2024-11-10 21:00:00,0.0
2024-11-10 22:00:00,0.0
2024-11-10 23:00:00,0.0
2024-11-11 00:00:00,0.0
2024-11-11 01:00:00,0.0
2024-11-11 02:00:00,0.0
2024-11-11 03:00:00,0.0
2024-11-11 04:00:00,0.0
2024-11-11 05:00:00,0.0
2024-11-11 06:00:00,0.0
2024-11-11 07:00:00,0.0
2024-11-11 08:00:00,0.21272874
2024-11-11 09:00:00,0.9944297
2024-11-11 10:00:00,0.94677
2024-11-11 11:00:00,0.9966775
2024-11-11 12:00:00,1.6539788
2024-11-11 13:00:00,2.438467
2024-11-11 14:00:00,1.521905
2024-11-11 15:00:00,1.7619828
2024-11-11 16:00:00,0.1262255
2024-11-11 17:00:00,0.0
2024-11-11 18:00:00,0.0
2024-11-11 19:00:00,0.0
2024-11-11 20:00:00,0.0
2024-11-11 21:00:00,0.0
2024-11-11 22:00:00,0.0
2024-11-11 23:00:00,0.0
2024-11-12 00:00:00,0.0
2024-11-12 01:00:00,0.0
2024-11-12 02:00:00,0.0
2024-11-12 03:00:00,0.0
2024-11-12 04:00:00,0.0
2024-11-12 05:00:00,0.0
2024-11-12 06:00:00,0.0
2024-11-12 07:00:00,0.0
2024-11-12 08:00:00,0.43578273
2024-11-12 09:00:00,1.721025
2024-11-12 10:00:00,3.3537667
2024-11-12 11:00:00,3.9932423
2024-11-12 12:00:00,3.94725
2024-11-12 13:00:00,10.292999
2024-11-12 14:00:00,4.9569764
2024-11-12 15:00:00,3.970753
2024-11-12 16:00:00,0.43229175
2024-11-12 17:00:00,0.0
2024-11-12 18:00:00,0.0
2024-11-12 19:00:00,0.0
2024-11-12 20:00:00,0.0
2024-11-12 21:00:00,0.0
2024-11-12 22:00:00,0.0
2024-11-12 23:00:00,0.0
2024-11-13 00:00:00,0.0
2024-11-13 01:00:00,0.0
2024-11-13 02:00:00,0.0
2024-11-13 03:00:00,0.0
2024-11-13 04:00:00,0.0
2024-11-13 05:00:00,0.0
2024-11-13 06:00:00,0.0
2024-11-13 07:00:00,0.0
2024-11-13 08:00:00,0.1759
2024-11-13 09:00:00,0.84671277
2024-11-13 10:00:00,2.0102494
2024-11-13 11:00:00,4.091539
2024-11-13 12:00:00,5.549414
2024-11-13 13:00:00,4.682529
2024-11-13 14:00:00,4.91929
2024-11-13 15:00:00,2.7679532
2024-11-13 16:00:00,0.3157585
2024-11-13 17:00:00,0.0
2024-11-13 18:00:00,0.0
2024-11-13 19:00:00,0.0
2024-11-13 20:00:00,0.0
2024-11-13 21:00:00,0.0
2024-11-13 22:00:00,0.0
2024-11-13 23:00:00,0.0
2024-11-14 00:00:00,0.0
2024-11-14 01:00:00,0.0
2024-11-14 02:00:00,0.0
2024-11-14 03:00:00,0.0
2024-11-14 04:00:00,0.0
2024-11-14 05:00:00,0.0
2024-11-14 06:00:00,0.0
2024-11-14 07:00:00,0.0
2024-11-14 08:00:00,0.46151227
2024-11-14 09:00:00,1.8260751
2024-11-14 10:00:00,3.002453
2024-11-14 11:00:00,5.0832367
2024-11-14 12:00:00,7.124033
2024-11-14 13:00:00,7.976775
2024-11-14 14:00:00,6.5730815
2024-11-14 15:00:00,2.9329994
2024-11-14 16:00:00,0.2148145
2024-11-14 17:00:00,0.0
2024-11-14 18:00:00,0.0
2024-11-14 19:00:00,0.0
2024-11-14 20:00:00,0.0
2024-11-14 21:00:00,0.0
2024-11-14 22:00:00,0.0
2024-11-14 23:00:00,0.0
2024-11-15 00:00:00,0.0
2024-11-15 01:00:00,0.0
2024-11-15 02:00:00,0.0
2024-11-15 03:00:00,0.0
2024-11-15 04:00:00,0.0
2024-11-15 05:00:00,0.0
2024-11-15 06:00:00,0.0
2024-11-15 07:00:00,0.0
2024-11-15 08:00:00,0.47980627
2024-11-15 09:00:00,2.2757735
2024-11-15 10:00:00,4.7700343
2024-11-15 11:00:00,5.540451
2024-11-15 12:00:00,4.705719
2024-11-15 13:00:00,4.532394
2024-11-15 14:00:00,2.192995
2024-11-15 15:00:00,0.76612175
2024-11-15 16:00:00,0.04125825
2024-11-15 17:00:00,0.0
2024-11-15 18:00:00,0.0
2024-11-15 19:00:00,0.0
2024-11-15 20:00:00,0.0
2024-11-15 21:00:00,0.0
2024-11-15 22:00:00,0.0
2024-11-15 23:00:00,0.0
2024-11-16 00:00:00,0.0
2024-11-16 01:00:00,0.0
2024-11-16 02:00:00,-0.0001135
2024-11-16 03:00:00,0.0
2024-11-16 04:00:00,0.0
2024-11-16 05:00:00,0.0
2024-11-16 06:00:00,0.0
2024-11-16 07:00:00,0.0
2024-11-16 08:00:00,0.361057
2024-11-16 09:00:00,1.2124712
2024-11-16 10:00:00,3.246804
2024-11-16 11:00:00,2.5426288
2024-11-16 12:00:00,2.0005906
2024-11-16 13:00:00,2.094122
2024-11-16 14:00:00,0.68470824
2024-11-16 15:00:00,0.2585
2024-11-16 16:00:00,0.0
2024-11-16 17:00:00,0.0
2024-11-16 18:00:00,0.0
2024-11-16 19:00:00,0.0
2024-11-16 20:00:00,0.0
2024-11-16 21:00:00,0.0
2024-11-16 22:00:00,0.0
2024-11-16 23:00:00,0.0
2024-11-17 00:00:00,0.0
2024-11-17 01:00:00,0.0
2024-11-17 02:00:00,0.0
2024-11-17 03:00:00,0.0
2024-11-17 04:00:00,0.0
2024-11-17 05:00:00,0.0
2024-11-17 06:00:00,0.0
2024-11-17 07:00:00,0.0
2024-11-17 08:00:00,0.58256197
2024-11-17 09:00:00,4.6714783
2024-11-17 10:00:00,10.100365
2024-11-17 11:00:00,2.7224834
2024-11-17 12:00:00,2.8355706
2024-11-17 13:00:00,1.8094608
2024-11-17 14:00:00,2.3629274
2024-11-17 15:00:00,1.5004749
2024-11-17 16:00:00,0.075475
2024-11-17 17:00:00,0.0
2024-11-17 18:00:00,0.0
2024-11-17 19:00:00,0.0
2024-11-17 20:00:00,0.0
2024-11-17 21:00:00,0.0
2024-11-17 22:00:00,0.0
2024-11-17 23:00:00,0.0
2024-11-18 00:00:00,0.0
2024-11-18 01:00:00,0.0
2024-11-18 02:00:00,0.0
2024-11-18 03:00:00,0.0
2024-11-18 04:00:00,0.0
2024-11-18 05:00:00,0.0
2024-11-18 06:00:00,0.0
2024-11-18 07:00:00,0.0
2024-11-18 08:00:00,0.12438324
2024-11-18 09:00:00,2.489953
2024-11-18 10:00:00,3.4040015
2024-11-18 11:00:00,5.87745
2024-11-18 12:00:00,8.748173
2024-11-18 13:00:00,9.798725
2024-11-18 14:00:00,3.1930451
2024-11-18 15:00:00,1.5444993
2024-11-18 16:00:00,0.0
2024-11-18 17:00:00,0.0
2024-11-18 18:00:00,0.0
2024-11-18 19:00:00,0.0
2024-11-18 20:00:00,0.0
2024-11-18 21:00:00,0.0
2024-11-18 22:00:00,0.0
2024-11-18 23:00:00,0.0
2024-11-19 00:00:00,0.0
2024-11-19 01:00:00,0.0
2024-11-19 02:00:00,0.0
2024-11-19 03:00:00,0.0
2024-11-19 04:00:00,0.0
2024-11-19 05:00:00,0.0
2024-11-19 06:00:00,0.0
2024-11-19 07:00:00,0.0
2024-11-19 08:00:00,0.18664849
2024-11-19 09:00:00,1.2743685
2024-11-19 10:00:00,2.0701041
2024-11-19 11:00:00,6.06838
2024-11-19 12:00:00,4.359243
2024-11-19 13:00:00,3.8268886
2024-11-19 14:00:00,1.6743648
2024-11-19 15:00:00,0.859852
2024-11-19 16:00:00,0.051241748
2024-11-19 17:00:00,0.0
2024-11-19 18:00:00,0.0
2024-11-19 19:00:00,0.0
2024-11-19 20:00:00,0.0
2024-11-19 21:00:00,0.0
2024-11-19 22:00:00,0.0
2024-11-19 23:00:00,0.0
2024-11-20 00:00:00,0.0
2024-11-20 01:00:00,0.0
2024-11-20 02:00:00,-0.0001125
2024-11-20 03:00:00,0.0
2024-11-20 04:00:00,0.0
2024-11-20 05:00:00,0.0
2024-11-20 06:00:00,0.0
2024-11-20 07:00:00,0.0
2024-11-20 08:00:00,0.5921055
2024-11-20 09:00:00,4.94911
2024-11-20 10:00:00,9.232235
2024-11-20 11:00:00,10.094168
2024-11-20 12:00:00,6.8194723
2024-11-20 13:00:00,3.0994964
2024-11-20 14:00:00,1.9540393
2024-11-20 15:00:00,1.8598006
2024-11-20 16:00:00,0.0328
2024-11-20 17:00:00,0.0
2024-11-20 18:00:00,0.0
2024-11-20 19:00:00,0.0
2024-11-20 20:00:00,0.0
2024-11-20 21:00:00,0.0
2024-11-20 22:00:00,0.0
2024-11-20 23:00:00,0.0
2024-11-21 00:00:00,0.0
2024-11-21 01:00:00,0.0
2024-11-21 02:00:00,0.0
2024-11-21 03:00:00,0.0
2024-11-21 04:00:00,0.0
2024-11-21 05:00:00,0.0
2024-11-21 06:00:00,0.0
2024-11-21 07:00:00,0.0
2024-11-21 08:00:00,0.0
2024-11-21 09:00:00,0.9629552
2024-11-21 10:00:00,1.2951435
2024-11-21 11:00:00,1.0342113
2024-11-21 12:00:00,2.224723
2024-11-21 13:00:00,0.77805
2024-11-21 14:00:00,0.6900867
2024-11-21 15:00:00,0.094050005
2024-11-21 16:00:00,0.0
2024-11-21 17:00:00,0.0
2024-11-21 18:00:00,0.0
2024-11-21 19:00:00,0.0
2024-11-21 20:00:00,0.0
2024-11-21 21:00:00,0.0
2024-11-21 22:00:00,0.0
2024-11-21 23:00:00,0.0
2024-11-22 00:00:00,0.0
2024-11-22 01:00:00,0.0
2024-11-22 02:00:00,0.0
2024-11-22 03:00:00,0.0
2024-11-22 04:00:00,0.0
2024-11-22 05:00:00,0.0
2024-11-22 06:00:00,0.0
2024-11-22 07:00:00,0.0
2024-11-22 08:00:00,0.067425005
2024-11-22 09:00:00,0.0
2024-11-22 10:00:00,0.0
2024-11-22 11:00:00,0.0
2024-11-22 12:00:00,0.0
2024-11-22 13:00:00,0.0
2024-11-22 14:00:00,0.0
2024-11-22 15:00:00,0.0
2024-11-22 16:00:00,0.0
2024-11-22 17:00:00,0.0
2024-11-22 18:00:00,0.0
2024-11-22 19:00:00,0.0
2024-11-22 20:00:00,0.0
2024-11-22 21:00:00,0.0
2024-11-22 22:00:00,0.0
2024-11-22 23:00:00,0.0
2024-11-23 00:00:00,0.0
2024-11-23 01:00:00,0.0
2024-11-23 02:00:00,0.0
2024-11-23 03:00:00,0.0
2024-11-23 04:00:00,0.0
2024-11-23 05:00:00,0.0
2024-11-23 06:00:00,0.0
2024-11-23 07:00:00,0.0
2024-11-23 08:00:00,0.0
2024-11-23 09:00:00,0.0
2024-11-23 10:00:00,0.33383328
2024-11-23 11:00:00,0.52158296
2024-11-23 12:00:00,0.5515635
2024-11-23 13:00:00,0.7531525
2024-11-23 14:00:00,0.36560473
2024-11-23 15:00:00,0.00475
2024-11-23 16:00:00,0.0
2024-11-23 17:00:00,0.0
2024-11-23 18:00:00,0.0
2024-11-23 19:00:00,0.0
2024-11-23 20:00:00,0.0
2024-11-23 21:00:00,0.0
2024-11-23 22:00:00,0.0
2024-11-23 23:00:00,0.0
2024-11-24 00:00:00,0.0
2024-11-24 01:00:00,0.0
2024-11-24 02:00:00,0.0
2024-11-24 03:00:00,0.0
2024-11-24 04:00:00,0.0
2024-11-24 05:00:00,0.0
2024-11-24 06:00:00,0.0
2024-11-24 07:00:00,0.0
2024-11-24 08:00:00,0.0
2024-11-24 09:00:00,0.5827195
2024-11-24 10:00:00,2.6439686
2024-11-24 11:00:00,6.6663947
2024-11-24 12:00:00,9.769606
2024-11-24 13:00:00,7.5805883
2024-11-24 14:00:00,4.8630543
2024-11-24 15:00:00,1.6272718
2024-11-24 16:00:00,0.022444999
2024-11-24 17:00:00,0.0
2024-11-24 18:00:00,0.0
2024-11-24 19:00:00,0.0
2024-11-24 20:00:00,0.0
2024-11-24 21:00:00,0.0
2024-11-24 22:00:00,0.0
2024-11-24 23:00:00,0.0
2024-11-25 00:00:00,0.0
2024-11-25 01:00:00,0.0
2024-11-25 02:00:00,-0.0001125
2024-11-25 03:00:00,0.0
2024-11-25 04:00:00,0.0
2024-11-25 05:00:00,0.0
2024-11-25 06:00:00,0.0
2024-11-25 07:00:00,0.0
2024-11-25 08:00:00,0.0345
2024-11-25 09:00:00,0.40077448
2024-11-25 10:00:00,0.6994585
2024-11-25 11:00:00,1.229819
2024-11-25 12:00:00,1.0556355
2024-11-25 13:00:00,1.2567707
2024-11-25 14:00:00,1.8183653
2024-11-25 15:00:00,0.16166775
2024-11-25 16:00:00,0.0
2024-11-25 17:00:00,0.0
2024-11-25 18:00:00,0.0
2024-11-25 19:00:00,0.0
2024-11-25 20:00:00,0.0
2024-11-25 21:00:00,0.0
2024-11-25 22:00:00,0.0
2024-11-25 23:00:00,0.0
2024-11-26 00:00:00,0.0
2024-11-26 01:00:00,0.0
2024-11-26 02:00:00,0.0
2024-11-26 03:00:00,0.0
2024-11-26 04:00:00,0.0
2024-11-26 05:00:00,0.0
2024-11-26 06:00:00,0.0
2024-11-26 07:00:00,0.0
2024-11-26 08:00:00,0.40647873
2024-11-26 09:00:00,3.4279726
2024-11-26 10:00:00,7.6935334
2024-11-26 11:00:00,8.641391
2024-11-26 12:00:00,5.416063
2024-11-26 13:00:00,5.066871
2024-11-26 14:00:00,2.9794593
2024-11-26 15:00:00,0.74068725
2024-11-26 16:00:00,0.032635503
2024-11-26 17:00:00,0.0
2024-11-26 18:00:00,0.0
2024-11-26 19:00:00,0.0
2024-11-26 20:00:00,0.0
2024-11-26 21:00:00,0.0
2024-11-26 22:00:00,0.0
2024-11-26 23:00:00,0.0
2024-11-27 00:00:00,0.0
2024-11-27 01:00:00,0.0
2024-11-27 02:00:00,0.0
2024-11-27 03:00:00,0.0
2024-11-27 04:00:00,0.0
2024-11-27 05:00:00,0.0
2024-11-27 06:00:00,0.0
2024-11-27 07:00:00,0.0
2024-11-27 08:00:00,0.377033
2024-11-27 09:00:00,2.6657686
2024-11-27 10:00:00,5.6771984
2024-11-27 11:00:00,7.3548603
2024-11-27 12:00:00,4.90282
2024-11-27 13:00:00,2.957025
2024-11-27 14:00:00,0.76831424
2024-11-27 15:00:00,0.035325002
2024-11-27 16:00:00,0.0
2024-11-27 17:00:00,0.0
2024-11-27 18:00:00,0.0
2024-11-27 19:00:00,0.0
2024-11-27 20:00:00,0.0
2024-11-27 21:00:00,0.0
2024-11-27 22:00:00,0.0
2024-11-27 23:00:00,0.0
2024-11-28 00:00:00,0.0
2024-11-28 01:00:00,0.0
2024-11-28 02:00:00,0.0
2024-11-28 03:00:00,0.0
2024-11-28 04:00:00,0.0
2024-11-28 05:00:00,0.0
2024-11-28 06:00:00,0.0
2024-11-28 07:00:00,0.0
2024-11-28 08:00:00,0.03725
2024-11-28 09:00:00,0.75770247
2024-11-28 10:00:00,1.816112
2024-11-28 11:00:00,3.8157654
2024-11-28 12:00:00,2.582446
2024-11-28 13:00:00,5.563042
2024-11-28 14:00:00,2.7591383
2024-11-28 15:00:00,1.140504
2024-11-28 16:00:00,0.03195075
2024-11-28 17:00:00,0.0
2024-11-28 18:00:00,0.0
2024-11-28 19:00:00,0.0
2024-11-28 20:00:00,0.0
2024-11-28 21:00:00,0.0
2024-11-28 22:00:00,0.0
2024-11-28 23:00:00,0.0
2024-11-29 00:00:00,0.0
2024-11-29 01:00:00,0.0
2024-11-29 02:00:00,-0.0001125
2024-11-29 03:00:00,0.0
2024-11-29 04:00:00,0.0
2024-11-29 05:00:00,0.0
2024-11-29 06:00:00,0.0
2024-11-29 07:00:00,0.0
2024-11-29 08:00:00,0.36214876
2024-11-29 09:00:00,3.4904637
2024-11-29 10:00:00,7.5607586
2024-11-29 11:00:00,10.881313
2024-11-29 12:00:00,11.583572
2024-11-29 13:00:00,10.172492
2024-11-29 14:00:00,6.6479964
2024-11-29 15:00:00,2.3797266
2024-11-29 16:00:00,0.0401885
2024-11-29 17:00:00,0.0
2024-11-29 18:00:00,0.0
2024-11-29 19:00:00,0.0
2024-11-29 20:00:00,0.0
2024-11-29 21:00:00,0.0
2024-11-29 22:00:00,0.0
2024-11-29 23:00:00,0.0
2024-11-30 00:00:00,0.0
2024-11-30 01:00:00,0.0
2024-11-30 02:00:00,0.0
2024-11-30 03:00:00,0.0
2024-11-30 04:00:00,0.0
2024-11-30 05:00:00,0.0
2024-11-30 06:00:00,0.0
2024-11-30 07:00:00,0.0
2024-11-30 08:00:00,0.18272501
2024-11-30 09:00:00,2.319027
2024-11-30 10:00:00,5.860689
2024-11-30 11:00:00,10.98511
2024-11-30 12:00:00,11.3138
2024-11-30 13:00:00,9.673279
2024-11-30 14:00:00,5.4894357
2024-11-30 15:00:00,1.4234545
2024-11-30 16:00:00,0.0
2024-11-30 17:00:00,0.0
2024-11-30 18:00:00,0.0
2024-11-30 19:00:00,0.0
2024-11-30 20:00:00,0.0
2024-11-30 21:00:00,0.0
2024-11-30 22:00:00,0.0
2024-11-30 23:00:00,0.0
2024-12-01 00:00:00,0.0
2024-12-01 01:00:00,0.0
2024-12-01 02:00:00,0.0
2024-12-01 03:00:00,0.0
2024-12-01 04:00:00,0.0
2024-12-01 05:00:00,0.0
2024-12-01 06:00:00,0.0
2024-12-01 07:00:00,0.0
2024-12-01 08:00:00,0.0
2024-12-01 09:00:00,0.67955
2024-12-01 10:00:00,4.0563307
2024-12-01 11:00:00,9.8019085
2024-12-01 12:00:00,10.8372
2024-12-01 13:00:00,8.994318
2024-12-01 14:00:00,6.206594
2024-12-01 15:00:00,1.1786441
2024-12-01 16:00:00,0.004275
2024-12-01 17:00:00,0.0
2024-12-01 18:00:00,0.0
2024-12-01 19:00:00,0.0
2024-12-01 20:00:00,0.0
2024-12-01 21:00:00,0.0
2024-12-01 22:00:00,0.0
2024-12-01 23:00:00,0.0
2024-12-02 00:00:00,0.0
2024-12-02 01:00:00,0.0
2024-12-02 02:00:00,-0.00011375
2024-12-02 03:00:00,0.0
2024-12-02 04:00:00,0.0
2024-12-02 05:00:00,0.0
2024-12-02 06:00:00,0.0
2024-12-02 07:00:00,0.0
2024-12-02 08:00:00,0.0
2024-12-02 09:00:00,0.36233625
2024-12-02 10:00:00,1.186346
2024-12-02 11:00:00,2.7725327
2024-12-02 12:00:00,1.5733352
2024-12-02 13:00:00,1.4178514
2024-12-02 14:00:00,0.6974625
2024-12-02 15:00:00,0.3012405
2024-12-02 16:00:00,0.0
2024-12-02 17:00:00,0.0
2024-12-02 18:00:00,0.0
2024-12-02 19:00:00,0.0
2024-12-02 20:00:00,0.0
2024-12-02 21:00:00,0.0
2024-12-02 22:00:00,0.0
2024-12-02 23:00:00,0.0
2024-12-03 00:00:00,0.0
2024-12-03 01:00:00,0.0
2024-12-03 02:00:00,-0.0001125
2024-12-03 03:00:00,0.0
2024-12-03 04:00:00,0.0
2024-12-03 05:00:00,0.0
2024-12-03 06:00:00,0.0
2024-12-03 07:00:00,0.0
2024-12-03 08:00:00,0.059274502
2024-12-03 09:00:00,2.0513017
2024-12-03 10:00:00,6.3798976
2024-12-03 11:00:00,10.812119
2024-12-03 12:00:00,5.486202
2024-12-03 13:00:00,6.420229
2024-12-03 14:00:00,2.910491
2024-12-03 15:00:00,0.59429
2024-12-03 16:00:00,0.0
2024-12-03 17:00:00,0.0
2024-12-03 18:00:00,0.0
2024-12-03 19:00:00,0.0
2024-12-03 20:00:00,0.0
2024-12-03 21:00:00,0.0
2024-12-03 22:00:00,0.0
2024-12-03 23:00:00,0.0
2024-12-04 00:00:00,0.0
2024-12-04 01:00:00,0.0
2024-12-04 02:00:00,0.0
2024-12-04 03:00:00,0.0
2024-12-04 04:00:00,0.0
2024-12-04 05:00:00,0.0
2024-12-04 06:00:00,0.0
2024-12-04 07:00:00,0.0
2024-12-04 08:00:00,0.0
2024-12-04 09:00:00,0.77752507
2024-12-04 10:00:00,1.4070616
2024-12-04 11:00:00,2.4960704
2024-12-04 12:00:00,4.6382957
2024-12-04 13:00:00,2.2962165
2024-12-04 14:00:00,1.5172337
2024-12-04 15:00:00,0.7673775
2024-12-04 16:00:00,0.0
2024-12-04 17:00:00,0.0
2024-12-04 18:00:00,0.0
2024-12-04 19:00:00,0.0
2024-12-04 20:00:00,0.0
2024-12-04 21:00:00,0.0
2024-12-04 22:00:00,0.0
2024-12-04 23:00:00,0.0
2024-12-05 00:00:00,0.0
2024-12-05 01:00:00,0.0
2024-12-05 02:00:00,0.0
2024-12-05 03:00:00,0.0
2024-12-05 04:00:00,0.0
2024-12-05 05:00:00,0.0
2024-12-05 06:00:00,0.0
2024-12-05 07:00:00,0.0
2024-12-05 08:00:00,0.087799996
2024-12-05 09:00:00,0.49260473
2024-12-05 10:00:00,3.113564
2024-12-05 11:00:00,6.142589
2024-12-05 12:00:00,5.925964
2024-12-05 13:00:00,5.763369
2024-12-05 14:00:00,1.6968105
2024-12-05 15:00:00,0.29474998
2024-12-05 16:00:00,0.0
2024-12-05 17:00:00,0.0
2024-12-05 18:00:00,0.0
2024-12-05 19:00:00,0.0
2024-12-05 20:00:00,0.0
2024-12-05 21:00:00,0.0
2024-12-05 22:00:00,0.0
2024-12-05 23:00:00,0.0
2024-12-06 00:00:00,0.0
2024-12-06 01:00:00,0.0
2024-12-06 02:00:00,0.0
2024-12-06 03:00:00,0.0
2024-12-06 04:00:00,0.0
2024-12-06 05:00:00,0.0
2024-12-06 06:00:00,0.0
2024-12-06 07:00:00,0.0
2024-12-06 08:00:00,0.04675
2024-12-06 09:00:00,1.0529852
2024-12-06 10:00:00,5.2974367
2024-12-06 11:00:00,6.173725
2024-12-06 12:00:00,2.09805
2024-12-06 13:00:00,2.59198
2024-12-06 14:00:00,0.8637625
2024-12-06 15:00:00,0.13968275
2024-12-06 16:00:00,0.0
2024-12-06 17:00:00,0.0
2024-12-06 18:00:00,0.0
2024-12-06 19:00:00,0.0
2024-12-06 20:00:00,0.0
2024-12-06 21:00:00,0.0
2024-12-06 22:00:00,0.0
2024-12-06 23:00:00,0.0
2024-12-07 00:00:00,0.0
2024-12-07 01:00:00,0.0
2024-12-07 02:00:00,0.0
2024-12-07 03:00:00,0.0
2024-12-07 04:00:00,0.0
2024-12-07 05:00:00,0.0
2024-12-07 06:00:00,0.0
2024-12-07 07:00:00,0.0
2024-12-07 08:00:00,0.0
2024-12-07 09:00:00,0.168225
2024-12-07 10:00:00,0.979825
2024-12-07 11:00:00,1.9074781
2024-12-07 12:00:00,1.597435
2024-12-07 13:00:00,2.2386053
2024-12-07 14:00:00,0.7546505
2024-12-07 15:00:00,0.14335275
2024-12-07 16:00:00,0.0
2024-12-07 17:00:00,0.0
2024-12-07 18:00:00,0.0
2024-12-07 19:00:00,0.0
2024-12-07 20:00:00,0.0
2024-12-07 21:00:00,0.0
2024-12-07 22:00:00,0.0
2024-12-07 23:00:00,0.0
2024-12-08 00:00:00,0.0
2024-12-08 01:00:00,0.0
2024-12-08 02:00:00,0.0
2024-12-08 03:00:00,0.0
2024-12-08 04:00:00,0.0
2024-12-08 05:00:00,0.0
2024-12-08 06:00:00,0.0
2024-12-08 07:00:00,0.0
2024-12-08 08:00:00,0.10301275
2024-12-08 09:00:00,0.8342395
2024-12-08 10:00:00,2.0048263
2024-12-08 11:00:00,2.4461837
2024-12-08 12:00:00,0.8403168
2024-12-08 13:00:00,1.6845223
2024-12-08 14:00:00,0.6245637
2024-12-08 15:00:00,0.21356376
2024-12-08 16:00:00,0.0
2024-12-08 17:00:00,0.0
2024-12-08 18:00:00,0.0
2024-12-08 19:00:00,0.0
2024-12-08 20:00:00,0.0
2024-12-08 21:00:00,0.0
2024-12-08 22:00:00,0.0
2024-12-08 23:00:00,0.0
2024-12-09 00:00:00,0.0
2024-12-09 01:00:00,0.0
2024-12-09 02:00:00,0.0
2024-12-09 03:00:00,0.0
2024-12-09 04:00:00,0.0
2024-12-09 05:00:00,0.0
2024-12-09 06:00:00,0.0
2024-12-09 07:00:00,0.0
2024-12-09 08:00:00,0.0
2024-12-09 09:00:00,0.31535673
2024-12-09 10:00:00,1.372525
2024-12-09 11:00:00,0.9903103
2024-12-09 12:00:00,1.4959878
2024-12-09 13:00:00,1.605636
2024-12-09 14:00:00,1.6960788
2024-12-09 15:00:00,0.29407126
2024-12-09 16:00:00,0.0
2024-12-09 17:00:00,0.0
2024-12-09 18:00:00,0.0
2024-12-09 19:00:00,0.0
2024-12-09 20:00:00,0.0
2024-12-09 21:00:00,0.0
2024-12-09 22:00:00,0.0
2024-12-09 23:00:00,0.0
2024-12-10 00:00:00,0.0
2024-12-10 01:00:00,0.0
2024-12-10 02:00:00,0.0
2024-12-10 03:00:00,0.0
2024-12-10 04:00:00,0.0
2024-12-10 05:00:00,0.0
2024-12-10 06:00:00,0.0
2024-12-10 07:00:00,0.0
2024-12-10 08:00:00,0.0
2024-12-10 09:00:00,0.81404173
2024-12-10 10:00:00,2.001417
2024-12-10 11:00:00,2.562275
2024-12-10 12:00:00,2.59045
2024-12-10 13:00:00,1.8846365
2024-12-10 14:00:00,1.0137148
2024-12-10 15:00:00,0.29601175
2024-12-10 16:00:00,0.0
2024-12-10 17:00:00,0.0
2024-12-10 18:00:00,0.0
2024-12-10 19:00:00,0.0
2024-12-10 20:00:00,0.0
2024-12-10 21:00:00,0.0
2024-12-10 22:00:00,0.0
2024-12-10 23:00:00,0.0
2024-12-11 00:00:00,0.0
2024-12-11 01:00:00,0.0
2024-12-11 02:00:00,0.0
2024-12-11 03:00:00,0.0
2024-12-11 04:00:00,0.0
2024-12-11 05:00:00,0.0
2024-12-11 06:00:00,0.0
2024-12-11 07:00:00,0.0
2024-12-11 08:00:00,0.0
2024-12-11 09:00:00,0.75949055
2024-12-11 10:00:00,2.3974867
2024-12-11 11:00:00,3.4777524
2024-12-11 12:00:00,5.6401777
2024-12-11 13:00:00,2.4822338
2024-12-11 14:00:00,2.0529163
2024-12-11 15:00:00,0.40283826
2024-12-11 16:00:00,0.0
2024-12-11 17:00:00,0.0
2024-12-11 18:00:00,0.0
2024-12-11 19:00:00,0.0
2024-12-11 20:00:00,0.0
2024-12-11 21:00:00,0.0
2024-12-11 22:00:00,0.0
2024-12-11 23:00:00,0.0
2024-12-12 00:00:00,0.0
2024-12-12 01:00:00,0.0
2024-12-12 02:00:00,0.0
2024-12-12 03:00:00,0.0
2024-12-12 04:00:00,0.0
2024-12-12 05:00:00,0.0
2024-12-12 06:00:00,0.0
2024-12-12 07:00:00,0.0
2024-12-12 08:00:00,0.0
2024-12-12 09:00:00,0.4405705
2024-12-12 10:00:00,1.5216734
2024-12-12 11:00:00,1.7442993
2024-12-12 12:00:00,1.6127665
2024-12-12 13:00:00,1.6005588
2024-12-12 14:00:00,0.9356697
2024-12-12 15:00:00,0.13396324
2024-12-12 16:00:00,0.0
2024-12-12 17:00:00,0.0
2024-12-12 18:00:00,0.0
2024-12-12 19:00:00,0.0
2024-12-12 20:00:00,0.0
2024-12-12 21:00:00,0.0
2024-12-12 22:00:00,0.0
2024-12-12 23:00:00,0.0
2024-12-13 00:00:00,0.0
2024-12-13 01:00:00,0.0
2024-12-13 02:00:00,0.0
2024-12-13 03:00:00,0.0
2024-12-13 04:00:00,0.0
2024-12-13 05:00:00,0.0
2024-12-13 06:00:00,0.0
2024-12-13 07:00:00,0.0
2024-12-13 08:00:00,0.0
2024-12-13 09:00:00,0.22532776
2024-12-13 10:00:00,0.88795877
2024-12-13 11:00:00,1.7292672
2024-12-13 12:00:00,1.7864317
2024-12-13 13:00:00,1.6436993
2024-12-13 14:00:00,0.966679
2024-12-13 15:00:00,0.21028301
2024-12-13 16:00:00,0.0
2024-12-13 17:00:00,0.0
2024-12-13 18:00:00,0.0
2024-12-13 19:00:00,0.0
2024-12-13 20:00:00,0.0
2024-12-13 21:00:00,0.0
2024-12-13 22:00:00,0.0
2024-12-13 23:00:00,0.0
2024-12-14 00:00:00,0.0
2024-12-14 01:00:00,0.0
2024-12-14 02:00:00,0.0
2024-12-14 03:00:00,0.0
2024-12-14 04:00:00,0.0
2024-12-14 05:00:00,0.0
2024-12-14 06:00:00,0.0
2024-12-14 07:00:00,0.0
2024-12-14 08:00:00,0.0
2024-12-14 09:00:00,0.13793126
2024-12-14 10:00:00,0.67183375
2024-12-14 11:00:00,1.377943
2024-12-14 12:00:00,0.85202044
2024-12-14 13:00:00,1.0548112
2024-12-14 14:00:00,0.43957353
2024-12-14 15:00:00,0.35485774
2024-12-14 16:00:00,0.0
2024-12-14 17:00:00,0.0
2024-12-14 18:00:00,0.0
2024-12-14 19:00:00,0.0
2024-12-14 20:00:00,0.0
2024-12-14 21:00:00,0.0
2024-12-14 22:00:00,0.0
2024-12-14 23:00:00,0.0
2024-12-15 00:00:00,0.0
2024-12-15 01:00:00,0.0
2024-12-15 02:00:00,0.0
2024-12-15 03:00:00,0.0
2024-12-15 04:00:00,0.0
2024-12-15 05:00:00,0.0
2024-12-15 06:00:00,0.0
2024-12-15 07:00:00,0.0
2024-12-15 08:00:00,0.0
2024-12-15 09:00:00,0.92242754
2024-12-15 10:00:00,2.0846848
2024-12-15 11:00:00,2.2263095
2024-12-15 12:00:00,1.965411
2024-12-15 13:00:00,1.017627
2024-12-15 14:00:00,0.476106
2024-12-15 15:00:00,0.0571525
2024-12-15 16:00:00,0.0
2024-12-15 17:00:00,0.0
2024-12-15 18:00:00,0.0
2024-12-15 19:00:00,0.0
2024-12-15 20:00:00,0.0
2024-12-15 21:00:00,0.0
2024-12-15 22:00:00,0.0
2024-12-15 23:00:00,0.0
2024-12-16 00:00:00,0.0
2024-12-16 01:00:00,0.0
2024-12-16 02:00:00,0.0
2024-12-16 03:00:00,0.0
2024-12-16 04:00:00,0.0
2024-12-16 05:00:00,0.0
2024-12-16 06:00:00,0.0
2024-12-16 07:00:00,0.0
2024-12-16 08:00:00,0.0
2024-12-16 09:00:00,0.25932628
2024-12-16 10:00:00,1.3374102
2024-12-16 11:00:00,1.0136597
2024-12-16 12:00:00,1.7886679
2024-12-16 13:00:00,1.8436153
2024-12-16 14:00:00,1.0483224
2024-12-16 15:00:00,0.14036074
2024-12-16 16:00:00,0.0
2024-12-16 17:00:00,0.0
2024-12-16 18:00:00,0.0
2024-12-16 19:00:00,0.0
2024-12-16 20:00:00,0.0
2024-12-16 21:00:00,0.0
2024-12-16 22:00:00,0.0
2024-12-16 23:00:00,0.0
2024-12-17 00:00:00,0.0
2024-12-17 01:00:00,0.0
2024-12-17 02:00:00,0.0
2024-12-17 03:00:00,0.0
2024-12-17 04:00:00,0.0
2024-12-17 05:00:00,0.0
2024-12-17 06:00:00,0.0
2024-12-17 07:00:00,0.0
2024-12-17 08:00:00,0.0
2024-12-17 09:00:00,0.5578835
2024-12-17 10:00:00,0.938067
2024-12-17 11:00:00,2.1100762
2024-12-17 12:00:00,1.7021568
2024-12-17 13:00:00,0.9369985
2024-12-17 14:00:00,0.9706435
2024-12-17 15:00:00,0.537663
2024-12-17 16:00:00,0.0
2024-12-17 17:00:00,0.0
2024-12-17 18:00:00,0.0
2024-12-17 19:00:00,0.0
2024-12-17 20:00:00,0.0
2024-12-17 21:00:00,0.0
2024-12-17 22:00:00,0.0
2024-12-17 23:00:00,0.0
2024-12-18 00:00:00,0.0
2024-12-18 01:00:00,0.0
2024-12-18 02:00:00,0.0
2024-12-18 03:00:00,0.0
2024-12-18 04:00:00,0.0
2024-12-18 05:00:00,0.0
2024-12-18 06:00:00,0.0
2024-12-18 07:00:00,0.0
2024-12-18 08:00:00,0.0
2024-12-18 09:00:00,0.32121876
2024-12-18 10:00:00,1.0570053
2024-12-18 11:00:00,1.4518352
2024-12-18 12:00:00,1.573789
2024-12-18 13:00:00,0.96532875
2024-12-18 14:00:00,0.61334723
2024-12-18 15:00:00,0.13475025
2024-12-18 16:00:00,0.0
2024-12-18 17:00:00,0.0
2024-12-18 18:00:00,0.0
2024-12-18 19:00:00,0.0
2024-12-18 20:00:00,0.0
2024-12-18 21:00:00,0.0
2024-12-18 22:00:00,0.0
2024-12-18 23:00:00,0.0
2024-12-19 00:00:00,0.0
2024-12-19 01:00:00,0.0
2024-12-19 02:00:00,0.0
2024-12-19 03:00:00,0.0
2024-12-19 04:00:00,0.0
2024-12-19 05:00:00,0.0
2024-12-19 06:00:00,0.0
2024-12-19 07:00:00,0.0
2024-12-19 08:00:00,0.0
2024-12-19 09:00:00,0.2552245
2024-12-19 10:00:00,2.5312357
2024-12-19 11:00:00,3.2856402
2024-12-19 12:00:00,3.5011435
2024-12-19 13:00:00,2.4012113
2024-12-19 14:00:00,1.2422568
2024-12-19 15:00:00,0.45389977
2024-12-19 16:00:00,0.0
2024-12-19 17:00:00,0.0
2024-12-19 18:00:00,0.0
2024-12-19 19:00:00,0.0
2024-12-19 20:00:00,0.0
2024-12-19 21:00:00,0.0
2024-12-19 22:00:00,0.0
2024-12-19 23:00:00,0.0
2024-12-20 00:00:00,0.0
2024-12-20 01:00:00,0.0
2024-12-20 02:00:00,0.0
2024-12-20 03:00:00,0.0
2024-12-20 04:00:00,0.0
2024-12-20 05:00:00,0.0
2024-12-20 06:00:00,0.0
2024-12-20 07:00:00,0.0
2024-12-20 08:00:00,0.044267
2024-12-20 09:00:00,1.5384758
2024-12-20 10:00:00,4.1605196
2024-12-20 11:00:00,9.507776
2024-12-20 12:00:00,9.426725
2024-12-20 13:00:00,5.5204597
2024-12-20 14:00:00,4.8215137
2024-12-20 15:00:00,0.8637975
2024-12-20 16:00:00,0.0
2024-12-20 17:00:00,0.0
2024-12-20 18:00:00,0.0
2024-12-20 19:00:00,0.0
2024-12-20 20:00:00,0.0
2024-12-20 21:00:00,0.0
2024-12-20 22:00:00,0.0
2024-12-20 23:00:00,0.0
2024-12-21 00:00:00,0.0
2024-12-21 01:00:00,0.0
2024-12-21 02:00:00,0.0
2024-12-21 03:00:00,0.0
2024-12-21 04:00:00,0.0
2024-12-21 05:00:00,0.0
2024-12-21 06:00:00,0.0
2024-12-21 07:00:00,0.0
2024-12-21 08:00:00,0.0
2024-12-21 09:00:00,0.53746575
2024-12-21 10:00:00,1.9393078
2024-12-21 11:00:00,3.220765
2024-12-21 12:00:00,2.5010774
2024-12-21 13:00:00,2.7753541
2024-12-21 14:00:00,1.2988342
2024-12-21 15:00:00,0.0655655
2024-12-21 16:00:00,0.0
2024-12-21 17:00:00,0.0
2024-12-21 18:00:00,0.0
2024-12-21 19:00:00,0.0
2024-12-21 20:00:00,0.0
2024-12-21 21:00:00,0.0
2024-12-21 22:00:00,0.0
2024-12-21 23:00:00,0.0
2024-12-22 00:00:00,0.0
2024-12-22 01:00:00,0.0
2024-12-22 02:00:00,-0.0001145
2024-12-22 03:00:00,0.0
2024-12-22 04:00:00,0.0
2024-12-22 05:00:00,0.0
2024-12-22 06:00:00,0.0
2024-12-22 07:00:00,0.0
2024-12-22 08:00:00,0.0
2024-12-22 09:00:00,0.3495695
2024-12-22 10:00:00,0.73605
2024-12-22 11:00:00,3.5467086
2024-12-22 12:00:00,3.8138232
2024-12-22 13:00:00,3.42905
2024-12-22 14:00:00,1.4232333
2024-12-22 15:00:00,0.4436545
2024-12-22 16:00:00,0.0
2024-12-22 17:00:00,0.0
2024-12-22 18:00:00,0.0
2024-12-22 19:00:00,0.0
2024-12-22 20:00:00,0.0
2024-12-22 21:00:00,0.0
2024-12-22 22:00:00,0.0
2024-12-22 23:00:00,0.0
2024-12-23 00:00:00,0.0
2024-12-23 01:00:00,0.0
2024-12-23 02:00:00,0.0
2024-12-23 03:00:00,0.0
2024-12-23 04:00:00,0.0
2024-12-23 05:00:00,0.0
2024-12-23 06:00:00,0.0
2024-12-23 07:00:00,0.0
2024-12-23 08:00:00,0.0
2024-12-23 09:00:00,0.88881123
2024-12-23 10:00:00,3.5703707
2024-12-23 11:00:00,4.1361895
2024-12-23 12:00:00,10.387052
2024-12-23 13:00:00,8.270885
2024-12-23 14:00:00,5.823125
2024-12-23 15:00:00,1.6158227
2024-12-23 16:00:00,0.03205
2024-12-23 17:00:00,0.0
2024-12-23 18:00:00,0.0
2024-12-23 19:00:00,0.0
2024-12-23 20:00:00,0.0
2024-12-23 21:00:00,0.0
2024-12-23 22:00:00,0.0
2024-12-23 23:00:00,0.0
2024-12-24 00:00:00,0.0
2024-12-24 01:00:00,0.0
2024-12-24 02:00:00,0.0
2024-12-24 03:00:00,0.0
2024-12-24 04:00:00,0.0
2024-12-24 05:00:00,0.0
2024-12-24 06:00:00,0.0
2024-12-24 07:00:00,0.0
2024-12-24 08:00:00,0.0
2024-12-24 09:00:00,1.8627781
2024-12-24 10:00:00,4.5194087
2024-12-24 11:00:00,6.142275
2024-12-24 12:00:00,5.542173
2024-12-24 13:00:00,5.1450253
2024-12-24 14:00:00,2.477113
2024-12-24 15:00:00,1.2074838
2024-12-24 16:00:00,0.0
2024-12-24 17:00:00,0.0
2024-12-24 18:00:00,0.0
2024-12-24 19:00:00,0.0
2024-12-24 20:00:00,0.0
2024-12-24 21:00:00,0.0
2024-12-24 22:00:00,0.0
2024-12-24 23:00:00,0.0
2024-12-25 00:00:00,0.0
2024-12-25 01:00:00,0.0
2024-12-25 02:00:00,0.0
2024-12-25 03:00:00,0.0
2024-12-25 04:00:00,0.0
2024-12-25 05:00:00,0.0
2024-12-25 06:00:00,0.0
2024-12-25 07:00:00,0.0
2024-12-25 08:00:00,0.0
2024-12-25 09:00:00,0.36003074
2024-12-25 10:00:00,1.7156563
2024-12-25 11:00:00,2.3420212
2024-12-25 12:00:00,2.6733394
2024-12-25 13:00:00,1.6656593
2024-12-25 14:00:00,1.2054877
2024-12-25 15:00:00,0.33906326
2024-12-25 16:00:00,0.0
2024-12-25 17:00:00,0.0
2024-12-25 18:00:00,0.0
2024-12-25 19:00:00,0.0
2024-12-25 20:00:00,0.0
2024-12-25 21:00:00,0.0
2024-12-25 22:00:00,0.0
2024-12-25 23:00:00,0.0
2024-12-26 00:00:00,0.0
2024-12-26 01:00:00,0.0
2024-12-26 02:00:00,0.0
2024-12-26 03:00:00,0.0
2024-12-26 04:00:00,0.0
2024-12-26 05:00:00,0.0
2024-12-26 06:00:00,0.0
2024-12-26 07:00:00,0.0
2024-12-26 08:00:00,0.0
2024-12-26 09:00:00,0.29690048
2024-12-26 10:00:00,0.8983075
2024-12-26 11:00:00,1.2604525
2024-12-26 12:00:00,1.725394
2024-12-26 13:00:00,1.4471102
2024-12-26 14:00:00,0.763767
2024-12-26 15:00:00,0.25446224
2024-12-26 16:00:00,0.0
2024-12-26 17:00:00,0.0
2024-12-26 18:00:00,0.0
2024-12-26 19:00:00,0.0
2024-12-26 20:00:00,0.0
2024-12-26 21:00:00,0.0
2024-12-26 22:00:00,0.0
2024-12-26 23:00:00,0.0
2024-12-27 00:00:00,0.0
2024-12-27 01:00:00,0.0
2024-12-27 02:00:00,0.0
2024-12-27 03:00:00,0.0
2024-12-27 04:00:00,0.0
2024-12-27 05:00:00,0.0
2024-12-27 06:00:00,0.0
2024-12-27 07:00:00,0.0
2024-12-27 08:00:00,0.0
2024-12-27 09:00:00,0.9321
2024-12-27 10:00:00,2.3107293
2024-12-27 11:00:00,2.1757326
2024-12-27 12:00:00,4.592225
2024-12-27 13:00:00,3.0657558
2024-12-27 14:00:00,1.8829377
2024-12-27 15:00:00,0.61094177
2024-12-27 16:00:00,0.0
2024-12-27 17:00:00,0.0
2024-12-27 18:00:00,0.0
2024-12-27 19:00:00,0.0
2024-12-27 20:00:00,0.0
2024-12-27 21:00:00,0.0
2024-12-27 22:00:00,0.0
2024-12-27 23:00:00,0.0
2024-12-28 00:00:00,0.0
2024-12-28 01:00:00,0.0
2024-12-28 02:00:00,0.0
2024-12-28 03:00:00,0.0
2024-12-28 04:00:00,0.0
2024-12-28 05:00:00,0.0
2024-12-28 06:00:00,0.0
2024-12-28 07:00:00,0.0
2024-12-28 08:00:00,0.0
2024-12-28 09:00:00,0.39197952
2024-12-28 10:00:00,1.6608348
2024-12-28 11:00:00,2.6156154
2024-12-28 12:00:00,3.256025
2024-12-28 13:00:00,2.9466743
2024-12-28 14:00:00,1.9138267
2024-12-28 15:00:00,0.8083045
2024-12-28 16:00:00,0.0017
2024-12-28 17:00:00,0.0
2024-12-28 18:00:00,0.0
2024-12-28 19:00:00,0.0
2024-12-28 20:00:00,0.0
2024-12-28 21:00:00,0.0
2024-12-28 22:00:00,0.0
2024-12-28 23:00:00,0.0
2024-12-29 00:00:00,0.0
2024-12-29 01:00:00,0.0
2024-12-29 02:00:00,0.0
2024-12-29 03:00:00,0.0
2024-12-29 04:00:00,0.0
2024-12-29 05:00:00,0.0
2024-12-29 06:00:00,0.0
2024-12-29 07:00:00,0.0
2024-12-29 08:00:00,0.0
2024-12-29 09:00:00,0.34883952
2024-12-29 10:00:00,1.2959249
2024-12-29 11:00:00,1.9244804
2024-12-29 12:00:00,1.9264065
2024-12-29 13:00:00,1.5363
2024-12-29 14:00:00,0.99552125
2024-12-29 15:00:00,0.2153695
2024-12-29 16:00:00,0.0
2024-12-29 17:00:00,0.0
2024-12-29 18:00:00,0.0
2024-12-29 19:00:00,0.0
2024-12-29 20:00:00,0.0
2024-12-29 21:00:00,0.0
2024-12-29 22:00:00,0.0
2024-12-29 23:00:00,0.0
2024-12-30 00:00:00,0.0
2024-12-30 01:00:00,0.0
2024-12-30 02:00:00,0.0
2024-12-30 03:00:00,0.0
2024-12-30 04:00:00,0.0
2024-12-30 05:00:00,0.0
2024-12-30 06:00:00,0.0
2024-12-30 07:00:00,0.0
2024-12-30 08:00:00,0.0
2024-12-30 09:00:00,0.41336524
2024-12-30 10:00:00,1.6897303
2024-12-30 11:00:00,2.5209205
2024-12-30 12:00:00,1.3320522
2024-12-30 13:00:00,1.0320195
2024-12-30 14:00:00,0.9889885
2024-12-30 15:00:00,0.4571545
2024-12-30 16:00:00,0.0
2024-12-30 17:00:00,0.0
2024-12-30 18:00:00,0.0
2024-12-30 19:00:00,0.0
2024-12-30 20:00:00,0.0
2024-12-30 21:00:00,0.0
2024-12-30 22:00:00,0.0
2024-12-30 23:00:00,0.0
2024-12-31 00:00:00,0.0
2024-12-31 01:00:00,0.0
2024-12-31 02:00:00,0.0
2024-12-31 03:00:00,0.0
2024-12-31 04:00:00,0.0
2024-12-31 05:00:00,0.0
2024-12-31 06:00:00,0.0
2024-12-31 07:00:00,0.0
2024-12-31 08:00:00,0.0
2024-12-31 09:00:00,0.31662023
2024-12-31 10:00:00,1.1220847
2024-12-31 11:00:00,1.30587
2024-12-31 12:00:00,1.1905
2024-12-31 13:00:00,1.385561
2024-12-31 14:00:00,0.666029
2024-12-31 15:00:00,0.18163675
2024-12-31 16:00:00,0.0
2024-12-31 17:00:00,0.0
2024-12-31 18:00:00,0.0
2024-12-31 19:00:00,0.0
2024-12-31 20:00:00,0.0
2024-12-31 21:00:00,0.0
2024-12-31 22:00:00,0.0
2024-12-31 23:00:00,0.0
